   Compiling viboceros-io v0.1.0 (/home/dllu/proj/viboceros/crates/viboceros-io)
   Compiling viboceros-command v0.1.0 (/home/dllu/proj/viboceros/crates/viboceros-command)
    Finished `release` profile [optimized] target(s) in 2m 46s
     Running unittests src/lib.rs (/tmp/viboceros-brep-verification-target/release/deps/viboceros_command-0b4c02386cdd0b92)

running 1287 tests
test align::tests::curve::curve_state_roundtrips_and_switching_modes_discards_the_target ... ok
test align::tests::coordinate_preference_is_shared_by_ui_and_commands_but_not_registries ... ok
test align::tests::fit::insufficient_objects_release_only_postselection_without_consuming_redo ... ok
test align::tests::curve::failed_curve_targets_leave_geometry_selection_and_history_unchanged ... ok
test add_objects_to_block::tests::malformed_target_or_sources_do_not_edit_the_model ... ok
test align::tests::late_unrepresentable_translation_rolls_back_staged_valid_objects ... ok
test align::tests::postselected_alignment_deselects_only_after_success ... ok
test align::tests::far_display_plane_origin_does_not_erase_local_extents ... ok
test align::tests::bounds_failure_is_atomic_even_after_other_units_are_validated ... ok
test align::tests::projection::cplane_chooses_bottom_center_and_two_point_plane_axis_not_display_origin ... ok
test align::tests::curve::selected_target_and_late_translation_failure_are_atomic ... ok
test align::tests::alignment_preserves_identity_attributes_groups_and_selection_across_history ... ok
test align::tests::picked_point_ignores_height_and_world_bypasses_rotated_cplane ... ok
test align::tests::curve::curve_alignment_clamps_ends_preserves_target_and_is_one_reversible_edit ... ok
test add_objects_to_block::tests::selected_and_explicit_sources_share_one_transactional_command ... ok
test align::tests::fit::exactly_planar_fit_is_a_no_op_and_invalid_options_do_not_clear_selection ... ok
test align::tests::fit::partial_group_selection_and_late_bounds_failure_are_atomic ... ok
test align::tests::projection::projection_no_op_preserves_redo_and_late_overflow_preserves_all_sources ... ok
test align::tests::projection::staged_projection_state_round_trips_and_mode_changes_discard_old_references ... ok
test align::tests::fit::fit_uses_one_bottom_anchor_per_object_preserving_shape_identity_and_undo ... ok
test align::tests::shared_top_membership_and_partial_selection_preserve_hidden_peers ... ok
test align::tests::projection::bottom_center_projection_translates_objects_individually_despite_groups ... ok
test align::tests::curve::on_target_points_are_no_ops_and_world_vs_cplane_uses_bottom_center ... ok
test align::tests::no_op_and_rejected_input_preserve_redo_and_document ... ok
test align::tests::seven_modes_use_correct_axes_and_overall_extrema_or_centers ... ok
test align::tests::tight_curve_bounds_do_not_align_the_control_polygon ... ok
test align::tests::projection::invalid_projection_inputs_are_atomic_and_partial_selection_never_moves_peers ... ok
test arrays::tests::failed_layout_bounds_cannot_partially_copy_the_document ... ok
test align_vertices::tests::aligns_selected_meshes_with_undo_and_rejects_mixed_selection ... ok
test arrays::tests::fill_uses_tight_curve_extents_and_observed_signed_length_rules ... ok
test apply_curves::tests::invalid_arguments_and_unselectable_targets_do_not_edit ... ok
test arrays::tests::nonrotating_polar_arrays_use_world_tight_bounds_but_plane_normal_offsets ... ok
test arrays::tests::rectangular_arrays_omit_zero_displacement_cells_without_deduplicating_other_copies ... ok
test arrays::tests::unit_cells_follow_all_plane_axes_without_using_the_plane_origin ... ok
test bezier::tests::deletion_prompt_is_readonly_atomic_and_accepts_bare_answers ... ok
test apply_curves::tests::failed_curve_certificate_rolls_back_every_output_and_selection ... ok
test bezier::tests::invalid_options_and_unrepresentable_final_controls_leave_document_unchanged ... ok
test bezier::tests::deletion_choice_is_registry_local_survives_undo_and_ignores_invalid_commands ... ok
test bend::tests::invalid_bend_inputs_and_collapsing_meshes_are_atomic ... ok
test arrays::tests::surface_arrays_use_interior_surface_extrema_and_fail_atomically_at_poles ... ok
test bend::tests::angle_zero_selects_through_point_mode_and_preferences_outlive_undo ... ok
test bezier::tests::mixed_selection_ignores_points_and_source_document_order_wins ... ok
test bezier::tests::selecting_only_ineligible_geometry_is_a_nonmutating_error ... ok
test bezier::tests::postselected_bezier_outputs_follow_pick_order_and_clear_selection_in_one_transaction ... ok
test blend::tests::curvature_option_creates_quartic_without_changing_sources ... ok
test blend::tests::mixed_parallel_default_uses_the_rhino_control_position ... ok
test blend::tests::alternate_end_picks_use_endpoint_specific_blend_shape ... ok
test bezier::tests::fresh_unit_domain_output_keeps_empty_groups_and_is_fully_undoable ... ok
test blend::tests::bulge_options_scale_independent_default_handles ... ok
test blend::tests::blend_creates_one_selected_nurbs_and_preserves_sources_through_undo ... ok
test blend::tests::invalid_options_do_not_edit_the_document ... ok
test block_edit::tests::restricted_save_options_are_explicit_and_preserve_the_pending_editor_on_rejection ... ok
test bezier::tests::surface_patches_have_unit_uv_and_do_not_inherit_trims_or_reversed_orientation ... ok
test block_edit::tests::scriptable_edit_lifecycle_uses_ordinary_commands_and_preserves_cancel ... ok
test arrays::tests::single_source_arrays_leave_copies_ungrouped_but_allocate_empty_definitions ... ok
test arrays::tests::ambiguous_tolerance_closed_brep_arrays_leave_geometry_selection_and_history_unchanged ... ok
test block_edit::tests::nested_context_command_routes_member_paths_and_returns_to_the_root ... ok
test arrays::tests::trimmed_brep_arrays_use_face_extrema_and_preserve_underlying_surfaces ... ok
test block_instance_tests::move_command_retains_instance_relationship_and_replays_geometry_metadata_and_selection ... ok
test blocks::tests::create_and_insert_scaled_rotated_shared_instances_with_history ... ok
test block_reset_scale::tests::malformed_modes_preserve_document_and_preferences ... ok
test blocks::tests::quoted_tokenizer_preserves_names_and_rejects_ambiguous_boundaries ... ok
test block_reset_scale::tests::default_one_and_remembered_automatic_survive_undo_and_cancelled_choices ... ok
test blocks::tests::cardinal_insertion_rotation_does_not_amplify_trigonometric_noise_at_extreme_scales ... ok
test blocks::tests::malformed_names_options_missing_definitions_and_late_placement_failures_are_atomic ... ok
test block_edit::tests::scriptable_member_controls_copy_release_and_rebase_in_one_saved_edit ... ok
test block_instance_tests::structural_export_replaces_the_destination_without_mutating_document ... ok
test apply_curves::tests::replays_native_mapping_metadata_selection_and_undo_redo ... ok
test boolean_solids::tests::compound::inconsistent_raw_compound_orientation_is_rejected_during_staging ... ok
test boolean_difference::tests::invalid_option_batches_restricted_inputs_and_unsupported_geometry_preserve_objects_and_redo ... ok
test boolean_intersection::tests::replays_27_native_common_and_two_set_outcomes_metadata_geometry_selection_and_history ... ok
test boolean_solids::native::tests::empty_intersection_and_open_union_leave_geometry_and_history_unchanged ... ok
test boolean_difference::native::tests::unsupported_open_target_is_atomic ... ok
test boolean_intersection::tests::unsupported_inputs_invalid_sets_and_locked_objects_preserve_objects_and_redo ... ok
test boolean_difference::native::tests::complete_removal_and_disjoint_cutters_follow_existing_history_policy ... ok
test boolean_split::native::tests::open_curved_inputs_fail_before_any_document_edit ... ok
test boolean_solids::native::tests::disjoint_and_contained_union_inputs_remain_unchanged ... ok
test boolean_difference::native::tests::curved_split_results_are_separate_objects_with_source_attributes ... ok
test boolean_difference::tests::replays_44_native_outcomes_geometry_metadata_selection_preferences_and_history ... ok
test boolean_solids::tests::common::replays_common_intersection_participation_order_metadata_geometry_and_history ... ok
test bend::tests::actual_bend_geometry_attributes_groups_and_history_match_seventy_six_native_cases ... ok
test boolean_split::tests::boolean_split_rejects_invalid_sets_and_unsupported_geometry_atomically ... ok
test boolean_split::native::tests::containment_disjoint_self_and_invalid_inputs_leave_model_unchanged ... ok
test boolean_split::tests::open::boolean_split_mixed_open_replays_coplanar_stage_boundary_ownership_and_history ... ok
test boolean_split::tests::open::boolean_split_open_replays_shared_boundary_geometry_metadata_and_history ... ok
test boolean_split::tests::open::boolean_split_topology_replays_compound_and_trimmed_inputs ... ok
test boolean_split::tests::plane::boolean_split_plane_bad_surface_and_mixed_target_failure_do_not_commit_other_outputs ... ok
test boolean_solids::native::tests::equal_inputs_do_not_steal_boundary_ownership_in_a_changing_union ... ok
test boolean_two::tests::boolean_two_script_syntax_and_unsupported_geometry_fail_without_edits ... ok
test boolean_split::tests::boolean_split_replays_native_geometry_metadata_selection_and_history ... ok
test boolean_two::tests::prepared_choices_reuse_geometry_and_reject_invalid_acceptance_atomically ... ok
test boolean_union::tests::accepted_preferences_survive_failure_but_invalid_batches_and_fresh_registries_do_not ... ok
test boolean_split::tests::plane::boolean_split_plane_replays_finite_coverage_order_caps_metadata_and_history ... ok
test boolean_solids::native::tests::successful_union_consumes_interior_inputs_and_keeps_disjoint_singletons ... ok
test border::tests::border_assembly_never_moves_endpoints_to_bridge_a_modelling_tolerance_gap ... ok
test border::tests::input_attributes_and_groups_do_not_reselect_retained_sources_or_peers ... ok
test border::tests::late_unsupported_source_discards_already_staged_borders_and_preserves_redo ... ok
test bounding_box::tests::all_plane_orientations_create_actual_world_corners_and_ignore_distant_plane_origins ... ok
test bounding_box::tests::bounding_box_creates_solid_mesh_and_grouped_curve_enclosures_atomically ... ok
test bounding_box::tests::bounding_box_handles_planar_individual_outputs_and_rejects_points ... ok
test bounding_box::tests::cplane_reports_local_coordinates_and_world_option_ignores_context ... ok
test bounding_box::tests::mixed_individual_bounds_keep_valid_outputs_and_one_undo_step ... ok
test bounding_box::tests::quadratic_surface_and_trimmed_face_boxes_use_extrema_not_control_geometry ... ok
test bounding_box::tests::rank_uses_document_tolerance_without_discarding_resolved_thin_solids ... ok
test boolean_two::tests::boolean_two_coplanar_replays_overlap_boundary_categories_metadata_and_history ... ok
test bounding_box::tests::unresolved_individual_bounds_leave_no_partial_geometry_groups_selection_or_history ... ok
test cap::tests::cap_is_atomic_in_place_with_attributes_groups_selection_and_history ... ok
test cap::tests::cap_mesh_crease_no_welds_boundary_and_remembers_choice ... ok
test cap::tests::cap_mesh_delete_input_no_retains_source_and_copies_attributes_and_groups ... ok
test cap::tests::cap_mesh_fills_only_planar_openings_and_preserves_object_history ... ok
test cap::tests::cap_mesh_triangles_option_controls_ngon_and_is_remembered ... ok
test cap::tests::cap_mesh_triangulates_annular_openings_in_one_undo_step ... ok
test cap::tests::cap_mixed_sources_copy_mesh_and_replace_brep_in_one_transaction ... ok
test cap::tests::kink_boundary_subdivision_is_part_of_one_identity_preserving_history_step ... ok
test cap::tests::orientation::cap_normalizes_higher_degree_linear_trims_without_using_compound_volume_sign ... ok
test cap::tests::orientation::cap_normalizes_inward_compounds_even_when_signed_volume_is_zero ... ok
test bounding_box::tests::signed_curve_enclosure_contains_projective_extrema_and_is_gauge_invariant ... ok
test cap::tests::orientation::cap_spatial_orientation_does_not_reverse_a_negative_volume_compound ... ok
test cap::tests::planar_sheet_noop_preserves_surface_representation_and_creates_no_history ... ok
test cap::tests::unsupported_inputs_and_arguments_roll_back_every_object ... ok
test chamfer::tests::chamfer_options_and_undo ... ok
test chamfer::tests::chamfers_meeting_arc_and_line_without_rationalizing_the_arc ... ok
test chamfer::tests::extends_nonmeeting_arc_before_chamfer_and_undo ... ok
test chamfer::tests::smooth_option_extends_nonmeeting_nurbs_before_chamfer ... ok
test circle_fit_points::tests::circle_fit_points_commands_replay_22_native_circle_loci_and_preserve_preselection ... ok
test circle_fit_points::tests::circle_fit_points_invalid_invocations_and_degenerate_fits_preserve_redo ... ok
test circle_input::tests::circle_definitions_match_owned_native_circle_getters_and_morph_points ... ok
test circle_input::tests::diameter_circle_samples_match_native_rotated_and_original_cplanes ... ok
test circle_input::tests::invalid_sizes_preserve_pending_input_and_preview_is_read_only ... ok
test circle_input::tests::rejected_geometry_retains_getter_and_next_valid_pick_succeeds ... ok
test connect::tests::already_meeting_arc_and_line_keep_native_geometry ... ok
test connect::tests::connects_extended_lines_with_or_without_join_and_undo ... ok
test connect::tests::connects_nurbs_endpoint_with_line_or_joined_smooth_extension ... ok
test connect::tests::default_arc_extension_connects_two_native_arcs ... ok
test connect::tests::default_arc_style_trims_arc_to_line ... ok
test connect::tests::extend_arcs_by_line_uses_the_endpoint_tangent ... ok
test boolean_two::tests::boolean_two_replays_native_cycle_geometry_identity_metadata_and_history ... ok
test connect::tests::smooth_option_extends_nurbs_shape_and_preserves_undo ... ok
test construction_plane::tests::all_viewport_actions_resolve_the_active_plane_input_once ... ok
test construction_plane::tests::curve_option_parses_selection_and_world_station ... ok
test construction_plane::tests::incomplete_commands_start_their_own_typed_prompts ... ok
test construction_plane::tests::invalid_commands_and_degenerate_frames_cannot_mutate_plane_history ... ok
test construction_plane::tests::object_option_accepts_a_pick_or_an_explicit_object_id ... ok
test construction_plane::tests::origin_and_through_remember_independent_all_options ... ok
test construction_plane::tests::picked_rotation_references_project_to_the_axis_normal_plane ... ok
test construction_plane::tests::plane_edits_resolve_local_world_and_relative_points_before_changing_the_frame ... ok
test construction_plane::tests::plane_history_is_bounded_independent_and_branching ... ok
test construction_plane::tests::rotation_moves_the_origin_and_axes_and_keeps_a_right_handed_frame ... ok
test construction_plane::tests::successful_no_op_plane_edits_still_record_history_and_clear_redo ... ok
test construction_plane::tests::surface_option_parses_face_and_tangent_point_inputs ... ok
test construction_plane::tests::three_point_vertical_projects_x_and_z_axis_uses_normal_constructor ... ok
test construction_plane::tests::view_option_is_a_camera_dependent_action ... ok
test construction_plane::tests::world_plane_axes_are_exact_oriented_and_reset_the_origin ... ok
test boolean_solids::native::tests::two_set_intersection_deletes_disjoint_inputs_and_keeps_maximal_first_owner ... ok
test boolean_union::tests::unsupported_inputs_and_excluded_locked_objects_preserve_geometry_ids_and_redo ... ok
test contour::geometry::tests::line_certification_handles_higher_degree_and_rejects_hidden_transverse_lobes ... ok
test contour::geometry::tests::line_certification_rejects_a_collinear_curve_that_overshoots_its_endpoints ... ok
test connect::tests::smooth_option_connects_two_curved_nurbs_ends ... ok
test contour::tests::far_base_grid_retains_indices_above_f64_integer_precision ... ok
test contour::tests::invalid_and_excessive_contours_leave_model_and_history_unchanged ... ok
test contour::tests::one_output_per_plane_is_not_grouped_even_when_grouping_is_enabled ... ok
test contour::tests::range_uses_completed_spacing_intervals_and_can_create_no_planes ... ok
test contour::tests::unrepresentable_spacing_and_ineligible_sources_fail_without_outputs ... ok
test contour::tests::contour_preserves_sources_and_undoes_all_planes_and_groups_together ... ok
test copy_options::tests::completed_choices_follow_aliases_across_documents_and_are_independent ... ok
test copy_options::tests::disabled_start_resets_only_the_started_command_and_survives_cancellation ... ok
test copy_options::tests::invalid_copy_edits_never_replace_a_completed_choice ... ok
test copy_options::tests::repeated_transform_steps_share_one_history_entry_and_failed_steps_preserve_preferences ... ok
test copy_options::tests::settings_and_queries_do_not_touch_geometry_selection_history_or_redo ... ok
test create_unique_block::tests::selected_roots_share_one_new_definition_and_original_peers_remain_unchanged ... ok
test contour::tests::contour_preserves_native_edge_parameters_and_signed_axis_line_domains ... ok
test create_unique_block::tests::wrong_names_and_mixed_definitions_fail_without_consuming_redo ... ok
test copy_options::tests::shared_policy_covers_each_implemented_affected_command ... ok
test create_uv_curves::tests::create_apply_roundtrip_recovers_spatial_curve_and_point ... ok
test curvature::radius::tests::bare_radius_recognizes_preselected_native_and_nurbs_circles_read_only ... ok
test curvature::radius::tests::radius_and_diameter_measure_local_curvature_without_changing_history ... ok
test curvature::radius::tests::radius_display_units_convert_reports_without_scaling_geometry_or_history ... ok
test curvature::radius::tests::radius_is_local_on_ellipses_and_native_nurbs_and_chooses_nearest_curve ... ok
test curvature::radius::tests::explicit_radius_selection_limits_candidates_and_empty_search_is_read_only ... ok
test curvature::radius::tests::radius_units_can_represent_a_diameter_whose_model_unit_value_overflows ... ok
test curvature::radius::tests::radius_markers_are_atomic_and_undoable_and_invalid_inputs_preserve_redo ... ok
test curvature::tests::curve_measurement_is_read_only_and_markers_have_atomic_fresh_state ... ok
test curvature::radius::tests::unselected_radius_ignores_hidden_locked_and_noncurve_objects ... ok
test curvature::tests::flat_curve_marking_produces_only_a_point_and_failures_are_atomic ... ok
test curvature::tests::surface_markers_are_normal_section_half_circles ... ok
test curvature::tests::only_the_nearest_selected_object_is_differentially_evaluated ... ok
test curve_cut::tests::cut_deduplication_is_invariant_under_parameter_translation ... ok
test contour::tests::contour_exact_isocurve_lineage_preserves_shifted_uv_domains_and_flattens_linear_weights ... ok
test curve_cut::tests::one_closed_cut_does_not_relocate_the_seam_or_replace_the_source ... ok
test curve_cut::tests::native_polyline_cuts_retain_station_parameters_and_undo ... ok
test curve_cut::tests::quadratic_tangent_trim_retains_the_exact_double_root ... ok
test curve_domain::tests::direction::explicit_locked_closed_lengths_keep_valid_intervals_across_chart_boundaries ... ok
test boolean_union::tests::replays_27_closed_command_outcomes_metadata_selection_geometry_and_history ... ok
test curve_domain::tests::direction::locked_subcurve_no_result_and_invalid_options_do_not_edit_history ... ok
test curve_domain::tests::direction::locked_subcurve_scripts_use_explicit_direction_and_preserve_source_orientation ... ok
test curve_domain::tests::direction::numeric_confirmation_on_close_closed_branches_chooses_the_candidate_endpoint ... ok
test curve_cut::tests::projected_circle_trim_maps_parameters_back_to_the_unprojected_source ... ok
test curve_domain::tests::edge::subcurve_edge_numeric_and_explicit_parameter_inputs_use_the_edge_domain ... ok
test curve_domain::tests::edge::subcurve_edge_forces_copy_and_preserves_parent_metadata_without_parent_selection ... ok
test curve_domain::tests::edge::subcurve_edge_reference_failures_are_atomic ... ok
test curve_domain::tests::failed_native_edits_are_atomic_and_make_no_history_entry ... ok
test curve_domain::tests::mark_ends::mark_ends_rejects_bad_modes_and_rolls_back_without_markers ... ok
test curve_domain::tests::midpoint::midpoint_option_and_radius_failures_are_atomic ... ok
test curve_domain::tests::preferences::subcurve_omitted_options_use_immediate_memory_outside_document_history ... ok
test curve_domain::tests::preferences::subcurve_preferences_are_registry_local_and_ignore_global_copy_resets ... ok
test curve_domain::tests::reparameterized_circle_edits_use_native_parameters_and_retain_document_state ... ok
test curve_domain::tests::standalone::malformed_numeric_subcurves_do_not_modify_geometry_or_history ... ok
test curve_domain::tests::mark_ends::mark_ends_matches_native_points_default_attributes_and_history ... ok
test curve_cut::tests::closed_seam_is_a_cut_and_wrapped_command_pieces_stay_arcs ... ok
test curve_edit::tests::command_first_join_uses_pick_order_for_seed_direction_and_attributes ... ok
test curve_edit::tests::mixed_join_preserves_seed_attributes_groups_and_atomic_history ... ok
test curve_frame_tests::freeform_array_uses_incoming_corner_tangents_and_undoes_atomically ... ok
test curve_options::tests::closure_values_are_case_insensitive_and_reject_extra_input ... ok
test curve_options::tests::degrees_are_integer_values_with_explicit_limits ... ok
test curve_rebuild::tests::mixed_sources_prepare_atomically_and_current_layer_outputs_keep_existing_policy ... ok
test curve_parameter_tests::flip_scale_conversion_and_export_preserve_circle_and_ellipse_domains ... ok
test curve_rebuild::tests::preparation_is_readonly_reuses_output_policies_and_applies_exact_results ... ok
test curve_rebuild::tests::source_change_rejects_prepared_acceptance_before_document_edits ... ok
test curve_rebuild::tests::typed_partial_options_retain_unedited_values_and_reject_alias_duplicates ... ok
test distribute::planner::tests::gap_planner_does_not_require_representable_interval_widths ... ok
test distribute::planner::tests::spacing_plans_retain_finite_extreme_gaps_and_subnormal_centers ... ok
test distribute::planner::tests::spacing_plans_use_leading_edge_order_and_pin_automatic_end_objects ... ok
test distribute::planner::tests::plans_match_independent_integer_layout_equations ... ok
test distribute::tests::borrowed_units_preserve_first_appearance_top_membership_and_partial_selection ... ok
test curve_domain::tests::midpoint::midpoint_subcurves_replay_native_radius_clamping_seams_and_markers ... ok
test distribute::tests::groups_are_rigid_without_losing_identity_attributes_or_membership ... ok
test distribute::tests::invalid_settings_minimum_groups_and_poles_are_atomic ... ok
test distribute::tests::latest_overlapping_group_membership_defines_each_rigid_unit ... ok
test distribute::tests::nearly_normal_directions_do_not_apply_distance_tolerance_to_unit_frame_guides ... ok
test distribute::tests::partial_groups_do_not_pull_unselected_members_into_the_edit ... ok
test distribute::tests::positive_rational_curve_extents_replace_control_boxes ... ok
test distribute::tests::ties_use_transverse_minima_in_the_signed_distribution_frame ... ok
test distribute::tests::typed_spatial_direction_uses_all_three_world_components ... ok
test divide::prompt::tests::mode_changes_share_distance_and_retain_count_and_output_options ... ok
test divide::tests::chord_mode_crosses_corners_and_groups_outputs_per_source_on_current_layer ... ok
test divide::tests::invalid_options_and_mixed_geometry_fail_before_source_or_output_mutation ... ok
test divide::tests::preferences_survive_undo_share_aliases_and_documents_and_isolate_registries ... ok
test divide::prompt::tests::invalid_numbers_and_duplicate_options_do_not_change_the_prompt ... ok
test divide::tests::split_length_remainder_uses_source_intervals_attributes_and_one_undo ... ok
test edge_analysis::tests::adding_removing_navigating_and_invalid_options_preserve_session_atomically ... ok
test divide::tests::weighted_polycurve_points_remain_accurate_and_unrepresentable_split_is_atomic ... ok
test edge_analysis::tests::cache_survives_options_and_rebuilds_after_geometry_edits_and_undo ... ok
test edge_analysis::tests::canceled_zoom_commits_accepted_marks_but_invalid_arguments_do_not ... ok
test edge_analysis::tests::marking_closed_trim_keeps_both_coincident_endpoint_objects ... ok
test edge_analysis::tests::mesh_modes_distinguish_welded_unwelded_and_non_manifold_sides ... ok
test edge_analysis::tests::repeated_mark_and_navigation_preserve_action_order_and_pending_zoom ... ok
test edge_analysis::tests::show_edges_is_non_destructive_and_marking_uses_one_undo_step ... ok
test edge_analysis::tests::surface_boundaries_and_periodic_sphere_seams_have_distinct_diagnostic_valence ... ok
test edge_surface::tests::edge_surface_preserves_sources_and_selection_with_fresh_output_and_atomic_history ... ok
test edge_surface::tests::invalid_edge_surface_requests_leave_geometry_selection_and_history_untouched ... ok
test explode::parts::tests::mesh_budget_rejects_extra_components_but_allows_connected_noops ... ok
test explode::parts::tests::points_and_polylines_reverse_parts_without_reversing_geometry ... ok
test explode::parts::tests::polycurve_flattening_keeps_outer_domains_and_reverses_only_part_order ... ok
test explode::summary::tests::output_limit_and_overflow_rejections_do_not_change_counts ... ok
test explode::summary::tests::summary_keeps_category_order_and_accumulates_repeated_sources ... ok
test edge_analysis::tests::marking_all_edges_retains_coincident_endpoints_and_one_undo_step ... ok
test curve_domain::tests::standalone::standalone_subcurve_replays_native_geometry_groups_selection_and_history ... ok
test distribute::tests::all_cplane_axes_and_distant_origins_preserve_perpendicular_components ... ok
test explode_block::tests::explode_keeps_nested_instances_and_explode_block_recursively_returns_geometry ... ok
test extract_connected_mesh_faces::tests::copy_and_border_modes_preserve_source_and_groups ... ok
test extract_connected_mesh_faces::tests::face_point_picks_one_mesh_from_a_multiple_mesh_selection ... ok
test extract_connected_mesh_faces::tests::invalid_seed_arguments_and_late_nonmesh_are_atomic ... ok
test extract_connected_mesh_faces::tests::later_mesh_with_missing_seed_leaves_earlier_mesh_untouched ... ok
test explode_block::tests::mixed_ordinary_explode_and_block_expansion_share_one_transaction ... ok
test extract_connected_mesh_faces::tests::positive_angle_extracts_planar_region_and_undo_restores_source ... ok
test extract_connected_mesh_faces::tests::positive_angle_on_nonmanifold_edge_checks_first_other_face ... ok
test extract_connected_mesh_faces::tests::zero_angle_copies_the_whole_connected_component ... ok
test explode_block::tests::all_blocks_uses_every_root_and_bad_options_or_limit_failures_preserve_redo ... ok
test boolean_solids::native::tests::two_set_intersection_keeps_separate_material_outputs_and_clears_split_text ... ok
test extract_isocurve::tests::qualified_isocurve_pick_uses_one_brep_face_and_selected_object ... ok
test extract_mesh_faces_by_area::tests::copy_and_border_modes_preserve_source_and_groups ... ok
test extract_connected_mesh_faces::tests::object_qualified_face_seed_ignores_other_selected_geometry ... ok
test extract_mesh_faces_by_area::tests::extracts_area_range_and_undoes ... ok
test extract_mesh_faces_by_area::tests::invalid_range_or_late_nonmesh_has_no_edits ... ok
test extract_mesh_faces_by_area::tests::nonplanar_quad_uses_shorter_diagonal_for_area_filter ... ok
test extract_mesh_faces_by_aspect_ratio::tests::copy_and_border_modes_keep_the_source_and_select_only_results ... ok
test extract_mesh_faces_by_area::tests::heron_rounding_matches_rhino_at_exact_thresholds ... ok
test extract_mesh_faces_by_area::tests::inclusive_thresholds_extract_equal_area_faces ... ok
test extract_mesh_faces_by_aspect_ratio::tests::selects_faces_at_or_above_the_limit_and_undoes ... ok
test extract_mesh_faces_by_aspect_ratio::tests::invalid_arguments_and_late_nonmesh_are_atomic ... ok
test extract_mesh_faces_by_draft_angle::tests::extracts_view_facing_face_and_undoes ... ok
test extract_isocurve::tests::extract_all_stations_are_not_rounded_to_the_native_uv_grid ... ok
test extract_mesh_faces_by_draft_angle::tests::invalid_arguments_and_nonmesh_selection_are_atomic ... ok
test extract_mesh_faces_by_draft_angle::tests::copy_and_border_modes_preserve_source_and_groups ... ok
test extract_mesh_faces_by_aspect_ratio::tests::skew_quad_matches_rhino_short_diagonal_and_inclusive_limit ... ok
test extract_mesh_faces_by_draft_angle::tests::omitted_angles_use_rhino_default_zero_to_eighty_nine ... ok
test extract_mesh_faces_by_draft_angle::tests::rhino_style_angle_and_border_option_names_are_accepted ... ok
test extract_mesh_faces_by_edge_length::tests::both_modes_include_equal_boundary_edges_but_exclude_quad_diagonals ... ok
test extract_mesh_faces_by_edge_length::tests::invalid_options_and_late_nonmesh_leave_document_unchanged ... ok
test extract_mesh_part::tests::all_faces_with_separate_output_reuses_source_for_one_region ... ok
test extract_mesh_faces_by_edge_length::tests::shorter_mode_uses_any_boundary_edge_and_includes_equal_length ... ok
test extract_mesh_faces_by_edge_length::tests::longer_mode_ignores_the_quad_diagonal_and_can_copy ... ok
test extract_mesh_part::tests::extracts_to_unwelded_edge_and_undoes ... ok
test extract_mesh_part::tests::face_point_extracts_only_the_picked_mesh_region ... ok
test extract_mesh_part::tests::invalid_inputs_and_late_nonmesh_are_atomic ... ok
test extract_mesh_part::tests::multiple_seeds_deduplicate_regions_and_join_or_split_outputs ... ok
test extract_mesh_part::tests::nonmanifold_boundary_option_controls_traversal ... ok
test extract_subcurve::tests::extracts_exact_parent_domain_segments_in_requested_order_without_deleting_source ... ok
test extract_mesh_part::tests::object_qualified_face_seed_ignores_other_selected_geometry ... ok
test extract_mesh_part::tests::whole_disjoint_copy_and_border_modes_preserve_source_and_groups ... ok
test extract_subcurve::tests::join_wraps_a_closed_polycurve_across_its_seam ... ok
test extract_subcurve::tests::output_layer_choice_keeps_source_groups ... ok
test extract_subcurve::tests::invalid_selection_preserves_source_and_history ... ok
test extract_subcurve::tests::joined_contiguous_segments_keep_exact_parent_breaks ... ok
test extract_subcurve::tests::joined_mixed_segments_keep_native_curves_and_parent_domains ... ok
test extract_subcurve::tests::removing_disjoint_segments_splits_the_remainder_and_keeps_undo_atomic ... ok
test extract_surface::tests::copying_all_faces_retains_sources_and_creates_ungrouped_current_layer_outputs ... ok
test extrude_mesh::tests::command_extrudes_face_and_edge_and_preserves_undo ... ok
test extract_surface::tests::invalid_later_index_and_stale_geometry_or_attributes_do_not_extract_partial_faces ... ok
test fillet::tests::join_and_trim_options_control_sources_and_arc ... ok
test fillet::tests::joins_selected_lines_and_restores_sources_with_undo ... ok
test extract_surface::tests::different_face_sets_share_one_edit_and_leave_remainder_groups_intact ... ok
test extract_surface::tests::changed_source_order_or_current_output_layer_rejects_staged_outputs_atomically ... ok
test fillet_corners::tests::arc_line_kink_is_rounded_in_place_and_undoable ... ok
test fillet_corners::tests::internal_nurbs_kink_is_rounded_in_place_and_undoable ... ok
test fillet::tests::nonmeeting_arc_extends_to_fillet_and_undo_restores_sources ... ok
test fillet_corners::tests::nurbs_line_kink_is_rounded_in_place_and_undoable ... ok
test fillet_corners::tests::rounds_selected_open_and_closed_polylines_in_one_undo_step ... ok
test fillet_corners::tests::invalid_or_oversized_radius_does_not_edit_any_selected_curve ... ok
test fillet_corners::tests::selected_straight_polycurve_is_replaced_and_undoable ... ok
test flip::tests::all_skipped_inputs_preserve_geometry_selection_and_redo ... ok
test fillet_corners::tests::smooth_arc_leaf_survives_a_later_corner_fillet_and_undo ... ok
test flip::tests::periodic_open_surface_is_not_mistaken_for_a_closed_solid ... ok
test flip::tests::mixed_flip_preserves_identity_metadata_uvs_and_skipped_group_members ... ok
test flip::tests::prompt_accepts_skipped_peers_and_invalid_arguments_do_not_mutate ... ok
test geometric_continuity::tests::picks_other_ends_and_reports_disconnected_or_g0 ... ok
test geometric_continuity::tests::reports_g2_for_collinear_lines_without_mutating_document ... ok
test flip::tests::repeated_surface_flip_preserves_rational_parameterization_and_trim_topology ... ok
test geometry_selection::tests::benchmark_large_geometry_selection ... ignored, manual geometry-selection timing
test fillet::tests::nurbs_extension_options_create_fillets ... ok
test geometry_selection::tests::non_manifold_selection_uses_topology_and_preserves_document_history ... ok
test geometry_selection::tests::analytic_circle_selection_matches_recorded_rhino_cases ... ok
test geometry_selection::tests::shared_selection_preflight_skips_ineligible_objects_and_commits_only_on_success ... ok
test geometry_selection::tests::short_selection_integration_failure_preserves_selection_and_history ... ok
test geometry_selection::tests::short_curve_selection_matches_recorded_rhino_boundaries ... ok
test geometry_selection::tests::small_selection_uses_tight_world_diagonal_and_skips_hidden_locked_objects ... ok
test geometry_selection::tests::surface_filters_use_borders_and_planarity_without_selecting_polysurfaces ... ok
test flip::tests::closed_but_inconsistently_oriented_breps_can_flip_and_keep_their_inconsistency ... ok
test group_order_tests::distribution_uses_a_membership_added_later_to_an_older_group ... ok
test group_order_tests::ungroup_commands_change_only_selected_memberships_and_retain_empty_definitions ... ok
test grouping::tests::add_to_group_named_target_preserves_order_and_history_and_clears_selection ... ok
test group_order_tests::decompositions_and_mesh_extractions_do_not_sort_memberships_by_group_id ... ok
test grouping::tests::add_to_group_rejects_missing_targets_or_selection_without_edits ... ok
test geometry_selection::tests::nonlinear_short_selection_matches_recorded_rhino_representations ... ok
test interchange::block_tests::hidden_locked_root_state_is_retained_by_document_import ... ok
test interchange::block_tests::reopened_definitions_remain_shared_editable_and_import_name_conflicts_are_isolated ... ok
test group_order_tests::command_3dm_roundtrip_retains_individual_order_empty_groups_and_undo ... ok
test interchange::names::tests::repeated_names_reuse_the_suffix_cursor ... ok
test interchange::paths::tests::preserves_filename_content_and_only_parses_the_optional_stl_prefix ... ok
test interchange::block_tests::structural_block_import_is_undoable_and_export_preserves_definitions_and_references ... ok
test interchange::names::tests::cached_allocation_matches_independent_full_scan_policy ... ok
test interchange::tests::attribute_user_text_survives_export_and_import_commands ... ok
test interchange::block_tests::malformed_block_graphs_leave_document_and_redo_history_unchanged ... ok
test interchange::tests::export_group_names_reserve_later_named_groups_and_preserve_membership_order ... ok
test interchange::tests::failed_native_step_import_preserves_document_and_redo_history ... ok
test interchange::tests::current_layer_survives_3dm_open_while_import_keeps_destination_layer ... ok
test interchange::region_tests::failed_shell_classification_preserves_destination_document_and_history ... ok
test interchange::tests::generated_group_names_scan_each_candidate_only_once ... ok
test interchange::tests::malformed_filename_quotes_fail_before_document_history_changes ... ok
test interchange::tests::mesh_export_visibility_matches_isolation_and_layer_state ... ok
test interchange::tests::file_import_name_collisions_preserve_assignments_and_replay_exactly ... ok
test interchange::tests::mixed_native_step_import_rejects_unsupported_later_shell_without_partial_changes ... ok
test interchange::tests::native_step_export_and_import_keep_a_box_cavity_in_one_document_object ... ok
test interchange::tests::native_step_export_keeps_curved_surface_geometry ... ok
test interchange::tests::native_step_export_rejects_non_breps_without_replacing_destination ... ok
test interchange::tests::native_step_export_preserves_editable_box_and_units ... ok
test interchange::tests::native_step_import_converts_units_and_replays_as_editable_breps ... ok
test interchange::tests::no_visible_mesh_export_keeps_existing_destinations_and_document_unchanged ... ok
test interchange::tests::open_3dm_keeps_restricted_file_layers_and_adds_an_editable_layer ... ok
test interchange::region_tests::curved_cavity_file_commands_keep_material_and_replay_one_import ... ok
test interchange::tests::open_3dm_replaces_document_and_preserves_file_policy_and_layer_order ... ok
test interface::tests::block_manager_is_a_document_independent_interface_action ... ok
test interface::tests::display_options_support_active_all_and_scripted_spelling ... ok
test interchange::tests::native_step_import_keeps_cavity_shells_in_one_document_object ... ok
test interface::tests::four_view_remembers_explicit_projection_and_resets_the_active_view ... ok
test interface::tests::grid_options_parse_atomically_and_leave_reducer_state_unchanged ... ok
test interface::tests::invalid_viewport_state_cannot_be_partially_modified ... ok
test interface::tests::malformed_known_commands_are_not_treated_as_modeling_input ... ok
test interface::tests::mesh_snap_switch_uses_enable_disable_toggle_and_preserves_other_state ... ok
test interface::tests::plan_parses_as_a_transparent_interface_command ... ok
test interface::tests::set_view_cplane_parses_six_directions_and_preserves_interface_state ... ok
test interface::tests::set_view_world_parses_all_standard_directions_without_mutating_model_state ... ok
test interface::tests::show_ends_commands_parse_without_changing_interface_state ... ok
test interface::tests::snap_size_parses_viewport_scope_and_rejects_invalid_spacing ... ok
test interface::tests::switches_are_explicit_idempotent_and_toggle_in_both_directions ... ok
test interface::tests::view_history_commands_are_transparent_and_reject_arguments ... ok
test interface::tests::view_zoom_scale_option_requires_a_finite_positive_reciprocal ... ok
test interface::tests::viewport_layout_commands_toggle_without_changing_cameras ... ok
test interface::tests::viewport_navigation_commands_parse_without_arguments ... ok
test interface::tests::zoom_ends_parses_all_without_changing_interface_state ... ok
test interface::tests::zoom_extents_border_accepts_independent_scales_and_rejects_duplicates ... ok
test interface::tests::zoom_extents_is_a_validated_host_action ... ok
test interface::tests::zoom_factor_is_finite_positive_and_does_not_mutate_interface_state ... ok
test interface::tests::zoom_in_out_parse_and_leave_interface_state_unchanged ... ok
test interpolation_options::tests::canonical_options_roundtrip_every_topology_and_clear_previous_constraints ... ok
test interpolation_options::tests::option_updates_do_not_accept_points_unknown_options_or_duplicates ... ok
test interpolation_options::tests::tangent_serialization_preserves_binary64_components_including_signed_zero ... ok
test interpolation_options::tests::updates_preserve_valid_extreme_directions_without_normalizing_stored_values ... ok
test interpolation_options::tests::updates_validate_retained_options_and_allow_explicit_repairs ... ok
test interchange::tests::file_commands_preserve_repeated_spaces_in_quoted_and_unquoted_paths ... ok
test boolean_two::tests::open::boolean_two_open_replays_native_physical_boundaries_and_history ... ok
test join::tests::breps::closed_inputs_are_released_and_mixed_families_fail_atomically ... ok
test interchange::tests::save_as_3dm_replaces_file_with_a_readable_backup ... ok
test join::tests::breps::disconnected_preselection_makes_fresh_copies_but_postselection_preserves_failed_seed_and_redo ... ok
test join::tests::breps::every_disconnected_piece_inherits_seed_attributes_groups_and_replays_history ... ok
test intersect_self::tests::crossing_closed_and_backtracking_polylines ... ok
test intersect_self::tests::selects_only_curves_with_self_contacts ... ok
test join::tests::breps::later_picks_reconsider_accepted_original_boundaries_without_losing_output_pieces ... ok
test explode::tests::oversized_cloud_is_rejected_without_editing_source_or_discarding_redo ... ok
test join::tests::breps::raw_surfaces_mix_with_breps_and_use_the_correct_attribute_seed ... ok
test join::tests::breps::command_first_grows_in_pick_order_without_retrying_skipped_faces ... ok
test join::tests::copy::closed_copy_seam_distinguishes_rational_speed_from_constant_weight_scaling ... ok
test join::tests::copy::closure_completion_check_is_read_only_and_copy_keeps_only_participating_sources_selected ... ok
test join::tests::copy::closed_only_selection_is_released_without_model_edits_or_losing_redo ... ok
test join::tests::breps::thresholds::overflowing_selection_radius_is_rejected_without_geometry_or_history_edits ... ok
test join::tests::copy::curve_preselection_batches_chains_while_postselection_extends_only_the_first ... ok
test join::tests::disconnected_no_results_have_fresh_ids_even_when_geometry_is_unchanged ... ok
test join::tests::copy::nonjoining_selections_preserve_redo_and_report_the_named_command_result ... ok
test join::tests::join_prompt_has_typed_filter_and_registry_scoped_option_memory ... ok
test join::tests::copy::join_copy_preserves_exact_sources_attributes_groups_and_two_history_cycles ... ok
test join::tests::invalid_options_mixed_families_and_degenerate_alignment_leave_document_untouched ... ok
test join::tests::mesh_join_preserves_seed_attributes_groups_and_exact_history_without_selecting_peers ... ok
test join::tests::singleton_reports_nothing_joined_and_preserves_redo_and_selection ... ok
test join::tests::preselection_uses_table_order_while_command_first_uses_pick_order ... ok
test loft::tests::invalid_lofts_are_atomic_and_do_not_add_history ... ok
test loft::tests::loft_uses_selection_order_and_fresh_attributes_with_undo_redo ... ok
test maelstrom::tests::invalid_commands_keep_document_state_and_save_only_accepted_getter_preferences ... ok
test maelstrom::tests::complete_coordinate_coil_angles_match_33_native_point_commands ... ok
test create_uv_curves::tests::native_create_uv_curves_covers_trims_projection_properties_and_replay ... ok
test match_curve::tests::average_curvature_matches_an_arc_and_preserves_source_far_end ... ok
test maelstrom::tests::native_fit_parameter_slip_is_geometric_and_exact_point_maps_still_match ... ok
test match_curve::tests::averaging_replaces_both_curves_in_one_undoable_step ... ok
test match_curve::tests::average_position_trims_toward_midpoint_and_undo_restores_both ... ok
test match_curve::tests::invalid_options_and_selection_leave_document_unchanged ... ok
test match_curve::tests::match_replaces_first_selected_curve_and_undo_restores_it ... ok
test match_curve::tests::multispan_tangency_edits_selected_controls_without_changing_knots ... ok
test match_curve_direction::tests::matches_closed_curves_with_different_seams ... ok
test match_curve_direction::tests::matches_selected_curves_in_selection_order_and_preserves_identity ... ok
test match_curve_direction::tests::named_reference_supports_target_only_selection_and_invalid_selection_is_atomic ... ok
test match_mesh_edge::tests::joins_matched_neighbor_meshes_and_restores_both_on_undo ... ok
test match_mesh_edge::tests::matches_t_junction_and_undoes_as_one_edit ... ok
test match_mesh_edge::tests::rejects_mixed_selection_and_invalid_options_without_editing ... ok
test measurements::angle::objects::tests::object_angle_rejects_invalid_selection_and_retains_small_acute_angles ... ok
test measurements::angle::objects::tests::object_angle_supports_native_linear_nurbs_and_single_face_breps ... ok
test measurements::angle::objects::tests::selected_object_angles_match_rhino_orientation_and_mixed_plane_conventions ... ok
test measurements::angle::tests::four_point_angles_do_not_require_representable_endpoint_differences ... ok
test measurements::angle::tests::four_point_angles_preserve_document_selection_and_redo ... ok
test measurements::angle::tests::four_point_reports_match_captured_rhino_angles ... ok
test measurements::area_centroid::tests::argument_and_late_geometry_failures_do_not_leave_markers_or_clear_redo ... ok
test measurements::area_centroid::tests::cumulative_marker_preserves_sources_groups_attributes_and_preselection_with_undo_redo ... ok
test match_curve::tests::multispan_position_trims_before_moving_selected_end ... ok
test measurements::area_centroid::tests::direct_partial_group_selection_uses_only_picked_sources_and_postselection_clears ... ok
test measurements::area_centroid::tests::prompt_filters_open_curves_and_points_while_mixed_preselection_retains_them ... ok
test measurements::distance::tests::display_conversion_precedes_source_distance_overflow ... ok
test measurements::distance::tests::display_units_reject_ambiguous_units_and_unrepresentable_results ... ok
test measurements::distance::tests::display_units_scale_only_reported_lengths_and_preserve_history ... ok
test measurements::distance::tests::distance_preserves_tiny_large_and_zero_values ... ok
test measurements::distance::tests::distance_reports_world_and_rotated_cplane_without_history_changes ... ok
test measurements::distance::tests::invalid_distance_queries_leave_the_document_unchanged ... ok
test measurements::domain::tests::domain_rejects_empty_unsupported_and_multiple_selections_without_edits ... ok
test measurements::domain::tests::domain_reports_native_curve_intervals_and_preserves_redo ... ok
test measurements::domain::tests::domain_reports_rational_and_single_face_intervals_without_normalizing_them ... ok
test measurements::distance::tests::distance_angles_match_captured_rhino_command_output ... ok
test measurements::domain::tests::domain_selects_component_surface_without_combining_uv_intervals ... ok
test measurements::domain::tests::domain_subcurve_crosses_reparameterized_closed_nurbs_seam ... ok
test measurements::domain::tests::domain_subcurve_reports_directed_native_intervals_without_edits ... ok
test measurements::domain::tests::domain_subcurve_reports_seam_crossing_interval ... ok
test measurements::evaluate_point::tests::evaluate_point_reports_translated_rotated_coordinates_without_mutating_document ... ok
test measurements::evaluate_point::tests::evaluate_point_signed_plane_coordinates_match_live_rhino ... ok
test measurements::evaluate_point::tests::evaluate_point_preserves_numeric_range_and_rejects_unrepresentable_local_coordinates ... ok
test measurements::evaluate_uv::tests::uv_evaluation_uses_underlying_surface_inside_a_trim_hole ... ok
test measurements::evaluate_uv::tests::uv_preferences_are_shared_with_prompts_but_not_document_history_or_other_registries ... ok
test measurements::evaluate_uv::tests::uv_projection_and_normalization_survive_extreme_independent_parameter_scales ... ok
test measurements::evaluate_uv::tests::uv_qualified_faces_match_live_rhinocommon_underlying_surfaces ... ok
test measurements::evaluate_uv::tests::uv_replays_live_rhino_reports_and_created_points ... ok
test measurements::evaluate_uv::tests::uv_reports_native_and_normalized_parameters_with_undoable_projected_markers ... ok
test measurements::evaluate_uv::tests::uv_uses_the_nearest_component_surfaces_own_domain ... ok
test measurements::tests::area_display_units_square_the_conversion_without_changing_the_model ... ok
test measurements::evaluate_uv::tests::curved_rational_faces_match_live_rhinocommon_underlying_surfaces ... ok
test measurements::tests::area_measures_selected_nurbs_and_polycurves_without_modifying_the_document ... ok
test measurements::tests::length_and_area_measure_mixed_selected_geometry_without_history ... ok
test measurements::tests::length_display_conversion_can_represent_an_overflowing_model_unit_sum ... ok
test measurements::tests::area_measures_exact_nurbs_surfaces_and_breps_without_tessellation ... ok
test measurements::tests::length_display_units_convert_only_the_reported_value ... ok
test measurements::tests::length_subcurve_measures_closed_curve_across_its_seam ... ok
test measurements::tests::length_subcurve_measures_directed_interval_without_model_edits ... ok
test measurements::tests::measurement_failures_preserve_selection_and_both_history_stacks ... ok
test measurements::tests::measurement_output_preserves_small_nonzero_geometry ... ok
test measurements::tests::streaming_aggregation_preserves_small_terms_and_rejects_invalid_values ... ok
test measurements::tests::volume_cancels_large_closed_meshes_without_intermediate_overflow ... ok
test measurements::tests::measurement_format_is_compact_and_roundtrips_finite_values ... ok
test measurements::tests::volume_measures_meshes_and_exact_breps_with_stable_signed_accumulation ... ok
test measurements::volume::tests::ignored_geometry_is_preserved_and_empty_eligible_selection_is_cleaned_up ... ok
test measurements::volume::tests::late_open_mesh_and_argument_errors_are_atomic ... ok
test measurements::volume::tests::open_warning_is_conditional_fresh_and_declining_preserves_model_history ... ok
test measurements::volume::tests::scalar_volume_filters_selection_requires_confirmation_and_never_changes_history ... ok
test measurements::volume::tests::partial_group_postselection_and_signed_cancellation_do_not_expand_membership ... ok
test measurements::volume::tests::separate_mesh_faces_enclose_a_volume_without_becoming_joined_objects ... ok
test measurements::volume::tests::signed_cumulative_marker_retains_sources_groups_and_real_undo_redo ... ok
test measurements::volume::units_tests::converted_query_can_succeed_when_model_coordinate_volume_overflows ... ok
test measurements::volume::units_tests::choices_are_remembered_outside_model_history_and_registries_are_isolated ... ok
test measurements::volume::units_tests::postselection_conversion_and_model_units_follow_metadata_without_scaling_geometry ... ok
test merge_edge::tests::endpoints_offer_edge_or_all_and_hidden_or_locked_components_cannot_be_edited ... ok
test intersect_self::tests::curved_single_span_crossing_and_simple_closed_seam ... ok
test merge_edge::tests::choices_do_not_mutate_and_each_commit_is_one_identity_preserving_undo ... ok
test merge_edge::tests::no_op_bad_inputs_and_stale_picks_preserve_redo_and_the_document ... ok
test merge_edges::tests::command_angle_tracks_document_settings_with_point_one_and_one_degree_limits ... ok
test merge_edges::tests::mixed_preselection_is_ignored_but_unsupported_only_selection_is_released ... ok
test merge_edges::tests::replacement_without_merges_materializes_surfaces_and_records_history ... ok
test boolean_solids::native::tests::curved_common_and_two_set_intersections_preserve_first_set_ownership ... ok
test merge_edges::tests::syntax_errors_leave_geometry_selection_and_history_unchanged ... ok
test merge_edges::tests::an_uncertifiable_face_partition_rolls_back_all_objects_selection_and_redo ... ok
test mesh_decomposition_tests::explode_mesh_matches_live_rhino_picking_observations ... ok
test mesh_ngon_commands::tests::add_and_delete_preserve_mesh_identity_attributes_and_undo ... ok
test mesh_ngon_commands::tests::late_nonmesh_and_bad_tolerance_are_atomic ... ok
test merge_edges::tests::cleanup_preserves_id_attributes_groups_and_unselected_objects_in_one_history_step ... ok
test mesh_ngon_commands::tests::prompt_filters_meshes_and_noop_preserves_redo ... ok
test mesh_selection_tests::collapse_locked_group_peers_follow_explicit_deletion_policy_and_restore_on_undo ... ok
test mesh_selection_tests::collapse_mixed_replacements_and_deletions_replays_exactly ... ok
test mesh_selection_tests::mesh_staging_retains_action_order_group_peers_and_read_only_failures ... ok
test mesh_to_nurb::tests::mesh_to_nurb_options_and_mixed_selection_are_atomic ... ok
test mesh_to_nurb::tests::mesh_to_nurb_splits_disjoint_pieces_and_preserves_derived_attributes ... ok
test mesh_decomposition_tests::split_disjoint_mesh_matches_live_rhino_picking_observations ... ok
test mesh_to_nurb::tests::nonplanar_ngon_splits_into_connected_planar_regions ... ok
test mesh_to_nurb::tests::options_survive_undo_and_partial_updates_but_errors_do_not_accept_them ... ok
test mesh_to_nurb::tests::outputs_follow_source_document_order_independently_of_selection_actions ... ok
test mesh_to_nurb::tests::planar_ngon_cap_keeps_closed_brep_topology ... ok
test mesh_to_nurb::tests::planar_ngon_region_with_an_inner_loop_surrounds_a_raised_island ... ok
test merge_edges::tests::surface_replacement_splits_after_cleanup_with_independent_angular_limits_and_history ... ok
test mesh_to_nurb::tests::use_ngons_handles_concave_boundaries_and_nonplanar_fallback ... ok
test mesh_to_nurb::tests::use_ngons_merges_planar_face_region_after_component_split ... ok
test model_tolerance::tests::new_geometry_uses_changed_tolerance_without_modifying_existing_geometry ... ok
test model_tolerance::tests::queries_noops_and_invalid_proposals_preserve_document_and_redo ... ok
test model_tolerance::tests::setting_all_fields_is_one_undo_step_and_partial_edits_keep_other_fields ... ok
test model_units::tests::builtin_units_and_british_spellings_are_recognized ... ok
test model_units::tests::custom_metadata_changes_noops_and_invalid_input_preserve_expected_history ... ok
test mesh_to_nurb::tests::aggregate_control_budget_fails_before_copying_any_output_or_accepting_choices ... ok
test model_units::tests::failed_rescaling_preserves_geometry_units_and_history ... ok
test model_units::tests::queries_noops_and_invalid_input_preserve_redo_and_the_complete_document ... ok
test model_units::tests::scaling_includes_hidden_and_locked_objects_without_changing_attributes ... ok
test model_units::tests::unit_changes_are_explicit_atomic_and_undoable ... ok
test named_view::tests::names_can_contain_spaces_and_edits_preserve_order ... ok
test nonuniform_scale::tests::scale_nu_large_projected_references_and_zero_targets ... ok
test nonuniform_scale::tests::scale_nu_references_and_invalid_inputs_preserve_geometry_and_defaults ... ok
test nonuniform_scale::tests::scale_nu_signed_zero_cplane_world_and_history ... ok
test object_name::tests::malformed_names_leave_objects_selection_and_history_unchanged ... ok
test object_name::tests::name_options_are_recognized_only_outside_quotes ... ok
test object_name::tests::quoted_names_preserve_whitespace_and_literal_options_through_history ... ok
test object_selection::tests::choice_options_and_toggle_actions_are_canonical_bounded_and_atomic ... ok
test object_selection::tests::confirmation_menus_are_selection_dependent_atomic_and_readonly_until_conversion ... ok
test object_selection::tests::object_filters_cover_geometry_and_memberships_without_changing_selection_policy ... ok
test object_selection::tests::postselection_clears_picks_without_adding_an_extra_history_entry ... ok
test object_selection::tests::postselection_failure_keeps_accepted_prompt_choices_but_rolls_back_document_state ... ok
test object_selection::tests::prompt_queries_and_staged_updates_are_readonly_until_explicit_acceptance ... ok
test offset_curve::multiple_tests::closed_linear_nurbs_offsets_inward_and_outward ... ok
test model_tolerance::tests::unencodable_tolerances_do_not_replace_an_existing_3dm_file ... ok
test model_units::tests::custom_units_preserve_names_and_physical_size_through_history_and_3dm ... ok
test offset_curve::multiple_tests::closed_linear_polycurve_offsets_as_region ... ok
test maelstrom::tests::remembered_radius_immediate_copy_and_reset_rigid_match_29_native_steps ... ok
test model_tolerance::tests::export_persists_tolerances_and_import_keeps_the_destination_policy ... ok
test offset_curve::multiple_tests::collapse_on_later_copy_is_atomic ... ok
test offset_curve::multiple_tests::ellipse_container_reverses_nested_circle_island ... ok
test join::tests::breps::thresholds::selection_mode_changes_gap_acceptance_without_changing_copy_or_history_policy ... ok
test offset_curve::multiple_tests::ellipse_multiple_offsets_preserve_smooth_closed_outputs ... ok
test offset_curve::multiple_tests::nested_circles_reverse_island_direction ... ok
test offset_curve::multiple_tests::nested_closed_polylines_respect_winding_and_island_depth ... ok
test offset_curve::multiple_tests::open_curves_offset_toward_pick_with_requested_count ... ok
test offset_curve::multiple_tests::intersecting_closed_sources_do_not_change_document ... ok
test offset_curve::multiple_tests::self_crossing_closed_polyline_cannot_supply_an_island_region ... ok
test offset_curve::multiple_tests::open_nurbs_multiple_offsets_follow_pick_side ... ok
test offset_curve::tests::both_sides_keeps_source_and_adds_two_analytic_circles ... ok
test offset_curve::tests::chamfer_option_adds_straight_bridge_at_convex_corner ... ok
test offset_curve::tests::chamfer_option_joins_curved_nurbs_corner ... ok
test offset_curve::tests::collapsing_polyline_offset_rolls_back_other_selected_results ... ok
test offset_curve::tests::input_layer_option_uses_source_layer_without_copying_its_name ... ok
test offset_curve::tests::invalid_and_ambiguous_arguments_are_rejected ... ok
test offset_curve::tests::line_offset_uses_active_construction_plane ... ok
test offset_curve::tests::none_option_selects_each_disconnected_offset_piece ... ok
test offset_curve::multiple_tests::closed_smooth_polycurve_offsets_as_region ... ok
test boolean_split::native::tests::internal_cutters_do_not_create_extra_cavity_partitions ... ok
test offset_curve::tests::offset_line_uses_pick_side_and_selects_new_curve ... ok
test offset_curve::tests::offset_linear_polycurve_applies_corner_rule_and_through_point ... ok
test offset_curve::tests::offset_open_nurbs_curve_uses_pick_side_and_through_point ... ok
test offset_curve::multiple_tests::closed_quadratic_nurbs_none_joins_inward_and_opens_outward ... ok
test offset_curve::tests::offset_ellipse_creates_smooth_curve_and_through_point_reaches_pick ... ok
test offset_curve::tests::offset_open_polyline_keeps_sharp_corner_and_vertex_parameters ... ok
test offset_curve::tests::round_both_sides_keeps_inner_sharp_and_outer_rounded ... ok
test offset_curve::tests::round_option_creates_selected_tangent_polycurve ... ok
test offset_curve::tests::through_point_failure_leaves_selected_sources_unchanged ... ok
test offset_curve::tests::through_point_reaches_a_polyline_chamfer ... ok
test offset_curve::tests::through_point_chooses_distance_for_each_selected_curve ... ok
test offset_mesh::tests::average_normal_fallback_uses_command_construction_plane ... ok
test offset_mesh::tests::both_sides_and_disjoint_option_control_output_count ... ok
test offset_mesh::tests::collapsed_solid_offset_keeps_rhino_two_skin_result_in_one_object ... ok
test offset_curve::tests::unsupported_geometry_does_not_add_partial_outputs ... ok
test offset_mesh::tests::invalid_options_and_nonmesh_selection_do_not_edit_document ... ok
test offset_mesh::tests::typed_direction_and_flip_all_move_mesh_to_opposite_side ... ok
test offset_surface::tests::collapsing_cylinder_offset_is_atomic ... ok
test offset_surface::tests::collapsing_or_self_intersecting_torus_offset_is_atomic ... ok
test offset_surface::tests::collapsing_sphere_offset_is_atomic ... ok
test offset_mesh::tests::command_mesh_storage_matches_rhino_offset_fixtures ... ok
test offset_surface::tests::exact_cone_offsets_match_rhino_open_face_geometry ... ok
test offset_mesh::tests::solid_offset_copies_group_and_undoes_deletion ... ok
test offset_curve::tests::offset_curved_polycurve_none_selects_both_convex_gap_pieces ... ok
test join::tests::breps::orientation::extreme_scale_join_and_copy_normalize_without_mass_and_keep_atomic_history ... ok
test offset_surface::tests::exact_cylinder_offsets_match_rhino_wall_and_tube_topology ... ok
test offset_surface::tests::planar_surface_offsets_on_both_sides_and_undoes ... ok
test offset_surface::tests::reversed_cone_face_offsets_along_its_reversed_normal ... ok
test offset_surface::tests::reversed_cylindrical_brep_offsets_inward ... ok
test offset_surface::tests::reversed_spherical_face_offsets_inward_along_its_normal ... ok
test offset_curve::multiple_tests::intersecting_closed_nurbs_regions_leave_document_unchanged ... ok
test offset_surface::tests::reversed_toroidal_face_offsets_inward_along_its_normal ... ok
test offset_surface::tests::trimmed_planar_brep_offset_follows_face_orientation ... ok
test offset_surface::tests::two_sided_trimmed_face_keeps_both_trim_loops_in_one_brep ... ok
test offset_surface::tests::unsupported_selection_does_not_create_partial_offsets ... ok
test offset_surface::tests::solid_offset_closes_a_planar_surface_at_exact_volume ... ok
test offset_surface::tests::vertical_rectangle_offsets_to_six_face_solid ... ok
test patch_single_face::tests::patch_single_face_joins_or_creates_separate_mesh_with_undo ... ok
test offset_surface::tests::negative_height_cone_solid_offset_closes ... ok
test offset_surface::tests::untrimmed_spherical_brep_offsets_as_exact_shell ... ok
test offset_surface::tests::exact_sphere_offsets_match_rhino_shell_volumes ... ok
test offset_surface::tests::exact_cone_solid_offsets_match_rhino_shell_topology_and_volume ... ok
test offset_surface::tests::exact_torus_offsets_keep_source_domains_and_shell_topology ... ok
test pipe::tests::fitted_closed_spatial_pipe_tracks_rhino_wall_samples ... ok
test pipe::tests::circle_rail_makes_closed_torus_and_preserves_source ... ok
test pipe::tests::fitted_tapered_miter_tracks_rhino_wall_at_matched_axial_positions ... ok
test pipe::tests::fitted_closed_triangle_and_spatial_loop_make_solid_pipes ... ok
test pipe::tests::invalid_inputs_leave_document_unchanged ... ok
test boolean_difference::native::tests::curved_difference_keeps_metadata_groups_and_one_undo ... ok
test pipe::tests::fitted_closed_rectangle_pipe_matches_rhino_volume ... ok
test pipe::tests::oblique_three_dimensional_miter_matches_rhino_volume ... ok
test boolean_split::native::tests::postselected_curved_split_uses_unselected_outputs ... ok
test offset_curve::multiple_tests::closed_rational_nurbs_regions_offset_with_nested_island ... ok
test pipe::tests::sharp_polyline_pipe_matches_rhino_miter ... ok
test pipe::tests::fitted_sharp_constant_radius_pipes_match_rhino_volume ... ok
test pipe::tests::skew_spatial_polyline_pipe_matches_rhino_volume ... ok
test pipe::tests::smooth_arc_rail_builds_capped_and_open_pipe ... ok
test pipe::tests::sharp_two_line_pipe_matches_rhino_miter ... ok
test pipe::tests::straight_pipe_uses_local_cubic_and_global_conical_radii ... ok
test pipe::tests::spatial_three_segment_polyline_pipe_matches_rhino_miters ... ok
test pipe::tests::straight_round_thick_pipe_matches_rhino_planar_caps ... ok
test pipe::tests::straight_local_radius_station_matches_rhino_flat_and_thick_pipes ... ok
test pipe::tests::straight_thick_pipe_has_annular_caps_and_signed_wall_thickness ... ok
test pipe::tests::straight_local_stations_match_rhino_volumes ... ok
test offset_curve::multiple_tests::single_corner_closed_nurbs_none_self_trims_inward ... ok
test pipe::tests::arc_local_radius_station_matches_rhino_flat_pipe ... ok
test planar_boolean::tests::planar_booleans_compute_finite_area_and_leave_solid_booleans_separate ... ok
test pipe::tests::three_segment_polyline_pipe_matches_rhino_miters ... ok
test boolean_solids::native::tests::common_intersection_skips_enclosing_inputs_and_admits_smaller_owner ... ok
test planar_boolean::tests::planar_booleans_replay_native_geometry_defaults_identity_and_history ... ok
test pipe::tests::fitted_tapered_sharp_pipe_command_uses_miter_profile ... ok
test planar_boolean::tests::planar_command_failures_preserve_geometry_history_and_selection ... ok
test pipe::tests::tapered_arc_round_pipe_matches_rhino_volume ... ok
test pipe::tests::tapered_sharp_fit_profile_matches_rhino_volume ... ok
test boolean_split::native::tests::uncut_compound_material_is_excluded_from_replacements ... ok
test plane_primitives::tests::circle_numeric_size_options_use_the_same_radius_and_keep_history_atomic ... ok
test plane_primitives::tests::failed_contextual_primitive_preserves_objects_selection_and_history ... ok
test plane_primitives::tests::oriented_circle_uses_normal_frame_and_projects_radius_picks ... ok
test plane_primitives::tests::picked_circle_and_polygon_tilt_and_box_corners_project_like_the_prompt ... ok
test plane_primitives::tests::plane_primitives_use_context_axes_without_reinterpreting_world_points ... ok
test plane_primitives::tests::rectangle_normalizes_corner_order_on_a_translated_oblique_plane ... ok
test plane_primitives::tests::three_point_circle_radius_chooses_center_and_second_point_seam ... ok
test plane_primitives::tests::three_point_circle_uses_pick_order_and_rejects_degenerate_input_atomically ... ok
test plane_primitives::tests::two_point_circle_uses_cplane_seam_and_rejects_normal_diameter ... ok
test plane_primitives::tests::vertical_circle_uses_cplane_up_and_keeps_pick_direction ... ok
test plane_transform_tests::contextual_transforms_preserve_attributes_groups_identity_and_one_step_undo ... ok
test plane_transform_tests::front_plane_transforms_are_not_world_xy_operations ... ok
test plane_transform_tests::heavily_tilted_shear_retains_a_resolved_clockwise_projection ... ok
test plane_transform_tests::picked_scale2d_uses_spatial_distances_even_for_normal_only_references ... ok
test plane_transform_tests::rejected_planar_transforms_do_not_mutate_the_document ... ok
test plane_primitives::tests::box_command_and_contour_use_native_topology_and_closed_seams ... ok
test plane_transform_tests::shear_sign_for_parallel_planar_references_is_rotation_covariant ... ok
test plane_transform_tests::shear_uses_spatial_angle_obliquity_and_exact_parallel_identity ... ok
test point_arguments::point_precision_tests::complete_point_commands_accept_world_prefixes_and_cartesian_calculator_components ... ok
test point_cloud::tests::add_points_and_another_cloud_preserves_target_and_undo ... ok
test point_cloud::tests::benchmark_large_point_conversion ... ignored, manual large point-object conversion timing
test point_cloud::tests::cloud_edits_keep_member_colors_aligned_with_stored_points ... ok
test point_cloud::tests::creation_inherits_source_display_colors_and_undoes ... ok
test point_cloud::tests::hide_show_and_add_preserve_runtime_flags_and_undo ... ok
test point_cloud::tests::mesh_keeps_unused_duplicate_vertices_and_source_object ... ok
test point_cloud::tests::point_conversion_respects_pre_and_postselection_order_and_undo ... ok
test point_cloud::tests::reduction_count_and_percent_bounds_are_atomic ... ok
test point_cloud::tests::reduction_keeps_member_channels_aligned_and_is_undoable ... ok
test point_cloud::tests::remove_indices_preserves_order_and_is_atomic_on_invalid_index ... ok
test point_cloud::tests::removing_every_point_deletes_the_empty_source_cloud ... ok
test point_arguments::point_precision_tests::native_point_command_precision_matches_sixty_four_exact_coordinate_records ... ok
test point_cloud::tests::unsupported_inputs_preserve_geometry_selection_and_redo ... ok
test point_cloud::tests::single_point_is_a_noop_but_postselection_is_cleared ... ok
test point_grid::tests::point_grid_commands_preserve_order_selection_attributes_and_atomic_history ... ok
test point_matrix::tests::centered_endpoints_do_not_require_a_representable_full_span ... ok
test point_grid::tests::malformed_grid_commands_do_not_change_geometry_selection_or_history ... ok
test point_matrix::tests::centered_grid_uses_full_width_for_default_height_and_ignores_corner_depth ... ok
test point_matrix::tests::coplanar_diagonal_uses_only_the_height_points_normal_coordinate ... ok
test point_matrix::tests::centered_mode_conflicts_and_unrepresentable_default_height_fail_atomically ... ok
test point_matrix::tests::grid_order_dimensions_and_history_are_exact ... ok
test point_matrix::tests::invalid_diagonal_height_and_mode_requests_preserve_history ... ok
test point_matrix::tests::invalid_requests_preserve_geometry_history_and_remembered_counts ... ok
test point_matrix::tests::invalid_three_point_bases_do_not_change_history_or_mode_defaults ... ok
test point_matrix::tests::negative_height_reverses_y_and_base_counts_are_at_least_two ... ok
test point_matrix::tests::shared_options_roundtrip_without_filling_omitted_counts ... ok
test point_matrix::tests::diagonal_grid_preserves_all_signed_axis_directions ... ok
test point_matrix::tests::three_point_grid_uses_perpendicular_width_and_the_plane_defined_by_its_points ... ok
test point_matrix::tests::three_point_numeric_width_uses_choice_only_for_side_and_ignores_width_sign ... ok
test point_matrix::tests::vertical_grid_numeric_width_uses_choice_for_side_only ... ok
test point_matrix::tests::vertical_grid_uses_construction_normal_and_signed_width_side ... ok
test points::tests::empty_sequences_and_invalid_coordinates_preserve_redo ... ok
test points::tests::typed_points_stage_undo_and_preserve_duplicates_in_one_history_entry ... ok
test polycurve_tests::curve_selection_division_reversal_and_conversion_accept_polycurves ... ok
test polycurve_tests::close_curve_appends_to_open_composites_and_keeps_closed_ones ... ok
test polycurve_tests::explode_preserves_segment_domains_attributes_groups_and_undo ... ok
test polycurve_tests::explode_retains_native_leaf_classes_and_global_parameter_intervals ... ok
test polycurve_tests::extraction_failure_with_mixed_selection_is_atomic ... ok
test polygon_count::tests::rejects_invalid_selection_and_arguments ... ok
test polygon_count::tests::counts_planar_surface_and_box_faces_like_rhino ... ok
test polygon_count::tests::reports_rhino_polygon_counts_without_changing_mesh_or_selection ... ok
test planar_boolean::tests::planar_booleans_replay_trim_holes_and_nonparallel_projection ... ok
test remove_from_group::tests::invalid_options_and_ungrouped_selection_do_not_lose_redo ... ok
test quadrangulate_mesh::tests::invalid_options_and_late_nonmesh_preserve_document ... ok
test replace_block::tests::duplicate_scope_or_target_and_missing_definitions_leave_state_unchanged ... ok
test remove_from_group::tests::removal_and_copy_preserve_peers_attributes_and_undo ... ok
test rigid_transform::tests::rigid_centers_resolve_analytic_rational_extrema_before_scaling ... ok
test scale_by_plane::tests::scale_by_plane_copy_repeat_memory_and_rigid_group_centers ... ok
test replace_block::tests::none_changes_selected_root_and_all_changes_original_peers_with_history ... ok
test quadrangulate_mesh::tests::edits_selected_meshes_atomically_and_undoes ... ok
test scale_positions::tests::scale_positions_maps_centers_and_retains_selection_metadata_and_order ... ok
test scale_by_plane::tests::scale_by_plane_signed_axes_zero_components_and_normal_are_independent ... ok
test scale_positions::tests::scale_positions_rejects_invalid_inputs_atomically_without_changing_defaults ... ok
test selection_commands::tests::attribute_patterns_require_distinct_opening_and_closing_quotes ... ok
test selection_commands::tests::attribute_selection_preserves_internal_name_whitespace ... ok
test section::tests::crossing_curve_section_preserves_input_and_replays_the_output_as_one_step ... ok
test section::tests::section_plane_is_perpendicular_to_the_cplane_and_contains_the_picked_line ... ok
test selection_commands::tests::layer_number_selection_keeps_session_gaps_and_layer_policy ... ok
test selection_commands::tests::malformed_attribute_patterns_preserve_selection_and_history ... ok
test selection_commands::tests::selection_commands_preserve_geometry_and_both_history_stacks ... ok
test selection_commands::tests::sel_id_adds_only_the_selectable_target_without_expanding_its_group ... ok
test selection_object::tests::mesh_volume_selects_points_lines_and_all_four_modes ... ok
test selection_object::tests::open_source_mesh_is_rejected_without_editing_selection ... ok
test selection_object::tests::segment_crosses_second_triangle_of_warped_quad ... ok
test selection_object::tests::brep_box_source_and_face_piercing_mesh_target ... ok
test selection_object::tests::closed_nurbs_sphere_source_selects_center_point ... ok
test selection_pipe::tests::bent_pipe_window_rejects_mesh_with_edge_outside_tube ... ok
test selection_pipe::tests::curved_source_and_nonconvex_window_use_actual_curve_distance ... ok
test selection_pipe::tests::invalid_pipe_inputs_leave_selection_and_history_unchanged ... ok
test selection_pipe::tests::pipe_axis_piercing_face_selects_mesh_without_near_vertices_or_edges ... ok
test selection_pipe::tests::segment_distance_handles_interior_skew_parallel_and_degenerate_pairs ... ok
test selection_pipe::tests::selected_line_pipe_classifies_points_segments_and_four_modes ... ok
test selection_volume::tests::command_selects_all_four_sphere_modes_without_changing_model_history ... ok
test selection_volume::tests::hidden_point_cloud_members_do_not_make_a_volume_hit ... ok
test selection_volume::tests::planar_surface_crosses_sphere_even_with_all_corners_outside ... ok
test selection_volume::tests::sel_box_classifies_points_segments_and_faces_in_all_modes ... ok
test selection_volume::tests::sel_box_finds_ovals_inside_a_gap_between_display_samples ... ok
test selection_volume::tests::sel_box_uses_active_construction_plane_and_height_point ... ok
test selection_volume::tests::sphere_finds_arc_extrema_between_display_samples ... ok
test selection_object::tests::source_segment_candidates_match_full_face_scan ... ok
test selection_volume::tests::sphere_handles_tangent_circle_long_segment_and_face_without_inside_vertices ... ok
test set_point::tests::flattens_polyline_vertices_and_nurbs_controls_in_one_undo_step ... ok
test set_point::tests::rejects_bad_options_before_mutating_the_document ... ok
test set_point::tests::sets_selected_world_or_cplane_coordinates_and_retains_copy_selection ... ok
test set_view::tests::options_do_not_have_an_implicit_default_or_change_coordinate_systems ... ok
test set_view::tests::partial_commands_open_the_requested_option_stage ... ok
test shrink_trimmed::tests::already_shrunk_command_preserves_redo_and_selection ... ok
test selection_volume::tests::sphere_finds_ellipse_extrema_between_display_samples ... ok
test shrink_trimmed::tests::batch_preserves_identity_attributes_groups_and_one_step_history ... ok
test shrink_trimmed::tests::face_targets_stage_atomically_preserve_neighbors_and_reject_stale_sources ... ok
test shrink_trimmed::tests::natural_face_noop_preserves_redo_and_preparation_rejects_changed_tolerance ... ok
test single_spans::tests::aliases_share_preferences_across_documents_and_undo_does_not_restore_them ... ok
test single_spans::tests::eligible_noop_keeps_geometry_history_selection_and_accepts_options ... ok
test selection_object::tests::torus_window_rejects_line_through_hole_despite_inside_endpoints ... ok
test single_spans::tests::exact_strips_are_fresh_unselected_current_layer_objects_with_unit_split_domains ... ok
test single_spans::tests::invalid_options_and_ineligible_selection_do_not_change_preferences_or_history ... ok
test single_spans::tests::postselected_single_span_sources_follow_action_order_and_undo_in_one_edit ... ok
test single_spans::tests::prompted_options_are_remembered_immediately_and_postselected_toggle_is_applied_once ... ok
test single_spans::tests::toggle_follows_option_order_and_remembers_only_accepted_choices ... ok
test single_spans::tests::trimmed_surfaces_drop_trims_but_mixed_points_remain_selected ... ok
test smooth::tests::grammar_handles_values_toggles_duplicates_and_rejects_bad_batches ... ok
test smooth::tests::successful_options_survive_undo_and_documents_but_selection_prompts_do_not_commit_them ... ok
test split_disjoint_mesh::tests::split_disjoint_mesh_creates_fresh_piece_ids_in_face_order ... ok
test split_disjoint_mesh::tests::split_disjoint_mesh_reselects_restricted_group_peers_and_replays_exactly ... ok
test split_disjoint_mesh::tests::splits_disjoint_meshes_with_fresh_ids_attributes_groups_and_undo ... ok
test single_spans::tests::remembering_a_noop_does_not_clear_redo_or_add_a_history_entry ... ok
test single_spans::tests::unrepresentable_later_source_rolls_back_everything_and_does_not_accept_options ... ok
test split_disjoint_mesh::tests::staging_enforces_a_cumulative_piece_budget_without_counting_connected_meshes ... ok
test split_edge::tests::closed_distance_candidates_cross_the_seam_but_not_more_than_one_circuit ... ok
test split_edge::tests::distance_constraints_are_local_persistent_replaceable_and_read_only ... ok
test split_edge::tests::collection_is_read_only_and_one_commit_preserves_identity_and_history ... ok
test split_edge::tests::endpoint_replacement_has_history_but_empty_and_invalid_batches_do_not ... ok
test split_edge::tests::unreachable_distance_ignores_the_point_and_single_candidate_ignores_cursor_direction ... ok
test split_edge::tests::edits_tolerance_and_access_changes_invalidate_collected_points ... ok
test pipe::tests::straight_round_pipe_matches_local_and_global_rhino_volumes ... ok
test planar_boolean::tests::planar_circular_native_boundary_history_and_contact_diagnostics ... ok
test surface_rebuild::retrim_tests::natural_rebuild_replays_default_native_warped_and_curved_boundaries ... ok
test surface_rebuild::retrim_tests::closed_rebuild_replays_native_degree_parity_and_small_counts ... ok
test surface_rebuild::retrim_tests::retrim_replays_native_physical_boundaries_and_document_history ... ok
test surface_rebuild::retrim_tests::closed_rebuild_replays_native_seams_poles_and_independent_history ... ok
test surface_rebuild::tests::invalid_and_failed_surface_preparation_preserve_all_sources_and_history ... ok
test surface_rebuild::tests::periodic_control_repetitions_count_toward_the_preparation_budget ... ok
test surface_rebuild::tests::prepared_rebuild_is_readonly_reuses_output_geometry_and_rejects_stale_sources ... ok
test surface_rebuild::tests::surface_preferences_follow_ordered_degree_growth_and_survive_history ... ok
test surface_rebuild::tests::surfaces_rebuild_native_controls_metadata_identity_selection_and_history ... ok
test surface_rebuild::tests::trimmed_rebuild_retains_holes_and_explicit_untrim_restores_full_surface ... ok
test sweep::tests::circular_rail_sweep_creates_a_seam_joined_brep_and_undoes_atomically ... ok
test sweep::tests::closed_and_kinked_profiles_produce_valid_shared_brep_topology ... ok
test pipe::tests::bezier_rail_pipe_matches_rhino_flat_volumes ... ok
test sweep::tests::large_circular_rail_can_be_refitted_into_a_closed_brep ... ok
test sweep::tests::selected_profiles_and_named_rail_create_one_undoable_brep ... ok
test sweep::tests::multiple_selected_sections_obey_refit_and_blend_options ... ok
test taper::tests::invalid_inputs_and_mesh_collapse_leave_the_whole_document_unchanged ... ok
test tests::action_order_selection_commands_match_rhino_replace_add_and_toggle_modes ... ok
test tests::arc_center_angle_uses_construction_plane_and_rejects_invalid_sweeps ... ok
test tests::arc_center_endpoint_constrains_radius_and_supports_both_sweep_directions ... ok
test tests::arc_center_length_uses_signed_arc_length_and_rolls_back_invalid_sizes ... ok
test tests::arc_center_midpoint_handles_sweep_boundaries_and_endpoint_directions ... ok
test tests::arc_start_point_center_orders_inputs_and_supports_signed_sweep_and_endpoint ... ok
test tests::arc_start_point_direction_uses_tangent_and_endpoint_in_three_dimensions ... ok
test tests::attribute_selection_matches_names_layers_and_exact_case_sensitive_groups ... ok
test tests::boundary_extend_rejects_missing_or_unreachable_boundaries_atomically ... ok
test tests::box_creates_an_exact_closed_brep_from_signed_height_or_height_point ... ok
test tests::catenary_supports_all_constraint_and_output_modes_atomically ... ok
test tests::change_and_copy_to_layer_preserve_rhino_identity_selection_and_groups ... ok
test tests::change_degree_parses_scalar_and_pair_targets_and_rejects_invalid_input_atomically ... ok
test tests::change_degree_updates_mixed_curves_and_surfaces_in_place_and_undoes ... ok
test tests::changes_polyline_and_analytic_curve_seams_from_model_points ... ok
test tests::changes_rational_curve_seam_without_losing_identity_attributes_groups_or_history ... ok
test tests::changes_surface_seams_in_both_directions_without_losing_document_state ... ok
test tests::closes_near_polyline_endpoints_and_respects_wide_gap_policy_atomically ... ok
test tests::closes_polylines_without_changing_identity_attributes_or_groups ... ok
test tests::collapse_mesh_edge_deletes_empty_result_and_undo_restores_object_and_group ... ok
test tests::collapse_mesh_edge_rejects_invalid_unsupported_and_degenerate_input_atomically ... ok
test tests::collapses_mesh_edge_to_midpoint_with_identity_groups_selection_and_undo ... ok
test tests::combines_identical_mesh_vertices_with_identity_groups_and_undo ... ok
test tests::compound_layer_command_is_one_undo_step ... ok
test tests::cone_creates_exact_apex_surface_for_signed_arbitrary_axes ... ok
test tests::conic_supports_rho_through_point_and_apex_pick_orders ... ok
test tests::creates_a_clamped_control_point_curve ... ok
test tests::creates_and_tessellates_a_four_corner_surface_atomically ... ok
test tests::creates_exact_circles_and_oriented_three_point_arcs_atomically ... ok
test tests::creates_exact_ellipses_and_regular_polygons_atomically ... ok
test tests::creates_interpolated_curves_with_rhino_style_options ... ok
test tests::creates_lines_from_comma_or_space_points ... ok
test tests::creates_validated_polylines_and_top_view_rectangles ... ok
test tests::culls_unused_mesh_vertices_with_identity_groups_and_undo ... ok
test tests::curve_array_distance_basepoint_and_closed_path_match_rhino ... ok
test tests::curve_array_items_match_rhino_selection_groups_and_undo ... ok
test tests::curve_array_orientation_policies_match_planar_rhino_frames ... ok
test tests::curve_array_uses_last_selected_path_and_rejects_bad_inputs_atomically ... ok
test tests::curve_preserves_controls_and_matches_rhino_degree_rules ... ok
test tests::curve_seam_rejects_invalid_or_ambiguous_requests_atomically ... ok
test tests::curve_shape_selection_matches_rhino_nurbs_span_and_planarity_rules ... ok
test tests::curve_supports_smooth_periodic_and_sharp_closed_seams ... ok
test tests::curve_through_commands_reject_invalid_inputs_without_history ... ok
test tests::curve_through_point_objects_sorts_culls_and_retains_sources ... ok
test tests::curve_through_polylines_copies_or_replaces_sources_atomically ... ok
test tests::curved_surface_cut_clipping_partitions_nonmonotone_control_polygons_exactly ... ok
test tests::cutting_object_split_clips_curved_nurbs_to_trimmed_surface_sources ... ok
test cap::tests::orientation::cap_preserves_unresolved_compound_sense_and_reports_uncertainty_atomically ... ok
test planar_boolean::tests::planar_circular_native_scaled_boundary_history_and_contact_diagnostics ... ok
test tests::cutting_object_split_clips_multispan_rational_curve_exactly ... ok
test tests::cutting_object_split_clips_diagonal_curves_to_trimmed_surface_sources ... ok
test tests::cutting_object_split_handles_no_hit_and_rejects_invalid_sources_atomically ... ok
test tests::cutting_object_split_clips_nonmonotone_cubic_control_polygons ... ok
test tests::cutting_object_split_preserves_curved_paths_on_degree_elevated_affine_surfaces ... ok
test planar_boolean::tests::planar_mixed_native_scale_boundaries_metadata_and_history ... ok
test tests::cutting_object_split_preserves_exact_curved_paths_on_warped_bilinear_surfaces ... ok
test tests::cutting_object_split_preserves_single_open_cutter_kinks ... ok
test tests::cutting_object_split_preserves_curved_paths_on_projective_surfaces ... ok
test tests::cutting_object_split_rejects_folded_curved_clipping_atomically ... ok
test tests::cutting_object_split_replaces_surface_source_with_exact_brep_faces ... ok
test tests::cutting_object_split_supports_all_straight_adjacent_boundary_surface_cuts ... ok
test tests::cutting_object_split_preserves_curved_parameter_trims_in_all_boundary_arrangements ... ok
test tests::cutting_object_split_supports_all_straight_corner_surface_cuts ... ok
test tests::cutting_object_split_supports_closed_interior_curves ... ok
test tests::cutting_object_split_supports_curved_cuts_ending_on_the_same_side ... ok
test tests::cutting_object_split_supports_multiple_closed_interior_curves ... ok
test pipe::tests::tangent_line_arc_pipe_matches_rhino_fit_rail_modes ... ok
test tests::cutting_object_split_supports_perpendicular_multiple_and_trimmed_surface_sources ... ok
test tests::cutting_object_split_supports_parallel_crossing_and_mixed_surface_cutters ... ok
test tests::cutting_object_split_supports_straight_opposite_boundary_surface_cuts ... ok
test tests::cylinder_creates_exact_signed_and_both_sides_surfaces ... ok
test tests::cutting_object_split_uses_every_in_bounds_interval_of_one_cutter ... ok
test tests::delete_faces_point_pick_compares_mesh_and_brep_faces ... ok
test tests::delete_faces_point_pick_targets_only_the_nearest_selected_mesh ... ok
test tests::deletes_brep_faces_in_source_order_with_rhino_document_behavior ... ok
test tests::delete_faces_rejects_empty_unsupported_and_invalid_input_atomically ... ok
test tests::direction_flip_reuses_curve_reversal_and_rejects_invalid_edits_atomically ... ok
test tests::deletes_mesh_faces_with_rhino_identity_attributes_groups_selection_and_undo ... ok
test tests::dispatches_case_insensitively_and_accepts_rhino_prefix ... ok
test tests::divides_closed_curves_once_at_the_seam_and_rolls_back_errors ... ok
test tests::divides_selected_curves_by_count_or_length_on_current_layer_and_preserves_source ... ok
test tests::document_units_are_validated_and_retained_by_3dm_export ... ok
test tests::duplicate_border_extracts_exact_surface_boundaries_and_respects_output_layer ... ok
test tests::duplicate_border_preserves_brep_holes_and_welds_mesh_borders ... ok
test tests::duplicate_border_rejects_unsupported_or_borderless_inputs_atomically ... ok
test tests::duplicate_edge_point_mode_includes_surface_seams_and_mesh_topology ... ok
test tests::duplicate_edge_preserves_order_and_uses_fresh_output_attributes ... ok
test tests::duplicate_edges_reject_collapsed_surface_without_history_changes ... ok
test tests::duplicate_edge_rejects_bad_selection_and_arguments_atomically ... ok
test tests::duplicate_face_border_orders_holes_and_omits_wall_seams ... ok
test tests::duplicate_face_border_point_mode_joins_a_natural_surface_boundary ... ok
test tests::duplicate_face_border_rejects_invalid_or_borderless_input_atomically ... ok
test tests::duplicate_face_border_preserves_face_order_and_rhino_output_attributes ... ok
test tests::duplicate_mesh_edge_all_outputs_joined_polylines_or_individual_lines ... ok
test tests::duplicate_mesh_edge_break_angle_separates_a_strict_crease ... ok
test tests::duplicate_mesh_edge_picks_the_nearest_logical_edge_with_fresh_attributes ... ok
test tests::duplicate_mesh_edge_rejects_empty_unsupported_and_invalid_input_atomically ... ok
test tests::duplicate_mesh_hole_boundary_picks_exact_loop_and_uses_fresh_attributes ... ok
test tests::duplicate_mesh_hole_boundary_all_preserves_topology_order ... ok
test tests::duplicate_selection_commands_include_or_retain_originals_without_history ... ok
test tests::duplicate_mesh_hole_boundary_rejects_invalid_input_atomically ... ok
test tests::edits_surface_directions_exactly_without_changing_identity_attributes_or_groups ... ok
test tests::edits_multiple_surface_axes_and_exchanges_periodicity ... ok
test tests::ellipsoid_creates_exact_affine_sphere_from_radii_or_axis_points ... ok
test tests::explodes_polysurfaces_and_unwelded_mesh_parts_with_rhino_topology_and_groups ... ok
test tests::extend_accepts_an_exact_domain_and_defaults_length_to_the_end ... ok
test tests::explodes_selected_polylines_into_attribute_preserving_lines ... ok
test tests::cutting_object_split_supports_same_side_curves_through_corners ... ok
test tests::extend_by_length_preserves_curve_identity_attributes_groups_and_history ... ok
test tests::extend_rejects_invalid_requests_selection_and_closed_curves_atomically ... ok
test tests::extend_surface_accepts_a_rhino_compatible_edge_distance ... ok
test tests::extend_surface_merge_no_creates_an_attribute_preserving_patch ... ok
test tests::extend_join_no_creates_ungrouped_attribute_preserving_curve_segments ... ok
test tests::extend_surface_point_pick_resolves_the_natural_edge_and_shrink_path ... ok
test tests::extend_surface_preserves_tensor_state_and_history ... ok
test tests::extend_surface_rejects_invalid_requests_selection_and_closed_directions ... ok
test tests::extend_to_selected_surface_boundary_preserves_the_boundary ... ok
test tests::extract_all_isocurves_can_respect_or_ignore_brep_trims ... ok
test tests::extract_all_isocurves_retains_both_closed_seams_and_skips_singular_wires ... ok
test tests::extract_all_isocurves_matches_rhino_wire_density_rules ... ok
test tests::extract_control_polygon_rejects_bad_inputs_and_options_atomically ... ok
test tests::extract_isocurve_batches_surfaces_and_rejects_invalid_inputs_atomically ... ok
test tests::extract_isocurve_clips_exact_brep_faces_around_holes ... ok
test tests::extract_mesh_edges_defaults_to_unwelded_lines_with_fresh_attributes ... ok
test tests::extract_isocurve_creates_exact_rational_u_and_v_curves_at_a_surface_point ... ok
test tests::extend_to_selected_curve_boundary_uses_the_picked_source_end ... ok
test tests::extract_mesh_edges_joins_naked_loops_and_filters_face_angles ... ok
test tests::extract_mesh_edges_rejects_empty_unsupported_and_invalid_input_atomically ... ok
test tests::extract_mesh_faces_point_pick_targets_only_the_nearest_selected_mesh ... ok
test tests::extract_mesh_faces_rejects_empty_unsupported_and_invalid_input_atomically ... ok
test tests::extract_surface_point_mode_handles_single_surfaces_and_failures_atomically ... ok
test tests::extract_wireframe_deduplicates_brep_and_mesh_topology_and_groups_the_batch ... ok
test tests::extract_wireframe_rejects_bad_inputs_and_options_atomically ... ok
test tests::extracts_curve_and_surface_control_polygons_with_rhino_layers_and_seams ... ok
test tests::extracts_brep_faces_in_order_while_preserving_remainder_identity_and_groups ... ok
test tests::extracts_defining_points_in_rhino_order_with_layers_and_undo ... ok
test tests::extracts_duplicate_mesh_faces_with_identity_groups_and_undo ... ok
test tests::extracts_non_manifold_faces_with_options_groups_and_undo ... ok
test tests::extracts_selected_mesh_faces_with_rhino_identity_attributes_groups_and_undo ... ok
test tests::extrude_curve_along_curve_matches_rhino_sum_surface_and_path_retention ... ok
test tests::extract_wireframe_matches_surface_density_and_preserves_exact_curves ... ok
test tests::extrude_curve_matches_rhino_domains_attributes_groups_and_delete_input ... ok
test tests::extrude_curve_to_point_matches_rhino_nurbs_form_and_document_behavior ... ok
test taper::tests::retained_actual_taper_commands_match_geometry_attributes_groups_and_history ... ok
test tests::failed_command_does_not_mutate_document ... ok
test tests::failed_command_rolls_back_mutations_atomically ... ok
test tests::fill_mesh_hole_point_pick_can_create_an_independent_patch ... ok
test tests::fill_mesh_hole_rejects_invalid_non_naked_and_unsupported_input_atomically ... ok
test tests::extrude_curve_solid_caps_closed_planar_profiles_and_leaves_open_profiles_as_surfaces ... ok
test tests::fill_mesh_holes_repairs_every_selected_boundary_and_preserves_document_state ... ok
test tests::fill_mesh_holes_rejects_noop_arguments_and_mixed_geometry_atomically ... ok
test tests::fills_mesh_holes_in_place_with_identity_groups_selection_and_undo ... ok
test tests::fit_curve_adds_arc_length_parameterized_output_on_the_input_layer ... ok
test tests::fit_curve_rejects_invalid_options_and_missing_curve_selection_atomically ... ok
test tests::fit_curve_can_replace_a_kinked_input_without_losing_identity_or_attributes ... ok
test tests::group_and_ungroup_all_visible_unlocked_objects_atomically ... ok
test tests::extrude_curve_to_point_solid_caps_closed_planar_profiles ... ok
test tests::helix_supports_turn_pitch_radius_point_and_reverse_twist_forms ... ok
test tests::extrude_curve_along_curve_solid_caps_closed_planar_profiles ... ok
test tests::hide_show_lock_and_unlock_preserve_identity_groups_and_history ... ok
test tests::hide_swap_and_lock_swap_are_reversible_three_mode_involutions ... ok
test tests::hyperbola_supports_all_constructions_branches_markers_and_preview_option ... ok
test tests::imports_and_exports_stl_through_commands ... ok
test tests::cutting_object_split_pulls_curves_back_on_nonaffine_planar_surfaces ... ok
test tests::full_order_3dm_export_reports_actual_counts_without_document_or_history_edits ... ok
test tests::insert_control_point_rejects_invalid_requests_atomically ... ok
test tests::insert_control_point_maps_rhino_surface_row_directions_and_midpoints ... ok
test tests::insert_control_point_supports_periodic_and_analytic_curves ... ok
test tests::insert_control_point_updates_a_rational_curve_in_place_and_undoes ... ok
test tests::imports_and_exports_3dm_with_layers_and_groups_as_one_undo_step ... ok
test tests::insert_knot_accepts_scalar_surface_direction_and_analytic_curves ... ok
test tests::insert_knot_refines_a_rational_curve_in_place_and_undoes ... ok
test tests::insert_knot_refines_both_surface_directions_and_preserves_locus ... ok
test tests::insert_knot_rejects_invalid_inputs_atomically ... ok
test tests::intersect_creates_both_exact_saddle_plane_branches ... ok
test tests::intersect_creates_coincident_planar_surface_disk_boundary ... ok
test tests::intersect_joins_planar_brep_brep_curves ... ok
test tests::intersect_creates_current_layer_points_and_leaves_grouped_inputs_unchanged ... ok
test tests::intersect_outputs_an_exact_overlap_with_the_later_curves_parameterization ... ok
test tests::imports_and_exports_step_without_polluting_undo_history ... ok
test tests::intersect_outputs_centered_perpendicular_turning_loops ... ok
test tests::intersect_outputs_centered_perpendicular_torus_cylinder_loops ... ok
test tests::intersect_outputs_coincident_bilinear_patch_boundaries ... ok
test tests::intersect_identical_boxes_creates_four_edge_paths ... ok
test tests::intersect_outputs_cone_cylinder_apex_corner ... ok
test tests::intersect_outputs_coincident_rational_patch_boundary ... ok
test tests::intersect_outputs_crossed_cylinder_ellipses ... ok
test tests::intersect_joins_planar_surface_brep_sections ... ok
test tests::intersect_outputs_exact_axis_centered_torus_sphere_circles ... ok
test tests::intersect_outputs_exact_coaxial_cone_cone_section ... ok
test tests::intersect_outputs_exact_coaxial_torus_cone_circles ... ok
test tests::intersect_creates_coincident_trimmed_brep_boundary ... ok
test tests::intersect_outputs_exact_coaxial_torus_cylinder_circles ... ok
test tests::intersect_outputs_exact_coaxial_torus_torus_circles ... ok
test tests::intersect_outputs_exact_cone_cylinder_section ... ok
test tests::intersect_outputs_exact_oblique_cone_section ... ok
test tests::intersect_outputs_exact_oblique_cylinder_section ... ok
test tests::intersect_outputs_exact_singular_sphere_cylinder_curve ... ok
test tests::intersect_outputs_exact_sphere_cone_sections ... ok
test tests::intersect_outputs_exact_sphere_cylinder_sections ... ok
test tests::intersect_outputs_exact_sphere_planar_section ... ok
test tests::intersect_outputs_exact_sphere_sphere_section ... ok
test tests::intersect_outputs_exact_torus_plane_circles ... ok
test tests::intersect_outputs_finite_pole_crossing_cone_section ... ok
test tests::intersect_outputs_joined_skew_cylinder_curve ... ok
test tests::intersect_outputs_nodal_skew_cylinder_curve ... ok
test tests::intersect_outputs_nodal_sphere_cone_curve ... ok
test tests::intersect_outputs_noncoaxial_sphere_cone_loop ... ok
test tests::intersect_outputs_noncoaxial_sphere_cone_tangent_point ... ok
test tests::intersect_outputs_noncoaxial_sphere_cylinder_curves ... ok
test tests::intersect_outputs_oblique_torus_plane_tangent_point ... ok
test tests::intersect_outputs_oblique_unequal_cylinder_curves ... ok
test tests::intersect_outputs_offset_parallel_cone_cylinder_section ... ok
test tests::cutting_object_split_clips_curves_on_trimmed_nonaffine_surfaces ... ok
test tests::intersect_outputs_offset_torus_cylinder_curves ... ok
test tests::intersect_outputs_offset_torus_sphere_curves ... ok
test tests::intersect_outputs_parallel_cylinder_generatrices ... ok
test tests::intersect_outputs_parallel_offset_cone_cone_sections ... ok
test tests::intersect_outputs_perpendicular_cone_cylinder_section ... ok
test tests::intersect_outputs_equal_centered_crossed_torus_curves ... ok
test tests::intersect_outputs_separated_skew_cylinder_curves ... ok
test tests::intersect_outputs_exact_bent_planar_strip_boundary ... ok
test tests::intersect_outputs_shared_apex_cone_generators ... ok
test tests::intersect_outputs_sphere_cone_curve_closing_at_apex ... ok
test tests::intersect_outputs_turning_sphere_cone_branches ... ok
test tests::intersect_outputs_two_cylinder_plane_generatrices ... ok
test tests::intersect_outputs_two_separated_sphere_cone_loops ... ok
test tests::intersect_outputs_equal_parallel_offset_torus_curves ... ok
test tests::intersect_outputs_pinched_torus_plane_loops ... ok
test tests::intersect_outputs_unequal_major_parallel_torus_inner_contact ... ok
test tests::intersect_outputs_unequal_crossed_cylinder_curves ... ok
test tests::intersect_outputs_unequal_major_parallel_torus_curves ... ok
test tests::intersect_outputs_unequal_parallel_cone_cone_branches ... ok
test tests::intersect_retains_rhino_tangent_cylinder_line_multiplicity ... ok
test tests::intersect_rejects_invalid_selection_and_arguments_atomically ... ok
test tests::intersect_rolls_back_unsupported_coincident_brep_pairs ... ok
test tests::intersect_supports_transverse_and_overlapping_curve_surface_pairs ... ok
test tests::intersect_supports_transverse_planar_surface_pairs ... ok
test tests::intersect_retains_pairwise_duplicates_and_clears_selection_without_hits ... ok
test tests::intersect_two_sets_rejects_invalid_inputs_before_editing ... ok
test tests::invalid_curve_arguments_are_atomic ... ok
test tests::invalid_interp_crv_options_are_atomic ... ok
test tests::isolate_commands_restore_only_their_own_object_modes ... ok
test tests::join_chooses_straight_continuations_and_rejects_unsupported_geometry_atomically ... ok
test tests::joins_selected_linear_chains_and_preserves_disconnected_inputs ... ok
test tests::layer_command_manages_named_state_and_preserves_undo ... ok
test tests::intersect_two_sets_ignores_within_set_pairs_and_assigns_output_layers ... ok
test tests::intersect_outputs_parallel_offset_torus_plane_loops ... ok
test tests::linear_array_rejects_invalid_or_unbounded_output_without_partial_copies ... ok
test tests::make_non_periodic_clamps_curves_and_surfaces_in_place_and_undoes ... ok
test tests::layer_delete_and_color_validation_are_safe ... ok
test tests::linear_array_matches_rhino_spacing_selection_groups_and_undo ... ok
test tests::make_non_periodic_rejects_ineligible_selection_and_arguments_atomically ... ok
test tests::make_periodic_accepts_smooth_no_and_rejects_invalid_requests_atomically ... ok
test tests::make_periodic_smooths_closed_curves_and_surfaces_in_place_and_undoes ... ok
test tests::make_uniform_replaces_curve_knots_without_losing_identity_or_controls ... ok
test tests::make_periodic_converts_a_double_closed_surface_u_then_v ... ok
test tests::make_uniform_uv_accepts_v_direction ... ok
test tests::make_periodic_can_retain_inputs_and_copy_attributes_and_groups ... ok
test tests::make_uniform_uv_defaults_to_u_and_changes_the_surface_in_place ... ok
test tests::make_uniform_uniformizes_both_surface_directions ... ok
test tests::make_uniform_validates_arguments_and_curve_selection_atomically ... ok
test tests::make_uniform_uv_rejects_invalid_surface_directions_atomically ... ok
test tests::mesh_box_creates_an_unselected_rhino_ordered_closed_grid ... ok
test tests::mesh_cone_matches_default_and_configurable_rhino_topology ... ok
test tests::mesh_cone_rejects_invalid_options_and_dimensions_atomically ... ok
test tests::marks_curve_starts_and_ends_with_attribute_preserving_points ... ok
test tests::mesh_creates_unselected_attribute_copies_without_source_groups ... ok
test tests::mesh_box_rejects_invalid_counts_and_extents_atomically ... ok
test tests::mesh_cylinder_matches_default_and_configurable_rhino_topology ... ok
test tests::mesh_cylinder_rejects_invalid_options_and_dimensions_atomically ... ok
test tests::mesh_ellipsoid_matches_rhino_parameterization_caps_and_orientation ... ok
test tests::mesh_ellipsoid_rejects_invalid_options_and_dimensions_atomically ... ok
test tests::mesh_plane_creates_an_unselected_rhino_ordered_top_view_grid ... ok
test tests::mesh_plane_rejects_invalid_counts_and_rectangles_atomically ... ok
test tests::mesh_sphere_matches_all_rhino_styles_and_orientations ... ok
test tests::mesh_sphere_rejects_incompatible_styles_and_invalid_input_atomically ... ok
test tests::mesh_torus_matches_default_and_oriented_rhino_topology ... ok
test tests::mesh_options_validate_and_mixed_geometry_rolls_back_atomically ... ok
test tests::mesh_torus_rejects_invalid_options_and_radii_atomically ... ok
test tests::mesh_truncated_cone_rejects_invalid_options_and_dimensions_atomically ... ok
test tests::move_and_copy_transform_the_selection_as_atomic_commands ... ok
test tests::nonuniform_scale_commands_support_axes_references_flattening_and_copy ... ok
test tests::object_qualified_face_edits_target_one_selected_mesh ... ok
test tests::orient_defaults_to_unscaled_in_place_shortest_rotation ... ok
test tests::orient_matches_rhino_no_1d_and_3d_copy_scaling ... ok
test tests::mesh_truncated_cone_matches_default_and_configurable_rhino_topology ... ok
test tests::intersect_supports_curve_brep_points_and_exact_face_overlaps ... ok
test tests::orient_surface_named_copy_does_not_override_the_saved_copy_mode ... ok
test tests::orient_on_surface_rigid_flip_constrained_normal_and_errors_are_atomic ... ok
test tests::orient_three_point_matches_rhino_frames_scale_and_atomic_errors ... ok
test tests::orient_on_surface_deformable_matches_rhino_splop_groups_and_history ... ok
test tests::parabola_supports_focus_vertex_half_and_marker_forms ... ok
test tests::parabola_three_point_supports_all_modes_pick_orders_and_focus_marker ... ok
test tests::planar_surface_builds_holes_and_alternating_nested_islands_atomically ... ok
test tests::planar_surface_creates_exact_trimmed_faces_and_deletes_only_valid_inputs ... ok
test tests::planar_surface_keeps_partially_overlapping_curves_independent ... ok
test tests::point_cloud_extraction_selection_and_explode_match_rhino ... ok
test tests::paraboloid_supports_focus_vertex_marker_and_exact_solid_forms ... ok
test tests::polar_array_no_rotate_uses_the_combined_selection_bounds_center ... ok
test tests::polar_array_rejects_invalid_or_unbounded_output_without_partial_copies ... ok
test tests::polar_array_matches_rhino_full_sweep_selection_groups_and_undo ... ok
test tests::polar_array_supports_multi_turn_sweeps_and_cumulative_z_offset ... ok
test tests::polysurface_selection_is_distinct_from_surface_selection ... ok
test tests::project_to_cplane_matches_rhino_delete_input_groups_and_selection ... ok
test tests::polyline_and_short_curve_selection_match_rhino_representation_and_boundary_rules ... ok
test tests::pyramid_commands_create_exact_open_and_capped_polygonal_breps ... ok
test tests::qualified_surface_face_commands_only_change_the_target_source ... ok
test tests::rebuild_curve_rejects_invalid_options_and_missing_selection_atomically ... ok
test tests::rebuild_curve_replaces_closed_input_with_periodic_output ... ok
test tests::rebuild_curve_adds_fixed_uniform_output_on_the_input_layer ... ok
test tests::rectangular_array_fill_uses_the_selected_extents ... ok
test tests::remove_control_point_rejects_invalid_requests_atomically ... ok
test tests::rectangular_array_matches_rhino_unit_cell_selection_groups_and_undo ... ok
test tests::intersect_outputs_shallow_tilted_torus_plane_loops ... ok
test tests::rectangular_array_rejects_invalid_or_unbounded_output_without_partial_copies ... ok
test tests::remove_knot_rejects_invalid_or_ineligible_requests_atomically ... ok
test tests::remove_knot_updates_curves_and_surfaces_in_place_and_undoes ... ok
test tests::remove_control_point_updates_curves_and_surface_rows_in_place_and_undoes ... ok
test tests::remove_control_point_supports_periodic_curves ... ok
test tests::remove_multi_knot_rejects_invalid_and_ineligible_requests_atomically ... ok
test tests::remove_multi_knot_updates_selected_curves_and_surfaces_atomically ... ok
test tests::reparameterize_automatic_uses_curve_length_and_surface_control_polygon_size ... ok
test tests::reparameterizes_both_surface_domains_explicitly ... ok
test tests::reverses_curve_direction_without_changing_identity_or_groups ... ok
test tests::reparameterize_rejects_invalid_or_ambiguous_requests_atomically ... ok
test tests::reparameterizes_a_curve_without_losing_document_state ... ok
test tests::revolve_matches_rhino_exact_surface_attributes_groups_and_delete_input ... ok
test tests::reports_sorted_help ... ok
test tests::rotate_three_dimensional_and_transform_copy_options_are_atomic ... ok
test tests::sel_last_remembers_valid_options_independently_of_sel_prev ... ok
test tests::selection_commands_drive_group_ungroup_and_delete ... ok
test tests::set_object_color_preserves_identity_groups_selection_and_history ... ok
test tests::scale_rotate_and_mirror_support_numeric_and_reference_forms ... ok
test tests::set_object_name_matches_rhino_counter_order_and_preserves_selection_groups ... ok
test tests::sel_prev_remembers_only_valid_options_and_isolates_registries ... ok
test tests::sel_color_adds_resolved_selectable_matches_and_skips_group_members ... ok
test tests::spiral_supports_independent_numeric_and_picked_radii_atomically ... ok
test tests::split_curve_accepts_a_model_point_and_preserves_analytic_curves ... ok
test tests::sphere_creates_exact_opennurbs_surface_from_radius_or_point ... ok
test tests::split_curve_accepts_multiple_unsorted_parameters ... ok
test tests::split_curve_rejects_invalid_or_ambiguous_requests_atomically ... ok
test tests::shear_matches_rhino_top_view_basis_angles_copy_and_atomic_errors ... ok
test tests::spiral_around_curve_supports_named_and_selected_rails_atomically ... ok
test tests::split_curve_preserves_attributes_groups_selection_and_undo ... ok
test tests::split_mesh_edge_rejects_invalid_unsupported_and_degenerate_input_atomically ... ok
test tests::split_mesh_edge_supports_explicit_endpoint_parameters ... ok
test tests::split_surface_at_isocurve_can_retain_the_complete_underlying_surface ... ok
test tests::split_surface_at_isocurve_preserves_exact_pieces_and_document_metadata ... ok
test tests::split_surface_at_isocurve_preserves_closed_seams_and_singular_poles ... ok
test tests::split_surface_at_isocurve_rejects_invalid_requests_atomically ... ok
test tests::split_surface_at_isocurve_resplits_rectangular_brep_faces ... ok
test tests::splits_mesh_edge_from_two_points_with_identity_groups_selection_and_undo ... ok
test tests::split_surface_at_isocurve_supports_v_and_both_directions ... ok
test tests::subcurve_crosses_a_closed_curve_seam_in_pick_order ... ok
test tests::subcurve_point_order_retains_open_orientation_and_copy_retains_groups ... ok
test tests::intersect_outputs_oblique_torus_plane_loops ... ok
test tests::subcurve_rejects_invalid_or_ambiguous_requests_atomically ... ok
test tests::subcurve_replaces_a_curve_without_losing_document_state ... ok
test tests::surface_array_isocurve_evenly_divides_rational_surface_edges ... ok
test tests::surface_array_custom_up_last_target_and_errors_are_atomic ... ok
test tests::surface_array_uv_matches_rhino_selection_groups_and_undo ... ok
test tests::surface_cut_parameter_paths_must_be_admissible ... ok
test tests::surface_seam_rejects_invalid_open_or_ambiguous_requests_atomically ... ok
test tests::surface_seam_uses_a_model_point_and_infers_the_only_closed_direction ... ok
test tests::swap_mesh_edge_rejects_unsupported_unswappable_and_invalid_input_atomically ... ok
test tests::swaps_mesh_edge_with_rhino_order_identity_groups_selection_and_undo ... ok
test tests::orient_on_surface_fits_surfaces_and_breps_and_restores_copy_and_in_place_history ... ok
test tests::symmetrical_knot_parameter_handles_the_full_finite_range ... ok
test tests::three_dm_keeps_polyline_and_nurbs_representations_distinct ... ok
test tests::torus_creates_exact_tensor_surface_with_oriented_point_radius ... ok
test tests::triangulate_mesh_rejects_empty_mixed_and_invalid_input_atomically ... ok
test tests::split_curve_uses_selected_curve_cutters_and_replaces_source_with_grouped_pieces ... ok
test tests::triangulates_mesh_quads_with_rhino_order_identity_groups_and_undo ... ok
test tests::trim_rejects_invalid_or_underspecified_requests_atomically ... ok
test tests::split_curve_uses_exact_surface_and_trimmed_brep_cutters ... ok
test tests::trim_removes_a_middle_interval_and_replaces_the_source_with_grouped_pieces ... ok
test tests::trim_of_an_end_retains_identity_and_ignores_other_cuts_in_the_kept_interval ... ok
test tests::trim_without_a_bounded_interval_is_a_non_destructive_success ... ok
test tests::truncated_cone_creates_exact_open_and_solid_frustums ... ok
test tests::trim_removes_the_picked_arc_of_a_closed_curve ... ok
test tests::tween_curves_preserves_sources_selection_order_and_output_layer ... ok
test tests::tween_curves_rejects_invalid_inputs_and_refits_different_structures ... ok
test tests::trim_uses_view_projected_intersections_by_default_and_can_disable_them ... ok
test tests::tween_curves_sampling_flips_direction_and_uses_end_layer ... ok
test tests::tube_creates_exact_concentric_walls_and_annular_caps ... ok
test tests::unifies_and_flips_mesh_normals_without_changing_identity_or_groups ... ok
test tests::unweld_edge_preserves_identity_groups_selection_and_undo ... ok
test tests::unweld_edge_rejects_noops_mixed_selection_and_bad_arguments_atomically ... ok
test tests::unweld_rejects_noops_mixed_selection_and_invalid_options_atomically ... ok
test tests::unweld_vertex_preserves_identity_groups_selection_and_undo ... ok
test tests::unweld_vertex_rejects_noops_mixed_selection_and_bad_arguments_atomically ... ok
test tests::unwelds_mesh_face_regions_with_identity_groups_and_undo ... ok
test tests::type_selection_commands_add_only_visible_unlocked_matches_without_history ... ok
test tests::weld_edge_preserves_identity_groups_selection_and_undo ... ok
test tests::undo_and_redo_commands_replay_a_model_edit ... ok
test tests::weld_rejects_noops_mixed_selection_and_invalid_angles_atomically ... ok
test tests::weld_vertices_preserves_identity_groups_selection_and_undo ... ok
test tests::weld_edge_rejects_noops_mixed_selection_and_bad_arguments_atomically ... ok
test tests::weld_vertices_rejects_noops_mixed_selection_and_bad_arguments_atomically ... ok
test to_nurbs::tests::conversion_budget_is_aggregate_and_saturating ... ok
test tests::welds_mesh_edges_by_angle_with_rhino_order_identity_groups_and_undo ... ok
test to_nurbs::tests::curves_keep_native_polyline_parameters_and_source_attributes_for_both_choices ... ok
test to_nurbs::tests::invalid_options_and_ineligible_selection_do_not_accept_preferences ... ok
test to_nurbs::tests::meshes_keep_disconnected_components_together_and_preserve_replacement_identity ... ok
test to_nurbs::tests::nurbs_noop_does_not_accept_choices_or_change_history_or_redo ... ok
test to_nurbs::tests::postselected_conversion_uses_pick_order_and_clears_selection_for_both_deletion_choices ... ok
test to_nurbs::tests::postselected_noop_clears_picks_but_does_not_accept_choices_or_discard_redo ... ok
test to_nurbs::tests::replacement_renews_document_order_but_not_selection_action_order_or_identity ... ok
test tests::stl_and_step_exports_preserve_planar_brep_holes ... ok
test translation::normal::tests::a_selected_normal_reference_moves_once_using_its_original_curvature ... ok
test transform_default_tests::remembered_numeric_angles_preserve_degrees_without_a_radian_roundtrip ... ok
test transform_default_tests::scalar_memory_is_per_command_and_registry_and_survives_undo_and_copy_resets ... ok
test translation::normal::tests::failed_normal_edits_keep_geometry_history_and_move_preferences ... ok
test translation::tests::repeated_copy_batch_rolls_back_earlier_placements_and_group_allocation_on_error ... ok
test triangulate_nonplanar_quads::tests::command_is_atomic_preserves_identity_and_undo ... ok
test tween_surfaces::tests::invalid_tween_options_and_sources_leave_geometry_and_history_unchanged ... ok
test tween_surfaces::tests::sampled_surface_tweens_accept_unequal_nets_and_keep_source_geometry ... ok
test to_nurbs::tests::later_resource_failure_leaves_sources_groups_selection_history_and_choices_unchanged ... ok
test tween_surfaces::tests::script_tweens_preserve_preselected_sources_and_accept_repeated_ids ... ok
test tests::trim_applies_apparent_intersections_to_surface_and_brep_cutters ... ok
test tween_surfaces::tests::tween_preferences_survive_history_and_documents_without_source_ids_or_directions ... ok
test twist::tests::failed_mixed_point_and_collapsing_mesh_twist_is_atomic ... ok
test twist::tests::repeated_twist_copies_match_four_native_batches_and_share_one_history_entry ... ok
test tween_surfaces::tests::surface_tweens_preserve_sources_and_layer_attributes_with_atomic_history ... ok
test twist::tests::small_angle_rigid_frames_match_five_native_orthogonality_boundary_cases ... ok
test twist::tests::twist_invalid_inputs_leave_geometry_and_history_unchanged ... ok
test twist::tests::twist_scripted_preferences_are_shared_across_documents_and_isolated_between_registries ... ok
test unit_import_tests::extreme_unit_point_import_preserves_attributes_and_exact_undo_redo ... ok
test unit_import_tests::mesh_export_commands_preserve_small_geometry_without_changing_history ... ok
test unit_import_tests::step_export_and_import_preserve_physical_size_in_a_nonmetric_document ... ok
test tests::trim_uses_exact_surface_and_brep_cutters ... ok
test unit_import_tests::step_export_converts_document_units_without_editing_document_or_history ... ok
test unit_import_tests::stl_import_preserves_small_facets_and_document_settings_through_history ... ok
test unit_import_tests::unrepresentable_brep_import_tolerance_preserves_document_and_redo ... ok
test unjoin_edge::tests::separated_components_inherit_metadata_groups_and_user_text_and_roundtrip_atomically ... ok
test unjoin_edge::tests::stale_or_invalid_batches_and_noops_preserve_geometry_and_redo ... ok
test unjoin_edge::tests::typed_multi_source_command_is_one_undo_and_deduplicates_component_indices ... ok
test unit_import_tests::unit_aware_import_is_undoable_and_export_retains_target_units ... ok
test untrim::tests::border_options_are_independent_and_failed_or_noop_commands_preserve_history_contract ... ok
test untrim::tests::invalid_options_are_atomic_and_natural_faces_are_undoable_replacements ... ok
test tween_surfaces::tests::sampled_tweens_replay_native_geometry_properties_and_independent_history ... ok
test untrim::tests::untrim_preserves_exact_surface_identity_metadata_and_one_step_history ... ok
test untrim_edge::tests::ignored_multi_face_exterior_pick_preserves_objects_history_and_redo ... ok
test untrim_edge::tests::option_parse_failures_do_not_change_registry_memory_or_document ... ok
test untrim::tests::whole_polysurfaces_are_rejected_and_preferences_are_registry_local ... ok
test untrim_edge::tests::preparation_is_readonly_and_stale_source_failures_preserve_history_and_redo ... ok
test untrim_holes::tests::component_prompt_reads_options_without_accepting_them_and_reflects_typed_command_memory ... ok
test untrim_holes::tests::preselection_filters_kinds_and_duplicates_before_atomic_single_component_preparation ... ok
test untrim_holes::tests::invalid_options_components_and_filtered_no_ops_preserve_document_redo_and_preferences ... ok
test untrim_holes::tests::retained_wall_has_defaults_and_source_metadata_and_order_roundtrip_in_one_undo ... ok
test user_text::tests::text_commands_select_by_matching_pair_and_support_undo ... ok
test uv_inputs::tests::arc_length_inputs_map_local_intervals_without_changing_original_sources ... ok
test uv_inputs::tests::bad_ephemeral_ranges_roll_back_without_geometry_selection_or_history_changes ... ok
test untrim_holes::tests::stale_geometry_tolerance_and_restricted_sources_cannot_commit_a_prepared_pick ... ok
test uv_inputs::tests::zero_unavailable_and_nonfinite_length_inputs_fail_atomically ... ok
test boolean_solids::native::tests::curved_union_preserves_owners_groups_selection_and_undo ... ok
test uv_reference::tests::missing_ambiguous_invalid_and_restricted_face_references_never_edit ... ok
test uv_reference::tests::every_box_face_is_a_readonly_apply_reference_with_original_face_domains ... ok
test visibility_selection::tests::show_selected_changes_only_requested_hidden_objects_and_is_undoable ... ok
test visibility_selection::tests::unlock_selected_preflights_all_ids_before_mutation ... ok
test tween_surfaces::tests::refitted_tweens_replay_native_geometry_properties_and_independent_history ... ok
test uv_reference::tests::native_uv_face_references_match_all_six_recorded_box_charts ... ok
test uv_inputs::tests::native_inline_subcurves_preserve_loci_direction_defaults_groups_and_history ... ok
test untrim::tests::untrim_border_preserves_holes_and_metadata_with_both_retention_and_selection_workflows ... ok
test pipe::tests::multispan_rail_pipe_matches_rhino_flat_volumes ... ok
test tween_surfaces::tests::control_tweens_replay_unequal_native_nets_properties_and_independent_history ... ok
test surface_rebuild::retrim_tests::seam_crossing_hole_rebuild_preserves_native_trim_incidence ... ok
test pipe::tests::spatial_nurbs_rail_builds_closed_thick_pipe ... ok
test planar_boolean::tests::planar_mixed_native_boundaries_metadata_and_history ... ok
test boolean_split::native::tests::curved_split_conserves_volume_retains_cutters_and_branch_metadata ... ok
test boolean_split::native::tests::overlapping_cutters_retain_each_interface_and_disconnected_text_lineage ... ok
test twist::tests::replay_actual_twist_commands_rigid_placements_and_fitting_tolerances ... ok
test boolean_solids::tests::compound::replays_compound_sets_common_intersection_metadata_and_history ... ok
test surface_rebuild::retrim_tests::seam_trim_rebuild_replays_native_cylinder_patches_and_holes ... ok
test surface_rebuild::retrim_tests::retrim_replays_native_curved_rational_and_natural_boundaries ... ok
test boolean_solids::tests::pairs::replays_oriented_pairs_common_shell_participation_and_open_contacts ... ok
test boolean_solids::tests::replays_native_polyhedral_commands_including_nonmanifold_boundary ... ok
test surface_rebuild::retrim_tests::singular_trim_rebuild_replays_native_caps_holes_wedges_and_chart_edits ... ok
test maelstrom::tests::actual_maelstrom_commands_match_geometry_attributes_groups_selection_and_history has been running for over 60 seconds
test maelstrom::tests::actual_maelstrom_commands_match_geometry_attributes_groups_selection_and_history ... ok

test result: ok. 1285 passed; 0 failed; 2 ignored; 0 measured; 0 filtered out; finished in 75.79s

   Doc-tests viboceros_command

running 0 tests

test result: ok. 0 passed; 0 failed; 0 ignored; 0 measured; 0 filtered out; finished in 0.00s

