# Viboceros native SMLib perforated plate
v 0.00000000000000000 0.00000000000000000 0.00000000000000000
v 0.00000000000000000 12.00000000000000000 0.00000000000000000
v 12.00000000000000000 12.00000000000000000 0.00000000000000000
v 12.00000000000000000 0.00000000000000000 0.00000000000000000
v 2.25000000000000000 1.50000000000000000 0.00000000000000000
v 2.23747902631243090 1.63647228930910837 0.00000000000000000
v 2.19734122579682323 1.77607103217140438 0.00000000000000000
v 2.16621300512231452 1.84447094479200224 0.00000000000000000
v 2.12774663341398851 1.91040731503885697 0.00000000000000000
v 2.08226489068113230 1.97272359479942261 0.00000000000000000
v 2.03033008588991004 2.03033008588991049 0.00000000000000000
v 1.97272359479942216 2.08226489068113185 0.00000000000000000
v 1.91040731503885652 2.12774663341398806 0.00000000000000000
v 1.84447094479200202 2.16621300512231407 0.00000000000000000
v 1.77607103217140416 2.19734122579682278 0.00000000000000000
v 1.63647228930910793 2.23747902631243045 0.00000000000000000
v 1.50000000000000000 2.25000000000000000 0.00000000000000000
v 1.36352771069089096 2.23747902631243045 0.00000000000000000
v 1.22392896782859451 2.19734122579682234 0.00000000000000000
v 1.15552905520799643 2.16621300512231407 0.00000000000000000
v 1.08959268496114214 2.12774663341398851 0.00000000000000000
v 1.02727640520057606 2.08226489068113185 0.00000000000000000
v 0.96966991411008829 2.03033008588991004 0.00000000000000000
v 0.91773510931886682 1.97272359479942216 0.00000000000000000
v 0.87225336658601071 1.91040731503885630 0.00000000000000000
v 0.83378699487768460 1.84447094479200202 0.00000000000000000
v 0.80265877420317677 1.77607103217140394 0.00000000000000000
v 0.76252097368756899 1.63647228930910749 0.00000000000000000
v 0.75000000000000000 1.50000000000000000 0.00000000000000000
v 0.76252097368756933 1.36352771069089052 0.00000000000000000
v 0.80265877420317744 1.22392896782859517 0.00000000000000000
v 0.83378699487768548 1.15552905520799709 0.00000000000000000
v 0.87225336658601160 1.08959268496114259 0.00000000000000000
v 0.91773510931886759 1.02727640520057739 0.00000000000000000
v 0.96966991411008985 0.96966991411008929 0.00000000000000000
v 1.02727640520057739 0.91773510931886748 0.00000000000000000
v 1.08959268496114281 0.87225336658601160 0.00000000000000000
v 1.15552905520799709 0.83378699487768559 0.00000000000000000
v 1.22392896782859562 0.80265877420317711 0.00000000000000000
v 1.36352771069089185 0.76252097368756933 0.00000000000000000
v 1.49999999999999978 0.75000000000000000 0.00000000000000000
v 1.63647228930910882 0.76252097368756933 0.00000000000000000
v 1.77607103217140483 0.80265877420317744 0.00000000000000000
v 1.84447094479200224 0.83378699487768548 0.00000000000000000
v 1.91040731503885630 0.87225336658601149 0.00000000000000000
v 1.97272359479942172 0.91773510931886726 0.00000000000000000
v 2.03033008588990960 0.96966991411008907 0.00000000000000000
v 2.08226489068113141 1.02727640520057673 0.00000000000000000
v 2.12774663341398806 1.08959268496114259 0.00000000000000000
v 2.16621300512231407 1.15552905520799687 0.00000000000000000
v 2.19734122579682234 1.22392896782859539 0.00000000000000000
v 2.23747902631243090 1.36352771069089185 0.00000000000000000
v 2.25000000000000000 4.50000000000000000 0.00000000000000000
v 2.23747902631243090 4.63647228930910860 0.00000000000000000
v 2.19734122579682323 4.77607103217140416 0.00000000000000000
v 2.16621300512231452 4.84447094479200135 0.00000000000000000
v 2.12774663341398851 4.91040731503885652 0.00000000000000000
v 2.08226489068113230 4.97272359479942239 0.00000000000000000
v 2.03033008588991004 5.03033008588990960 0.00000000000000000
v 1.97272359479942216 5.08226489068113096 0.00000000000000000
v 1.91040731503885652 5.12774663341398895 0.00000000000000000
v 1.84447094479200202 5.16621300512231407 0.00000000000000000
v 1.77607103217140416 5.19734122579682190 0.00000000000000000
v 1.63647228930910793 5.23747902631243001 0.00000000000000000
v 1.50000000000000000 5.25000000000000000 0.00000000000000000
v 1.36352771069089096 5.23747902631243178 0.00000000000000000
v 1.22392896782859473 5.19734122579682278 0.00000000000000000
v 1.15552905520799643 5.16621300512231496 0.00000000000000000
v 1.08959268496114214 5.12774663341398895 0.00000000000000000
v 1.02727640520057628 5.08226489068113363 0.00000000000000000
v 0.96966991411008840 5.03033008588991049 0.00000000000000000
v 0.91773510931886693 4.97272359479942327 0.00000000000000000
v 0.87225336658601127 4.91040731503885830 0.00000000000000000
v 0.83378699487768537 4.84447094479200402 0.00000000000000000
v 0.80265877420317722 4.77607103217140594 0.00000000000000000
v 0.76252097368756933 4.63647228930910860 0.00000000000000000
v 0.75000000000000000 4.50000000000000000 0.00000000000000000
v 0.76252097368756933 4.36352771069089052 0.00000000000000000
v 0.80265877420317744 4.22392896782859495 0.00000000000000000
v 0.83378699487768559 4.15552905520799687 0.00000000000000000
v 0.87225336658601194 4.08959268496114259 0.00000000000000000
v 0.91773510931886781 4.02727640520057673 0.00000000000000000
v 0.96966991411008974 3.96966991411008996 0.00000000000000000
v 1.02727640520057784 3.91773510931886815 0.00000000000000000
v 1.08959268496114348 3.87225336658601238 0.00000000000000000
v 1.15552905520799776 3.83378699487768593 0.00000000000000000
v 1.22392896782859584 3.80265877420317766 0.00000000000000000
v 1.36352771069089163 3.76252097368756999 0.00000000000000000
v 1.49999999999999978 3.75000000000000000 0.00000000000000000
v 1.63647228930910837 3.76252097368756955 0.00000000000000000
v 1.77607103217140483 3.80265877420317766 0.00000000000000000
v 1.84447094479200224 3.83378699487768504 0.00000000000000000
v 1.91040731503885630 3.87225336658601060 0.00000000000000000
v 1.97272359479942172 3.91773510931886593 0.00000000000000000
v 2.03033008588990960 3.96966991411008818 0.00000000000000000
v 2.08226489068113141 4.02727640520057584 0.00000000000000000
v 2.12774663341398806 4.08959268496114259 0.00000000000000000
v 2.16621300512231407 4.15552905520799687 0.00000000000000000
v 2.19734122579682234 4.22392896782859584 0.00000000000000000
v 2.23747902631243090 4.36352771069089229 0.00000000000000000
v 2.25000000000000000 7.50000000000000000 0.00000000000000000
v 2.23747902631243090 7.63647228930910771 0.00000000000000000
v 2.19734122579682323 7.77607103217140416 0.00000000000000000
v 2.16621300512231452 7.84447094479200135 0.00000000000000000
v 2.12774663341398851 7.91040731503885652 0.00000000000000000
v 2.08226489068113230 7.97272359479942239 0.00000000000000000
v 2.03033008588991004 8.03033008588990960 0.00000000000000000
v 1.97272359479942216 8.08226489068113274 0.00000000000000000
v 1.91040731503885652 8.12774663341398984 0.00000000000000000
v 1.84447094479200202 8.16621300512231585 0.00000000000000000
v 1.77607103217140416 8.19734122579682278 0.00000000000000000
v 1.63647228930910793 8.23747902631243178 0.00000000000000000
v 1.50000000000000000 8.25000000000000000 0.00000000000000000
v 1.36352771069089096 8.23747902631243001 0.00000000000000000
v 1.22392896782859451 8.19734122579682278 0.00000000000000000
v 1.15552905520799643 8.16621300512231230 0.00000000000000000
v 1.08959268496114214 8.12774663341398806 0.00000000000000000
v 1.02727640520057606 8.08226489068112919 0.00000000000000000
v 0.96966991411008829 8.03033008588990782 0.00000000000000000
v 0.91773510931886682 7.97272359479942150 0.00000000000000000
v 0.87225336658601071 7.91040731503885564 0.00000000000000000
v 0.83378699487768460 7.84447094479200135 0.00000000000000000
v 0.80265877420317677 7.77607103217140327 0.00000000000000000
v 0.76252097368756899 7.63647228930910771 0.00000000000000000
v 0.75000000000000000 7.50000000000000000 0.00000000000000000
v 0.76252097368756933 7.36352771069088963 0.00000000000000000
v 0.80265877420317744 7.22392896782859406 0.00000000000000000
v 0.83378699487768548 7.15552905520799598 0.00000000000000000
v 0.87225336658601160 7.08959268496114259 0.00000000000000000
v 0.91773510931886759 7.02727640520057673 0.00000000000000000
v 0.96966991411008985 6.96966991411008863 0.00000000000000000
v 1.02727640520057739 6.91773510931886548 0.00000000000000000
v 1.08959268496114281 6.87225336658601016 0.00000000000000000
v 1.15552905520799709 6.83378699487768504 0.00000000000000000
v 1.22392896782859562 6.80265877420317544 0.00000000000000000
v 1.36352771069089185 6.76252097368756999 0.00000000000000000
v 1.49999999999999978 6.75000000000000000 0.00000000000000000
v 1.63647228930910882 6.76252097368756999 0.00000000000000000
v 1.77607103217140483 6.80265877420317810 0.00000000000000000
v 1.84447094479200224 6.83378699487768593 0.00000000000000000
v 1.91040731503885630 6.87225336658601282 0.00000000000000000
v 1.97272359479942172 6.91773510931886726 0.00000000000000000
v 2.03033008588990960 6.96966991411008774 0.00000000000000000
v 2.08226489068113141 7.02727640520057584 0.00000000000000000
v 2.12774663341398806 7.08959268496114170 0.00000000000000000
v 2.16621300512231407 7.15552905520799687 0.00000000000000000
v 2.19734122579682234 7.22392896782859584 0.00000000000000000
v 2.23747902631243090 7.36352771069089229 0.00000000000000000
v 2.25000000000000000 10.50000000000000000 0.00000000000000000
v 2.23747902631243090 10.63647228930910948 0.00000000000000000
v 2.19734122579682323 10.77607103217140683 0.00000000000000000
v 2.16621300512231452 10.84447094479200224 0.00000000000000000
v 2.12774663341398851 10.91040731503885830 0.00000000000000000
v 2.08226489068113230 10.97272359479942061 0.00000000000000000
v 2.03033008588991004 11.03033008588990782 0.00000000000000000
v 1.97272359479942216 11.08226489068112919 0.00000000000000000
v 1.91040731503885652 11.12774663341398806 0.00000000000000000
v 1.84447094479200202 11.16621300512231407 0.00000000000000000
v 1.77607103217140416 11.19734122579682101 0.00000000000000000
v 1.63647228930910793 11.23747902631243001 0.00000000000000000
v 1.50000000000000000 11.25000000000000000 0.00000000000000000
v 1.36352771069089096 11.23747902631243001 0.00000000000000000
v 1.22392896782859451 11.19734122579682278 0.00000000000000000
v 1.15552905520799643 11.16621300512231230 0.00000000000000000
v 1.08959268496114214 11.12774663341398806 0.00000000000000000
v 1.02727640520057606 11.08226489068112919 0.00000000000000000
v 0.96966991411008829 11.03033008588990782 0.00000000000000000
v 0.91773510931886682 10.97272359479942061 0.00000000000000000
v 0.87225336658601071 10.91040731503885830 0.00000000000000000
v 0.83378699487768460 10.84447094479200224 0.00000000000000000
v 0.80265877420317677 10.77607103217140505 0.00000000000000000
v 0.76252097368756899 10.63647228930910771 0.00000000000000000
v 0.75000000000000000 10.50000000000000000 0.00000000000000000
v 0.76252097368756933 10.36352771069089052 0.00000000000000000
v 0.80265877420317744 10.22392896782859673 0.00000000000000000
v 0.83378699487768548 10.15552905520799598 0.00000000000000000
v 0.87225336658601160 10.08959268496114348 0.00000000000000000
v 0.91773510931886759 10.02727640520057939 0.00000000000000000
v 0.96966991411008985 9.96966991411009218 0.00000000000000000
v 1.02727640520057739 9.91773510931886726 0.00000000000000000
v 1.08959268496114281 9.87225336658601016 0.00000000000000000
v 1.15552905520799709 9.83378699487768593 0.00000000000000000
v 1.22392896782859562 9.80265877420317722 0.00000000000000000
v 1.36352771069089185 9.76252097368756999 0.00000000000000000
v 1.49999999999999978 9.75000000000000000 0.00000000000000000
v 1.63647228930910882 9.76252097368756999 0.00000000000000000
v 1.77607103217140483 9.80265877420317722 0.00000000000000000
v 1.84447094479200224 9.83378699487768415 0.00000000000000000
v 1.91040731503885630 9.87225336658601194 0.00000000000000000
v 1.97272359479942172 9.91773510931886548 0.00000000000000000
v 2.03033008588990960 9.96966991411008685 0.00000000000000000
v 2.08226489068113141 10.02727640520057406 0.00000000000000000
v 2.12774663341398806 10.08959268496114170 0.00000000000000000
v 2.16621300512231407 10.15552905520799598 0.00000000000000000
v 2.19734122579682234 10.22392896782859673 0.00000000000000000
v 2.23747902631243090 10.36352771069089407 0.00000000000000000
v 5.25000000000000000 1.50000000000000000 0.00000000000000000
v 5.23747902631243001 1.63647228930910837 0.00000000000000000
v 5.19734122579682278 1.77607103217140461 0.00000000000000000
v 5.16621300512231407 1.84447094479200269 0.00000000000000000
v 5.12774663341398718 1.91040731503885741 0.00000000000000000
v 5.08226489068113096 1.97272359479942327 0.00000000000000000
v 5.03033008588990960 2.03033008588991137 0.00000000000000000
v 4.97272359479942239 2.08226489068113318 0.00000000000000000
v 4.91040731503885652 2.12774663341398895 0.00000000000000000
v 4.84447094479200224 2.16621300512231540 0.00000000000000000
v 4.77607103217140416 2.19734122579682367 0.00000000000000000
v 4.63647228930910860 2.23747902631243134 0.00000000000000000
v 4.50000000000000000 2.25000000000000000 0.00000000000000000
v 4.36352771069089052 2.23747902631243090 0.00000000000000000
v 4.22392896782859495 2.19734122579682234 0.00000000000000000
v 4.15552905520799687 2.16621300512231407 0.00000000000000000
v 4.08959268496114170 2.12774663341398806 0.00000000000000000
v 4.02727640520057584 2.08226489068113185 0.00000000000000000
v 3.96966991411008818 2.03033008588991004 0.00000000000000000
v 3.91773510931886637 1.97272359479942239 0.00000000000000000
v 3.87225336658601060 1.91040731503885652 0.00000000000000000
v 3.83378699487768504 1.84447094479200246 0.00000000000000000
v 3.80265877420317677 1.77607103217140416 0.00000000000000000
v 3.76252097368756866 1.63647228930910726 0.00000000000000000
v 3.75000000000000000 1.50000000000000000 0.00000000000000000
v 3.76252097368756910 1.36352771069088985 0.00000000000000000
v 3.80265877420317810 1.22392896782859339 0.00000000000000000
v 3.83378699487768637 1.15552905520799576 0.00000000000000000
v 3.87225336658601238 1.08959268496114126 0.00000000000000000
v 3.91773510931886859 1.02727640520057584 0.00000000000000000
v 3.96966991411009129 0.96966991411008796 0.00000000000000000
v 4.02727640520057850 0.91773510931886626 0.00000000000000000
v 4.08959268496114348 0.87225336658601027 0.00000000000000000
v 4.15552905520799776 0.83378699487768471 0.00000000000000000
v 4.22392896782859673 0.80265877420317633 0.00000000000000000
v 4.36352771069089318 0.76252097368756866 0.00000000000000000
v 4.50000000000000000 0.75000000000000000 0.00000000000000000
v 4.63647228930911126 0.76252097368756966 0.00000000000000000
v 4.77607103217140683 0.80265877420317822 0.00000000000000000
v 4.84447094479200580 0.83378699487768648 0.00000000000000000
v 4.91040731503885919 0.87225336658601260 0.00000000000000000
v 4.97272359479942594 0.91773510931886881 0.00000000000000000
v 5.03033008588991404 0.96966991411009107 0.00000000000000000
v 5.08226489068113541 1.02727640520057872 0.00000000000000000
v 5.12774663341399162 1.08959268496114503 0.00000000000000000
v 5.16621300512231763 1.15552905520799931 0.00000000000000000
v 5.19734122579682456 1.22392896782859673 0.00000000000000000
v 5.23747902631243178 1.36352771069089251 0.00000000000000000
v 5.25000000000000000 4.50000000000000000 0.00000000000000000
v 5.23747902631243001 4.63647228930910948 0.00000000000000000
v 5.19734122579682278 4.77607103217140505 0.00000000000000000
v 5.16621300512231407 4.84447094479200224 0.00000000000000000
v 5.12774663341398895 4.91040731503885741 0.00000000000000000
v 5.08226489068113274 4.97272359479942327 0.00000000000000000
v 5.03033008588991137 5.03033008588991137 0.00000000000000000
v 4.97272359479942239 5.08226489068113185 0.00000000000000000
v 4.91040731503885564 5.12774663341398718 0.00000000000000000
v 4.84447094479200224 5.16621300512231407 0.00000000000000000
v 4.77607103217140416 5.19734122579682278 0.00000000000000000
v 4.63647228930910682 5.23747902631243001 0.00000000000000000
v 4.50000000000000000 5.25000000000000000 0.00000000000000000
v 4.36352771069089052 5.23747902631243090 0.00000000000000000
v 4.22392896782859406 5.19734122579682278 0.00000000000000000
v 4.15552905520799687 5.16621300512231496 0.00000000000000000
v 4.08959268496114259 5.12774663341398895 0.00000000000000000
v 4.02727640520057673 5.08226489068113274 0.00000000000000000
v 3.96966991411008863 5.03033008588991049 0.00000000000000000
v 3.91773510931886726 4.97272359479942327 0.00000000000000000
v 3.87225336658601060 4.91040731503885564 0.00000000000000000
v 3.83378699487768548 4.84447094479200135 0.00000000000000000
v 3.80265877420317677 4.77607103217140327 0.00000000000000000
v 3.76252097368756955 4.63647228930910771 0.00000000000000000
v 3.75000000000000000 4.50000000000000000 0.00000000000000000
v 3.76252097368756910 4.36352771069088963 0.00000000000000000
v 3.80265877420317722 4.22392896782859317 0.00000000000000000
v 3.83378699487768504 4.15552905520799509 0.00000000000000000
v 3.87225336658601060 4.08959268496114081 0.00000000000000000
v 3.91773510931886637 4.02727640520057495 0.00000000000000000
v 3.96966991411008907 3.96966991411008685 0.00000000000000000
v 4.02727640520057673 3.91773510931886637 0.00000000000000000
v 4.08959268496114348 3.87225336658601060 0.00000000000000000
v 4.15552905520799776 3.83378699487768504 0.00000000000000000
v 4.22392896782859584 3.80265877420317722 0.00000000000000000
v 4.36352771069089229 3.76252097368756910 0.00000000000000000
v 4.50000000000000000 3.75000000000000000 0.00000000000000000
v 4.63647228930910860 3.76252097368756910 0.00000000000000000
v 4.77607103217140505 3.80265877420317722 0.00000000000000000
v 4.84447094479200224 3.83378699487768593 0.00000000000000000
v 4.91040731503885564 3.87225336658601194 0.00000000000000000
v 4.97272359479942150 3.91773510931886815 0.00000000000000000
v 5.03033008588991049 3.96966991411008996 0.00000000000000000
v 5.08226489068113274 4.02727640520057850 0.00000000000000000
v 5.12774663341398895 4.08959268496114348 0.00000000000000000
v 5.16621300512231496 4.15552905520799776 0.00000000000000000
v 5.19734122579682367 4.22392896782859584 0.00000000000000000
v 5.23747902631243178 4.36352771069089229 0.00000000000000000
v 5.25000000000000000 7.50000000000000000 0.00000000000000000
v 5.23747902631243001 7.63647228930910860 0.00000000000000000
v 5.19734122579682190 7.77607103217140505 0.00000000000000000
v 5.16621300512231318 7.84447094479200313 0.00000000000000000
v 5.12774663341398629 7.91040731503885741 0.00000000000000000
v 5.08226489068113008 7.97272359479942416 0.00000000000000000
v 5.03033008588990871 8.03033008588991315 0.00000000000000000
v 4.97272359479942239 8.08226489068113452 0.00000000000000000
v 4.91040731503885564 8.12774663341398984 0.00000000000000000
v 4.84447094479200224 8.16621300512231585 0.00000000000000000
v 4.77607103217140416 8.19734122579682278 0.00000000000000000
v 4.63647228930910682 8.23747902631243001 0.00000000000000000
v 4.50000000000000000 8.25000000000000000 0.00000000000000000
v 4.36352771069089052 8.23747902631243178 0.00000000000000000
v 4.22392896782859406 8.19734122579682278 0.00000000000000000
v 4.15552905520799598 8.16621300512231407 0.00000000000000000
v 4.08959268496114170 8.12774663341398806 0.00000000000000000
v 4.02727640520057584 8.08226489068113274 0.00000000000000000
v 3.96966991411008818 8.03033008588990960 0.00000000000000000
v 3.91773510931886548 7.97272359479942150 0.00000000000000000
v 3.87225336658600972 7.91040731503885564 0.00000000000000000
v 3.83378699487768415 7.84447094479200224 0.00000000000000000
v 3.80265877420317677 7.77607103217140416 0.00000000000000000
v 3.76252097368756955 7.63647228930910771 0.00000000000000000
v 3.75000000000000000 7.50000000000000000 0.00000000000000000
v 3.76252097368756910 7.36352771069089052 0.00000000000000000
v 3.80265877420317722 7.22392896782859317 0.00000000000000000
v 3.83378699487768593 7.15552905520799509 0.00000000000000000
v 3.87225336658601238 7.08959268496113992 0.00000000000000000
v 3.91773510931886770 7.02727640520057584 0.00000000000000000
v 3.96966991411008996 6.96966991411008774 0.00000000000000000
v 4.02727640520057850 6.91773510931886726 0.00000000000000000
v 4.08959268496114436 6.87225336658601016 0.00000000000000000
v 4.15552905520799865 6.83378699487768504 0.00000000000000000
v 4.22392896782859761 6.80265877420317633 0.00000000000000000
v 4.36352771069089407 6.76252097368756910 0.00000000000000000
v 4.50000000000000000 6.75000000000000000 0.00000000000000000
v 4.63647228930910860 6.76252097368756999 0.00000000000000000
v 4.77607103217140505 6.80265877420317722 0.00000000000000000
v 4.84447094479200313 6.83378699487768504 0.00000000000000000
v 4.91040731503885652 6.87225336658600927 0.00000000000000000
v 4.97272359479942239 6.91773510931886459 0.00000000000000000
v 5.03033008588991049 6.96966991411008774 0.00000000000000000
v 5.08226489068113185 7.02727640520057584 0.00000000000000000
v 5.12774663341398895 7.08959268496114259 0.00000000000000000
v 5.16621300512231496 7.15552905520799598 0.00000000000000000
v 5.19734122579682367 7.22392896782859673 0.00000000000000000
v 5.23747902631243267 7.36352771069089318 0.00000000000000000
v 5.25000000000000000 10.50000000000000000 0.00000000000000000
v 5.23747902631243001 10.63647228930910948 0.00000000000000000
v 5.19734122579682278 10.77607103217140683 0.00000000000000000
v 5.16621300512231407 10.84447094479200224 0.00000000000000000
v 5.12774663341398895 10.91040731503885830 0.00000000000000000
v 5.08226489068113274 10.97272359479942061 0.00000000000000000
v 5.03033008588991049 11.03033008588990782 0.00000000000000000
v 4.97272359479942239 11.08226489068112919 0.00000000000000000
v 4.91040731503885741 11.12774663341398806 0.00000000000000000
v 4.84447094479200224 11.16621300512231407 0.00000000000000000
v 4.77607103217140416 11.19734122579682101 0.00000000000000000
v 4.63647228930910860 11.23747902631243001 0.00000000000000000
v 4.50000000000000000 11.25000000000000000 0.00000000000000000
v 4.36352771069089229 11.23747902631243001 0.00000000000000000
v 4.22392896782859584 11.19734122579682278 0.00000000000000000
v 4.15552905520799776 11.16621300512231230 0.00000000000000000
v 4.08959268496114348 11.12774663341398806 0.00000000000000000
v 4.02727640520057673 11.08226489068112919 0.00000000000000000
v 3.96966991411008907 11.03033008588990782 0.00000000000000000
v 3.91773510931886637 10.97272359479942061 0.00000000000000000
v 3.87225336658601060 10.91040731503885830 0.00000000000000000
v 3.83378699487768504 10.84447094479200224 0.00000000000000000
v 3.80265877420317677 10.77607103217140505 0.00000000000000000
v 3.76252097368756910 10.63647228930910771 0.00000000000000000
v 3.75000000000000000 10.50000000000000000 0.00000000000000000
v 3.76252097368756910 10.36352771069089052 0.00000000000000000
v 3.80265877420317722 10.22392896782859673 0.00000000000000000
v 3.83378699487768548 10.15552905520799598 0.00000000000000000
v 3.87225336658601238 10.08959268496114348 0.00000000000000000
v 3.91773510931886859 10.02727640520057939 0.00000000000000000
v 3.96966991411009174 9.96966991411009218 0.00000000000000000
v 4.02727640520057850 9.91773510931886726 0.00000000000000000
v 4.08959268496114348 9.87225336658601016 0.00000000000000000
v 4.15552905520799776 9.83378699487768593 0.00000000000000000
v 4.22392896782859673 9.80265877420317722 0.00000000000000000
v 4.36352771069089229 9.76252097368756999 0.00000000000000000
v 4.50000000000000000 9.75000000000000000 0.00000000000000000
v 4.63647228930910948 9.76252097368756999 0.00000000000000000
v 4.77607103217140594 9.80265877420317722 0.00000000000000000
v 4.84447094479200402 9.83378699487768415 0.00000000000000000
v 4.91040731503885741 9.87225336658601194 0.00000000000000000
v 4.97272359479942239 9.91773510931886548 0.00000000000000000
v 5.03033008588991049 9.96966991411008685 0.00000000000000000
v 5.08226489068113185 10.02727640520057406 0.00000000000000000
v 5.12774663341398895 10.08959268496114170 0.00000000000000000
v 5.16621300512231496 10.15552905520799598 0.00000000000000000
v 5.19734122579682278 10.22392896782859673 0.00000000000000000
v 5.23747902631243090 10.36352771069089407 0.00000000000000000
v 8.25000000000000000 1.50000000000000000 0.00000000000000000
v 8.23747902631243001 1.63647228930910837 0.00000000000000000
v 8.19734122579682278 1.77607103217140438 0.00000000000000000
v 8.16621300512231230 1.84447094479200224 0.00000000000000000
v 8.12774663341398984 1.91040731503885697 0.00000000000000000
v 8.08226489068113274 1.97272359479942261 0.00000000000000000
v 8.03033008588990960 2.03033008588991049 0.00000000000000000
v 7.97272359479942327 2.08226489068113185 0.00000000000000000
v 7.91040731503885830 2.12774663341398806 0.00000000000000000
v 7.84447094479200402 2.16621300512231407 0.00000000000000000
v 7.77607103217140594 2.19734122579682278 0.00000000000000000
v 7.63647228930910860 2.23747902631243045 0.00000000000000000
v 7.50000000000000000 2.25000000000000000 0.00000000000000000
v 7.36352771069089052 2.23747902631243045 0.00000000000000000
v 7.22392896782859406 2.19734122579682190 0.00000000000000000
v 7.15552905520799509 2.16621300512231407 0.00000000000000000
v 7.08959268496114170 2.12774663341398806 0.00000000000000000
v 7.02727640520057761 2.08226489068113230 0.00000000000000000
v 6.96966991411008951 2.03033008588991049 0.00000000000000000
v 6.91773510931886904 1.97272359479942350 0.00000000000000000
v 6.87225336658601371 1.91040731503885763 0.00000000000000000
v 6.83378699487768682 1.84447094479200313 0.00000000000000000
v 6.80265877420317899 1.77607103217140572 0.00000000000000000
v 6.76252097368756910 1.63647228930910904 0.00000000000000000
v 6.75000000000000000 1.50000000000000000 0.00000000000000000
v 6.76252097368756910 1.36352771069089140 0.00000000000000000
v 6.80265877420317722 1.22392896782859562 0.00000000000000000
v 6.83378699487768682 1.15552905520799820 0.00000000000000000
v 6.87225336658601282 1.08959268496114392 0.00000000000000000
v 6.91773510931886992 1.02727640520057828 0.00000000000000000
v 6.96966991411009218 0.96966991411008951 0.00000000000000000
v 7.02727640520057850 0.91773510931886826 0.00000000000000000
v 7.08959268496114348 0.87225336658601205 0.00000000000000000
v 7.15552905520799687 0.83378699487768604 0.00000000000000000
v 7.22392896782859406 0.80265877420317744 0.00000000000000000
v 7.36352771069089140 0.76252097368756933 0.00000000000000000
v 7.50000000000000000 0.75000000000000000 0.00000000000000000
v 7.63647228930910771 0.76252097368756921 0.00000000000000000
v 7.77607103217140416 0.80265877420317733 0.00000000000000000
v 7.84447094479200135 0.83378699487768548 0.00000000000000000
v 7.91040731503885475 0.87225336658601171 0.00000000000000000
v 7.97272359479942150 0.91773510931886770 0.00000000000000000
v 8.03033008588990782 0.96966991411008907 0.00000000000000000
v 8.08226489068112919 1.02727640520057673 0.00000000000000000
v 8.12774663341398629 1.08959268496114214 0.00000000000000000
v 8.16621300512231230 1.15552905520799643 0.00000000000000000
v 8.19734122579682101 1.22392896782859495 0.00000000000000000
v 8.23747902631243001 1.36352771069089185 0.00000000000000000
v 8.25000000000000000 4.50000000000000000 0.00000000000000000
v 8.23747902631243001 4.63647228930910948 0.00000000000000000
v 8.19734122579682278 4.77607103217140505 0.00000000000000000
v 8.16621300512231407 4.84447094479200224 0.00000000000000000
v 8.12774663341398984 4.91040731503885652 0.00000000000000000
v 8.08226489068113274 4.97272359479942239 0.00000000000000000
v 8.03033008588990960 5.03033008588991049 0.00000000000000000
v 7.97272359479942239 5.08226489068113274 0.00000000000000000
v 7.91040731503885741 5.12774663341398895 0.00000000000000000
v 7.84447094479200402 5.16621300512231585 0.00000000000000000
v 7.77607103217140594 5.19734122579682456 0.00000000000000000
v 7.63647228930910860 5.23747902631243267 0.00000000000000000
v 7.50000000000000000 5.25000000000000000 0.00000000000000000
v 7.36352771069089052 5.23747902631243090 0.00000000000000000
v 7.22392896782859406 5.19734122579682278 0.00000000000000000
v 7.15552905520799598 5.16621300512231496 0.00000000000000000
v 7.08959268496114259 5.12774663341398806 0.00000000000000000
v 7.02727640520057584 5.08226489068113096 0.00000000000000000
v 6.96966991411008774 5.03033008588990960 0.00000000000000000
v 6.91773510931886637 4.97272359479942239 0.00000000000000000
v 6.87225336658601105 4.91040731503885564 0.00000000000000000
v 6.83378699487768504 4.84447094479200224 0.00000000000000000
v 6.80265877420317544 4.77607103217140327 0.00000000000000000
v 6.76252097368756999 4.63647228930910682 0.00000000000000000
v 6.75000000000000000 4.50000000000000000 0.00000000000000000
v 6.76252097368756999 4.36352771069089052 0.00000000000000000
v 6.80265877420317810 4.22392896782859495 0.00000000000000000
v 6.83378699487768593 4.15552905520799687 0.00000000000000000
v 6.87225336658601282 4.08959268496114259 0.00000000000000000
v 6.91773510931886726 4.02727640520057584 0.00000000000000000
v 6.96966991411008951 3.96966991411008729 0.00000000000000000
v 7.02727640520057761 3.91773510931886593 0.00000000000000000
v 7.08959268496114436 3.87225336658601016 0.00000000000000000
v 7.15552905520799776 3.83378699487768460 0.00000000000000000
v 7.22392896782859761 3.80265877420317633 0.00000000000000000
v 7.36352771069089052 3.76252097368756910 0.00000000000000000
v 7.50000000000000000 3.75000000000000000 0.00000000000000000
v 7.63647228930910771 3.76252097368756955 0.00000000000000000
v 7.77607103217140416 3.80265877420317722 0.00000000000000000
v 7.84447094479200135 3.83378699487768504 0.00000000000000000
v 7.91040731503885564 3.87225336658601060 0.00000000000000000
v 7.97272359479942239 3.91773510931886815 0.00000000000000000
v 8.03033008588990960 3.96966991411008951 0.00000000000000000
v 8.08226489068113274 4.02727640520057761 0.00000000000000000
v 8.12774663341398984 4.08959268496114436 0.00000000000000000
v 8.16621300512231585 4.15552905520799865 0.00000000000000000
v 8.19734122579682278 4.22392896782859673 0.00000000000000000
v 8.23747902631243178 4.36352771069089140 0.00000000000000000
v 8.25000000000000000 7.50000000000000000 0.00000000000000000
v 8.23747902631243178 7.63647228930910860 0.00000000000000000
v 8.19734122579682278 7.77607103217140505 0.00000000000000000
v 8.16621300512231407 7.84447094479200313 0.00000000000000000
v 8.12774663341398806 7.91040731503885741 0.00000000000000000
v 8.08226489068113274 7.97272359479942416 0.00000000000000000
v 8.03033008588991137 8.03033008588991315 0.00000000000000000
v 7.97272359479942327 8.08226489068113452 0.00000000000000000
v 7.91040731503885652 8.12774663341398984 0.00000000000000000
v 7.84447094479200313 8.16621300512231585 0.00000000000000000
v 7.77607103217140416 8.19734122579682456 0.00000000000000000
v 7.63647228930910860 8.23747902631243178 0.00000000000000000
v 7.50000000000000000 8.25000000000000000 0.00000000000000000
v 7.36352771069088963 8.23747902631243178 0.00000000000000000
v 7.22392896782859317 8.19734122579682278 0.00000000000000000
v 7.15552905520799687 8.16621300512231585 0.00000000000000000
v 7.08959268496114259 8.12774663341398984 0.00000000000000000
v 7.02727640520057850 8.08226489068113274 0.00000000000000000
v 6.96966991411009040 8.03033008588990960 0.00000000000000000
v 6.91773510931886726 7.97272359479942239 0.00000000000000000
v 6.87225336658601105 7.91040731503885652 0.00000000000000000
v 6.83378699487768593 7.84447094479200402 0.00000000000000000
v 6.80265877420317810 7.77607103217140505 0.00000000000000000
v 6.76252097368757088 7.63647228930910682 0.00000000000000000
v 6.75000000000000000 7.50000000000000000 0.00000000000000000
v 6.76252097368756910 7.36352771069088963 0.00000000000000000
v 6.80265877420317633 7.22392896782859317 0.00000000000000000
v 6.83378699487768593 7.15552905520799687 0.00000000000000000
v 6.87225336658601371 7.08959268496114259 0.00000000000000000
v 6.91773510931886992 7.02727640520057761 0.00000000000000000
v 6.96966991411009218 6.96966991411008863 0.00000000000000000
v 7.02727640520057850 6.91773510931886637 0.00000000000000000
v 7.08959268496114436 6.87225336658601194 0.00000000000000000
v 7.15552905520799953 6.83378699487768593 0.00000000000000000
v 7.22392896782859761 6.80265877420317810 0.00000000000000000
v 7.36352771069089229 6.76252097368756910 0.00000000000000000
v 7.50000000000000000 6.75000000000000000 0.00000000000000000
v 7.63647228930910860 6.76252097368756910 0.00000000000000000
v 7.77607103217140416 6.80265877420317633 0.00000000000000000
v 7.84447094479200402 6.83378699487768593 0.00000000000000000
v 7.91040731503885741 6.87225336658601194 0.00000000000000000
v 7.97272359479942327 6.91773510931886726 0.00000000000000000
v 8.03033008588991315 6.96966991411009129 0.00000000000000000
v 8.08226489068113452 7.02727640520057939 0.00000000000000000
v 8.12774663341398984 7.08959268496114525 0.00000000000000000
v 8.16621300512231585 7.15552905520800042 0.00000000000000000
v 8.19734122579682278 7.22392896782859850 0.00000000000000000
v 8.23747902631243178 7.36352771069089318 0.00000000000000000
v 8.25000000000000000 10.50000000000000000 0.00000000000000000
v 8.23747902631243001 10.63647228930910771 0.00000000000000000
v 8.19734122579682278 10.77607103217140327 0.00000000000000000
v 8.16621300512231407 10.84447094479200224 0.00000000000000000
v 8.12774663341398806 10.91040731503885652 0.00000000000000000
v 8.08226489068113096 10.97272359479942061 0.00000000000000000
v 8.03033008588990960 11.03033008588990960 0.00000000000000000
v 7.97272359479942239 11.08226489068113096 0.00000000000000000
v 7.91040731503885652 11.12774663341398984 0.00000000000000000
v 7.84447094479200313 11.16621300512231763 0.00000000000000000
v 7.77607103217140416 11.19734122579682456 0.00000000000000000
v 7.63647228930910771 11.23747902631243178 0.00000000000000000
v 7.50000000000000000 11.25000000000000000 0.00000000000000000
v 7.36352771069089052 11.23747902631243001 0.00000000000000000
v 7.22392896782859406 11.19734122579682101 0.00000000000000000
v 7.15552905520799687 11.16621300512231585 0.00000000000000000
v 7.08959268496114170 11.12774663341398984 0.00000000000000000
v 7.02727640520057495 11.08226489068113274 0.00000000000000000
v 6.96966991411008685 11.03033008588990960 0.00000000000000000
v 6.91773510931886548 10.97272359479941706 0.00000000000000000
v 6.87225336658600927 10.91040731503885119 0.00000000000000000
v 6.83378699487768415 10.84447094479199869 0.00000000000000000
v 6.80265877420317633 10.77607103217140150 0.00000000000000000
v 6.76252097368756910 10.63647228930910771 0.00000000000000000
v 6.75000000000000000 10.50000000000000000 0.00000000000000000
v 6.76252097368756910 10.36352771069089052 0.00000000000000000
v 6.80265877420317722 10.22392896782859673 0.00000000000000000
v 6.83378699487768415 10.15552905520799598 0.00000000000000000
v 6.87225336658601194 10.08959268496114348 0.00000000000000000
v 6.91773510931886815 10.02727640520057939 0.00000000000000000
v 6.96966991411009129 9.96966991411009218 0.00000000000000000
v 7.02727640520057761 9.91773510931886726 0.00000000000000000
v 7.08959268496114348 9.87225336658601016 0.00000000000000000
v 7.15552905520799776 9.83378699487768593 0.00000000000000000
v 7.22392896782859584 9.80265877420317722 0.00000000000000000
v 7.36352771069089318 9.76252097368756999 0.00000000000000000
v 7.50000000000000000 9.75000000000000000 0.00000000000000000
v 7.63647228930910860 9.76252097368756999 0.00000000000000000
v 7.77607103217140505 9.80265877420317722 0.00000000000000000
v 7.84447094479200313 9.83378699487768415 0.00000000000000000
v 7.91040731503885652 9.87225336658601194 0.00000000000000000
v 7.97272359479942061 9.91773510931886548 0.00000000000000000
v 8.03033008588990782 9.96966991411008685 0.00000000000000000
v 8.08226489068112919 10.02727640520057406 0.00000000000000000
v 8.12774663341398806 10.08959268496114170 0.00000000000000000
v 8.16621300512231407 10.15552905520799598 0.00000000000000000
v 8.19734122579682278 10.22392896782859673 0.00000000000000000
v 8.23747902631243001 10.36352771069089407 0.00000000000000000
v 11.25000000000000000 1.50000000000000000 0.00000000000000000
v 11.23747902631243178 1.63647228930910837 0.00000000000000000
v 11.19734122579682456 1.77607103217140438 0.00000000000000000
v 11.16621300512231407 1.84447094479200224 0.00000000000000000
v 11.12774663341398984 1.91040731503885697 0.00000000000000000
v 11.08226489068113096 1.97272359479942261 0.00000000000000000
v 11.03033008588990782 2.03033008588991049 0.00000000000000000
v 10.97272359479942061 2.08226489068113185 0.00000000000000000
v 10.91040731503885652 2.12774663341398806 0.00000000000000000
v 10.84447094479200047 2.16621300512231407 0.00000000000000000
v 10.77607103217140327 2.19734122579682278 0.00000000000000000
v 10.63647228930910771 2.23747902631243045 0.00000000000000000
v 10.50000000000000000 2.25000000000000000 0.00000000000000000
v 10.36352771069089052 2.23747902631243045 0.00000000000000000
v 10.22392896782859673 2.19734122579682234 0.00000000000000000
v 10.15552905520799598 2.16621300512231407 0.00000000000000000
v 10.08959268496114348 2.12774663341398851 0.00000000000000000
v 10.02727640520057584 2.08226489068113185 0.00000000000000000
v 9.96966991411009040 2.03033008588991004 0.00000000000000000
v 9.91773510931886904 1.97272359479942216 0.00000000000000000
v 9.87225336658601194 1.91040731503885630 0.00000000000000000
v 9.83378699487768593 1.84447094479200202 0.00000000000000000
v 9.80265877420317722 1.77607103217140394 0.00000000000000000
v 9.76252097368756822 1.63647228930910749 0.00000000000000000
v 9.75000000000000000 1.50000000000000000 0.00000000000000000
v 9.76252097368756999 1.36352771069089052 0.00000000000000000
v 9.80265877420317899 1.22392896782859517 0.00000000000000000
v 9.83378699487768593 1.15552905520799709 0.00000000000000000
v 9.87225336658601371 1.08959268496114259 0.00000000000000000
v 9.91773510931887259 1.02727640520057739 0.00000000000000000
v 9.96966991411009573 0.96966991411008929 0.00000000000000000
v 10.02727640520058117 0.91773510931886748 0.00000000000000000
v 10.08959268496114703 0.87225336658601160 0.00000000000000000
v 10.15552905520799953 0.83378699487768559 0.00000000000000000
v 10.22392896782859673 0.80265877420317711 0.00000000000000000
v 10.36352771069089407 0.76252097368756933 0.00000000000000000
v 10.50000000000000000 0.75000000000000000 0.00000000000000000
v 10.63647228930910593 0.76252097368756933 0.00000000000000000
v 10.77607103217140327 0.80265877420317744 0.00000000000000000
v 10.84447094479200047 0.83378699487768548 0.00000000000000000
v 10.91040731503885297 0.87225336658601149 0.00000000000000000
v 10.97272359479941706 0.91773510931886726 0.00000000000000000
v 11.03033008588990427 0.96966991411008907 0.00000000000000000
v 11.08226489068112919 1.02727640520057673 0.00000000000000000
v 11.12774663341398806 1.08959268496114259 0.00000000000000000
v 11.16621300512231230 1.15552905520799687 0.00000000000000000
v 11.19734122579682101 1.22392896782859539 0.00000000000000000
v 11.23747902631243178 1.36352771069089185 0.00000000000000000
v 11.25000000000000000 4.50000000000000000 0.00000000000000000
v 11.23747902631243178 4.63647228930910860 0.00000000000000000
v 11.19734122579682456 4.77607103217140416 0.00000000000000000
v 11.16621300512231407 4.84447094479200135 0.00000000000000000
v 11.12774663341398984 4.91040731503885652 0.00000000000000000
v 11.08226489068113096 4.97272359479942239 0.00000000000000000
v 11.03033008588990782 5.03033008588990960 0.00000000000000000
v 10.97272359479942061 5.08226489068113096 0.00000000000000000
v 10.91040731503885652 5.12774663341398895 0.00000000000000000
v 10.84447094479200047 5.16621300512231407 0.00000000000000000
v 10.77607103217140327 5.19734122579682190 0.00000000000000000
v 10.63647228930910771 5.23747902631243001 0.00000000000000000
v 10.50000000000000000 5.25000000000000000 0.00000000000000000
v 10.36352771069089052 5.23747902631243178 0.00000000000000000
v 10.22392896782859495 5.19734122579682278 0.00000000000000000
v 10.15552905520799598 5.16621300512231496 0.00000000000000000
v 10.08959268496114170 5.12774663341398895 0.00000000000000000
v 10.02727640520057761 5.08226489068113363 0.00000000000000000
v 9.96966991411008863 5.03033008588991049 0.00000000000000000
v 9.91773510931886726 4.97272359479942327 0.00000000000000000
v 9.87225336658601371 4.91040731503885830 0.00000000000000000
v 9.83378699487768948 4.84447094479200402 0.00000000000000000
v 9.80265877420317899 4.77607103217140594 0.00000000000000000
v 9.76252097368757177 4.63647228930910860 0.00000000000000000
v 9.75000000000000000 4.50000000000000000 0.00000000000000000
v 9.76252097368756999 4.36352771069089052 0.00000000000000000
v 9.80265877420317722 4.22392896782859495 0.00000000000000000
v 9.83378699487768593 4.15552905520799687 0.00000000000000000
v 9.87225336658601371 4.08959268496114259 0.00000000000000000
v 9.91773510931886904 4.02727640520057673 0.00000000000000000
v 9.96966991411009218 3.96966991411008996 0.00000000000000000
v 10.02727640520057761 3.91773510931886815 0.00000000000000000
v 10.08959268496114348 3.87225336658601238 0.00000000000000000
v 10.15552905520799953 3.83378699487768593 0.00000000000000000
v 10.22392896782859850 3.80265877420317766 0.00000000000000000
v 10.36352771069089229 3.76252097368756999 0.00000000000000000
v 10.50000000000000000 3.75000000000000000 0.00000000000000000
v 10.63647228930910948 3.76252097368756955 0.00000000000000000
v 10.77607103217140505 3.80265877420317766 0.00000000000000000
v 10.84447094479200047 3.83378699487768504 0.00000000000000000
v 10.91040731503885297 3.87225336658601060 0.00000000000000000
v 10.97272359479941706 3.91773510931886593 0.00000000000000000
v 11.03033008588990427 3.96966991411008818 0.00000000000000000
v 11.08226489068112919 4.02727640520057584 0.00000000000000000
v 11.12774663341398806 4.08959268496114259 0.00000000000000000
v 11.16621300512231230 4.15552905520799687 0.00000000000000000
v 11.19734122579682101 4.22392896782859584 0.00000000000000000
v 11.23747902631243178 4.36352771069089229 0.00000000000000000
v 11.25000000000000000 7.50000000000000000 0.00000000000000000
v 11.23747902631243001 7.63647228930910860 0.00000000000000000
v 11.19734122579682278 7.77607103217140505 0.00000000000000000
v 11.16621300512231585 7.84447094479200313 0.00000000000000000
v 11.12774663341398984 7.91040731503885741 0.00000000000000000
v 11.08226489068113452 7.97272359479942416 0.00000000000000000
v 11.03033008588991493 8.03033008588991315 0.00000000000000000
v 10.97272359479942594 8.08226489068113452 0.00000000000000000
v 10.91040731503885830 8.12774663341398984 0.00000000000000000
v 10.84447094479200402 8.16621300512231585 0.00000000000000000
v 10.77607103217140683 8.19734122579682456 0.00000000000000000
v 10.63647228930910771 8.23747902631243178 0.00000000000000000
v 10.50000000000000000 8.25000000000000000 0.00000000000000000
v 10.36352771069089052 8.23747902631243178 0.00000000000000000
v 10.22392896782859317 8.19734122579682278 0.00000000000000000
v 10.15552905520799776 8.16621300512231585 0.00000000000000000
v 10.08959268496114348 8.12774663341398984 0.00000000000000000
v 10.02727640520057761 8.08226489068113274 0.00000000000000000
v 9.96966991411009040 8.03033008588990960 0.00000000000000000
v 9.91773510931886904 7.97272359479942239 0.00000000000000000
v 9.87225336658601194 7.91040731503885652 0.00000000000000000
v 9.83378699487768770 7.84447094479200402 0.00000000000000000
v 9.80265877420317899 7.77607103217140505 0.00000000000000000
v 9.76252097368756999 7.63647228930910682 0.00000000000000000
v 9.75000000000000000 7.50000000000000000 0.00000000000000000
v 9.76252097368756999 7.36352771069088963 0.00000000000000000
v 9.80265877420317899 7.22392896782859317 0.00000000000000000
v 9.83378699487768948 7.15552905520799687 0.00000000000000000
v 9.87225336658601726 7.08959268496114259 0.00000000000000000
v 9.91773510931887259 7.02727640520057761 0.00000000000000000
v 9.96966991411009573 6.96966991411008863 0.00000000000000000
v 10.02727640520058117 6.91773510931886637 0.00000000000000000
v 10.08959268496114703 6.87225336658601194 0.00000000000000000
v 10.15552905520800131 6.83378699487768593 0.00000000000000000
v 10.22392896782860028 6.80265877420317810 0.00000000000000000
v 10.36352771069089407 6.76252097368756910 0.00000000000000000
v 10.50000000000000000 6.75000000000000000 0.00000000000000000
v 10.63647228930910948 6.76252097368756910 0.00000000000000000
v 10.77607103217140327 6.80265877420317633 0.00000000000000000
v 10.84447094479200224 6.83378699487768593 0.00000000000000000
v 10.91040731503885475 6.87225336658601194 0.00000000000000000
v 10.97272359479941883 6.91773510931886726 0.00000000000000000
v 11.03033008588990782 6.96966991411009129 0.00000000000000000
v 11.08226489068113096 7.02727640520057939 0.00000000000000000
v 11.12774663341398629 7.08959268496114525 0.00000000000000000
v 11.16621300512231585 7.15552905520800042 0.00000000000000000
v 11.19734122579682456 7.22392896782859850 0.00000000000000000
v 11.23747902631243356 7.36352771069089318 0.00000000000000000
v 11.25000000000000000 10.50000000000000000 0.00000000000000000
v 11.23747902631243001 10.63647228930910771 0.00000000000000000
v 11.19734122579682456 10.77607103217140327 0.00000000000000000
v 11.16621300512231407 10.84447094479200224 0.00000000000000000
v 11.12774663341398806 10.91040731503885652 0.00000000000000000
v 11.08226489068113096 10.97272359479942061 0.00000000000000000
v 11.03033008588990960 11.03033008588990960 0.00000000000000000
v 10.97272359479942239 11.08226489068113096 0.00000000000000000
v 10.91040731503885475 11.12774663341398984 0.00000000000000000
v 10.84447094479200224 11.16621300512231763 0.00000000000000000
v 10.77607103217140327 11.19734122579682456 0.00000000000000000
v 10.63647228930910771 11.23747902631243178 0.00000000000000000
v 10.50000000000000000 11.25000000000000000 0.00000000000000000
v 10.36352771069089229 11.23747902631243001 0.00000000000000000
v 10.22392896782859673 11.19734122579682101 0.00000000000000000
v 10.15552905520799953 11.16621300512231585 0.00000000000000000
v 10.08959268496114525 11.12774663341398984 0.00000000000000000
v 10.02727640520057761 11.08226489068113274 0.00000000000000000
v 9.96966991411008863 11.03033008588990960 0.00000000000000000
v 9.91773510931886548 10.97272359479941706 0.00000000000000000
v 9.87225336658601016 10.91040731503885119 0.00000000000000000
v 9.83378699487768593 10.84447094479199869 0.00000000000000000
v 9.80265877420317722 10.77607103217140150 0.00000000000000000
v 9.76252097368756822 10.63647228930910771 0.00000000000000000
v 9.75000000000000000 10.50000000000000000 0.00000000000000000
v 9.76252097368756999 10.36352771069089052 0.00000000000000000
v 9.80265877420317899 10.22392896782859673 0.00000000000000000
v 9.83378699487768593 10.15552905520799598 0.00000000000000000
v 9.87225336658601371 10.08959268496114348 0.00000000000000000
v 9.91773510931887259 10.02727640520057939 0.00000000000000000
v 9.96966991411009573 9.96966991411009218 0.00000000000000000
v 10.02727640520058117 9.91773510931886726 0.00000000000000000
v 10.08959268496114703 9.87225336658601016 0.00000000000000000
v 10.15552905520799953 9.83378699487768593 0.00000000000000000
v 10.22392896782859673 9.80265877420317722 0.00000000000000000
v 10.36352771069089407 9.76252097368756999 0.00000000000000000
v 10.50000000000000000 9.75000000000000000 0.00000000000000000
v 10.63647228930910593 9.76252097368756999 0.00000000000000000
v 10.77607103217140327 9.80265877420317722 0.00000000000000000
v 10.84447094479200047 9.83378699487768415 0.00000000000000000
v 10.91040731503885297 9.87225336658601194 0.00000000000000000
v 10.97272359479941706 9.91773510931886548 0.00000000000000000
v 11.03033008588990427 9.96966991411008685 0.00000000000000000
v 11.08226489068112919 10.02727640520057406 0.00000000000000000
v 11.12774663341398806 10.08959268496114170 0.00000000000000000
v 11.16621300512231230 10.15552905520799598 0.00000000000000000
v 11.19734122579682101 10.22392896782859673 0.00000000000000000
v 11.23747902631243178 10.36352771069089407 0.00000000000000000
v 11.23747902631243001 10.63647228930910771 1.50000000000000000
v 11.25000000000000000 10.50000000000000000 1.50000000000000000
v 11.23747902631243178 10.36352771069089407 1.49999999999999978
v 11.19734122579682101 10.22392896782859673 1.49999999999999978
v 11.16621300512231230 10.15552905520799598 1.49999999999999978
v 11.12774663341398806 10.08959268496114170 1.49999999999999978
v 11.08226489068112919 10.02727640520057406 1.49999999999999956
v 11.03033008588990427 9.96966991411008685 1.49999999999999956
v 10.97272359479941706 9.91773510931886548 1.49999999999999978
v 10.91040731503885297 9.87225336658601194 1.49999999999999978
v 10.84447094479200047 9.83378699487768415 1.49999999999999978
v 10.77607103217140327 9.80265877420317722 1.50000000000000000
v 10.63647228930910593 9.76252097368756999 1.50000000000000000
v 10.50000000000000000 9.75000000000000000 1.50000000000000000
v 10.36352771069089407 9.76252097368756999 1.50000000000000044
v 10.22392896782859673 9.80265877420317722 1.50000000000000022
v 10.15552905520799953 9.83378699487768593 1.50000000000000000
v 10.08959268496114703 9.87225336658601016 1.50000000000000000
v 10.02727640520058117 9.91773510931886726 1.50000000000000022
v 9.96966991411009573 9.96966991411009218 1.50000000000000044
v 9.91773510931887259 10.02727640520057939 1.50000000000000044
v 9.87225336658601371 10.08959268496114348 1.50000000000000022
v 9.83378699487768593 10.15552905520799598 1.50000000000000022
v 9.80265877420317899 10.22392896782859673 1.50000000000000022
v 9.76252097368756999 10.36352771069089052 1.50000000000000022
v 9.75000000000000000 10.50000000000000000 1.50000000000000000
v 9.76252097368756822 10.63647228930910771 1.50000000000000000
v 9.80265877420317722 10.77607103217140150 1.50000000000000022
v 9.83378699487768593 10.84447094479199869 1.50000000000000022
v 9.87225336658601016 10.91040731503885119 1.50000000000000022
v 9.91773510931886548 10.97272359479941706 1.50000000000000000
v 9.96966991411008863 11.03033008588990960 1.50000000000000022
v 10.02727640520057761 11.08226489068113274 1.50000000000000022
v 10.08959268496114525 11.12774663341398984 1.50000000000000022
v 10.15552905520799953 11.16621300512231585 1.50000000000000022
v 10.22392896782859673 11.19734122579682101 1.50000000000000022
v 10.36352771069089229 11.23747902631243001 1.50000000000000022
v 10.50000000000000000 11.25000000000000000 1.50000000000000000
v 10.63647228930910771 11.23747902631243178 1.50000000000000022
v 10.77607103217140327 11.19734122579682456 1.50000000000000000
v 10.84447094479200224 11.16621300512231763 1.50000000000000022
v 10.91040731503885475 11.12774663341398984 1.50000000000000022
v 10.97272359479942239 11.08226489068113096 1.50000000000000022
v 11.03033008588990960 11.03033008588990960 1.50000000000000022
v 11.08226489068113096 10.97272359479942061 1.50000000000000000
v 11.12774663341398806 10.91040731503885652 1.50000000000000000
v 11.16621300512231407 10.84447094479200224 1.49999999999999978
v 11.19734122579682456 10.77607103217140327 1.50000000000000000
v 0.00000000000000000 12.00000000000000000 1.50000000000000000
v 0.00000000000000000 0.00000000000000000 1.50000000000000000
v 12.00000000000000000 0.00000000000000000 1.50000000000000000
v 12.00000000000000000 12.00000000000000000 1.50000000000000000
v 2.23747902631243090 1.63647228930910837 1.50000000000000022
v 2.25000000000000000 1.50000000000000000 1.50000000000000000
v 2.23747902631243090 1.36352771069089185 1.49999999999999978
v 2.19734122579682234 1.22392896782859539 1.49999999999999978
v 2.16621300512231407 1.15552905520799687 1.49999999999999978
v 2.12774663341398806 1.08959268496114259 1.49999999999999978
v 2.08226489068113141 1.02727640520057673 1.49999999999999956
v 2.03033008588990960 0.96966991411008907 1.49999999999999956
v 1.97272359479942172 0.91773510931886726 1.49999999999999978
v 1.91040731503885630 0.87225336658601149 1.49999999999999978
v 1.84447094479200224 0.83378699487768548 1.49999999999999978
v 1.77607103217140483 0.80265877420317744 1.50000000000000000
v 1.63647228930910882 0.76252097368756933 1.50000000000000000
v 1.49999999999999978 0.75000000000000000 1.50000000000000000
v 1.36352771069089185 0.76252097368756933 1.50000000000000044
v 1.22392896782859562 0.80265877420317711 1.50000000000000022
v 1.15552905520799709 0.83378699487768559 1.50000000000000000
v 1.08959268496114281 0.87225336658601160 1.50000000000000000
v 1.02727640520057739 0.91773510931886748 1.50000000000000022
v 0.96966991411008985 0.96966991411008929 1.50000000000000044
v 0.91773510931886759 1.02727640520057739 1.50000000000000044
v 0.87225336658601160 1.08959268496114259 1.50000000000000022
v 0.83378699487768548 1.15552905520799709 1.50000000000000022
v 0.80265877420317744 1.22392896782859517 1.50000000000000022
v 0.76252097368756933 1.36352771069089052 1.50000000000000022
v 0.75000000000000000 1.50000000000000000 1.50000000000000000
v 0.76252097368756899 1.63647228930910749 1.50000000000000022
v 0.80265877420317677 1.77607103217140394 1.50000000000000044
v 0.83378699487768460 1.84447094479200202 1.50000000000000044
v 0.87225336658601071 1.91040731503885630 1.50000000000000044
v 0.91773510931886682 1.97272359479942216 1.50000000000000022
v 0.96966991411008829 2.03033008588991004 1.50000000000000022
v 1.02727640520057606 2.08226489068113185 1.50000000000000000
v 1.08959268496114214 2.12774663341398851 1.50000000000000000
v 1.15552905520799643 2.16621300512231407 1.49999999999999978
v 1.22392896782859451 2.19734122579682234 1.50000000000000000
v 1.36352771069089096 2.23747902631243045 1.50000000000000000
v 1.50000000000000000 2.25000000000000000 1.50000000000000000
v 1.63647228930910793 2.23747902631243045 1.49999999999999978
v 1.77607103217140416 2.19734122579682278 1.50000000000000000
v 1.84447094479200202 2.16621300512231407 1.50000000000000000
v 1.91040731503885652 2.12774663341398806 1.50000000000000000
v 1.97272359479942216 2.08226489068113185 1.50000000000000000
v 2.03033008588991004 2.03033008588991049 1.50000000000000022
v 2.08226489068113230 1.97272359479942261 1.50000000000000022
v 2.12774663341398851 1.91040731503885697 1.50000000000000022
v 2.16621300512231452 1.84447094479200224 1.50000000000000000
v 2.19734122579682323 1.77607103217140438 1.50000000000000022
v 2.23747902631243090 4.63647228930910860 1.50000000000000022
v 2.25000000000000000 4.50000000000000000 1.50000000000000000
v 2.23747902631243090 4.36352771069089229 1.49999999999999978
v 2.19734122579682234 4.22392896782859584 1.49999999999999978
v 2.16621300512231407 4.15552905520799687 1.49999999999999978
v 2.12774663341398806 4.08959268496114259 1.49999999999999978
v 2.08226489068113141 4.02727640520057584 1.49999999999999956
v 2.03033008588990960 3.96966991411008818 1.49999999999999956
v 1.97272359479942172 3.91773510931886593 1.49999999999999978
v 1.91040731503885630 3.87225336658601060 1.50000000000000000
v 1.84447094479200224 3.83378699487768504 1.50000000000000022
v 1.77607103217140483 3.80265877420317766 1.50000000000000022
v 1.63647228930910837 3.76252097368756955 1.50000000000000000
v 1.49999999999999978 3.75000000000000000 1.50000000000000000
v 1.36352771069089163 3.76252097368756999 1.50000000000000022
v 1.22392896782859584 3.80265877420317766 1.50000000000000022
v 1.15552905520799776 3.83378699487768593 1.50000000000000022
v 1.08959268496114348 3.87225336658601238 1.50000000000000022
v 1.02727640520057784 3.91773510931886815 1.50000000000000022
v 0.96966991411008974 3.96966991411008996 1.50000000000000022
v 0.91773510931886781 4.02727640520057673 1.50000000000000022
v 0.87225336658601194 4.08959268496114259 1.50000000000000000
v 0.83378699487768559 4.15552905520799687 1.49999999999999978
v 0.80265877420317744 4.22392896782859495 1.50000000000000000
v 0.76252097368756933 4.36352771069089052 1.50000000000000000
v 0.75000000000000000 4.50000000000000000 1.50000000000000000
v 0.76252097368756933 4.63647228930910860 1.50000000000000022
v 0.80265877420317722 4.77607103217140594 1.50000000000000000
v 0.83378699487768537 4.84447094479200402 1.50000000000000000
v 0.87225336658601127 4.91040731503885830 1.50000000000000000
v 0.91773510931886693 4.97272359479942327 1.49999999999999956
v 0.96966991411008840 5.03033008588991049 1.49999999999999956
v 1.02727640520057628 5.08226489068113363 1.49999999999999978
v 1.08959268496114214 5.12774663341398895 1.49999999999999978
v 1.15552905520799643 5.16621300512231496 1.50000000000000000
v 1.22392896782859473 5.19734122579682278 1.50000000000000000
v 1.36352771069089096 5.23747902631243178 1.50000000000000000
v 1.50000000000000000 5.25000000000000000 1.50000000000000000
v 1.63647228930910793 5.23747902631243001 1.49999999999999978
v 1.77607103217140416 5.19734122579682190 1.50000000000000000
v 1.84447094479200202 5.16621300512231407 1.50000000000000000
v 1.91040731503885652 5.12774663341398895 1.50000000000000000
v 1.97272359479942216 5.08226489068113096 1.50000000000000000
v 2.03033008588991004 5.03033008588990960 1.50000000000000022
v 2.08226489068113230 4.97272359479942239 1.50000000000000022
v 2.12774663341398851 4.91040731503885652 1.50000000000000022
v 2.16621300512231452 4.84447094479200135 1.50000000000000000
v 2.19734122579682323 4.77607103217140416 1.50000000000000022
v 2.23747902631243090 7.63647228930910771 1.50000000000000022
v 2.25000000000000000 7.50000000000000000 1.50000000000000000
v 2.23747902631243090 7.36352771069089229 1.49999999999999978
v 2.19734122579682234 7.22392896782859584 1.49999999999999978
v 2.16621300512231407 7.15552905520799687 1.49999999999999978
v 2.12774663341398806 7.08959268496114170 1.49999999999999978
v 2.08226489068113141 7.02727640520057584 1.49999999999999956
v 2.03033008588990960 6.96966991411008774 1.49999999999999956
v 1.97272359479942172 6.91773510931886726 1.49999999999999978
v 1.91040731503885630 6.87225336658601282 1.49999999999999978
v 1.84447094479200224 6.83378699487768593 1.49999999999999978
v 1.77607103217140483 6.80265877420317810 1.50000000000000000
v 1.63647228930910882 6.76252097368756999 1.50000000000000000
v 1.49999999999999978 6.75000000000000000 1.50000000000000000
v 1.36352771069089185 6.76252097368756999 1.50000000000000044
v 1.22392896782859562 6.80265877420317544 1.50000000000000022
v 1.15552905520799709 6.83378699487768504 1.50000000000000000
v 1.08959268496114281 6.87225336658601016 1.50000000000000000
v 1.02727640520057739 6.91773510931886548 1.50000000000000022
v 0.96966991411008985 6.96966991411008863 1.50000000000000044
v 0.91773510931886759 7.02727640520057673 1.50000000000000044
v 0.87225336658601160 7.08959268496114259 1.50000000000000022
v 0.83378699487768548 7.15552905520799598 1.50000000000000022
v 0.80265877420317744 7.22392896782859406 1.50000000000000022
v 0.76252097368756933 7.36352771069088963 1.50000000000000022
v 0.75000000000000000 7.50000000000000000 1.50000000000000000
v 0.76252097368756899 7.63647228930910771 1.50000000000000022
v 0.80265877420317677 7.77607103217140327 1.50000000000000044
v 0.83378699487768460 7.84447094479200135 1.50000000000000044
v 0.87225336658601071 7.91040731503885564 1.50000000000000044
v 0.91773510931886682 7.97272359479942150 1.50000000000000022
v 0.96966991411008829 8.03033008588990782 1.50000000000000022
v 1.02727640520057606 8.08226489068112919 1.50000000000000000
v 1.08959268496114214 8.12774663341398806 1.50000000000000000
v 1.15552905520799643 8.16621300512231230 1.49999999999999978
v 1.22392896782859451 8.19734122579682278 1.50000000000000000
v 1.36352771069089096 8.23747902631243001 1.50000000000000000
v 1.50000000000000000 8.25000000000000000 1.50000000000000000
v 1.63647228930910793 8.23747902631243178 1.49999999999999978
v 1.77607103217140416 8.19734122579682278 1.50000000000000000
v 1.84447094479200202 8.16621300512231585 1.50000000000000000
v 1.91040731503885652 8.12774663341398984 1.50000000000000000
v 1.97272359479942216 8.08226489068113274 1.50000000000000000
v 2.03033008588991004 8.03033008588990960 1.50000000000000022
v 2.08226489068113230 7.97272359479942239 1.50000000000000022
v 2.12774663341398851 7.91040731503885652 1.50000000000000022
v 2.16621300512231452 7.84447094479200135 1.50000000000000000
v 2.19734122579682323 7.77607103217140416 1.50000000000000022
v 2.23747902631243090 10.63647228930910948 1.50000000000000022
v 2.25000000000000000 10.50000000000000000 1.50000000000000000
v 2.23747902631243090 10.36352771069089407 1.49999999999999978
v 2.19734122579682234 10.22392896782859673 1.49999999999999978
v 2.16621300512231407 10.15552905520799598 1.49999999999999978
v 2.12774663341398806 10.08959268496114170 1.49999999999999978
v 2.08226489068113141 10.02727640520057406 1.49999999999999956
v 2.03033008588990960 9.96966991411008685 1.49999999999999956
v 1.97272359479942172 9.91773510931886548 1.49999999999999978
v 1.91040731503885630 9.87225336658601194 1.49999999999999978
v 1.84447094479200224 9.83378699487768415 1.49999999999999978
v 1.77607103217140483 9.80265877420317722 1.50000000000000000
v 1.63647228930910882 9.76252097368756999 1.50000000000000000
v 1.49999999999999978 9.75000000000000000 1.50000000000000000
v 1.36352771069089185 9.76252097368756999 1.50000000000000044
v 1.22392896782859562 9.80265877420317722 1.50000000000000022
v 1.15552905520799709 9.83378699487768593 1.50000000000000000
v 1.08959268496114281 9.87225336658601016 1.50000000000000000
v 1.02727640520057739 9.91773510931886726 1.50000000000000022
v 0.96966991411008985 9.96966991411009218 1.50000000000000044
v 0.91773510931886759 10.02727640520057939 1.50000000000000044
v 0.87225336658601160 10.08959268496114348 1.50000000000000022
v 0.83378699487768548 10.15552905520799598 1.50000000000000022
v 0.80265877420317744 10.22392896782859673 1.50000000000000022
v 0.76252097368756933 10.36352771069089052 1.50000000000000022
v 0.75000000000000000 10.50000000000000000 1.50000000000000000
v 0.76252097368756899 10.63647228930910771 1.50000000000000022
v 0.80265877420317677 10.77607103217140505 1.50000000000000044
v 0.83378699487768460 10.84447094479200224 1.50000000000000044
v 0.87225336658601071 10.91040731503885830 1.50000000000000044
v 0.91773510931886682 10.97272359479942061 1.50000000000000022
v 0.96966991411008829 11.03033008588990782 1.50000000000000022
v 1.02727640520057606 11.08226489068112919 1.50000000000000000
v 1.08959268496114214 11.12774663341398806 1.50000000000000000
v 1.15552905520799643 11.16621300512231230 1.49999999999999978
v 1.22392896782859451 11.19734122579682278 1.50000000000000000
v 1.36352771069089096 11.23747902631243001 1.50000000000000000
v 1.50000000000000000 11.25000000000000000 1.50000000000000000
v 1.63647228930910793 11.23747902631243001 1.49999999999999978
v 1.77607103217140416 11.19734122579682101 1.50000000000000000
v 1.84447094479200202 11.16621300512231407 1.50000000000000000
v 1.91040731503885652 11.12774663341398806 1.50000000000000000
v 1.97272359479942216 11.08226489068112919 1.50000000000000000
v 2.03033008588991004 11.03033008588990782 1.50000000000000022
v 2.08226489068113230 10.97272359479942061 1.50000000000000022
v 2.12774663341398851 10.91040731503885830 1.50000000000000022
v 2.16621300512231452 10.84447094479200224 1.50000000000000000
v 2.19734122579682323 10.77607103217140683 1.50000000000000022
v 5.23747902631243001 1.63647228930910837 1.50000000000000000
v 5.25000000000000000 1.50000000000000000 1.50000000000000000
v 5.23747902631243267 1.36352771069089207 1.50000000000000022
v 5.19734122579682278 1.22392896782859606 1.50000000000000022
v 5.16621300512231407 1.15552905520799820 1.50000000000000022
v 5.12774663341398806 1.08959268496114414 1.50000000000000022
v 5.08226489068113274 1.02727640520057828 1.50000000000000022
v 5.03033008588991049 0.96966991411009051 1.50000000000000000
v 4.97272359479942150 0.91773510931886826 1.50000000000000000
v 4.91040731503885652 0.87225336658601238 1.50000000000000000
v 4.84447094479200224 0.83378699487768615 1.49999999999999978
v 4.77607103217140505 0.80265877420317777 1.50000000000000000
v 4.63647228930910860 0.76252097368756933 1.50000000000000000
v 4.50000000000000000 0.75000000000000000 1.50000000000000000
v 4.36352771069089407 0.76252097368756899 1.50000000000000022
v 4.22392896782859761 0.80265877420317666 1.50000000000000022
v 4.15552905520799865 0.83378699487768493 1.50000000000000022
v 4.08959268496114436 0.87225336658601060 1.50000000000000022
v 4.02727640520057850 0.91773510931886670 1.50000000000000022
v 3.96966991411008996 0.96966991411008818 1.50000000000000000
v 3.91773510931886770 1.02727640520057606 1.50000000000000000
v 3.87225336658601238 1.08959268496114170 1.50000000000000000
v 3.83378699487768593 1.15552905520799598 1.49999999999999978
v 3.80265877420317722 1.22392896782859384 1.50000000000000000
v 3.76252097368756910 1.36352771069088985 1.50000000000000000
v 3.75000000000000000 1.50000000000000000 1.50000000000000000
v 3.76252097368756955 1.63647228930910749 1.50000000000000022
v 3.80265877420317677 1.77607103217140372 1.50000000000000000
v 3.83378699487768504 1.84447094479200202 1.50000000000000022
v 3.87225336658601060 1.91040731503885608 1.50000000000000000
v 3.91773510931886593 1.97272359479942216 1.50000000000000000
v 3.96966991411008818 2.03033008588991004 1.50000000000000022
v 4.02727640520057673 2.08226489068113230 1.50000000000000022
v 4.08959268496114259 2.12774663341398851 1.50000000000000022
v 4.15552905520799687 2.16621300512231452 1.50000000000000022
v 4.22392896782859406 2.19734122579682234 1.50000000000000022
v 4.36352771069089052 2.23747902631243090 1.50000000000000022
v 4.50000000000000000 2.25000000000000000 1.50000000000000000
v 4.63647228930910860 2.23747902631243090 1.49999999999999978
v 4.77607103217140327 2.19734122579682278 1.50000000000000000
v 4.84447094479200224 2.16621300512231496 1.50000000000000000
v 4.91040731503885564 2.12774663341398851 1.49999999999999978
v 4.97272359479942150 2.08226489068113274 1.49999999999999978
v 5.03033008588990960 2.03033008588991137 1.50000000000000000
v 5.08226489068113096 1.97272359479942327 1.49999999999999978
v 5.12774663341398895 1.91040731503885719 1.49999999999999978
v 5.16621300512231407 1.84447094479200269 1.49999999999999978
v 5.19734122579682278 1.77607103217140461 1.50000000000000000
v 5.23747902631243001 4.63647228930910860 1.50000000000000022
v 5.25000000000000000 4.50000000000000000 1.50000000000000000
v 5.23747902631243267 4.36352771069089318 1.50000000000000022
v 5.19734122579682367 4.22392896782859761 1.50000000000000000
v 5.16621300512231585 4.15552905520799865 1.50000000000000022
v 5.12774663341398984 4.08959268496114525 1.50000000000000022
v 5.08226489068113363 4.02727640520057939 1.50000000000000022
v 5.03033008588991226 3.96966991411009129 1.50000000000000022
v 4.97272359479942327 3.91773510931886904 1.50000000000000067
v 4.91040731503885741 3.87225336658601282 1.50000000000000067
v 4.84447094479200224 3.83378699487768637 1.50000000000000067
v 4.77607103217140416 3.80265877420317766 1.50000000000000022
v 4.63647228930910948 3.76252097368756910 1.50000000000000022
v 4.50000000000000000 3.75000000000000000 1.50000000000000000
v 4.36352771069089318 3.76252097368756955 1.50000000000000000
v 4.22392896782859761 3.80265877420317722 1.50000000000000000
v 4.15552905520799865 3.83378699487768593 1.50000000000000022
v 4.08959268496114525 3.87225336658601238 1.50000000000000022
v 4.02727640520057939 3.91773510931886859 1.50000000000000022
v 3.96966991411009129 3.96966991411008951 1.50000000000000022
v 3.91773510931886904 4.02727640520057850 1.50000000000000067
v 3.87225336658601282 4.08959268496114348 1.50000000000000067
v 3.83378699487768637 4.15552905520799776 1.50000000000000067
v 3.80265877420317766 4.22392896782859495 1.50000000000000022
v 3.76252097368756910 4.36352771069089052 1.50000000000000022
v 3.75000000000000000 4.50000000000000000 1.50000000000000000
v 3.76252097368756955 4.63647228930910771 1.50000000000000022
v 3.80265877420317677 4.77607103217140416 1.50000000000000022
v 3.83378699487768504 4.84447094479200224 1.50000000000000044
v 3.87225336658601060 4.91040731503885564 1.50000000000000022
v 3.91773510931886637 4.97272359479942239 1.50000000000000022
v 3.96966991411008863 5.03033008588991049 1.50000000000000022
v 4.02727640520057584 5.08226489068113096 1.50000000000000000
v 4.08959268496114259 5.12774663341398806 1.50000000000000000
v 4.15552905520799687 5.16621300512231496 1.49999999999999978
v 4.22392896782859495 5.19734122579682278 1.50000000000000000
v 4.36352771069089052 5.23747902631243090 1.50000000000000000
v 4.50000000000000000 5.25000000000000000 1.50000000000000000
v 4.63647228930910948 5.23747902631243001 1.50000000000000022
v 4.77607103217140505 5.19734122579682278 1.50000000000000044
v 4.84447094479200313 5.16621300512231496 1.50000000000000044
v 4.91040731503885741 5.12774663341398895 1.50000000000000022
v 4.97272359479942416 5.08226489068113274 1.50000000000000044
v 5.03033008588991137 5.03033008588991049 1.50000000000000044
v 5.08226489068113274 4.97272359479942239 1.50000000000000022
v 5.12774663341398806 4.91040731503885564 1.49999999999999978
v 5.16621300512231407 4.84447094479200135 1.50000000000000000
v 5.19734122579682278 4.77607103217140416 1.50000000000000022
v 5.23747902631243001 7.63647228930910860 1.50000000000000000
v 5.25000000000000000 7.50000000000000000 1.50000000000000000
v 5.23747902631243267 7.36352771069089318 1.50000000000000022
v 5.19734122579682367 7.22392896782859673 1.50000000000000000
v 5.16621300512231496 7.15552905520799598 1.50000000000000000
v 5.12774663341398895 7.08959268496114259 1.49999999999999978
v 5.08226489068113185 7.02727640520057584 1.49999999999999956
v 5.03033008588991049 6.96966991411008774 1.49999999999999956
v 4.97272359479942239 6.91773510931886459 1.49999999999999956
v 4.91040731503885652 6.87225336658600927 1.49999999999999956
v 4.84447094479200313 6.83378699487768504 1.49999999999999978
v 4.77607103217140505 6.80265877420317722 1.50000000000000000
v 4.63647228930910860 6.76252097368756999 1.50000000000000000
v 4.50000000000000000 6.75000000000000000 1.50000000000000000
v 4.36352771069089407 6.76252097368756910 1.50000000000000022
v 4.22392896782859761 6.80265877420317633 1.50000000000000022
v 4.15552905520799865 6.83378699487768504 1.50000000000000022
v 4.08959268496114436 6.87225336658601016 1.50000000000000022
v 4.02727640520057850 6.91773510931886726 1.50000000000000022
v 3.96966991411008996 6.96966991411008774 1.50000000000000000
v 3.91773510931886770 7.02727640520057584 1.50000000000000000
v 3.87225336658601238 7.08959268496113992 1.50000000000000000
v 3.83378699487768593 7.15552905520799509 1.49999999999999978
v 3.80265877420317722 7.22392896782859317 1.50000000000000000
v 3.76252097368756910 7.36352771069089052 1.50000000000000000
v 3.75000000000000000 7.50000000000000000 1.50000000000000000
v 3.76252097368756955 7.63647228930910771 1.49999999999999978
v 3.80265877420317677 7.77607103217140416 1.50000000000000000
v 3.83378699487768415 7.84447094479200224 1.50000000000000022
v 3.87225336658600972 7.91040731503885564 1.50000000000000000
v 3.91773510931886548 7.97272359479942150 1.50000000000000022
v 3.96966991411008818 8.03033008588990960 1.50000000000000000
v 4.02727640520057584 8.08226489068113274 1.49999999999999978
v 4.08959268496114170 8.12774663341398806 1.49999999999999978
v 4.15552905520799598 8.16621300512231407 1.49999999999999978
v 4.22392896782859406 8.19734122579682278 1.49999999999999978
v 4.36352771069089052 8.23747902631243178 1.50000000000000000
v 4.50000000000000000 8.25000000000000000 1.50000000000000000
v 4.63647228930910682 8.23747902631243001 1.50000000000000000
v 4.77607103217140416 8.19734122579682278 1.50000000000000000
v 4.84447094479200224 8.16621300512231585 1.50000000000000022
v 4.91040731503885564 8.12774663341398984 1.49999999999999978
v 4.97272359479942239 8.08226489068113452 1.50000000000000000
v 5.03033008588990871 8.03033008588991315 1.49999999999999978
v 5.08226489068113008 7.97272359479942416 1.49999999999999978
v 5.12774663341398629 7.91040731503885741 1.49999999999999978
v 5.16621300512231318 7.84447094479200313 1.50000000000000000
v 5.19734122579682190 7.77607103217140505 1.50000000000000000
v 5.23747902631243001 10.63647228930910948 1.50000000000000022
v 5.25000000000000000 10.50000000000000000 1.50000000000000000
v 5.23747902631243090 10.36352771069089407 1.49999999999999978
v 5.19734122579682278 10.22392896782859673 1.49999999999999978
v 5.16621300512231496 10.15552905520799598 1.49999999999999978
v 5.12774663341398895 10.08959268496114170 1.49999999999999978
v 5.08226489068113185 10.02727640520057406 1.49999999999999956
v 5.03033008588991049 9.96966991411008685 1.49999999999999956
v 4.97272359479942239 9.91773510931886548 1.49999999999999978
v 4.91040731503885741 9.87225336658601194 1.49999999999999978
v 4.84447094479200402 9.83378699487768415 1.49999999999999978
v 4.77607103217140594 9.80265877420317722 1.50000000000000000
v 4.63647228930910948 9.76252097368756999 1.50000000000000000
v 4.50000000000000000 9.75000000000000000 1.50000000000000000
v 4.36352771069089229 9.76252097368756999 1.50000000000000044
v 4.22392896782859673 9.80265877420317722 1.50000000000000022
v 4.15552905520799776 9.83378699487768593 1.50000000000000000
v 4.08959268496114348 9.87225336658601016 1.50000000000000000
v 4.02727640520057850 9.91773510931886726 1.50000000000000022
v 3.96966991411009174 9.96966991411009218 1.50000000000000044
v 3.91773510931886859 10.02727640520057939 1.50000000000000044
v 3.87225336658601238 10.08959268496114348 1.50000000000000022
v 3.83378699487768548 10.15552905520799598 1.50000000000000022
v 3.80265877420317722 10.22392896782859673 1.50000000000000022
v 3.76252097368756910 10.36352771069089052 1.50000000000000022
v 3.75000000000000000 10.50000000000000000 1.50000000000000000
v 3.76252097368756910 10.63647228930910771 1.50000000000000022
v 3.80265877420317677 10.77607103217140505 1.50000000000000044
v 3.83378699487768504 10.84447094479200224 1.50000000000000044
v 3.87225336658601060 10.91040731503885830 1.50000000000000044
v 3.91773510931886637 10.97272359479942061 1.50000000000000022
v 3.96966991411008907 11.03033008588990782 1.50000000000000022
v 4.02727640520057673 11.08226489068112919 1.50000000000000000
v 4.08959268496114348 11.12774663341398806 1.50000000000000000
v 4.15552905520799776 11.16621300512231230 1.49999999999999978
v 4.22392896782859584 11.19734122579682278 1.50000000000000000
v 4.36352771069089229 11.23747902631243001 1.50000000000000000
v 4.50000000000000000 11.25000000000000000 1.50000000000000000
v 4.63647228930910860 11.23747902631243001 1.49999999999999978
v 4.77607103217140416 11.19734122579682101 1.50000000000000000
v 4.84447094479200224 11.16621300512231407 1.50000000000000000
v 4.91040731503885741 11.12774663341398806 1.50000000000000000
v 4.97272359479942239 11.08226489068112919 1.50000000000000000
v 5.03033008588991049 11.03033008588990782 1.50000000000000022
v 5.08226489068113274 10.97272359479942061 1.50000000000000022
v 5.12774663341398895 10.91040731503885830 1.50000000000000022
v 5.16621300512231407 10.84447094479200224 1.50000000000000000
v 5.19734122579682278 10.77607103217140683 1.50000000000000022
v 8.23747902631243001 1.63647228930910837 1.50000000000000022
v 8.25000000000000000 1.50000000000000000 1.50000000000000000
v 8.23747902631243001 1.36352771069089185 1.50000000000000022
v 8.19734122579682101 1.22392896782859495 1.49999999999999978
v 8.16621300512231230 1.15552905520799643 1.49999999999999956
v 8.12774663341398629 1.08959268496114214 1.49999999999999978
v 8.08226489068112919 1.02727640520057673 1.49999999999999978
v 8.03033008588990782 0.96966991411008907 1.49999999999999978
v 7.97272359479942150 0.91773510931886770 1.49999999999999978
v 7.91040731503885475 0.87225336658601171 1.49999999999999978
v 7.84447094479200135 0.83378699487768548 1.50000000000000000
v 7.77607103217140416 0.80265877420317733 1.50000000000000022
v 7.63647228930910771 0.76252097368756921 1.50000000000000000
v 7.50000000000000000 0.75000000000000000 1.50000000000000000
v 7.36352771069089140 0.76252097368756933 1.50000000000000022
v 7.22392896782859406 0.80265877420317744 1.50000000000000022
v 7.15552905520799687 0.83378699487768604 1.50000000000000044
v 7.08959268496114348 0.87225336658601205 1.50000000000000044
v 7.02727640520057850 0.91773510931886826 1.50000000000000044
v 6.96966991411009218 0.96966991411008951 1.50000000000000044
v 6.91773510931886992 1.02727640520057828 1.50000000000000044
v 6.87225336658601282 1.08959268496114392 1.50000000000000022
v 6.83378699487768682 1.15552905520799820 1.50000000000000022
v 6.80265877420317722 1.22392896782859562 1.50000000000000022
v 6.76252097368756910 1.36352771069089140 1.50000000000000000
v 6.75000000000000000 1.50000000000000000 1.50000000000000000
v 6.76252097368756910 1.63647228930910904 1.50000000000000022
v 6.80265877420317899 1.77607103217140572 1.50000000000000067
v 6.83378699487768682 1.84447094479200313 1.50000000000000067
v 6.87225336658601371 1.91040731503885763 1.50000000000000044
v 6.91773510931886904 1.97272359479942350 1.50000000000000022
v 6.96966991411008951 2.03033008588991049 1.49999999999999978
v 7.02727640520057761 2.08226489068113230 1.49999999999999978
v 7.08959268496114170 2.12774663341398806 1.49999999999999978
v 7.15552905520799509 2.16621300512231407 1.50000000000000000
v 7.22392896782859406 2.19734122579682190 1.50000000000000000
v 7.36352771069089052 2.23747902631243045 1.50000000000000000
v 7.50000000000000000 2.25000000000000000 1.50000000000000000
v 7.63647228930910860 2.23747902631243045 1.49999999999999978
v 7.77607103217140594 2.19734122579682278 1.50000000000000000
v 7.84447094479200402 2.16621300512231407 1.50000000000000000
v 7.91040731503885830 2.12774663341398806 1.50000000000000000
v 7.97272359479942327 2.08226489068113185 1.50000000000000000
v 8.03033008588990960 2.03033008588991049 1.50000000000000022
v 8.08226489068113274 1.97272359479942261 1.50000000000000022
v 8.12774663341398984 1.91040731503885697 1.50000000000000022
v 8.16621300512231230 1.84447094479200224 1.50000000000000000
v 8.19734122579682278 1.77607103217140438 1.50000000000000022
v 8.23747902631243001 4.63647228930910948 1.50000000000000000
v 8.25000000000000000 4.50000000000000000 1.50000000000000000
v 8.23747902631243178 4.36352771069089140 1.49999999999999978
v 8.19734122579682278 4.22392896782859673 1.50000000000000022
v 8.16621300512231585 4.15552905520799865 1.50000000000000022
v 8.12774663341398984 4.08959268496114436 1.50000000000000022
v 8.08226489068113274 4.02727640520057761 1.50000000000000000
v 8.03033008588990960 3.96966991411008951 1.50000000000000000
v 7.97272359479942239 3.91773510931886815 1.50000000000000022
v 7.91040731503885564 3.87225336658601060 1.49999999999999978
v 7.84447094479200135 3.83378699487768504 1.50000000000000000
v 7.77607103217140416 3.80265877420317722 1.50000000000000022
v 7.63647228930910771 3.76252097368756955 1.50000000000000000
v 7.50000000000000000 3.75000000000000000 1.50000000000000000
v 7.36352771069089052 3.76252097368756910 1.49999999999999978
v 7.22392896782859761 3.80265877420317633 1.49999999999999978
v 7.15552905520799776 3.83378699487768460 1.49999999999999978
v 7.08959268496114436 3.87225336658601016 1.50000000000000000
v 7.02727640520057761 3.91773510931886593 1.49999999999999978
v 6.96966991411008951 3.96966991411008729 1.49999999999999978
v 6.91773510931886726 4.02727640520057584 1.49999999999999978
v 6.87225336658601282 4.08959268496114259 1.49999999999999978
v 6.83378699487768593 4.15552905520799687 1.49999999999999978
v 6.80265877420317810 4.22392896782859495 1.50000000000000000
v 6.76252097368756999 4.36352771069089052 1.50000000000000000
v 6.75000000000000000 4.50000000000000000 1.50000000000000000
v 6.76252097368756999 4.63647228930910682 1.50000000000000022
v 6.80265877420317544 4.77607103217140327 1.50000000000000000
v 6.83378699487768504 4.84447094479200224 1.50000000000000022
v 6.87225336658601105 4.91040731503885564 1.50000000000000000
v 6.91773510931886637 4.97272359479942239 1.50000000000000000
v 6.96966991411008774 5.03033008588990960 1.50000000000000000
v 7.02727640520057584 5.08226489068113096 1.50000000000000000
v 7.08959268496114259 5.12774663341398806 1.50000000000000000
v 7.15552905520799598 5.16621300512231496 1.49999999999999978
v 7.22392896782859406 5.19734122579682278 1.50000000000000000
v 7.36352771069089052 5.23747902631243090 1.50000000000000000
v 7.50000000000000000 5.25000000000000000 1.50000000000000000
v 7.63647228930910860 5.23747902631243267 1.50000000000000044
v 7.77607103217140594 5.19734122579682456 1.50000000000000022
v 7.84447094479200402 5.16621300512231585 1.50000000000000022
v 7.91040731503885741 5.12774663341398895 1.50000000000000022
v 7.97272359479942239 5.08226489068113274 1.50000000000000000
v 8.03033008588990960 5.03033008588991049 1.50000000000000000
v 8.08226489068113274 4.97272359479942239 1.49999999999999978
v 8.12774663341398984 4.91040731503885652 1.49999999999999978
v 8.16621300512231407 4.84447094479200224 1.49999999999999978
v 8.19734122579682278 4.77607103217140505 1.50000000000000000
v 8.23747902631243178 7.63647228930910860 1.50000000000000000
v 8.25000000000000000 7.50000000000000000 1.50000000000000000
v 8.23747902631243178 7.36352771069089318 1.50000000000000022
v 8.19734122579682278 7.22392896782859850 1.50000000000000022
v 8.16621300512231585 7.15552905520800042 1.50000000000000022
v 8.12774663341398984 7.08959268496114525 1.50000000000000022
v 8.08226489068113452 7.02727640520057939 1.50000000000000022
v 8.03033008588991315 6.96966991411009129 1.50000000000000022
v 7.97272359479942327 6.91773510931886726 1.50000000000000022
v 7.91040731503885741 6.87225336658601194 1.50000000000000044
v 7.84447094479200402 6.83378699487768593 1.50000000000000044
v 7.77607103217140416 6.80265877420317633 1.50000000000000022
v 7.63647228930910860 6.76252097368756910 1.50000000000000022
v 7.50000000000000000 6.75000000000000000 1.50000000000000000
v 7.36352771069089229 6.76252097368756910 1.50000000000000000
v 7.22392896782859761 6.80265877420317810 1.50000000000000022
v 7.15552905520799953 6.83378699487768593 1.50000000000000067
v 7.08959268496114436 6.87225336658601194 1.50000000000000044
v 7.02727640520057850 6.91773510931886637 1.50000000000000022
v 6.96966991411009218 6.96966991411008863 1.50000000000000022
v 6.91773510931886992 7.02727640520057761 1.50000000000000022
v 6.87225336658601371 7.08959268496114259 1.50000000000000022
v 6.83378699487768593 7.15552905520799687 1.50000000000000044
v 6.80265877420317633 7.22392896782859317 1.50000000000000022
v 6.76252097368756910 7.36352771069088963 1.50000000000000022
v 6.75000000000000000 7.50000000000000000 1.50000000000000000
v 6.76252097368757088 7.63647228930910682 1.50000000000000022
v 6.80265877420317810 7.77607103217140505 1.50000000000000067
v 6.83378699487768593 7.84447094479200402 1.50000000000000067
v 6.87225336658601105 7.91040731503885652 1.50000000000000022
v 6.91773510931886726 7.97272359479942239 1.50000000000000022
v 6.96966991411009040 8.03033008588990960 1.50000000000000022
v 7.02727640520057850 8.08226489068113274 1.50000000000000022
v 7.08959268496114259 8.12774663341398984 1.50000000000000022
v 7.15552905520799687 8.16621300512231585 1.50000000000000044
v 7.22392896782859317 8.19734122579682278 1.50000000000000022
v 7.36352771069088963 8.23747902631243178 1.50000000000000022
v 7.50000000000000000 8.25000000000000000 1.50000000000000000
v 7.63647228930910860 8.23747902631243178 1.50000000000000022
v 7.77607103217140416 8.19734122579682456 1.50000000000000022
v 7.84447094479200313 8.16621300512231585 1.50000000000000044
v 7.91040731503885652 8.12774663341398984 1.50000000000000022
v 7.97272359479942327 8.08226489068113452 1.50000000000000022
v 8.03033008588991137 8.03033008588991315 1.50000000000000022
v 8.08226489068113274 7.97272359479942416 1.49999999999999978
v 8.12774663341398806 7.91040731503885741 1.49999999999999978
v 8.16621300512231407 7.84447094479200313 1.49999999999999978
v 8.19734122579682278 7.77607103217140505 1.50000000000000000
v 8.23747902631243001 10.63647228930910771 1.50000000000000000
v 8.25000000000000000 10.50000000000000000 1.50000000000000000
v 8.23747902631243001 10.36352771069089407 1.49999999999999978
v 8.19734122579682278 10.22392896782859673 1.49999999999999978
v 8.16621300512231407 10.15552905520799598 1.49999999999999978
v 8.12774663341398806 10.08959268496114170 1.49999999999999978
v 8.08226489068112919 10.02727640520057406 1.49999999999999956
v 8.03033008588990782 9.96966991411008685 1.49999999999999956
v 7.97272359479942061 9.91773510931886548 1.49999999999999978
v 7.91040731503885652 9.87225336658601194 1.49999999999999978
v 7.84447094479200313 9.83378699487768415 1.49999999999999978
v 7.77607103217140505 9.80265877420317722 1.50000000000000000
v 7.63647228930910860 9.76252097368756999 1.50000000000000000
v 7.50000000000000000 9.75000000000000000 1.50000000000000000
v 7.36352771069089318 9.76252097368756999 1.50000000000000044
v 7.22392896782859584 9.80265877420317722 1.50000000000000022
v 7.15552905520799776 9.83378699487768593 1.50000000000000000
v 7.08959268496114348 9.87225336658601016 1.50000000000000000
v 7.02727640520057761 9.91773510931886726 1.50000000000000022
v 6.96966991411009129 9.96966991411009218 1.50000000000000044
v 6.91773510931886815 10.02727640520057939 1.50000000000000044
v 6.87225336658601194 10.08959268496114348 1.50000000000000022
v 6.83378699487768415 10.15552905520799598 1.50000000000000022
v 6.80265877420317722 10.22392896782859673 1.50000000000000022
v 6.76252097368756910 10.36352771069089052 1.50000000000000022
v 6.75000000000000000 10.50000000000000000 1.50000000000000000
v 6.76252097368756910 10.63647228930910771 1.50000000000000000
v 6.80265877420317633 10.77607103217140150 1.50000000000000022
v 6.83378699487768415 10.84447094479199869 1.50000000000000022
v 6.87225336658600927 10.91040731503885119 1.50000000000000022
v 6.91773510931886548 10.97272359479941706 1.50000000000000000
v 6.96966991411008685 11.03033008588990960 1.50000000000000022
v 7.02727640520057495 11.08226489068113274 1.50000000000000022
v 7.08959268496114170 11.12774663341398984 1.50000000000000022
v 7.15552905520799687 11.16621300512231585 1.50000000000000022
v 7.22392896782859406 11.19734122579682101 1.50000000000000022
v 7.36352771069089052 11.23747902631243001 1.50000000000000022
v 7.50000000000000000 11.25000000000000000 1.50000000000000000
v 7.63647228930910771 11.23747902631243178 1.50000000000000022
v 7.77607103217140416 11.19734122579682456 1.50000000000000000
v 7.84447094479200313 11.16621300512231763 1.50000000000000022
v 7.91040731503885652 11.12774663341398984 1.50000000000000022
v 7.97272359479942239 11.08226489068113096 1.50000000000000022
v 8.03033008588990960 11.03033008588990960 1.50000000000000022
v 8.08226489068113096 10.97272359479942061 1.50000000000000000
v 8.12774663341398806 10.91040731503885652 1.50000000000000000
v 8.16621300512231407 10.84447094479200224 1.49999999999999978
v 8.19734122579682278 10.77607103217140327 1.50000000000000000
v 11.23747902631243178 1.63647228930910837 1.50000000000000022
v 11.25000000000000000 1.50000000000000000 1.50000000000000000
v 11.23747902631243178 1.36352771069089185 1.49999999999999978
v 11.19734122579682101 1.22392896782859539 1.49999999999999978
v 11.16621300512231230 1.15552905520799687 1.49999999999999978
v 11.12774663341398806 1.08959268496114259 1.49999999999999978
v 11.08226489068112919 1.02727640520057673 1.49999999999999956
v 11.03033008588990427 0.96966991411008907 1.49999999999999956
v 10.97272359479941706 0.91773510931886726 1.49999999999999978
v 10.91040731503885297 0.87225336658601149 1.49999999999999978
v 10.84447094479200047 0.83378699487768548 1.49999999999999978
v 10.77607103217140327 0.80265877420317744 1.50000000000000000
v 10.63647228930910593 0.76252097368756933 1.50000000000000000
v 10.50000000000000000 0.75000000000000000 1.50000000000000000
v 10.36352771069089407 0.76252097368756933 1.50000000000000044
v 10.22392896782859673 0.80265877420317711 1.50000000000000022
v 10.15552905520799953 0.83378699487768559 1.50000000000000000
v 10.08959268496114703 0.87225336658601160 1.50000000000000000
v 10.02727640520058117 0.91773510931886748 1.50000000000000022
v 9.96966991411009573 0.96966991411008929 1.50000000000000044
v 9.91773510931887259 1.02727640520057739 1.50000000000000044
v 9.87225336658601371 1.08959268496114259 1.50000000000000022
v 9.83378699487768593 1.15552905520799709 1.50000000000000022
v 9.80265877420317899 1.22392896782859517 1.50000000000000022
v 9.76252097368756999 1.36352771069089052 1.50000000000000022
v 9.75000000000000000 1.50000000000000000 1.50000000000000000
v 9.76252097368756822 1.63647228930910749 1.50000000000000022
v 9.80265877420317722 1.77607103217140394 1.50000000000000044
v 9.83378699487768593 1.84447094479200202 1.50000000000000044
v 9.87225336658601194 1.91040731503885630 1.50000000000000044
v 9.91773510931886904 1.97272359479942216 1.50000000000000022
v 9.96966991411009040 2.03033008588991004 1.50000000000000022
v 10.02727640520057584 2.08226489068113185 1.50000000000000000
v 10.08959268496114348 2.12774663341398851 1.50000000000000000
v 10.15552905520799598 2.16621300512231407 1.49999999999999978
v 10.22392896782859673 2.19734122579682234 1.50000000000000000
v 10.36352771069089052 2.23747902631243045 1.50000000000000000
v 10.50000000000000000 2.25000000000000000 1.50000000000000000
v 10.63647228930910771 2.23747902631243045 1.49999999999999978
v 10.77607103217140327 2.19734122579682278 1.50000000000000000
v 10.84447094479200047 2.16621300512231407 1.50000000000000000
v 10.91040731503885652 2.12774663341398806 1.50000000000000000
v 10.97272359479942061 2.08226489068113185 1.50000000000000000
v 11.03033008588990782 2.03033008588991049 1.50000000000000022
v 11.08226489068113096 1.97272359479942261 1.50000000000000022
v 11.12774663341398984 1.91040731503885697 1.50000000000000022
v 11.16621300512231407 1.84447094479200224 1.50000000000000000
v 11.19734122579682456 1.77607103217140438 1.50000000000000022
v 11.23747902631243178 4.63647228930910860 1.50000000000000022
v 11.25000000000000000 4.50000000000000000 1.50000000000000000
v 11.23747902631243178 4.36352771069089229 1.49999999999999978
v 11.19734122579682101 4.22392896782859584 1.49999999999999978
v 11.16621300512231230 4.15552905520799687 1.49999999999999978
v 11.12774663341398806 4.08959268496114259 1.49999999999999978
v 11.08226489068112919 4.02727640520057584 1.49999999999999956
v 11.03033008588990427 3.96966991411008818 1.49999999999999956
v 10.97272359479941706 3.91773510931886593 1.49999999999999978
v 10.91040731503885297 3.87225336658601060 1.50000000000000000
v 10.84447094479200047 3.83378699487768504 1.50000000000000022
v 10.77607103217140505 3.80265877420317766 1.50000000000000022
v 10.63647228930910948 3.76252097368756955 1.50000000000000000
v 10.50000000000000000 3.75000000000000000 1.50000000000000000
v 10.36352771069089229 3.76252097368756999 1.50000000000000022
v 10.22392896782859850 3.80265877420317766 1.50000000000000022
v 10.15552905520799953 3.83378699487768593 1.50000000000000022
v 10.08959268496114348 3.87225336658601238 1.50000000000000022
v 10.02727640520057761 3.91773510931886815 1.50000000000000022
v 9.96966991411009218 3.96966991411008996 1.50000000000000022
v 9.91773510931886904 4.02727640520057673 1.50000000000000022
v 9.87225336658601371 4.08959268496114259 1.50000000000000000
v 9.83378699487768593 4.15552905520799687 1.49999999999999978
v 9.80265877420317722 4.22392896782859495 1.50000000000000000
v 9.76252097368756999 4.36352771069089052 1.50000000000000000
v 9.75000000000000000 4.50000000000000000 1.50000000000000000
v 9.76252097368757177 4.63647228930910860 1.50000000000000022
v 9.80265877420317899 4.77607103217140594 1.50000000000000000
v 9.83378699487768948 4.84447094479200402 1.50000000000000000
v 9.87225336658601371 4.91040731503885830 1.50000000000000000
v 9.91773510931886726 4.97272359479942327 1.49999999999999956
v 9.96966991411008863 5.03033008588991049 1.49999999999999956
v 10.02727640520057761 5.08226489068113363 1.49999999999999978
v 10.08959268496114170 5.12774663341398895 1.49999999999999978
v 10.15552905520799598 5.16621300512231496 1.50000000000000000
v 10.22392896782859495 5.19734122579682278 1.50000000000000000
v 10.36352771069089052 5.23747902631243178 1.50000000000000000
v 10.50000000000000000 5.25000000000000000 1.50000000000000000
v 10.63647228930910771 5.23747902631243001 1.49999999999999978
v 10.77607103217140327 5.19734122579682190 1.50000000000000000
v 10.84447094479200047 5.16621300512231407 1.50000000000000000
v 10.91040731503885652 5.12774663341398895 1.50000000000000000
v 10.97272359479942061 5.08226489068113096 1.50000000000000000
v 11.03033008588990782 5.03033008588990960 1.50000000000000022
v 11.08226489068113096 4.97272359479942239 1.50000000000000022
v 11.12774663341398984 4.91040731503885652 1.50000000000000022
v 11.16621300512231407 4.84447094479200135 1.50000000000000000
v 11.19734122579682456 4.77607103217140416 1.50000000000000022
v 11.23747902631243001 7.63647228930910860 1.50000000000000000
v 11.25000000000000000 7.50000000000000000 1.50000000000000000
v 11.23747902631243356 7.36352771069089318 1.50000000000000022
v 11.19734122579682456 7.22392896782859850 1.50000000000000022
v 11.16621300512231585 7.15552905520800042 1.50000000000000022
v 11.12774663341398629 7.08959268496114525 1.50000000000000022
v 11.08226489068113096 7.02727640520057939 1.50000000000000022
v 11.03033008588990782 6.96966991411009129 1.50000000000000022
v 10.97272359479941883 6.91773510931886726 1.50000000000000022
v 10.91040731503885475 6.87225336658601194 1.50000000000000044
v 10.84447094479200224 6.83378699487768593 1.50000000000000044
v 10.77607103217140327 6.80265877420317633 1.50000000000000022
v 10.63647228930910948 6.76252097368756910 1.50000000000000022
v 10.50000000000000000 6.75000000000000000 1.50000000000000000
v 10.36352771069089407 6.76252097368756910 1.50000000000000000
v 10.22392896782860028 6.80265877420317810 1.50000000000000022
v 10.15552905520800131 6.83378699487768593 1.50000000000000067
v 10.08959268496114703 6.87225336658601194 1.50000000000000044
v 10.02727640520058117 6.91773510931886637 1.50000000000000022
v 9.96966991411009573 6.96966991411008863 1.50000000000000022
v 9.91773510931887259 7.02727640520057761 1.50000000000000022
v 9.87225336658601726 7.08959268496114259 1.50000000000000022
v 9.83378699487768948 7.15552905520799687 1.50000000000000044
v 9.80265877420317899 7.22392896782859317 1.50000000000000022
v 9.76252097368756999 7.36352771069088963 1.50000000000000022
v 9.75000000000000000 7.50000000000000000 1.50000000000000000
v 9.76252097368756999 7.63647228930910682 1.50000000000000022
v 9.80265877420317899 7.77607103217140505 1.50000000000000067
v 9.83378699487768770 7.84447094479200402 1.50000000000000067
v 9.87225336658601194 7.91040731503885652 1.50000000000000022
v 9.91773510931886904 7.97272359479942239 1.50000000000000022
v 9.96966991411009040 8.03033008588990960 1.50000000000000022
v 10.02727640520057761 8.08226489068113274 1.50000000000000022
v 10.08959268496114348 8.12774663341398984 1.50000000000000022
v 10.15552905520799776 8.16621300512231585 1.50000000000000044
v 10.22392896782859317 8.19734122579682278 1.50000000000000022
v 10.36352771069089052 8.23747902631243178 1.50000000000000022
v 10.50000000000000000 8.25000000000000000 1.50000000000000000
v 10.63647228930910771 8.23747902631243178 1.50000000000000022
v 10.77607103217140683 8.19734122579682456 1.50000000000000022
v 10.84447094479200402 8.16621300512231585 1.50000000000000044
v 10.91040731503885830 8.12774663341398984 1.50000000000000022
v 10.97272359479942594 8.08226489068113452 1.50000000000000022
v 11.03033008588991493 8.03033008588991315 1.50000000000000022
v 11.08226489068113452 7.97272359479942416 1.49999999999999978
v 11.12774663341398984 7.91040731503885741 1.49999999999999978
v 11.16621300512231585 7.84447094479200313 1.49999999999999978
v 11.19734122579682278 7.77607103217140505 1.50000000000000000
f 677 630 724
f 732 3 731
f 36 1 35
f 1 34 35
f 3 730 731
f 168 2 167
f 2 166 167
f 624 4 623
f 4 622 623
f 521 448 449
f 522 448 521
f 701 532 485
f 702 532 701
f 486 701 485
f 486 700 701
f 66 137 65
f 66 136 137
f 413 244 197
f 414 244 413
f 461 292 245
f 462 292 461
f 653 484 437
f 654 484 653
f 281 208 209
f 282 208 281
f 449 520 521
f 450 520 449
f 54 269 53
f 54 268 269
f 317 148 101
f 318 148 317
f 102 317 101
f 102 316 317
f 269 100 53
f 270 100 269
f 209 280 281
f 210 280 209
f 365 196 149
f 366 196 365
f 557 388 341
f 558 388 557
f 341 556 557
f 342 556 341
f 149 364 365
f 150 364 149
f 197 412 413
f 198 412 197
f 665 592 593
f 666 592 665
f 594 665 593
f 594 664 665
f 245 460 461
f 246 460 245
f 137 64 65
f 138 64 137
f 438 653 437
f 438 652 653
f 3 729 730
f 733 3 732
f 37 1 36
f 1 33 34
f 169 2 168
f 2 165 166
f 625 4 624
f 4 621 622
f 523 448 522
f 523 447 448
f 66 135 136
f 67 135 66
f 414 243 244
f 415 243 414
f 246 459 460
f 247 459 246
f 282 207 208
f 283 207 282
f 655 484 654
f 655 483 484
f 54 267 268
f 55 267 54
f 102 315 316
f 103 315 102
f 342 555 556
f 343 555 342
f 150 363 364
f 151 363 150
f 558 387 388
f 559 387 558
f 210 279 280
f 211 279 210
f 199 412 198
f 199 411 412
f 462 291 292
f 463 291 462
f 367 196 366
f 367 195 196
f 666 591 592
f 667 591 666
f 451 520 450
f 451 519 520
f 318 147 148
f 319 147 318
f 270 99 100
f 271 99 270
f 702 531 532
f 703 531 702
f 594 663 664
f 595 663 594
f 486 699 700
f 487 699 486
f 138 63 64
f 139 63 138
f 438 651 652
f 439 651 438
f 734 3 733
f 3 728 729
f 38 1 37
f 1 32 33
f 170 2 169
f 2 164 165
f 626 4 625
f 4 620 621
f 415 242 243
f 416 242 415
f 523 446 447
f 524 446 523
f 68 135 67
f 68 134 135
f 103 314 315
f 104 314 103
f 655 482 483
f 656 482 655
f 343 554 555
f 344 554 343
f 248 459 247
f 248 458 459
f 560 387 559
f 560 386 387
f 283 206 207
f 284 206 283
f 151 362 363
f 152 362 151
f 668 591 667
f 668 590 591
f 55 266 267
f 56 266 55
f 464 291 463
f 464 290 291
f 211 278 279
f 212 278 211
f 272 99 271
f 272 98 99
f 703 530 531
f 704 530 703
f 451 518 519
f 452 518 451
f 319 146 147
f 320 146 319
f 367 194 195
f 368 194 367
f 595 662 663
f 596 662 595
f 139 62 63
f 140 62 139
f 199 410 411
f 200 410 199
f 440 651 439
f 440 650 651
f 487 698 699
f 488 698 487
f 735 3 734
f 3 727 728
f 1 31 32
f 39 1 38
f 171 2 170
f 2 163 164
f 4 619 620
f 627 4 626
f 344 553 554
f 345 553 344
f 416 241 242
f 417 241 416
f 104 313 314
f 105 313 104
f 68 133 134
f 69 133 68
f 560 385 386
f 561 385 560
f 525 446 524
f 525 445 446
f 656 481 482
f 657 481 656
f 249 458 248
f 249 457 458
f 56 265 266
f 57 265 56
f 152 361 362
f 153 361 152
f 669 590 668
f 669 589 590
f 273 98 272
f 273 97 98
f 212 277 278
f 213 277 212
f 285 206 284
f 285 205 206
f 452 517 518
f 453 517 452
f 140 61 62
f 141 61 140
f 464 289 290
f 465 289 464
f 597 662 596
f 597 661 662
f 368 193 194
f 369 193 368
f 488 697 698
f 489 697 488
f 320 145 146
f 321 145 320
f 441 650 440
f 441 649 650
f 704 529 530
f 705 529 704
f 200 409 410
f 201 409 200
f 345 552 553
f 346 552 345
f 69 132 133
f 70 132 69
f 105 312 313
f 106 312 105
f 441 648 649
f 442 648 441
f 249 456 457
f 250 456 249
f 417 240 241
f 418 240 417
f 670 589 669
f 670 588 589
f 153 360 361
f 154 360 153
f 526 445 525
f 526 444 445
f 453 516 517
f 454 516 453
f 58 265 57
f 58 264 265
f 142 61 141
f 142 60 61
f 274 97 273
f 274 96 97
f 213 276 277
f 214 276 213
f 466 289 465
f 466 288 289
f 285 204 205
f 286 204 285
f 562 385 561
f 562 384 385
f 490 697 489
f 490 696 697
f 658 481 657
f 658 480 481
f 322 145 321
f 322 144 145
f 597 660 661
f 598 660 597
f 370 193 369
f 370 192 193
f 201 408 409
f 202 408 201
f 705 528 529
f 706 528 705
f 736 3 735
f 3 726 727
f 1 30 31
f 40 1 39
f 172 2 171
f 2 162 163
f 628 4 627
f 4 618 619
f 346 551 552
f 347 551 346
f 250 455 456
f 251 455 250
f 70 131 132
f 71 131 70
f 214 275 276
f 215 275 214
f 670 587 588
f 671 587 670
f 107 312 106
f 107 311 312
f 442 647 648
f 443 647 442
f 418 239 240
f 419 239 418
f 58 263 264
f 59 263 58
f 155 360 154
f 155 359 360
f 526 443 444
f 526 647 443
f 527 647 526
f 527 646 647
f 528 646 527
f 706 646 528
f 707 646 706
f 708 646 707
f 708 645 646
f 709 645 708
f 709 644 645
f 710 644 709
f 710 643 644
f 711 643 710
f 711 642 643
f 712 642 711
f 713 642 712
f 713 641 642
f 714 641 713
f 714 640 641
f 715 640 714
f 715 639 640
f 715 638 639
f 716 638 715
f 716 637 638
f 717 637 716
f 718 637 717
f 718 636 637
f 143 60 142
f 143 59 60
f 143 263 59
f 143 262 263
f 144 262 143
f 322 262 144
f 323 262 322
f 324 262 323
f 325 262 324
f 325 261 262
f 325 260 261
f 326 260 325
f 327 260 326
f 327 259 260
f 327 258 259
f 328 258 327
f 328 257 258
f 329 257 328
f 329 256 257
f 330 256 329
f 330 255 256
f 331 255 330
f 332 255 331
f 332 254 255
f 333 254 332
f 333 253 254
f 333 252 253
f 334 252 333
f 334 251 252
f 334 455 251
f 335 455 334
f 335 454 455
f 335 516 454
f 335 515 516
f 335 514 515
f 336 514 335
f 337 514 336
f 337 513 514
f 337 512 513
f 338 512 337
f 338 511 512
f 339 511 338
f 340 511 339
f 340 510 511
f 340 509 510
f 293 509 340
f 294 509 293
f 294 508 509
f 294 507 508
f 295 507 294
f 295 506 507
f 296 506 295
f 296 505 506
f 297 505 296
f 297 504 505
f 298 504 297
f 274 95 96
f 275 95 274
f 215 95 275
f 215 94 95
f 216 94 215
f 216 93 94
f 217 93 216
f 217 92 93
f 218 92 217
f 218 91 92
f 219 91 218
f 219 90 91
f 220 90 219
f 221 90 220
f 221 89 90
f 286 203 204
f 287 203 286
f 466 287 288
f 466 203 287
f 467 203 466
f 467 202 203
f 467 408 202
f 467 407 408
f 467 406 407
f 468 406 467
f 468 405 406
f 469 405 468
f 469 404 405
f 470 404 469
f 470 403 404
f 471 403 470
f 471 402 403
f 472 402 471
f 472 401 402
f 473 401 472
f 473 400 401
f 474 400 473
f 475 400 474
f 475 399 400
f 476 399 475
f 476 398 399
f 477 398 476
f 477 397 398
f 477 396 397
f 478 396 477
f 490 695 696
f 491 695 490
f 478 395 396
f 479 395 478
f 718 635 636
f 719 635 718
f 562 383 384
f 563 383 562
f 598 659 660
f 599 659 598
f 299 504 298
f 299 503 504
f 370 191 192
f 371 191 370
f 658 479 480
f 658 395 479
f 659 395 658
f 599 395 659
f 599 394 395
f 600 394 599
f 600 393 394
f 601 393 600
f 602 393 601
f 602 392 393
f 602 391 392
f 603 391 602
f 604 391 603
f 604 390 391
f 604 389 390
f 605 389 604
f 605 436 389
f 606 436 605
f 606 435 436
f 607 435 606
f 608 435 607
f 608 434 435
f 608 433 434
f 609 433 608
f 609 432 433
f 610 432 609
f 610 431 432
f 611 431 610
f 420 239 419
f 420 238 239
f 347 550 551
f 348 550 347
f 672 587 671
f 672 586 587
f 72 131 71
f 72 130 131
f 107 310 311
f 108 310 107
f 491 694 695
f 492 694 491
f 155 358 359
f 156 358 155
f 564 383 563
f 564 382 383
f 300 503 299
f 300 502 503
f 719 634 635
f 720 634 719
f 372 191 371
f 372 190 191
f 612 431 611
f 612 430 431
f 221 88 89
f 222 88 221
f 421 238 420
f 421 237 238
f 349 550 348
f 349 549 550
f 73 130 72
f 73 129 130
f 672 585 586
f 673 585 672
f 108 309 310
f 109 309 108
f 492 693 694
f 493 693 492
f 300 501 502
f 301 501 300
f 564 381 382
f 565 381 564
f 157 358 156
f 157 357 358
f 373 190 372
f 373 189 190
f 720 633 634
f 721 633 720
f 613 430 612
f 613 429 430
f 737 3 736
f 737 2 3
f 738 2 737
f 739 2 738
f 740 2 739
f 741 2 740
f 742 2 741
f 743 2 742
f 3 725 726
f 4 725 3
f 4 772 725
f 4 771 772
f 4 770 771
f 4 769 770
f 4 768 769
f 4 767 768
f 41 1 40
f 41 4 1
f 42 4 41
f 43 4 42
f 44 4 43
f 45 4 44
f 46 4 45
f 47 4 46
f 1 29 30
f 2 29 1
f 2 28 29
f 2 27 28
f 2 26 27
f 2 25 26
f 2 24 25
f 2 23 24
f 4 617 618
f 173 2 172
f 2 161 162
f 581 4 628
f 73 128 129
f 74 128 73
f 421 236 237
f 422 236 421
f 109 308 309
f 110 308 109
f 565 380 381
f 566 380 565
f 349 548 549
f 350 548 349
f 674 585 673
f 674 584 585
f 494 693 493
f 494 692 693
f 302 501 301
f 302 500 501
f 373 188 189
f 374 188 373
f 157 356 357
f 158 356 157
f 721 632 633
f 722 632 721
f 614 429 613
f 614 428 429
f 222 87 88
f 223 87 222
f 423 236 422
f 423 235 236
f 494 691 692
f 495 691 494
f 74 127 128
f 75 127 74
f 302 499 500
f 303 499 302
f 110 307 308
f 111 307 110
f 566 379 380
f 567 379 566
f 350 547 548
f 351 547 350
f 674 583 584
f 675 583 674
f 374 187 188
f 375 187 374
f 158 355 356
f 159 355 158
f 614 427 428
f 615 427 614
f 722 631 632
f 723 631 722
f 4 616 617
f 582 4 581
f 174 2 173
f 2 160 161
f 224 87 223
f 224 86 87
f 423 234 235
f 75 126 127
f 496 691 495
f 303 498 499
f 352 547 351
f 111 306 307
f 567 378 379
f 376 187 375
f 675 582 583
f 675 4 582
f 676 4 675
f 159 354 355
f 724 631 723
f 615 426 427
f 424 234 423
f 76 126 75
f 496 690 691
f 352 546 547
f 304 498 303
f 112 306 111
f 376 186 187
f 568 378 567
f 724 630 631
f 160 354 159
f 2 354 160
f 616 426 615
f 4 426 616
f 4 425 426
f 629 4 676
f 2 353 354
f 225 86 224
f 225 85 86
f 175 2 174
f 225 84 85
f 226 84 225
f 425 234 424
f 4 234 425
f 4 233 234
f 47 233 4
f 47 232 233
f 47 231 232
f 47 230 231
f 47 229 230
f 47 228 229
f 47 227 228
f 47 226 227
f 48 226 47
f 49 226 48
f 50 226 49
f 51 226 50
f 52 226 51
f 5 226 52
f 6 226 5
f 7 226 6
f 8 226 7
f 8 84 226
f 9 84 8
f 10 84 9
f 11 84 10
f 12 84 11
f 13 84 12
f 14 84 13
f 15 84 14
f 16 84 15
f 17 84 16
f 18 84 17
f 19 84 18
f 20 84 19
f 21 84 20
f 22 84 21
f 22 83 84
f 23 83 22
f 23 82 83
f 23 81 82
f 23 80 81
f 23 79 80
f 23 78 79
f 2 78 23
f 2 77 78
f 2 76 77
f 2 126 76
f 2 125 126
f 175 125 2
f 175 124 125
f 175 123 124
f 176 123 175
f 176 122 123
f 176 121 122
f 177 121 176
f 177 120 121
f 178 120 177
f 179 120 178
f 179 119 120
f 180 119 179
f 180 118 119
f 180 117 118
f 181 117 180
f 181 116 117
f 182 116 181
f 182 115 116
f 183 115 182
f 183 114 115
f 184 114 183
f 184 113 114
f 185 113 184
f 185 112 113
f 186 112 185
f 186 306 112
f 376 306 186
f 377 306 376
f 377 305 306
f 377 304 305
f 378 304 377
f 378 498 304
f 568 498 378
f 569 498 568
f 569 497 498
f 569 496 497
f 570 496 569
f 570 690 496
f 571 690 570
f 572 690 571
f 573 690 572
f 574 690 573
f 575 690 574
f 576 690 575
f 577 690 576
f 578 690 577
f 579 690 578
f 580 690 579
f 533 690 580
f 533 689 690
f 533 688 689
f 534 688 533
f 535 688 534
f 535 687 688
f 535 686 687
f 536 686 535
f 536 685 686
f 537 685 536
f 538 685 537
f 538 684 685
f 353 546 352
f 2 546 353
f 2 545 546
f 743 545 2
f 743 544 545
f 743 543 544
f 743 542 543
f 743 541 542
f 743 540 541
f 743 539 540
f 744 539 743
f 744 538 539
f 745 538 744
f 746 538 745
f 747 538 746
f 748 538 747
f 749 538 748
f 750 538 749
f 751 538 750
f 752 538 751
f 752 684 538
f 753 684 752
f 754 684 753
f 755 684 754
f 756 684 755
f 757 684 756
f 758 684 757
f 759 684 758
f 760 684 759
f 761 684 760
f 762 684 761
f 763 684 762
f 764 684 763
f 765 684 764
f 766 684 765
f 767 684 766
f 767 683 684
f 767 682 683
f 767 681 682
f 767 680 681
f 767 679 680
f 767 678 679
f 4 678 767
f 4 677 678
f 629 677 4
f 630 677 629
f 797 750 749
f 725 774 773
f 726 725 773
f 726 773 820
f 727 726 820
f 727 820 819
f 728 727 819
f 728 819 818
f 729 728 818
f 729 818 817
f 730 729 817
f 730 817 816
f 731 730 816
f 731 816 815
f 732 731 815
f 732 815 814
f 733 732 814
f 733 814 813
f 734 733 813
f 734 813 812
f 735 734 812
f 735 812 811
f 736 735 811
f 736 811 810
f 737 736 810
f 738 737 810
f 738 810 809
f 738 809 808
f 739 738 808
f 739 808 807
f 740 739 807
f 740 807 806
f 741 740 806
f 741 806 805
f 742 741 805
f 742 805 804
f 743 742 804
f 743 804 803
f 744 743 803
f 744 803 802
f 745 744 802
f 745 802 801
f 746 745 801
f 746 801 800
f 747 746 800
f 747 800 799
f 748 747 799
f 748 799 798
f 749 748 798
f 774 725 772
f 775 774 772
f 776 775 772
f 776 772 771
f 776 771 770
f 777 776 770
f 777 770 769
f 778 777 769
f 778 769 768
f 779 778 768
f 779 768 767
f 780 779 767
f 780 767 766
f 781 780 766
f 781 766 765
f 782 781 765
f 782 765 764
f 783 782 764
f 783 764 763
f 784 783 763
f 784 763 762
f 785 784 762
f 785 762 761
f 786 785 761
f 786 761 760
f 787 786 760
f 787 760 759
f 788 787 759
f 788 759 758
f 789 788 758
f 790 789 758
f 790 758 757
f 790 757 756
f 791 790 756
f 791 756 755
f 792 791 755
f 792 755 754
f 793 792 754
f 793 754 753
f 794 793 753
f 794 753 752
f 795 794 752
f 795 752 751
f 796 795 751
f 796 751 750
f 797 796 750
f 749 798 797
f 945 898 899
f 822 843 844
f 845 822 844
f 821 999 1000
f 824 815 816
f 1001 821 1000
f 823 1407 1408
f 817 824 816
f 1409 823 1408
f 1295 1318 1294
f 1295 1317 1318
f 1019 1234 1018
f 1019 1233 1234
f 1522 1305 1306
f 1523 1305 1522
f 1307 1522 1306
f 1307 1521 1522
f 1259 1474 1258
f 1259 1473 1474
f 934 909 910
f 935 909 934
f 1174 1149 1150
f 1175 1149 1174
f 1319 1294 1318
f 1319 1293 1294
f 827 1042 826
f 827 1041 1042
f 1138 921 922
f 1139 921 1138
f 1379 1162 1378
f 1379 1161 1162
f 1163 1378 1162
f 1163 1377 1378
f 923 1138 922
f 923 1137 1138
f 1090 873 874
f 1091 873 1090
f 875 1090 874
f 875 1089 1090
f 1042 825 826
f 1043 825 1042
f 1235 1018 1234
f 1235 1017 1018
f 1271 1246 1270
f 1271 1245 1246
f 1246 1269 1270
f 1247 1269 1246
f 886 861 862
f 887 861 886
f 862 885 886
f 863 885 862
f 1151 1174 1150
f 1151 1173 1174
f 910 933 934
f 911 933 910
f 1474 1257 1258
f 1475 1257 1474
f 821 998 999
f 1002 821 1001
f 846 822 845
f 822 842 843
f 823 1406 1407
f 818 824 817
f 824 814 815
f 1410 823 1409
f 1295 1316 1317
f 1296 1316 1295
f 936 909 935
f 936 908 909
f 1019 1232 1233
f 1020 1232 1019
f 1176 1149 1175
f 1176 1148 1149
f 1259 1472 1473
f 1260 1472 1259
f 1272 1245 1271
f 1272 1244 1245
f 1140 921 1139
f 1140 968 921
f 1092 873 1091
f 1092 920 873
f 1044 825 1043
f 1044 872 825
f 1380 1161 1379
f 1380 1208 1161
f 1164 1377 1163
f 1164 1376 1377
f 1235 1064 1017
f 1236 1064 1235
f 1319 1292 1293
f 1320 1292 1319
f 827 1040 1041
f 828 1040 827
f 1308 1521 1307
f 1308 1520 1521
f 1247 1268 1269
f 1248 1268 1247
f 923 1136 1137
f 924 1136 923
f 876 1089 875
f 876 1088 1089
f 864 885 863
f 864 884 885
f 888 861 887
f 888 860 861
f 1152 1173 1151
f 1152 1172 1173
f 1523 1352 1305
f 1524 1352 1523
f 912 933 911
f 912 932 933
f 1475 1304 1257
f 1476 1304 1475
f 824 813 814
f 822 841 842
f 821 997 998
f 847 822 846
f 819 824 818
f 1003 821 1002
f 823 1405 1406
f 1411 823 1410
f 1297 1316 1296
f 1297 1315 1316
f 936 907 908
f 937 907 936
f 1141 968 1140
f 1141 967 968
f 1261 1472 1260
f 1261 1471 1472
f 1381 1208 1380
f 1381 1207 1208
f 1153 1172 1152
f 1153 1171 1172
f 1164 1375 1376
f 1165 1375 1164
f 1093 920 1092
f 1093 919 920
f 1045 872 1044
f 1045 871 872
f 1248 1267 1268
f 1249 1267 1248
f 864 883 884
f 865 883 864
f 1272 1243 1244
f 1273 1243 1272
f 1321 1292 1320
f 1321 1291 1292
f 1309 1520 1308
f 1309 1519 1520
f 1177 1148 1176
f 1177 1147 1148
f 925 1136 924
f 925 1135 1136
f 1021 1232 1020
f 1021 1231 1232
f 829 1040 828
f 829 1039 1040
f 888 859 860
f 889 859 888
f 877 1088 876
f 877 1087 1088
f 912 931 932
f 913 931 912
f 1237 1064 1236
f 1237 1063 1064
f 1476 1303 1304
f 1477 1303 1476
f 1524 1351 1352
f 1525 1351 1524
f 1004 821 1003
f 821 996 997
f 848 822 847
f 822 840 841
f 820 824 819
f 824 812 813
f 1412 823 1411
f 823 1404 1405
f 1154 1171 1153
f 1154 1170 1171
f 1382 1207 1381
f 1382 1206 1207
f 938 907 937
f 938 906 907
f 1142 967 1141
f 1142 966 967
f 1166 1375 1165
f 1166 1374 1375
f 1297 1314 1315
f 1298 1314 1297
f 1262 1471 1261
f 1262 1470 1471
f 1178 1147 1177
f 1178 1146 1147
f 1274 1243 1273
f 1274 1242 1243
f 1094 919 1093
f 1094 918 919
f 1046 871 1045
f 1046 870 871
f 1249 1266 1267
f 1250 1266 1249
f 865 882 883
f 866 882 865
f 1322 1291 1321
f 1322 1290 1291
f 914 931 913
f 914 930 931
f 889 858 859
f 890 858 889
f 1526 1351 1525
f 1526 1350 1351
f 830 1039 829
f 830 1038 1039
f 926 1135 925
f 926 1134 1135
f 1237 1062 1063
f 1238 1062 1237
f 878 1087 877
f 878 1086 1087
f 1021 1230 1231
f 1022 1230 1021
f 1310 1519 1309
f 1310 1518 1519
f 1477 1302 1303
f 1478 1302 1477
f 1154 1169 1170
f 1155 1169 1154
f 1383 1206 1382
f 1383 1205 1206
f 938 905 906
f 939 905 938
f 1143 966 1142
f 1143 965 966
f 1479 1302 1478
f 1479 1301 1302
f 1178 1145 1146
f 1179 1145 1178
f 1047 870 1046
f 1047 869 870
f 1095 918 1094
f 1095 917 918
f 866 881 882
f 867 881 866
f 1274 1241 1242
f 1275 1241 1274
f 1323 1290 1322
f 1323 1289 1290
f 1298 1313 1314
f 1299 1313 1298
f 914 929 930
f 915 929 914
f 1251 1266 1250
f 1251 1265 1266
f 1166 1373 1374
f 1167 1373 1166
f 1526 1349 1350
f 1527 1349 1526
f 1262 1469 1470
f 1263 1469 1262
f 830 1037 1038
f 831 1037 830
f 891 858 890
f 891 857 858
f 926 1133 1134
f 927 1133 926
f 1023 1230 1022
f 1023 1229 1230
f 1239 1062 1238
f 1239 1061 1062
f 878 1085 1086
f 879 1085 878
f 1310 1517 1518
f 1311 1517 1310
f 849 822 848
f 823 1403 1404
f 1005 821 1004
f 824 811 812
f 822 839 840
f 821 995 996
f 773 824 820
f 1413 823 1412
f 1155 1168 1169
f 1156 1168 1155
f 1384 1205 1383
f 1384 1204 1205
f 939 904 905
f 940 904 939
f 1276 1241 1275
f 1276 1240 1241
f 1143 964 965
f 1144 964 1143
f 868 881 867
f 868 880 881
f 1480 1301 1479
f 1480 1300 1301
f 1047 868 869
f 1047 880 868
f 1048 880 1047
f 1048 879 880
f 1048 1085 879
f 1048 1084 1085
f 1049 1084 1048
f 1049 1083 1084
f 1049 1082 1083
f 1050 1082 1049
f 1050 1081 1082
f 1051 1081 1050
f 1051 1080 1081
f 1052 1080 1051
f 1053 1080 1052
f 1053 1079 1080
f 1053 1078 1079
f 1054 1078 1053
f 1055 1078 1054
f 1055 1077 1078
f 1056 1077 1055
f 1056 1076 1077
f 1057 1076 1056
f 1057 1075 1076
f 1058 1075 1057
f 1058 1074 1075
f 1059 1074 1058
f 1059 1073 1074
f 1095 916 917
f 1096 916 1095
f 1300 1313 1299
f 1480 1313 1300
f 1480 1312 1313
f 1481 1312 1480
f 1481 1311 1312
f 1481 1517 1311
f 1481 1516 1517
f 1481 1515 1516
f 1482 1515 1481
f 1482 1514 1515
f 1483 1514 1482
f 1483 1513 1514
f 1484 1513 1483
f 1484 1512 1513
f 1485 1512 1484
f 1485 1511 1512
f 1485 1510 1511
f 1486 1510 1485
f 1486 1509 1510
f 1487 1509 1486
f 1487 1508 1509
f 1488 1508 1487
f 1489 1508 1488
f 1489 1507 1508
f 1490 1507 1489
f 1490 1506 1507
f 1490 1505 1506
f 1491 1505 1490
f 915 928 929
f 916 928 915
f 1096 928 916
f 1096 927 928
f 1096 1133 927
f 1096 1132 1133
f 1096 1131 1132
f 1097 1131 1096
f 1098 1131 1097
f 1098 1130 1131
f 1099 1130 1098
f 1099 1129 1130
f 1099 1128 1129
f 1100 1128 1099
f 1101 1128 1100
f 1101 1127 1128
f 1102 1127 1101
f 1102 1126 1127
f 1102 1125 1126
f 1103 1125 1102
f 1103 1124 1125
f 1104 1124 1103
f 1104 1123 1124
f 1105 1123 1104
f 1105 1122 1123
f 1106 1122 1105
f 1106 1121 1122
f 1107 1121 1106
f 1108 1121 1107
f 1108 1120 1121
f 1323 1288 1289
f 1324 1288 1323
f 1528 1349 1527
f 1528 1348 1349
f 1492 1505 1491
f 1492 1504 1505
f 1251 1264 1265
f 1252 1264 1251
f 1179 1144 1145
f 1179 964 1144
f 1180 964 1179
f 1181 964 1180
f 1181 963 964
f 1182 963 1181
f 1182 962 963
f 1183 962 1182
f 1183 961 962
f 1183 960 961
f 1184 960 1183
f 1185 960 1184
f 1185 959 960
f 1185 958 959
f 1186 958 1185
f 1168 1373 1167
f 1156 1373 1168
f 1156 1372 1373
f 1156 1371 1372
f 1157 1371 1156
f 1157 1370 1371
f 1158 1370 1157
f 1159 1370 1158
f 1159 1369 1370
f 1160 1369 1159
f 1160 1368 1369
f 1113 1368 1160
f 1113 1367 1368
f 1113 1366 1367
f 1114 1366 1113
f 1060 1073 1059
f 1060 1072 1073
f 832 1037 831
f 832 1036 1037
f 891 856 857
f 892 856 891
f 1240 1061 1239
f 1276 1061 1240
f 1276 1060 1061
f 1276 1072 1060
f 1277 1072 1276
f 1277 1071 1072
f 1277 1070 1071
f 1278 1070 1277
f 1279 1070 1278
f 1279 1069 1070
f 1279 1068 1069
f 1280 1068 1279
f 1280 1067 1068
f 1281 1067 1280
f 1282 1067 1281
f 1282 1066 1067
f 1282 1065 1066
f 1283 1065 1282
f 1284 1065 1283
f 1284 1112 1065
f 1284 1111 1112
f 1285 1111 1284
f 1285 1110 1111
f 1286 1110 1285
f 1286 1109 1110
f 1287 1109 1286
f 1287 1108 1109
f 1287 1120 1108
f 1288 1120 1287
f 1324 1120 1288
f 1325 1120 1324
f 1325 1119 1120
f 1325 1118 1119
f 1326 1118 1325
f 1327 1118 1326
f 1327 1117 1118
f 1328 1117 1327
f 1328 1116 1117
f 1328 1115 1116
f 1329 1115 1328
f 1330 1115 1329
f 1330 1114 1115
f 1331 1114 1330
f 1332 1114 1331
f 1332 1366 1114
f 1333 1366 1332
f 1334 1366 1333
f 1335 1366 1334
f 1336 1366 1335
f 1337 1366 1336
f 1338 1366 1337
f 1339 1366 1338
f 1340 1366 1339
f 1341 1366 1340
f 1342 1366 1341
f 1343 1366 1342
f 1343 1365 1366
f 1343 1364 1365
f 1344 1364 1343
f 1344 1363 1364
f 1345 1363 1344
f 1346 1363 1345
f 1346 1362 1363
f 1346 1361 1362
f 1347 1361 1346
f 1347 1360 1361
f 1348 1360 1347
f 1528 1360 1348
f 1529 1360 1528
f 1529 1359 1360
f 1529 1358 1359
f 1530 1358 1529
f 1530 1357 1358
f 1531 1357 1530
f 1532 1357 1531
f 1532 1356 1357
f 1533 1356 1532
f 1533 1355 1356
f 1533 1354 1355
f 1534 1354 1533
f 1263 1468 1469
f 1264 1468 1263
f 1252 1468 1264
f 1252 1467 1468
f 1253 1467 1252
f 1254 1467 1253
f 1254 1466 1467
f 1254 1465 1466
f 1255 1465 1254
f 1256 1465 1255
f 1256 1464 1465
f 1256 1463 1464
f 1209 1463 1256
f 1209 1462 1463
f 1210 1462 1209
f 1023 1228 1229
f 1024 1228 1023
f 1384 1203 1204
f 1385 1203 1384
f 940 903 904
f 941 903 940
f 893 856 892
f 893 855 856
f 1024 1227 1228
f 1025 1227 1024
f 833 1036 832
f 833 1035 1036
f 1493 1504 1492
f 1493 1503 1504
f 1535 1354 1534
f 1535 1353 1354
f 1187 958 1186
f 1187 957 958
f 1211 1462 1210
f 1211 1461 1462
f 1385 1202 1203
f 1386 1202 1385
f 941 902 903
f 942 902 941
f 893 854 855
f 894 854 893
f 1025 1226 1227
f 1026 1226 1025
f 834 1035 833
f 834 1034 1035
f 1493 1502 1503
f 1494 1502 1493
f 822 838 839
f 823 838 822
f 823 837 838
f 823 836 837
f 823 835 836
f 823 834 835
f 1414 823 1413
f 823 1402 1403
f 824 1402 823
f 824 1401 1402
f 824 1448 1401
f 824 1447 1448
f 824 1446 1447
f 824 1445 1446
f 824 1444 1445
f 774 824 773
f 824 810 811
f 821 810 824
f 821 809 810
f 821 808 809
f 821 807 808
f 821 806 807
f 821 805 806
f 821 804 805
f 1006 821 1005
f 821 994 995
f 822 994 821
f 822 993 994
f 822 992 993
f 822 991 992
f 822 990 991
f 822 989 990
f 822 988 989
f 850 822 849
f 943 902 942
f 943 901 902
f 1386 1201 1202
f 1387 1201 1386
f 1026 1225 1226
f 1027 1225 1026
f 894 853 854
f 895 853 894
f 834 1033 1034
f 1494 1501 1502
f 1495 1501 1494
f 1535 1400 1353
f 1536 1400 1535
f 1187 956 957
f 1188 956 1187
f 1211 1460 1461
f 1212 1460 1211
f 943 900 901
f 944 900 943
f 1027 1224 1225
f 1028 1224 1027
f 1388 1201 1387
f 1388 1200 1201
f 895 852 853
f 896 852 895
f 1496 1501 1495
f 1496 1500 1501
f 834 1032 1033
f 775 824 774
f 1415 823 1414
f 851 822 850
f 1007 821 1006
f 1537 1400 1536
f 1212 1459 1460
f 1189 956 1188
f 1537 1399 1400
f 1213 1459 1212
f 1189 955 956
f 945 900 944
f 1029 1224 1028
f 1388 1199 1200
f 897 852 896
f 1496 1499 1500
f 945 899 900
f 1389 1199 1388
f 1029 1223 1224
f 897 851 852
f 897 822 851
f 1449 1499 1496
f 898 822 897
f 834 1031 1032
f 823 1031 834
f 823 1030 1031
f 823 1029 1030
f 823 1223 1029
f 823 1222 1223
f 823 1221 1222
f 1415 1221 823
f 1416 1221 1415
f 1416 1220 1221
f 1416 1219 1220
f 1417 1219 1416
f 1417 1218 1219
f 1418 1218 1417
f 1418 1217 1218
f 1419 1217 1418
f 1419 1216 1217
f 1420 1216 1419
f 1421 1216 1420
f 1421 1215 1216
f 1422 1215 1421
f 1422 1214 1215
f 1423 1214 1422
f 1423 1213 1214
f 1424 1213 1423
f 1425 1213 1424
f 1426 1213 1425
f 1427 1213 1426
f 1428 1213 1427
f 1429 1213 1428
f 1429 1459 1213
f 1430 1459 1429
f 1431 1459 1430
f 1432 1459 1431
f 1433 1459 1432
f 1434 1459 1433
f 1435 1459 1434
f 1436 1459 1435
f 1437 1459 1436
f 1438 1459 1437
f 1439 1459 1438
f 1440 1459 1439
f 1441 1459 1440
f 1441 1458 1459
f 1442 1458 1441
f 1442 1457 1458
f 1443 1457 1442
f 1444 1457 1443
f 1444 1456 1457
f 1444 1455 1456
f 1444 1454 1455
f 1444 1453 1454
f 1444 1452 1453
f 1537 1398 1399
f 1538 1398 1537
f 1189 954 955
f 1190 954 1189
f 1444 1451 1452
f 824 1451 1444
f 824 1450 1451
f 824 1449 1450
f 824 1499 1449
f 824 1498 1499
f 824 1497 1498
f 775 1497 824
f 776 1497 775
f 776 1544 1497
f 777 1544 776
f 777 1543 1544
f 777 1542 1543
f 778 1542 777
f 779 1542 778
f 779 1541 1542
f 779 1540 1541
f 780 1540 779
f 780 1539 1540
f 781 1539 780
f 781 1538 1539
f 782 1538 781
f 783 1538 782
f 784 1538 783
f 785 1538 784
f 786 1538 785
f 787 1538 786
f 788 1538 787
f 789 1538 788
f 789 1398 1538
f 790 1398 789
f 791 1398 790
f 792 1398 791
f 793 1398 792
f 794 1398 793
f 795 1398 794
f 796 1398 795
f 797 1398 796
f 798 1398 797
f 799 1398 798
f 800 1398 799
f 801 1398 800
f 802 1398 801
f 803 1398 802
f 803 1397 1398
f 803 1396 1397
f 804 1396 803
f 804 1395 1396
f 804 1394 1395
f 804 1393 1394
f 804 1392 1393
f 804 1391 1392
f 821 1391 804
f 821 1390 1391
f 821 1389 1390
f 821 1199 1389
f 821 1198 1199
f 821 1197 1198
f 1007 1197 821
f 1007 1196 1197
f 1008 1196 1007
f 1008 1195 1196
f 1009 1195 1008
f 1009 1194 1195
f 1010 1194 1009
f 1010 1193 1194
f 1011 1193 1010
f 1012 1193 1011
f 1012 1192 1193
f 1012 1191 1192
f 1013 1191 1012
f 1014 1191 1013
f 1014 1190 1191
f 1015 1190 1014
f 1016 1190 1015
f 969 1190 1016
f 970 1190 969
f 971 1190 970
f 972 1190 971
f 973 1190 972
f 973 954 1190
f 974 954 973
f 975 954 974
f 976 954 975
f 977 954 976
f 978 954 977
f 979 954 978
f 980 954 979
f 981 954 980
f 982 954 981
f 983 954 982
f 984 954 983
f 985 954 984
f 986 954 985
f 987 954 986
f 987 953 954
f 987 952 953
f 988 952 987
f 988 951 952
f 988 950 951
f 988 949 950
f 988 948 949
f 988 947 948
f 822 947 988
f 822 946 947
f 898 946 822
f 898 945 946
f 1498 677 724
f 677 1498 1497
f 678 677 1497
f 678 1497 1544
f 679 678 1544
f 679 1544 1543
f 680 679 1543
f 680 1543 1542
f 681 680 1542
f 681 1542 1541
f 682 681 1541
f 682 1541 1540
f 683 682 1540
f 683 1540 1539
f 684 683 1539
f 684 1539 1538
f 685 684 1538
f 685 1538 1537
f 686 685 1537
f 686 1537 1536
f 687 686 1536
f 687 1536 1535
f 688 687 1535
f 688 1535 1534
f 689 688 1534
f 689 1534 1533
f 690 689 1533
f 690 1533 1532
f 691 690 1532
f 691 1532 1531
f 692 691 1531
f 692 1531 1530
f 693 692 1530
f 693 1530 1529
f 694 693 1529
f 694 1529 1528
f 695 694 1528
f 695 1528 1527
f 696 695 1527
f 696 1527 1526
f 697 696 1526
f 697 1526 1525
f 698 697 1525
f 698 1525 1524
f 699 698 1524
f 699 1524 1523
f 700 699 1523
f 700 1523 1522
f 701 700 1522
f 702 701 1522
f 702 1522 1521
f 702 1521 1520
f 703 702 1520
f 703 1520 1519
f 704 703 1519
f 704 1519 1518
f 705 704 1518
f 705 1518 1517
f 706 705 1517
f 706 1517 1516
f 707 706 1516
f 707 1516 1515
f 708 707 1515
f 708 1515 1514
f 709 708 1514
f 710 709 1514
f 710 1514 1513
f 710 1513 1512
f 711 710 1512
f 711 1512 1511
f 712 711 1511
f 712 1511 1510
f 713 712 1510
f 713 1510 1509
f 714 713 1509
f 715 714 1509
f 715 1509 1508
f 715 1508 1507
f 716 715 1507
f 717 716 1507
f 717 1507 1506
f 717 1506 1505
f 718 717 1505
f 718 1505 1504
f 719 718 1504
f 719 1504 1503
f 720 719 1503
f 720 1503 1502
f 721 720 1502
f 721 1502 1501
f 722 721 1501
f 723 722 1501
f 723 1501 1500
f 723 1500 1499
f 724 723 1499
f 724 1499 1498
f 1450 629 676
f 629 1450 1449
f 630 629 1449
f 630 1449 1496
f 631 630 1496
f 631 1496 1495
f 632 631 1495
f 632 1495 1494
f 633 632 1494
f 633 1494 1493
f 634 633 1493
f 634 1493 1492
f 635 634 1492
f 636 635 1492
f 636 1492 1491
f 636 1491 1490
f 637 636 1490
f 637 1490 1489
f 638 637 1489
f 638 1489 1488
f 639 638 1488
f 639 1488 1487
f 640 639 1487
f 640 1487 1486
f 641 640 1486
f 641 1486 1485
f 642 641 1485
f 642 1485 1484
f 643 642 1484
f 643 1484 1483
f 644 643 1483
f 644 1483 1482
f 645 644 1482
f 645 1482 1481
f 646 645 1481
f 646 1481 1480
f 647 646 1480
f 647 1480 1479
f 648 647 1479
f 648 1479 1478
f 649 648 1478
f 649 1478 1477
f 650 649 1477
f 651 650 1477
f 651 1477 1476
f 651 1476 1475
f 652 651 1475
f 652 1475 1474
f 653 652 1474
f 653 1474 1473
f 654 653 1473
f 654 1473 1472
f 655 654 1472
f 655 1472 1471
f 656 655 1471
f 656 1471 1470
f 657 656 1470
f 657 1470 1469
f 658 657 1469
f 658 1469 1468
f 659 658 1468
f 659 1468 1467
f 660 659 1467
f 660 1467 1466
f 661 660 1466
f 662 661 1466
f 662 1466 1465
f 662 1465 1464
f 663 662 1464
f 663 1464 1463
f 664 663 1463
f 664 1463 1462
f 665 664 1462
f 665 1462 1461
f 666 665 1461
f 667 666 1461
f 667 1461 1460
f 667 1460 1459
f 668 667 1459
f 668 1459 1458
f 669 668 1458
f 669 1458 1457
f 670 669 1457
f 670 1457 1456
f 671 670 1456
f 671 1456 1455
f 672 671 1455
f 672 1455 1454
f 673 672 1454
f 673 1454 1453
f 674 673 1453
f 674 1453 1452
f 675 674 1452
f 676 675 1452
f 676 1452 1451
f 676 1451 1450
f 1402 581 628
f 581 1402 1401
f 582 581 1401
f 582 1401 1448
f 583 582 1448
f 583 1448 1447
f 584 583 1447
f 584 1447 1446
f 585 584 1446
f 585 1446 1445
f 586 585 1445
f 586 1445 1444
f 587 586 1444
f 588 587 1444
f 588 1444 1443
f 588 1443 1442
f 589 588 1442
f 589 1442 1441
f 590 589 1441
f 590 1441 1440
f 591 590 1440
f 591 1440 1439
f 592 591 1439
f 592 1439 1438
f 593 592 1438
f 593 1438 1437
f 594 593 1437
f 594 1437 1436
f 595 594 1436
f 595 1436 1435
f 596 595 1435
f 596 1435 1434
f 597 596 1434
f 597 1434 1433
f 598 597 1433
f 598 1433 1432
f 599 598 1432
f 599 1432 1431
f 600 599 1431
f 600 1431 1430
f 601 600 1430
f 601 1430 1429
f 602 601 1429
f 602 1429 1428
f 603 602 1428
f 603 1428 1427
f 604 603 1427
f 604 1427 1426
f 605 604 1426
f 605 1426 1425
f 606 605 1425
f 606 1425 1424
f 607 606 1424
f 607 1424 1423
f 608 607 1423
f 608 1423 1422
f 609 608 1422
f 609 1422 1421
f 610 609 1421
f 610 1421 1420
f 611 610 1420
f 611 1420 1419
f 612 611 1419
f 612 1419 1418
f 613 612 1418
f 614 613 1418
f 614 1418 1417
f 614 1417 1416
f 615 614 1416
f 615 1416 1415
f 616 615 1415
f 616 1415 1414
f 617 616 1414
f 618 617 1414
f 618 1414 1413
f 618 1413 1412
f 619 618 1412
f 619 1412 1411
f 620 619 1411
f 620 1411 1410
f 621 620 1410
f 621 1410 1409
f 622 621 1409
f 622 1409 1408
f 623 622 1408
f 623 1408 1407
f 624 623 1407
f 624 1407 1406
f 625 624 1406
f 625 1406 1405
f 626 625 1405
f 626 1405 1404
f 627 626 1404
f 628 627 1404
f 628 1404 1403
f 628 1403 1402
f 1377 558 557
f 533 1354 1353
f 534 533 1353
f 534 1353 1400
f 535 534 1400
f 535 1400 1399
f 536 535 1399
f 536 1399 1398
f 537 536 1398
f 537 1398 1397
f 538 537 1397
f 538 1397 1396
f 539 538 1396
f 539 1396 1395
f 540 539 1395
f 540 1395 1394
f 541 540 1394
f 541 1394 1393
f 542 541 1393
f 542 1393 1392
f 543 542 1392
f 543 1392 1391
f 544 543 1391
f 544 1391 1390
f 545 544 1390
f 546 545 1390
f 546 1390 1389
f 546 1389 1388
f 547 546 1388
f 547 1388 1387
f 548 547 1387
f 548 1387 1386
f 549 548 1386
f 549 1386 1385
f 550 549 1385
f 550 1385 1384
f 551 550 1384
f 551 1384 1383
f 552 551 1383
f 552 1383 1382
f 553 552 1382
f 553 1382 1381
f 554 553 1381
f 554 1381 1380
f 555 554 1380
f 555 1380 1379
f 556 555 1379
f 556 1379 1378
f 557 556 1378
f 1354 533 580
f 1355 1354 580
f 1356 1355 580
f 1356 580 579
f 1356 579 578
f 1357 1356 578
f 1357 578 577
f 1358 1357 577
f 1358 577 576
f 1359 1358 576
f 1359 576 575
f 1360 1359 575
f 1360 575 574
f 1361 1360 574
f 1361 574 573
f 1362 1361 573
f 1362 573 572
f 1363 1362 572
f 1363 572 571
f 1364 1363 571
f 1364 571 570
f 1365 1364 570
f 1365 570 569
f 1366 1365 569
f 1366 569 568
f 1367 1366 568
f 1367 568 567
f 1368 1367 567
f 1368 567 566
f 1369 1368 566
f 1370 1369 566
f 1370 566 565
f 1370 565 564
f 1371 1370 564
f 1371 564 563
f 1372 1371 563
f 1372 563 562
f 1373 1372 562
f 1373 562 561
f 1374 1373 561
f 1374 561 560
f 1375 1374 560
f 1375 560 559
f 1376 1375 559
f 1376 559 558
f 1377 1376 558
f 557 1378 1377
f 1306 485 532
f 485 1306 1305
f 486 485 1305
f 486 1305 1352
f 487 486 1352
f 487 1352 1351
f 488 487 1351
f 488 1351 1350
f 489 488 1350
f 489 1350 1349
f 490 489 1349
f 490 1349 1348
f 491 490 1348
f 491 1348 1347
f 492 491 1347
f 492 1347 1346
f 493 492 1346
f 493 1346 1345
f 494 493 1345
f 494 1345 1344
f 495 494 1344
f 495 1344 1343
f 496 495 1343
f 496 1343 1342
f 497 496 1342
f 497 1342 1341
f 498 497 1341
f 498 1341 1340
f 499 498 1340
f 499 1340 1339
f 500 499 1339
f 500 1339 1338
f 501 500 1338
f 501 1338 1337
f 502 501 1337
f 502 1337 1336
f 503 502 1336
f 503 1336 1335
f 504 503 1335
f 504 1335 1334
f 505 504 1334
f 505 1334 1333
f 506 505 1333
f 506 1333 1332
f 507 506 1332
f 507 1332 1331
f 508 507 1331
f 508 1331 1330
f 509 508 1330
f 510 509 1330
f 510 1330 1329
f 510 1329 1328
f 511 510 1328
f 511 1328 1327
f 512 511 1327
f 512 1327 1326
f 513 512 1326
f 513 1326 1325
f 514 513 1325
f 514 1325 1324
f 515 514 1324
f 515 1324 1323
f 516 515 1323
f 516 1323 1322
f 517 516 1322
f 518 517 1322
f 518 1322 1321
f 518 1321 1320
f 519 518 1320
f 519 1320 1319
f 520 519 1319
f 520 1319 1318
f 521 520 1318
f 521 1318 1317
f 522 521 1317
f 523 522 1317
f 523 1317 1316
f 523 1316 1315
f 524 523 1315
f 525 524 1315
f 525 1315 1314
f 525 1314 1313
f 526 525 1313
f 526 1313 1312
f 527 526 1312
f 527 1312 1311
f 528 527 1311
f 528 1311 1310
f 529 528 1310
f 529 1310 1309
f 530 529 1309
f 531 530 1309
f 531 1309 1308
f 531 1308 1307
f 532 531 1307
f 532 1307 1306
f 1258 437 484
f 437 1258 1257
f 438 437 1257
f 438 1257 1304
f 439 438 1304
f 439 1304 1303
f 440 439 1303
f 440 1303 1302
f 441 440 1302
f 441 1302 1301
f 442 441 1301
f 442 1301 1300
f 443 442 1300
f 444 443 1300
f 444 1300 1299
f 444 1299 1298
f 445 444 1298
f 445 1298 1297
f 446 445 1297
f 446 1297 1296
f 447 446 1296
f 447 1296 1295
f 448 447 1295
f 448 1295 1294
f 449 448 1294
f 449 1294 1293
f 450 449 1293
f 450 1293 1292
f 451 450 1292
f 451 1292 1291
f 452 451 1291
f 452 1291 1290
f 453 452 1290
f 453 1290 1289
f 454 453 1289
f 454 1289 1288
f 455 454 1288
f 455 1288 1287
f 456 455 1287
f 456 1287 1286
f 457 456 1286
f 457 1286 1285
f 458 457 1285
f 458 1285 1284
f 459 458 1284
f 459 1284 1283
f 460 459 1283
f 460 1283 1282
f 461 460 1282
f 461 1282 1281
f 462 461 1281
f 462 1281 1280
f 463 462 1280
f 463 1280 1279
f 464 463 1279
f 464 1279 1278
f 465 464 1278
f 465 1278 1277
f 466 465 1277
f 466 1277 1276
f 467 466 1276
f 467 1276 1275
f 468 467 1275
f 468 1275 1274
f 469 468 1274
f 469 1274 1273
f 470 469 1273
f 470 1273 1272
f 471 470 1272
f 471 1272 1271
f 472 471 1271
f 472 1271 1270
f 473 472 1270
f 473 1270 1269
f 474 473 1269
f 475 474 1269
f 475 1269 1268
f 475 1268 1267
f 476 475 1267
f 476 1267 1266
f 477 476 1266
f 478 477 1266
f 478 1266 1265
f 478 1265 1264
f 479 478 1264
f 479 1264 1263
f 480 479 1263
f 480 1263 1262
f 481 480 1262
f 481 1262 1261
f 482 481 1261
f 482 1261 1260
f 483 482 1260
f 483 1260 1259
f 484 483 1259
f 484 1259 1258
f 1210 389 436
f 389 1210 1209
f 390 389 1209
f 390 1209 1256
f 391 390 1256
f 391 1256 1255
f 392 391 1255
f 392 1255 1254
f 393 392 1254
f 393 1254 1253
f 394 393 1253
f 394 1253 1252
f 395 394 1252
f 396 395 1252
f 396 1252 1251
f 396 1251 1250
f 397 396 1250
f 397 1250 1249
f 398 397 1249
f 398 1249 1248
f 399 398 1248
f 399 1248 1247
f 400 399 1247
f 400 1247 1246
f 401 400 1246
f 401 1246 1245
f 402 401 1245
f 402 1245 1244
f 403 402 1244
f 403 1244 1243
f 404 403 1243
f 404 1243 1242
f 405 404 1242
f 405 1242 1241
f 406 405 1241
f 406 1241 1240
f 407 406 1240
f 407 1240 1239
f 408 407 1239
f 408 1239 1238
f 409 408 1238
f 409 1238 1237
f 410 409 1237
f 410 1237 1236
f 411 410 1236
f 411 1236 1235
f 412 411 1235
f 412 1235 1234
f 413 412 1234
f 413 1234 1233
f 414 413 1233
f 414 1233 1232
f 415 414 1232
f 415 1232 1231
f 416 415 1231
f 416 1231 1230
f 417 416 1230
f 417 1230 1229
f 418 417 1229
f 418 1229 1228
f 419 418 1228
f 419 1228 1227
f 420 419 1227
f 420 1227 1226
f 421 420 1226
f 421 1226 1225
f 422 421 1225
f 423 422 1225
f 423 1225 1224
f 423 1224 1223
f 424 423 1223
f 424 1223 1222
f 425 424 1222
f 425 1222 1221
f 426 425 1221
f 427 426 1221
f 427 1221 1220
f 427 1220 1219
f 428 427 1219
f 428 1219 1218
f 429 428 1218
f 429 1218 1217
f 430 429 1217
f 430 1217 1216
f 431 430 1216
f 431 1216 1215
f 432 431 1215
f 432 1215 1214
f 433 432 1214
f 433 1214 1213
f 434 433 1213
f 434 1213 1212
f 435 434 1212
f 436 435 1212
f 436 1212 1211
f 436 1211 1210
f 1162 341 388
f 341 1162 1161
f 342 341 1161
f 342 1161 1208
f 343 342 1208
f 343 1208 1207
f 344 343 1207
f 344 1207 1206
f 345 344 1206
f 345 1206 1205
f 346 345 1205
f 346 1205 1204
f 347 346 1204
f 348 347 1204
f 348 1204 1203
f 348 1203 1202
f 349 348 1202
f 349 1202 1201
f 350 349 1201
f 350 1201 1200
f 351 350 1200
f 351 1200 1199
f 352 351 1199
f 352 1199 1198
f 353 352 1198
f 353 1198 1197
f 354 353 1197
f 354 1197 1196
f 355 354 1196
f 355 1196 1195
f 356 355 1195
f 356 1195 1194
f 357 356 1194
f 357 1194 1193
f 358 357 1193
f 358 1193 1192
f 359 358 1192
f 359 1192 1191
f 360 359 1191
f 360 1191 1190
f 361 360 1190
f 361 1190 1189
f 362 361 1189
f 362 1189 1188
f 363 362 1188
f 363 1188 1187
f 364 363 1187
f 364 1187 1186
f 365 364 1186
f 365 1186 1185
f 366 365 1185
f 366 1185 1184
f 367 366 1184
f 367 1184 1183
f 368 367 1183
f 368 1183 1182
f 369 368 1182
f 369 1182 1181
f 370 369 1181
f 370 1181 1180
f 371 370 1180
f 371 1180 1179
f 372 371 1179
f 372 1179 1178
f 373 372 1178
f 374 373 1178
f 374 1178 1177
f 374 1177 1176
f 375 374 1176
f 375 1176 1175
f 376 375 1175
f 376 1175 1174
f 377 376 1174
f 378 377 1174
f 378 1174 1173
f 378 1173 1172
f 379 378 1172
f 379 1172 1171
f 380 379 1171
f 380 1171 1170
f 381 380 1170
f 381 1170 1169
f 382 381 1169
f 382 1169 1168
f 383 382 1168
f 383 1168 1167
f 384 383 1167
f 384 1167 1166
f 385 384 1166
f 385 1166 1165
f 386 385 1165
f 386 1165 1164
f 387 386 1164
f 388 387 1164
f 388 1164 1163
f 388 1163 1162
f 1125 330 329
f 293 1114 1113
f 294 293 1113
f 294 1113 1160
f 295 294 1160
f 295 1160 1159
f 296 295 1159
f 296 1159 1158
f 297 296 1158
f 297 1158 1157
f 298 297 1157
f 298 1157 1156
f 299 298 1156
f 299 1156 1155
f 300 299 1155
f 300 1155 1154
f 301 300 1154
f 301 1154 1153
f 302 301 1153
f 302 1153 1152
f 303 302 1152
f 303 1152 1151
f 304 303 1151
f 304 1151 1150
f 305 304 1150
f 305 1150 1149
f 306 305 1149
f 306 1149 1148
f 307 306 1148
f 307 1148 1147
f 308 307 1147
f 308 1147 1146
f 309 308 1146
f 309 1146 1145
f 310 309 1145
f 310 1145 1144
f 311 310 1144
f 311 1144 1143
f 312 311 1143
f 312 1143 1142
f 313 312 1142
f 313 1142 1141
f 314 313 1141
f 314 1141 1140
f 315 314 1140
f 315 1140 1139
f 316 315 1139
f 316 1139 1138
f 317 316 1138
f 317 1138 1137
f 318 317 1137
f 319 318 1137
f 319 1137 1136
f 319 1136 1135
f 320 319 1135
f 320 1135 1134
f 321 320 1134
f 321 1134 1133
f 322 321 1133
f 323 322 1133
f 323 1133 1132
f 323 1132 1131
f 324 323 1131
f 324 1131 1130
f 325 324 1130
f 325 1130 1129
f 326 325 1129
f 326 1129 1128
f 327 326 1128
f 328 327 1128
f 328 1128 1127
f 328 1127 1126
f 329 328 1126
f 1114 293 340
f 1115 1114 340
f 1115 340 339
f 1116 1115 339
f 1116 339 338
f 1117 1116 338
f 1117 338 337
f 1118 1117 337
f 1118 337 336
f 1119 1118 336
f 1119 336 335
f 1120 1119 335
f 1120 335 334
f 1121 1120 334
f 1122 1121 334
f 1122 334 333
f 1122 333 332
f 1123 1122 332
f 1123 332 331
f 1124 1123 331
f 1124 331 330
f 1125 1124 330
f 329 1126 1125
f 269 268 1091
f 245 1066 1065
f 246 245 1065
f 246 1065 1112
f 247 246 1112
f 247 1112 1111
f 248 247 1111
f 248 1111 1110
f 249 248 1110
f 249 1110 1109
f 250 249 1109
f 250 1109 1108
f 251 250 1108
f 251 1108 1107
f 252 251 1107
f 252 1107 1106
f 253 252 1106
f 253 1106 1105
f 254 253 1105
f 254 1105 1104
f 255 254 1104
f 255 1104 1103
f 256 255 1103
f 256 1103 1102
f 257 256 1102
f 257 1102 1101
f 258 257 1101
f 258 1101 1100
f 259 258 1100
f 259 1100 1099
f 260 259 1099
f 260 1099 1098
f 261 260 1098
f 261 1098 1097
f 262 261 1097
f 262 1097 1096
f 263 262 1096
f 263 1096 1095
f 264 263 1095
f 264 1095 1094
f 265 264 1094
f 265 1094 1093
f 266 265 1093
f 266 1093 1092
f 267 266 1092
f 267 1092 1091
f 268 267 1091
f 1067 1066 245
f 1067 245 292
f 1067 292 291
f 1068 1067 291
f 1068 291 290
f 1069 1068 290
f 1070 1069 290
f 1070 290 289
f 1070 289 288
f 1071 1070 288
f 1071 288 287
f 1072 1071 287
f 1072 287 286
f 1073 1072 286
f 1073 286 285
f 1074 1073 285
f 1074 285 284
f 1075 1074 284
f 1075 284 283
f 1076 1075 283
f 1076 283 282
f 1077 1076 282
f 1077 282 281
f 1078 1077 281
f 1078 281 280
f 1079 1078 280
f 1079 280 279
f 1080 1079 279
f 1080 279 278
f 1081 1080 278
f 1081 278 277
f 1082 1081 277
f 1082 277 276
f 1083 1082 276
f 1083 276 275
f 1084 1083 275
f 1084 275 274
f 1085 1084 274
f 1085 274 273
f 1086 1085 273
f 1086 273 272
f 1087 1086 272
f 1087 272 271
f 1088 1087 271
f 1088 271 270
f 1089 1088 270
f 1090 1089 270
f 1090 270 269
f 1091 1090 269
f 210 209 1054
f 197 1018 1017
f 198 197 1017
f 198 1017 1064
f 199 198 1064
f 199 1064 1063
f 200 199 1063
f 200 1063 1062
f 201 200 1062
f 201 1062 1061
f 202 201 1061
f 202 1061 1060
f 203 202 1060
f 203 1060 1059
f 204 203 1059
f 204 1059 1058
f 205 204 1058
f 205 1058 1057
f 206 205 1057
f 206 1057 1056
f 207 206 1056
f 207 1056 1055
f 208 207 1055
f 208 1055 1054
f 209 208 1054
f 1019 1018 197
f 1019 197 244
f 1019 244 243
f 1020 1019 243
f 1021 1020 243
f 1021 243 242
f 1021 242 241
f 1022 1021 241
f 1023 1022 241
f 1023 241 240
f 1023 240 239
f 1024 1023 239
f 1024 239 238
f 1025 1024 238
f 1025 238 237
f 1026 1025 237
f 1027 1026 237
f 1027 237 236
f 1028 1027 236
f 1028 236 235
f 1028 235 234
f 1029 1028 234
f 1029 234 233
f 1030 1029 233
f 1031 1030 233
f 1031 233 232
f 1031 232 231
f 1032 1031 231
f 1032 231 230
f 1033 1032 230
f 1033 230 229
f 1034 1033 229
f 1034 229 228
f 1035 1034 228
f 1035 228 227
f 1036 1035 227
f 1037 1036 227
f 1037 227 226
f 1037 226 225
f 1038 1037 225
f 1038 225 224
f 1039 1038 224
f 1039 224 223
f 1040 1039 223
f 1041 1040 223
f 1041 223 222
f 1041 222 221
f 1042 1041 221
f 1042 221 220
f 1043 1042 220
f 1043 220 219
f 1044 1043 219
f 1044 219 218
f 1045 1044 218
f 1045 218 217
f 1046 1045 217
f 1046 217 216
f 1047 1046 216
f 1047 216 215
f 1048 1047 215
f 1048 215 214
f 1049 1048 214
f 1049 214 213
f 1050 1049 213
f 1050 213 212
f 1051 1050 212
f 1051 212 211
f 1052 1051 211
f 1052 211 210
f 1053 1052 210
f 1054 1053 210
f 970 149 196
f 149 970 969
f 150 149 969
f 150 969 1016
f 151 150 1016
f 151 1016 1015
f 152 151 1015
f 152 1015 1014
f 153 152 1014
f 153 1014 1013
f 154 153 1013
f 154 1013 1012
f 155 154 1012
f 156 155 1012
f 156 1012 1011
f 156 1011 1010
f 157 156 1010
f 157 1010 1009
f 158 157 1009
f 158 1009 1008
f 159 158 1008
f 159 1008 1007
f 160 159 1007
f 160 1007 1006
f 161 160 1006
f 161 1006 1005
f 162 161 1005
f 162 1005 1004
f 163 162 1004
f 163 1004 1003
f 164 163 1003
f 164 1003 1002
f 165 164 1002
f 165 1002 1001
f 166 165 1001
f 166 1001 1000
f 167 166 1000
f 167 1000 999
f 168 167 999
f 168 999 998
f 169 168 998
f 169 998 997
f 170 169 997
f 170 997 996
f 171 170 996
f 171 996 995
f 172 171 995
f 172 995 994
f 173 172 994
f 173 994 993
f 174 173 993
f 174 993 992
f 175 174 992
f 175 992 991
f 176 175 991
f 176 991 990
f 177 176 990
f 177 990 989
f 178 177 989
f 178 989 988
f 179 178 988
f 179 988 987
f 180 179 987
f 180 987 986
f 181 180 986
f 182 181 986
f 182 986 985
f 182 985 984
f 183 182 984
f 183 984 983
f 184 183 983
f 184 983 982
f 185 184 982
f 186 185 982
f 186 982 981
f 186 981 980
f 187 186 980
f 187 980 979
f 188 187 979
f 188 979 978
f 189 188 978
f 189 978 977
f 190 189 977
f 190 977 976
f 191 190 976
f 191 976 975
f 192 191 975
f 192 975 974
f 193 192 974
f 193 974 973
f 194 193 973
f 194 973 972
f 195 194 972
f 196 195 972
f 196 972 971
f 196 971 970
f 922 101 148
f 101 922 921
f 102 101 921
f 102 921 968
f 103 102 968
f 103 968 967
f 104 103 967
f 104 967 966
f 105 104 966
f 105 966 965
f 106 105 965
f 106 965 964
f 107 106 964
f 108 107 964
f 108 964 963
f 108 963 962
f 109 108 962
f 109 962 961
f 110 109 961
f 110 961 960
f 111 110 960
f 111 960 959
f 112 111 959
f 112 959 958
f 113 112 958
f 113 958 957
f 114 113 957
f 114 957 956
f 115 114 956
f 115 956 955
f 116 115 955
f 116 955 954
f 117 116 954
f 117 954 953
f 118 117 953
f 118 953 952
f 119 118 952
f 119 952 951
f 120 119 951
f 120 951 950
f 121 120 950
f 121 950 949
f 122 121 949
f 122 949 948
f 123 122 948
f 123 948 947
f 124 123 947
f 124 947 946
f 125 124 946
f 125 946 945
f 126 125 945
f 126 945 944
f 127 126 944
f 127 944 943
f 128 127 943
f 128 943 942
f 129 128 942
f 129 942 941
f 130 129 941
f 130 941 940
f 131 130 940
f 131 940 939
f 132 131 939
f 132 939 938
f 133 132 938
f 134 133 938
f 134 938 937
f 134 937 936
f 135 134 936
f 135 936 935
f 136 135 935
f 136 935 934
f 137 136 934
f 138 137 934
f 138 934 933
f 138 933 932
f 139 138 932
f 139 932 931
f 140 139 931
f 140 931 930
f 141 140 930
f 141 930 929
f 142 141 929
f 142 929 928
f 143 142 928
f 143 928 927
f 144 143 927
f 144 927 926
f 145 144 926
f 145 926 925
f 146 145 925
f 146 925 924
f 147 146 924
f 148 147 924
f 148 924 923
f 148 923 922
f 874 53 100
f 53 874 873
f 54 53 873
f 54 873 920
f 55 54 920
f 55 920 919
f 56 55 919
f 56 919 918
f 57 56 918
f 57 918 917
f 58 57 917
f 58 917 916
f 59 58 916
f 60 59 916
f 60 916 915
f 60 915 914
f 61 60 914
f 61 914 913
f 62 61 913
f 62 913 912
f 63 62 912
f 63 912 911
f 64 63 911
f 64 911 910
f 65 64 910
f 65 910 909
f 66 65 909
f 66 909 908
f 67 66 908
f 67 908 907
f 68 67 907
f 68 907 906
f 69 68 906
f 69 906 905
f 70 69 905
f 70 905 904
f 71 70 904
f 71 904 903
f 72 71 903
f 72 903 902
f 73 72 902
f 73 902 901
f 74 73 901
f 75 74 901
f 75 901 900
f 75 900 899
f 76 75 899
f 76 899 898
f 77 76 898
f 77 898 897
f 78 77 897
f 78 897 896
f 79 78 896
f 79 896 895
f 80 79 895
f 80 895 894
f 81 80 894
f 81 894 893
f 82 81 893
f 82 893 892
f 83 82 892
f 83 892 891
f 84 83 891
f 84 891 890
f 85 84 890
f 86 85 890
f 86 890 889
f 86 889 888
f 87 86 888
f 87 888 887
f 88 87 887
f 88 887 886
f 89 88 886
f 89 886 885
f 90 89 885
f 91 90 885
f 91 885 884
f 91 884 883
f 92 91 883
f 92 883 882
f 93 92 882
f 93 882 881
f 94 93 881
f 94 881 880
f 95 94 880
f 95 880 879
f 96 95 879
f 96 879 878
f 97 96 878
f 97 878 877
f 98 97 877
f 98 877 876
f 99 98 876
f 100 99 876
f 100 876 875
f 100 875 874
f 826 5 52
f 5 826 825
f 6 5 825
f 6 825 872
f 7 6 872
f 7 872 871
f 8 7 871
f 8 871 870
f 9 8 870
f 9 870 869
f 10 9 869
f 10 869 868
f 11 10 868
f 12 11 868
f 12 868 867
f 12 867 866
f 13 12 866
f 13 866 865
f 14 13 865
f 14 865 864
f 15 14 864
f 15 864 863
f 16 15 863
f 16 863 862
f 17 16 862
f 17 862 861
f 18 17 861
f 18 861 860
f 19 18 860
f 19 860 859
f 20 19 859
f 20 859 858
f 21 20 858
f 21 858 857
f 22 21 857
f 22 857 856
f 23 22 856
f 23 856 855
f 24 23 855
f 24 855 854
f 25 24 854
f 25 854 853
f 26 25 853
f 26 853 852
f 27 26 852
f 27 852 851
f 28 27 851
f 28 851 850
f 29 28 850
f 29 850 849
f 30 29 849
f 30 849 848
f 31 30 848
f 31 848 847
f 32 31 847
f 32 847 846
f 33 32 846
f 33 846 845
f 34 33 845
f 34 845 844
f 35 34 844
f 35 844 843
f 36 35 843
f 36 843 842
f 37 36 842
f 38 37 842
f 38 842 841
f 38 841 840
f 39 38 840
f 39 840 839
f 40 39 839
f 40 839 838
f 41 40 838
f 42 41 838
f 42 838 837
f 42 837 836
f 43 42 836
f 43 836 835
f 44 43 835
f 44 835 834
f 45 44 834
f 45 834 833
f 46 45 833
f 46 833 832
f 47 46 832
f 47 832 831
f 48 47 831
f 48 831 830
f 49 48 830
f 49 830 829
f 50 49 829
f 50 829 828
f 51 50 828
f 52 51 828
f 52 828 827
f 52 827 826
f 1 823 822
f 823 1 4
f 4 824 823
f 824 4 3
f 821 3 2
f 3 821 824
f 822 2 1
f 2 822 821
