    Blocking waiting for file lock on artifact directory
   Compiling viboceros-smlib v0.1.0 (/home/dllu/proj/viboceros/crates/viboceros-smlib)
   Compiling viboceros-io v0.1.0 (/home/dllu/proj/viboceros/crates/viboceros-io)
   Compiling viboceros-command v0.1.0 (/home/dllu/proj/viboceros/crates/viboceros-command)
   Compiling viboceros-oracle v0.1.0 (/home/dllu/proj/viboceros/crates/viboceros-oracle)
   Compiling viboceros v0.1.0 (/home/dllu/proj/viboceros)
    Finished `release` profile [optimized] target(s) in 2m 31s
     Running unittests src/main.rs (/tmp/viboceros-brep-verification-target/release/deps/viboceros-04dafb7abf8da57c)

running 1130 tests
test app::curve_preview::tests::invalid_drafts_replace_cached_geometry_and_recover_when_corrected ... ok
test app::command_line::history::tests::recall_restores_draft_and_preserves_edited_recall ... ok
test app::curve_preview::tests::unchanged_inputs_reuse_geometry_and_every_input_change_invalidates_it ... ok
test app::command_line::history::tests::appending_after_truncated_record_recovers_and_save_errors_keep_recall ... ok
test app::command_line::history::tests::persisted_history_survives_sessions_unicode_and_malformed_rows ... ok
test app::snapping::tests::isolation_restores_previous_modes_and_explicit_edits_reset_restore_state ... ok
test app::preferences::tests::zoom_scale_round_trips_and_invalid_storage_uses_default ... ok
test app::preferences::tests::named_view_policy_persists_each_setting_and_defaults_invalid_values ... ok
test app::preferences::tests::viewport_tabs_visibility_round_trips_and_ignores_invalid_storage ... ok
test app::preferences::tests::four_view_projection_round_trips_and_ignores_invalid_storage ... ok
test app::preferences::tests::zoom_extents_borders_round_trip_and_fallback_independently ... ok
test app::preferences::tests::viewport_tab_alignment_round_trips_and_ignores_invalid_storage ... ok
test app::snapping::tests::snap_words_are_strict_and_never_replace_idle_point_commands ... ok
test app::tests::a_degenerate_second_pick_keeps_line_active ... ok
test app::snapping::tests::transparent_plane_prompt_owns_a_separate_one_shot ... ok
test app::command_line::completion::tests::paths_preserve_options_spaces_unicode_and_directory_descent ... ok
test app::subcurve_preview::tests::cache_invalidates_geometry_hover_and_failed_results_by_snapshot_and_inputs ... ok
test app::snapping::tests::intersection_one_shot_is_opt_in_and_restores_persistent_modes ... ok
test app::snapping::tests::mesh_wire_policy_preserves_one_shot_lifetime_and_suspension ... ok
test app::snapping::tests::near_is_opt_in_and_one_shot_restores_persistent_modes_after_accept_or_cancel ... ok
test app::snapping::tests::one_shot_overrides_disabled_persistent_snaps_without_reenabling_them ... ok
test app::snapping::tests::invalid_points_keep_override_but_finishing_or_replacing_commands_clears_it ... ok
test app::snapping::tests::modes_are_persistent_but_one_shot_lasts_for_one_accepted_point ... ok
test app::snapping::tests::vertex_one_shot_is_available_without_mesh_wire_switch ... ok
test app::tests::align::cancelling_command_first_alignment_releases_prompt_selection ... ok
test app::tests::align::curve_pick_mode_changes_and_cancellation_discard_no_geometry ... ok
test app::subcurve_preview::tests::surface_edge_conversion_is_reused_across_hover_and_invalidated_by_edge_or_snapshot ... ok
test app::tests::align::failed_fit_ends_without_picks_and_cleans_only_prompt_selection ... ok
test app::tests::align::selection_mode_and_auto_target_are_distinct_phases ... ok
test app::command_line::completion::tests::fuzzy_ranking_and_tab_cycle_preserve_the_original_query ... ok
test app::tests::align::command_first_mode_and_frame_choices_survive_object_selection ... ok
test app::tests::align::curve_picking_preserves_sources_rejects_invalid_hits_and_supports_typed_ids ... ok
test app::tests::align::switching_projection_modes_and_cancelling_never_applies_staged_points ... ok
test app::tests::align::selection_mode_changes_remove_inapplicable_plane_options ... ok
test app::tests::align::projection_points_are_staged_and_a_rejected_endpoint_can_be_corrected ... ok
test app::tests::align::three_point_projection_survives_selection_and_partial_typed_input ... ok
test app::tests::affine_preview::affine_preview_and_commit_retain_rotate_shear_plane_and_use_scale2d_destination_plane ... ok
test app::tests::align::alignment_can_be_cancelled_or_completed_without_a_pick ... ok
test app::tests::angle::angle_late_two_objects_option_keeps_accepted_points_for_correction ... ok
test app::tests::angle::angle_point_picking_rejects_zero_directions_without_model_history_changes ... ok
test app::tests::angle::angle_object_mode_supports_postselection_and_bare_preselection ... ok
test app::tests::angle::angle_point_picking_accepts_finite_points_with_overflowing_differences ... ok
test app::tests::align::picked_and_typed_targets_share_the_same_edit_and_retain_failed_prompts ... ok
test app::tests::align::best_fit_executes_without_reference_picks_before_or_after_selection ... ok
test app::tests::angle::angle_two_objects_option_transitions_from_point_prompt_without_model_edits ... ok
test app::tests::bare_arc_picks_center_first_and_start_point_can_choose_through_point ... ok
test app::tests::bend::bend_angle_prompt_recalls_values_and_zero_restores_through_point_mode ... ok
test app::tests::apply_curves::preselection_and_cancellation_restore_sources_and_do_not_change_history ... ok
test app::tests::angle::angle_two_objects_transition_supports_new_preselection_and_cancellation ... ok
test app::tests::app_commands_and_interactive_commands_are_case_insensitive ... ok
test app::tests::bezier_selection::bezier_transparent_commands_preserve_pending_question_and_selall_filters_locked_objects ... ok
test app::tests::area::area_postselection_accepts_display_units_at_start_or_during_selection ... ok
test app::tests::apply_curves::apply_uv_reference_face_click_keeps_whole_polysurface_and_maps_one_face ... ok
test app::tests::apply_curves::apply_curves_uses_world_xy_with_a_rotated_construction_plane ... ok
test app::tests::bezier_selection::bezier_selection_filters_groups_and_yes_no_answers_convert_without_an_extra_enter ... ok
test app::tests::bend::bend_preview_uses_saved_angle_and_resets_after_copies_and_cancellation ... ok
test app::tests::bezier_selection::bezier_cancellation_preserves_memory_geometry_and_redo_but_only_keeps_preselection ... ok
test app::tests::bend::bend_command_first_source_selection_invalid_points_and_copy_history ... ok
test app::tests::blocks::all_blocks_action_finishes_without_source_picking_and_cancellation_does_not_edit ... ok
test app::tests::apply_curves::grouped_source_picks_expand_curves_and_points_and_keep_target_as_reference ... ok
test app::tests::apply_curves::typed_sources_and_viewport_target_complete_apply_curves_in_one_step ... ok
test app::tests::blocks::block_add_window_excludes_target_and_failure_keeps_the_getter_open ... ok
test app::tests::blocks::block_add_cancel_restores_selection_and_does_not_break_redo ... ok
test app::tests::blocks::block_add_command_first_gets_target_then_multiple_sources_and_commits_once ... ok
test app::tests::block_manager::duplication_creates_an_unused_definition_without_rebinding_model_roots ... ok
test app::tests::block_manager::manager_selection_is_direct_and_rename_delete_replay_through_model_history ... ok
test app::tests::block_manager::opening_block_manager_preserves_the_pending_points_transaction ... ok
test app::tests::blocks::cancellation_unknown_names_and_invalid_insert_options_preserve_model_and_redo ... ok
test app::tests::blocks::block_edit_base_point_getter_resolves_construction_plane_coordinates ... ok
test app::tests::blocks::command_first_creation_selects_sources_before_picking_the_base ... ok
test app::tests::blocks::command_first_explode_block_picks_instances_and_accepts_group_output ... ok
test app::tests::blocks::in_place_block_edit_uses_the_shared_getter_and_model_commands ... ok
test app::tests::blocks::block_edit_add_getter_selection_commands_and_cancel_leave_the_workspace_unchanged ... ok
test app::tests::blocks::quoted_names_containing_option_delimiters_work_in_starters_and_complete_scripts ... ok
test app::tests::blocks::block_edit_base_getter_uses_typed_and_filtered_points_and_cancel_preserves_the_editor ... ok
test app::tests::blocks::idle_block_double_click_opens_once_and_active_getters_keep_ownership ... ok
test app::tests::blocks::preselected_creation_gets_base_and_quoted_name_then_insertion_gets_name_options_and_point ... ok
test app::tests::blocks::replacement_name_entry_blocks_picks_and_keeps_scope_after_invalid_names ... ok
test app::tests::blocks::in_place_edit_cancel_and_file_rejection_preserve_the_model_and_redo ... ok
test app::tests::blocks::replacement_explicit_name_getter_accepts_scope_words_command_names_and_equals ... ok
test app::tests::blocks::block_edit_add_getter_keeps_external_picks_separate_from_editable_selection ... ok
test app::tests::blocks::replacement_command_first_picking_transitions_to_a_read_only_target_getter ... ok
test app::tests::blocks::replacement_target_click_uses_definition_without_selecting_its_group ... ok
test app::tests::blocks::typed_base_and_definition_starters_keep_world_axis_rotation_options ... ok
test app::tests::blocks::reset_scale_mode_choice_persists_after_cancel_and_preselection_runs_immediately ... ok
test app::tests::blocks::replacement_name_scope_prompt_and_cancel_preserve_sources_until_acceptance ... ok
test app::tests::blocks::reset_scale_postselection_excludes_other_types_and_accepts_one_mode ... ok
test app::tests::blocks::unique_block_name_prompt_and_cancel_preserve_model_until_acceptance ... ok
test app::tests::boolean_intersection::cancellations_discard_options_and_second_phase_retains_first_set ... ok
test app::tests::block_manager::block_manager_renders_a_definition_table_with_natural_name_order ... ok
test app::tests::blocks::replacement_definition_chooser_accepts_unused_definition_and_cancel_keeps_redo ... ok
test app::tests::blocks::block_edit_tree_buttons_switch_to_child_and_return_without_closing_the_editor ... ok
test app::tests::blocks::replacement_chooser_reconciles_deleted_rows_and_rechecks_source_permissions ... ok
test app::tests::blocks::block_edit_control_buttons_copy_release_rebase_and_save_the_model ... ok
test app::tests::boolean_intersection::common_postselection_uses_pick_order_but_preselection_uses_document_order ... ok
test app::tests::boolean_intersection::common_picking_filters_points_accepts_two_enters_and_replays_history ... ok
test app::tests::blocks::restricted_member_save_buttons_restore_or_release_without_an_implicit_choice ... ok
test app::tests::boolean_difference::difference_accepted_options_survive_both_cancellations_and_hidden_cutters_keep_memory ... ok
test app::tests::boolean_difference::difference_delete_input_no_retains_sources_and_explicit_sets_execute_without_picking ... ok
test app::tests::boolean_difference::difference_preselection_selects_results_and_preserves_source_selection_on_undo ... ok
test app::tests::boolean_intersection::successful_options_are_remembered_and_failed_common_intersection_ends_selection ... ok
test app::tests::boolean_difference::difference_picking_requires_cutters_filters_points_and_records_one_undo ... ok
test app::tests::boolean_intersection::two_sets_use_first_owner_and_preselection_selects_only_the_result ... ok
test app::tests::boolean_split_plane::boolean_split_plane_partial_sheet_reports_no_split_and_cancels_without_history ... ok
test app::tests::boolean_split::boolean_split_replays_native_cancellation_selection_without_geometry_or_history ... ok
test app::tests::boolean_split_plane::boolean_split_plane_picker_accepts_surfaces_and_preserves_source_until_confirmation ... ok
test app::tests::circle_fit_grips::circle_fit_grips_mouse_clicks_fit_without_selecting_the_parent_curve ... ok
test app::tests::circle_fit_grips::circle_fit_grips_mouse_window_accepts_mixed_grips_and_point_objects ... ok
test app::tests::boolean_split_open::boolean_split_open_preselection_keep_and_cancellation_preserve_inputs ... ok
test app::tests::circle_fit_points::circle_fit_points_cancelled_and_insufficient_picks_preserve_geometry_and_redo ... ok
test app::tests::boolean_split_mixed_open::mixed_open_getter_preserves_stage_order_remainders_and_one_history_entry ... ok
test app::tests::command_completion_prioritizes_prefixes_and_is_case_insensitive ... ok
test app::tests::circle_fit_grips::circle_fit_grips_replay_sixteen_native_input_and_history_workflows ... ok
test app::tests::circle_fit_points::circle_fit_points_input_replays_eight_native_selection_and_history_workflows ... ok
test app::tests::command_line::directory_completion_leaves_caret_inside_quotes_for_a_new_export_filename ... ok
test app::tests::command_line::arrows_recall_submitted_commands_restore_draft_and_work_from_viewport ... ok
test app::tests::command_line::history_shortcuts_do_not_steal_keys_from_other_text_fields ... ok
test app::tests::boolean_union::boolean_union_preselection_executes_immediately_and_retains_copied_sources ... ok
test app::tests::command_line::tabs_cycle_fuzzy_matches_and_shift_tab_goes_back_without_executing ... ok
test app::tests::construction_plane::cancellation_and_replacement_do_not_leak_a_previous_plane ... ok
test app::tests::construction_plane::copy_cplane_and_grid_settings_to_all_match_picked_source_behavior ... ok
test app::tests::construction_plane::complete_cplane_command_replaces_a_plane_prompt_without_cancelling_model_input ... ok
test app::tests::construction_plane::copy_cplane_source_prompt_accepts_enter_on_the_active_viewport ... ok
test app::tests::construction_plane::cplane_all_and_through_all_preserve_each_views_axes_and_history ... ok
test app::tests::construction_plane::copy_cplane_to_all_waits_for_a_viewport_click_and_preserves_view_flags ... ok
test app::tests::construction_plane::cplane_all_prompts_resolve_typed_world_points ... ok
test app::tests::construction_plane::cplane_all_options_at_point_prompts_match_saved_rhino_states ... ok
test app::tests::command_line::history_records_commands_but_not_coordinate_prompt_responses ... ok
test app::tests::construction_plane::boxes_use_plane_height_and_one_undo_transaction_in_every_view ... ok
test app::tests::construction_plane::cplane_edits_are_view_local_and_model_undo_does_not_change_them ... ok
test app::tests::construction_plane::cplane_object_aligns_to_a_joined_polycurve ... ok
test app::tests::construction_plane::cplane_all_settings_survive_prompts_and_apply_to_later_commands ... ok
test app::tests::construction_plane::cplane_curve_uses_the_picked_station_and_world_up ... ok
test app::tests::construction_plane::cplane_object_aligns_to_a_line_and_a_picked_planar_polyline ... ok
test app::tests::construction_plane::cplane_object_aligns_to_a_typed_or_picked_mesh_face ... ok
test app::tests::construction_plane::cplane_object_uses_typed_ids_preselection_and_viewport_picks ... ok
test app::tests::construction_plane::cplane_picked_points_edit_the_starting_viewport_when_reference_picks_use_other_views ... ok
test app::tests::construction_plane::cplane_rotate_rejects_axis_aligned_references_without_losing_the_prompt ... ok
test app::tests::construction_plane::cplane_object_pick_returns_to_the_suspended_polyline ... ok
test app::tests::construction_plane::cplane_rotate_accepts_picked_angle_references ... ok
test app::tests::construction_plane::cplane_surface_flip_follows_rhinos_picked_origin_rule ... ok
test app::tests::construction_plane::cplane_surface_accepts_a_polysurface_face_without_changing_selection ... ok
test app::tests::construction_plane::cplane_surface_respects_trims_and_ignore_trims_in_typed_and_prompt_inputs ... ok
test app::tests::construction_plane::cplane_surface_supports_default_and_picked_tangent_frames ... ok
test app::tests::construction_plane::cplane_object_aligns_to_a_typed_or_picked_polysurface_face ... ok
test app::tests::construction_plane::cplane_through_all_rejects_unrepresentable_target_atomically ... ok
test app::tests::construction_plane::cplane_three_point_options_complete_after_one_direction_pick ... ok
test app::tests::construction_plane::cplane_view_aligns_only_the_active_plane_without_moving_its_camera ... ok
test app::tests::construction_plane::front_view_circle_uses_the_front_plane ... ok
test app::tests::construction_plane::interactive_plane_origin_height_through_and_rotation_share_the_validated_edit_path ... ok
test app::tests::construction_plane::first_accepted_pick_latches_the_plane_until_completion ... ok
test app::tests::construction_plane::invalid_all_prompt_input_keeps_its_viewport_and_independent_options ... ok
test app::tests::construction_plane::invalid_cplane_input_and_cancellation_retain_the_model_prompt_and_plane ... ok
test app::tests::construction_plane::picked_copy_cplane_commands_match_saved_rhino_viewport_states ... ok
test app::tests::construction_plane::nested_three_point_plane_prompt_retains_model_points_and_returns_to_them ... ok
test app::tests::boolean_union::boolean_union_cancellation_keeps_accepted_options_and_failure_ends_the_prompt ... ok
test app::tests::construction_plane::normal_only_angle_and_mirror_references_remain_correctable_in_front_view ... ok
test app::tests::construction_plane::right_view_rectangle_uses_yz_width_and_height ... ok
test app::tests::construction_plane::shear_accepts_a_normal_target_with_a_tilted_reference ... ok
test app::tests::construction_plane::synchronize_cplanes_set_view_records_camera_and_plane_history ... ok
test app::tests::construction_plane::synchronize_cplanes_uses_native_world_preset_role_for_parallel_source ... ok
test app::tests::construction_plane::scale2d_uses_full_reference_distances_and_the_finishing_viewport ... ok
test app::tests::construction_plane::synchronize_cplanes_rotates_standard_planes_without_moving_cameras ... ok
test app::tests::contour::contour_cancel_and_degenerate_direction_do_not_change_the_model ... ok
test app::tests::construction_plane::zero_radius_and_zero_width_picks_remain_correctable ... ok
test app::tests::coordinate_commands_still_bypass_interactive_mode ... ok
test app::tests::copy_options::cancelled_group_selection_resets_copy_only_when_remembering_is_disabled ... ok
test app::tests::copy_options::remember_copy_prompt_accepts_answers_and_cancels_without_model_edits ... ok
test app::tests::contour::contour_command_first_selection_hands_off_options_and_point_input ... ok
test app::tests::contour::contour_getter_uses_units_and_admits_all_planes_as_one_undo_step ... ok
test app::tests::construction_plane::front_view_transform_prompts_use_their_plane_and_undo_atomically ... ok
test app::tests::copy_options::extract_copy_defaults_are_saved_only_after_extraction_and_reset_at_disabled_start ... ok
test app::tests::create_uv_curves::create_uv_cancel_restores_original_selection_without_editing ... ok
test app::tests::copy_options::set_point_uses_its_own_saved_copy_choice ... ok
test app::tests::create_uv_curves::preselection_and_empty_extra_selection_produce_rectangle_under_rotated_cplane ... ok
test app::tests::create_uv_curves::create_uv_surface_pick_then_optional_point_creates_selected_flat_output ... ok
test app::tests::create_uv_curves::preselected_component_face_starts_at_extra_input_stage ... ok
test app::tests::curve_rebuild_preview::closed_curve_preview_reuses_copy_policy_and_refreshes_background_without_rebuilding ... ok
test app::tests::create_uv_curves::create_uv_polysurface_requires_face_and_retains_clicked_reference_until_enter ... ok
test app::tests::create_uv_curves::typed_face_reference_retries_bad_index_and_cancel_restores_preselection ... ok
test app::tests::curve_rebuild_preview::curve_preview_routes_drawn_objects_without_changing_the_editable_model ... ok
test app::tests::curve_rebuild_preview::curve_rebuild_postselection_previews_and_inline_scripts_accept_directly ... ok
test app::tests::curve_rebuild_preview::curve_rebuild_stale_source_rejects_option_edits_and_acceptance ... ok
test app::tests::curve_rebuild_preview::equal_geometry_assignment_keeps_the_curve_preview_and_prepared_storage ... ok
test app::tests::curve_rebuild_preview::curve_rebuild_previews_typed_edits_and_accepts_exact_geometry_in_one_history_step ... ok
test app::tests::curve_rebuild_preview::rebuild_choice_rendering_cancels_stale_sources_before_button_actions ... ok
test app::tests::default_layout_has_three_parallel_views_and_one_perspective_view ... ok
test app::tests::distance::distance_can_recover_from_overflow_by_changing_display_units ... ok
test app::tests::distance::distance_display_options_preserve_points_and_survive_local_undo ... ok
test app::tests::distance::distance_startup_options_share_unit_validation_without_swallowing_complete_commands ... ok
test app::tests::distance::distance_undo_revises_input_without_replaying_document_history ... ok
test app::tests::distance::distance_undo_through_direct_dispatch_restores_an_absent_anchor ... ok
test app::tests::distribute::bare_distribution_collects_points_with_correction_and_one_undo_step ... ok
test app::tests::curve_rebuild_preview::curve_rebuild_option_buttons_edit_and_accept_the_same_prepared_outputs ... ok
test app::tests::distribute::explicit_axis_dispatch_and_cancellation_do_not_confuse_the_point_prompt ... ok
test app::tests::boolean_split_topology::boolean_split_compound_target_drops_inactive_shell_and_preserves_original_on_undo ... ok
test app::tests::distribute::picked_and_typed_spatial_directions_share_settings_and_geometry ... ok
test app::tests::distribute::insufficient_groups_are_rejected_before_collecting_direction_points ... ok
test app::tests::domain::domain_postselection_reports_curve_without_model_edits ... ok
test app::tests::domain::domain_viewport_face_hit_reports_the_picked_component_domain ... ok
test app::tests::draft_angle::draft_angle_uses_active_view_and_logs_the_direction_used ... ok
test app::tests::domain::domain_polysurface_transitions_to_face_pick_for_pre_and_postselection ... ok
test app::tests::domain::domain_subcurve_picks_two_locations_for_pre_and_postselection ... ok
test app::tests::curve_rebuild_preview::curve_rebuild_failed_preparation_recovers_and_cancellation_preserves_redo ... ok
test app::tests::draft_angle::viewward_directions_follow_front_back_and_perspective_cameras ... ok
test app::tests::edge_analysis::complete_edge_zoom_arguments_survive_command_first_selection ... ok
test app::tests::draft_angle::draft_angle_uses_rhino_default_range_when_angles_are_omitted ... ok
test app::tests::edge_analysis::command_first_edge_zoom_options_collect_sources_and_group_all_marks ... ok
test app::tests::edge_analysis::edge_analysis_marks_selected_edge_ends_and_undo_preserves_analysis_session ... ok
test app::tests::edge_analysis::empty_naked_set_and_invalid_options_do_not_start_or_mutate_a_model ... ok
test app::tests::edge_analysis::edge_analysis_command_first_picking_and_modes_do_not_change_geometry_or_history ... ok
test app::tests::edge_fillet::command_first_keeps_geometry_until_confirmation_and_escape_cancels ... ok
test app::tests::edge_analysis::show_edges_options_and_source_addition_survive_object_prompts ... ok
test app::tests::evaluate_point::evaluate_point_retains_prompt_after_unrepresentable_local_coordinate ... ok
test app::tests::evaluate_point::evaluate_point_uses_pick_view_plane_and_preserves_selection_and_history ... ok
test app::tests::evaluate_uv::evaluate_uv_failed_pick_keeps_point_prompt_and_previous_anchor ... ok
test app::tests::boolean_union::boolean_union_picking_filters_points_requires_two_and_applies_native_defaults ... ok
test app::tests::edge_analysis::zoom_escape_keeps_accepted_marks_and_preserves_the_analysis_panel ... ok
test app::tests::curve_rebuild_preview::surface_rebuild_buttons_keep_independent_axes_and_reuse_output_options ... ok
test app::tests::evaluate_uv::evaluate_uv_preferences_survive_prompt_cancellation_and_invalid_options_do_not_replace_them ... ok
test app::tests::evaluate_uv::evaluate_uv_pre_and_postselection_preserve_options_and_query_history ... ok
test app::tests::evaluate_uv::evaluate_uv_session_keeps_prior_markers_on_failure_and_finishes_as_one_undo_step ... ok
test app::tests::evaluate_uv::evaluate_uv_viewport_face_hits_keep_component_choice_across_a_session ... ok
test app::tests::boolean_split_open::boolean_split_open_picker_produces_shared_solid_and_open_boundary_with_history ... ok
test app::tests::extract_surface::extract_face_preselection_can_change_copy_and_layer_before_enter ... ok
test app::tests::extract_surface::extraction_cancel_none_and_stale_geometry_never_extract_partial_faces ... ok
test app::tests::evaluate_uv::evaluate_uv_replays_rhino_repeated_picks_esc_and_persisted_options ... ok
test app::tests::extract_surface::extract_faces_accumulate_remove_and_rectangle_pick_across_objects_before_one_edit ... ok
test app::tests::curve_rebuild_preview::curve_preview_rejects_all_stale_source_categories_before_editing_or_accepting ... ok
test app::tests::focused_buttons_do_not_block_type_to_command ... ok
test app::tests::grip_transform::automatic_scale_center_uses_selected_grips_even_when_parent_selected ... ok
test app::tests::grip_transform::repeated_grip_copies_freeze_sources_and_commit_one_history_entry ... ok
test app::tests::group_prompt::bare_add_to_group_collects_sources_then_target_without_early_edits ... ok
test app::tests::group_prompt::group_prompt_cancel_and_command_switch_do_not_create_memberships ... ok
test app::tests::group_prompt::group_sources_support_selectors_and_sidebar_actions_cancel_pending_input ... ok
test app::tests::first_type_to_command_character_stays_at_the_start ... ok
test app::tests::grip_transform::command_first_move_accepts_multiple_mouse_grips_without_selecting_parent ... ok
test app::tests::group_prompt::known_target_collects_sources_and_preselection_skips_source_prompt ... ok
test app::tests::interactive_arc_center_angle_accepts_option_and_reprompts_on_bad_input ... ok
test app::tests::group_prompt::transparent_cplane_prompt_returns_to_group_target_entry ... ok
test app::tests::group_prompt::target_click_uses_last_membership_including_unnamed_groups ... ok
test app::tests::interactive_arc_center_endpoint_pick_uses_the_cplane_and_reprompts ... ok
test app::tests::interactive_arc_start_point_center_accepts_angle_length_and_endpoint ... ok
test app::tests::interactive_arc_center_length_accepts_signed_sizes ... ok
test app::tests::interactive_arc_center_midpoint_accepts_angle_length_and_endpoint ... ok
test app::tests::interactive_arc_start_point_direction_retains_invalid_end_pick ... ok
test app::tests::interactive_circle_and_arc_reject_degenerate_picks_and_use_history ... ok
test app::tests::interactive_circle_size_options_accept_numbers_and_picks ... ok
test app::tests::interactive_collapse_mesh_edge_uses_one_topology_edge_pick ... ok
test app::tests::interactive_curvature_evaluates_one_pick_and_can_cancel_without_mutation ... ok
test app::tests::interactive_curve_collects_control_points_and_preserves_degree_option ... ok
test app::tests::interactive_curve_to_point_extrusion_uses_one_apex_pick ... ok
test app::tests::interactive_curve_extrusion_uses_two_direction_points_and_options ... ok
test app::tests::interactive_curve_seam_uses_one_location_pick_on_the_selected_closed_curve ... ok
test app::tests::interactive_curve_to_point_preserves_solid_option_through_apex_pick ... ok
test app::tests::affine_preview::affine_preview_pending_and_completed_geometry_match_60_native_captures ... ok
test app::tests::interactive_delete_faces_uses_one_face_pick ... ok
test app::tests::interactive_distance_accepts_typed_and_picked_points_without_model_edits ... ok
test app::tests::interactive_duplicate_face_border_uses_one_face_location_pick ... ok
test app::tests::interactive_duplicate_edge_uses_one_edge_location_pick ... ok
test app::tests::interactive_duplicate_mesh_edge_uses_one_logical_edge_pick ... ok
test app::tests::interactive_duplicate_mesh_hole_boundary_uses_one_boundary_pick ... ok
test app::tests::interactive_ellipse_and_polygon_validate_each_pick ... ok
test app::tests::interactive_ellipsoid_validates_each_axis_and_uses_command_history ... ok
test app::tests::interactive_cutting_object_split_accepts_a_surface_source_pick ... ok
test app::tests::interactive_extend_surface_uses_a_boundary_pick_and_its_path_parameter ... ok
test app::tests::interactive_extract_isocurve_uses_one_surface_location_pick ... ok
test app::tests::interactive_extract_mesh_faces_uses_one_face_pick_and_copy_option ... ok
test app::tests::interactive_extract_surface_accumulates_a_face_location_until_enter ... ok
test app::tests::boolean_split::boolean_split_shared_sets_and_cancellation_keep_the_document_atomic ... ok
test app::tests::interactive_extract_surface_face_click_targets_the_clicked_object ... ok
test app::tests::interactive_fill_mesh_hole_uses_one_boundary_pick_and_options ... ok
test app::tests::interactive_insert_control_point_uses_one_object_location_pick_and_options ... ok
test app::tests::interactive_extend_picks_a_source_end_among_selected_boundary_curves ... ok
test app::tests::interactive_interp_crv_collects_points_until_enter ... ok
test app::tests::interactive_isocurve_face_click_targets_one_selected_surface ... ok
test app::tests::interactive_line_uses_the_transactional_command_path ... ok
test app::tests::interactive_mesh_cone_retains_options_and_validates_three_picks ... ok
test app::tests::interactive_linear_array_uses_a_count_and_two_reference_points ... ok
test app::tests::interactive_mesh_cylinder_retains_options_and_validates_three_picks ... ok
test app::tests::interactive_cutting_object_split_uses_one_source_pick ... ok
test app::tests::interactive_isocurve_split_uses_hit_elevation_on_a_sloped_surface ... ok
test app::tests::grip_transform::grip_transform_replays_native_geometry_selection_display_copy_and_history ... ok
test app::tests::interactive_mesh_box_retains_counts_and_validates_all_three_picks ... ok
test app::tests::interactive_mesh_plane_retains_counts_and_normalizes_corner_order ... ok
test app::tests::interactive_mesh_torus_retains_counts_and_validates_three_picks ... ok
test app::tests::interactive_mesh_truncated_cone_retains_options_and_validates_four_picks ... ok
test app::tests::interactive_mesh_sphere_retains_each_style_and_validates_radius_pick ... ok
test app::tests::interactive_mesh_ellipsoid_retains_topology_and_validates_each_axis ... ok
test app::tests::interactive_move_and_copy_use_the_selected_objects ... ok
test app::tests::interactive_polyline_collects_until_enter_and_cancel_discards_vertices ... ok
test app::tests::interactive_polar_array_uses_a_count_angle_options_and_center ... ok
test app::tests::interactive_rectangle_keeps_a_degenerate_second_pick_active ... ok
test app::tests::interactive_sphere_uses_center_and_radius_point_transactionally ... ok
test app::tests::interactive_scale_rotate_and_mirror_use_reference_points ... ok
test app::tests::interactive_rectangular_array_uses_counts_options_and_two_corners ... ok
test app::tests::interactive_revolve_uses_two_axis_picks_and_angle_options ... ok
test app::tests::interactive_split_collects_curve_locations_until_enter ... ok
test app::tests::interactive_split_mesh_edge_uses_edge_and_location_picks ... ok
test app::tests::interactive_srfpt_collects_four_corners_and_uses_command_history ... ok
test app::tests::interactive_subcurve_uses_two_directed_curve_picks_and_copy_option ... ok
test app::tests::interactive_surface_control_point_uses_the_rendered_hit_location ... ok
test app::tests::interactive_surface_seam_uses_one_location_pick_and_direction_options ... ok
test app::tests::interactive_swap_mesh_edge_uses_one_topology_edge_pick ... ok
test app::tests::interactive_surface_isocurve_split_uses_one_location_pick ... ok
test app::tests::interactive_three_point_circle_retains_invalid_final_pick ... ok
test app::tests::interactive_transforms_require_a_selection ... ok
test app::tests::interactive_unweld_edge_uses_one_topology_edge_pick ... ok
test app::tests::interactive_two_point_circle_uses_diameter_and_retries_invalid_second_pick ... ok
test app::tests::interactive_weld_vertices_uses_one_topology_vertex_pick ... ok
test app::tests::interactive_unweld_vertex_uses_one_topology_vertex_pick ... ok
test app::tests::interactive_weld_edge_uses_one_topology_edge_pick ... ok
test app::tests::interface::boundary_command_accepts_preselected_closed_curve ... ok
test app::tests::interface::boundary_command_selects_from_closed_curve_and_keeps_prompt_on_open_curve ... ok
test app::tests::interface::close_half_of_split_overlapping_viewport_expands_its_sibling ... ok
test app::tests::interface::close_maximized_viewport_restores_the_remaining_layout ... ok
test app::tests::interface::circle_size_option_works_through_the_command_line ... ok
test app::tests::interface::close_tiled_view_beneath_new_viewport_keeps_overlay_and_rebases_parent ... ok
test app::tests::interface::close_viewport_fills_a_split_strip_and_keeps_the_model_prompt ... ok
test app::tests::interface::circular_selection_feeds_an_object_prompt_and_can_be_canceled ... ok
test app::tests::interface::close_viewport_remaps_pending_view_references_and_keeps_one_view ... ok
test app::tests::interface::close_viewport_retiles_when_saved_positions_have_no_adjacent_strip ... ok
test app::tests::interface::empty_enter_cancels_typed_window_without_advancing_an_object_prompt ... ok
test app::tests::interface::end_analysis_adds_and_removes_selected_curves_without_model_edits ... ok
test app::tests::interface::double_clicking_viewport_title_requests_layout_toggle ... ok
test app::tests::interface::circular_selection_modes_use_two_viewport_clicks_and_preserve_history ... ok
test app::tests::interface::f7_toggles_active_grid_display_without_toggling_grid_snap ... ok
test app::tests::interface::fence_command_collects_one_viewport_polyline_and_selects_only_crossed_objects ... ok
test app::tests::interface::four_view_keeps_display_modes_only_for_views_that_survive_the_projection ... ok
test app::tests::interface::four_view_keeps_grid_settings_with_surviving_views ... ok
test app::tests::interface::fence_curve_option_picks_a_visible_curve_without_selecting_it ... ok
test app::tests::interface::four_view_reuses_changed_orthographic_grid_for_right ... ok
test app::tests::interface::fence_command_keeps_accepted_points_aligned_after_pan ... ok
test app::tests::interface::grid_command_updates_views_atomically_without_touching_model_history ... ok
test app::tests::interface::fence_curve_choice_menu_routes_the_chosen_curve_to_the_fence ... ok
test app::tests::interface::four_view_projection_options_restore_rhino_arrangements_and_active_perspective ... ok
test app::tests::interface::interface_commands_preserve_a_front_view_polyline_and_one_model_undo_step ... ok
test app::tests::interface::interface_actions_do_not_destroy_redo_history_or_partial_coordinate_text ... ok
test app::tests::interface::fence_selection_feeds_an_existing_object_prompt ... ok
test app::tests::interface::interface_errors_remain_editable_without_cancelling_the_point_prompt ... ok
test app::tests::interface::edge_and_group_prompts_disable_model_history_buttons ... ok
test app::tests::interface::home_end_view_history_shortcuts_leave_text_editing_keys_alone ... ok
test app::tests::interface::interface_shortcuts_ignore_repeats_unrelated_keys_and_extra_modifiers ... ok
test app::tests::interface::interface_dropdowns_target_only_the_active_view_without_losing_a_latched_plane ... ok
test app::tests::interactive_trim_removes_the_picked_interval_in_one_click ... ok
test app::tests::interface::interface_shortcuts_work_with_command_focus_and_preserve_text_and_prompt ... ok
test app::tests::interface::lasso_click_path_supports_undo_and_prompt_selection ... ok
test app::tests::interface::lasso_can_supply_objects_to_an_active_command_prompt ... ok
test app::tests::interface::max_viewport_tracks_active_view_and_preserves_modeling_prompt ... ok
test app::tests::interface::lasso_freehand_drag_selects_once_and_clears_capture ... ok
test app::tests::interface::interface_shortcuts_preserve_event_order_within_one_frame ... ok
test app::tests::interface::interface_toolbar_undo_and_redo_edit_the_model_when_idle ... ok
test app::tests::interface::named_viewport_commands_select_existing_titles_and_preserve_modeling_input ... ok
test app::tests::interface::new_viewport_overlays_a_top_view_and_close_restores_its_parent ... ok
test app::tests::interface::named_viewport_commands_reject_ambiguous_titles_without_switching ... ok
test app::tests::interface::ortho_commands_and_f8_preserve_the_active_point_prompt ... ok
test app::tests::interface::normalized_viewport_position_sets_the_rendered_camera_port ... ok
test app::tests::interface::interface_toolbar_is_compact_and_wraps_on_narrow_windows ... ok
test app::tests::interface::oriented_circle_accepts_normal_then_numeric_or_projected_radius ... ok
test app::tests::edge_fillet::picked_edge_confirmation_creates_one_undoable_fillet ... ok
test app::tests::interface::plain_four_view_resets_changed_cameras_and_remembers_projection_choice ... ok
test app::tests::interface::plan_uses_active_cplane_without_consuming_model_prompt_or_redo ... ok
test app::tests::interface::planar_commands_preserve_the_active_point_prompt ... ok
test app::tests::interface::interface_toolbar_clicks_preserve_partial_input_and_disable_model_undo_during_drafting ... ok
test app::tests::interface::repeated_new_viewports_stack_at_the_same_position_and_close_in_order ... ok
test app::tests::interface::sel_box_picks_base_and_height_without_creating_geometry ... ok
test app::tests::interface::set_view_cplane_keeps_projection_plane_prompt_and_model_redo ... ok
test app::tests::interface::rectangular_inverse_modes_distinguish_partial_overlap_from_fully_outside ... ok
test app::tests::interface::pipe_accepts_options_while_picking_without_losing_radius_state ... ok
test app::tests::interface::plane_history_shortcuts_preserve_drafting_and_do_not_steal_text_selection_keys ... ok
test app::tests::interface::show_ends_filters_live_markers_and_zoom_uses_session_sources ... ok
test app::tests::boolean_two::boolean_two_stale_geometry_is_rejected_and_scene_cache_survives_cycle_wrap ... ok
test app::tests::interface::show_ends_postselection_picks_curves_without_interrupting_modeling ... ok
test app::tests::interface::interface_names_are_discoverable_without_hiding_modeling_commands ... ok
test app::tests::interface::snap_size_updates_scoped_viewports_and_prompts_without_model_edits ... ok
test app::tests::interface::three_point_circle_radius_prompt_accepts_number_or_location ... ok
test app::tests::interface::split_viewport_rejects_an_unrepresentable_midpoint_atomically ... ok
test app::tests::interface::split_viewport_commands_partition_the_active_view_and_keep_model_input ... ok
test app::tests::interface::three_view_layout_has_three_renderable_viewports_and_preserves_input ... ok
test app::tests::interface::tolerance_command_updates_settings_through_application_history ... ok
test app::tests::interface::typed_window_alias_does_not_replace_point_input ... ok
test app::tests::interface::set_view_world_preserves_framing_and_model_history ... ok
test app::tests::interface::units_command_routes_through_the_application_and_preserves_query_redo ... ok
test app::tests::interface::vertical_circle_uses_a_direction_pick_after_numeric_radius ... ok
test app::tests::interface::typed_window_commands_force_mode_for_one_drag_and_preserve_model_history ... ok
test app::tests::interface::viewport_properties_title_names_the_active_view_without_losing_model_input ... ok
test app::tests::interface::viewport_navigation_cycles_by_projection_without_changing_cameras_or_model ... ok
test app::tests::interface::typed_window_selection_can_feed_an_object_prompt ... ok
test app::tests::interface::viewport_tabs_align_command_places_all_four_edges_without_changing_modeling_state ... ok
test app::tests::interface::volume_object_picks_closed_mesh_and_accepts_mode_changes ... ok
test app::tests::interface::viewport_tabs_command_controls_visibility_without_interrupting_modeling ... ok
test app::tests::interface::volume_sphere_picks_model_points_and_accepts_mode_changes ... ok
test app::tests::interface::volume_pipe_picks_curve_then_radius_and_accepts_mode_changes ... ok
test app::tests::interface::world_parallel_command_reports_an_unrenderable_imported_camera_without_mutation ... ok
test app::tests::interface::view_history_is_per_viewport_and_independent_of_model_history ... ok
test app::tests::interface::view_zoom_scale_options_apply_globally_without_editing_the_model ... ok
test app::tests::interface::snap_menu_real_clicks_toggle_isolate_and_apply_a_one_shot_without_losing_input ... ok
test app::tests::interface::viewport_cycle_shortcuts_preserve_focused_command_text ... ok
test app::tests::interface::zoom_ends_mark_creates_one_undo_step_for_current_or_all_markers ... ok
test app::tests::interface::zoom_all_records_one_independent_view_step_per_viewport ... ok
test app::tests::interface::zoom_ends_cycles_session_markers_and_preserves_position_on_failure ... ok
test app::tests::interface::zoom_ends_preserves_modeling_input_selection_and_document_history ... ok
test app::tests::interface::zoom_target_two_clicks_preserve_the_modeling_prompt_and_redo ... ok
test app::tests::interface::zoom_window_drag_preserves_an_unfinished_modeling_command ... ok
test app::tests::intersect_two_sets::preselection_starts_second_set_and_cancel_restores_sources ... ok
test app::tests::layer_sidebar_crud_is_atomic_and_protects_nonempty_layers ... ok
test app::tests::interface::zoom_extents_border_command_preserves_prompt_and_updates_each_projection ... ok
test app::tests::interface::zoom_target_accepts_typed_points_without_consuming_model_input ... ok
test app::tests::interface::zoom_factor_prompt_retries_invalid_values_and_preserves_model_input ... ok
test app::tests::length::length_display_units_work_through_selection_and_subcurve_point_prompts ... ok
test app::tests::interface::zoom_extents_routes_to_the_active_view_without_cancelling_modeling_or_redo ... ok
test app::tests::length::length_postselection_reports_whole_curve ... ok
test app::tests::length::length_subcurve_starts_with_display_units_on_a_preselected_curve ... ok
test app::tests::length::length_subcurve_picks_two_locations_for_pre_and_postselection ... ok
test app::tests::maelstrom::accepted_circle_plane_survives_a_viewport_change ... ok
test app::tests::maelstrom::invalid_input_reprompts_units_preferences_and_context_survive_cancel ... ok
test app::tests::maelstrom::point_getter_scalars_use_drafting_constraints_while_circle_sizes_use_numbers ... ok
test app::tests::interface::zoom_shortcuts_preserve_focused_modeling_input_and_consume_repeats ... ok
test app::tests::maelstrom::typed_coordinates_keep_native_mouse_turns_and_scalar_angles_override_them ... ok
test app::tests::intersect_two_sets::viewport_picks_two_sets_and_ignores_within_set_intersections ... ok
test app::tests::maelstrom::picked_coil_angles_empty_getters_and_copy_batches_match_native_commands ... ok
test app::tests::merge_edge::sidebar_changes_invalidate_pending_components_without_editing_hidden_geometry ... ok
test app::tests::merge_edge::edge_choice_edits_only_after_confirmation_and_one_undo_restores_the_source ... ok
test app::tests::merge_edge::ambiguity_invalid_choices_cancel_and_noops_cannot_commit_accidentally ... ok
test app::tests::maelstrom::first_circle_modes_size_memory_and_second_diameter_match_native ... ok
test app::tests::merge_edge::egui_buttons_highlight_ambiguous_edges_and_commit_the_chosen_merge ... ok
test app::tests::mesh_face_prompt::connected_mesh_face_prompt_picks_planar_region_with_options ... ok
test app::tests::mesh_face_prompt::mesh_part_prompt_picks_through_unwelded_seam_when_requested ... ok
test app::tests::mesh_face_prompt::viewport_face_hit_extracts_or_deletes_the_hit_mesh_face ... ok
test app::tests::mesh_face_prompt::viewport_brep_face_hit_deletes_the_mapped_source_face ... ok
test app::tests::merge_edge::geometry_changes_while_an_ambiguity_menu_is_open_invalidate_its_indices ... ok
test app::tests::mirror_preview::mirror_preview_copy_option_updates_without_changing_cached_map_or_document ... ok
test app::tests::named_cplane::named_cplane_restores_plane_and_grid_without_moving_camera_or_model ... ok
test app::tests::mesh_face_prompt::viewport_face_hit_runs_each_region_command_on_the_hit_object ... ok
test app::tests::named_view::named_view_commands_leave_a_partial_modeling_prompt_and_redo_intact ... ok
test app::tests::named_view::named_view_edits_preserve_snapshot_and_reject_duplicate_names ... ok
test app::tests::boolean_split::boolean_split_picking_keeps_cutters_and_replays_pre_and_post_selected_history ... ok
test app::tests::named_view::named_view_restores_camera_projection_and_cplane_in_another_viewport ... ok
test app::tests::named_view::named_view_policy_and_world_commands_preserve_pending_model_work ... ok
test app::tests::interface::pipe_picks_rail_and_radius_or_uses_preselected_rail ... ok
test app::tests::maelstrom::native_mouse_turns_copy_and_cancel_use_pending_angle_without_document_edits ... ok
test app::tests::mirror_preview::mirror_preview_pending_state_completion_and_cancellation_match_native ... ok
test app::tests::named_view::named_views_round_trip_through_app_3dm_commands ... ok
test app::tests::named_view::named_view_import_reads_only_views_and_converts_units ... ok
test app::tests::named_view::closed_viewport_layout_round_trips_through_3dm ... ok
test app::tests::named_view::new_overlapping_viewport_round_trips_through_3dm ... ok
test app::tests::named_cplane::named_cplanes_persist_and_import_without_model_content ... ok
test app::tests::boolean_intersection::ordered_common_picking_and_preselection_replay_owners_retention_and_atomic_failures ... ok
test app::tests::named_view::synchronized_standard_views_remain_standard_after_3dm_round_trip ... ok
test app::tests::named_view::open_3dm_replaces_session_document_and_named_views ... ok
test app::tests::nurbs_selection::cancelling_preselected_options_keeps_selection_redo_and_remembered_choices ... ok
test app::tests::nurbs_selection::cancelling_postselection_at_each_phase_clears_picks_without_accepting_choices ... ok
test app::tests::nurbs_selection::noops_skip_confirmation_and_mesh_options_are_unavailable_for_curves ... ok
test app::tests::nurbs_selection::command_first_selection_confirmation_and_mesh_submenu_are_distinct_nonmutating_phases ... ok
test app::tests::nurbs_selection::transparent_controls_and_nested_cplane_preserve_confirmation_and_submenu_state ... ok
test app::tests::named_view::split_viewport_layout_round_trips_through_3dm ... ok
test app::tests::named_view::open_accepts_more_than_four_saved_model_viewports ... ok
test app::tests::object_selection::area_centroid_uses_filtered_object_prompt_and_creates_one_undoable_point ... ok
test app::tests::object_selection::cancelling_flip_picking_never_changes_geometry_or_consumes_redo ... ok
test app::tests::object_selection::cancelled_picks_and_accepted_options_do_not_edit_geometry_or_clear_redo ... ok
test app::tests::object_selection::divide_bare_preselection_previews_options_before_one_undoable_acceptance ... ok
test app::tests::object_selection::command_first_picking_filters_groups_adds_clicks_and_clears_sources_on_commit ... ok
test app::tests::object_selection::divide_chord_preview_shares_distance_and_drops_on_source_change_or_new_command ... ok
test app::tests::object_selection::divide_command_first_length_split_previews_remainder_policy_and_cancels_cleanly ... ok
test app::tests::object_selection::divide_complete_options_are_retained_through_command_first_curve_selection ... ok
test app::tests::object_selection::divide_mixed_preselection_ignores_noncurves_and_restores_selection_on_cancel ... ok
test app::tests::object_selection::divide_preview_invalidates_when_selected_source_geometry_is_replaced ... ok
test app::tests::object_selection::divide_remembers_cancelled_flags_and_numbers_without_model_history ... ok
test app::tests::object_selection::empty_finish_invalid_options_and_nonmesh_clicks_keep_the_prompt_usable ... ok
test app::tests::object_selection::individual_join_picks_finish_on_closure_without_consuming_the_next_click ... ok
test app::tests::named_view::three_view_layout_round_trips_and_read_viewports_changes_count ... ok
test app::tests::object_selection::point_cloud_add_accepts_explicit_unselected_target_after_picking ... ok
test app::tests::object_selection::mesh_join_and_copy_command_first_filter_points_and_retain_pick_order ... ok
test app::tests::object_selection::flip_prompt_reverses_only_supported_group_members_and_releases_only_those_picks ... ok
test app::tests::object_selection::point_cloud_add_cancel_restores_original_selection ... ok
test app::tests::object_selection::point_cloud_add_picks_sources_after_preselected_target_and_undoes ... ok
test app::tests::named_view::file_viewport_titles_survive_open_read_and_export ... ok
test app::tests::named_view::viewport_properties_title_round_trips_through_3dm ... ok
test app::tests::object_selection::point_cloud_cancel_preserves_sources_and_accepts_color_option ... ok
test app::tests::object_selection::point_cloud_command_first_filters_clouds_and_curves_and_preserves_pick_order ... ok
test app::tests::object_selection::point_cloud_command_first_keeps_use_point_colors_choice ... ok
test app::tests::object_selection::point_cloud_remove_cancel_and_selall_leave_model_consistent ... ok
test app::tests::object_selection::divide_preferences_replay_native_points_groups_and_source_retention ... ok
test app::tests::object_selection::point_cloud_remove_picks_members_and_changes_output_at_prompt ... ok
test app::tests::object_selection::preselected_point_cloud_offers_add_and_remove_actions ... ok
test app::tests::object_selection::prompt_batch_selection_filters_and_coalesces_before_applying_modes ... ok
test app::tests::object_selection::reduce_point_cloud_accepts_command_first_cloud_pick ... ok
test app::tests::object_selection::preselected_cloud_action_cancel_preserves_geometry_and_selection ... ok
test app::tests::object_selection::show_selected_prompt_preserves_selection_and_supports_cancel_and_undo ... ok
test app::tests::object_selection::reduce_point_cloud_prompts_for_amount_after_cloud_selection ... ok
test app::tests::object_selection::unlock_selected_prompt_filters_picks_and_supports_selall_selnone ... ok
test app::tests::object_selection::remove_from_group_prompt_picks_individual_members_and_supports_copy ... ok
test app::tests::object_selection::transparent_interface_and_cplane_prompts_preserve_mesh_picks ... ok
test app::tests::object_selection::volume_display_choice_does_not_answer_or_bypass_the_open_warning ... ok
test app::tests::named_view::read_viewports_from_file_preserves_document_and_converts_units ... ok
test app::tests::object_selection::surface_join_picks_wait_for_enter_and_undo_restores_the_sources ... ok
test app::tests::object_selection::volume_units_submenu_returns_to_picking_and_empty_enter_retains_the_choice ... ok
test app::tests::named_view::open_restores_current_viewports_without_named_views ... ok
test app::tests::object_selection::untrim_commands_prompt_only_preselection_and_stage_filtered_picks ... ok
test app::tests::object_selection::volume_warning_answers_and_escape_are_separate_from_cancelling_selection ... ok
test app::tests::object_selection::volume_centroid_object_prompt_finishes_or_cancels_with_filtered_picks ... ok
test app::tests::object_selection::merge_all_edges_filters_picks_waits_for_enter_and_cancels_without_edits ... ok
test app::tests::planar_boolean::planar_difference_and_intersection_pick_ordered_surfaces_and_finish_on_second_pick ... ok
test app::tests::planar_boolean::planar_union_set_getter_and_cancel_leave_sources_intact ... ok
test app::tests::planar_boolean::refit_tweens_match_unequal_source_degrees_through_selection_and_history ... ok
test app::tests::planar_boolean::sampled_tween_options_survive_command_first_surface_selection ... ok
test app::tests::planar_boolean::planar_preselection_uses_native_command_admission_and_empty_results ... ok
test app::tests::plane_arrays::polar_array_center_pick_uses_the_current_plane_and_one_model_undo_step ... ok
test app::tests::plane_arrays::rectangular_arrays_respect_custom_planes_and_linear_arrays_keep_picked_world_vectors ... ok
test app::tests::planar_boolean::tween_surfaces_selection_confirmation_and_history ... ok
test app::tests::point_grid::cancellation_does_not_change_remembered_counts ... ok
test app::tests::point_grid::centered_grid_prompts_and_default_height_match_the_typed_command ... ok
test app::tests::plane_arrays::picked_array_corners_use_the_first_plane_even_after_a_nested_plane_change ... ok
test app::tests::point_grid::coplanar_diagonal_waits_for_height_point_and_uses_first_view_plane ... ok
test app::tests::point_grid::diagonal_grid_finishes_on_a_spatial_second_corner ... ok
test app::tests::point_grid::failed_automatic_diagonal_completion_keeps_the_second_corner_prompt ... ok
test app::tests::point_grid::grid_uses_first_pick_plane_after_changing_viewports ... ok
test app::tests::point_grid::centered_picked_height_keeps_the_first_plane_across_viewports ... ok
test app::tests::point_grid::picked_grid_matches_typed_command_and_is_one_undo_step ... ok
test app::tests::point_grid::rejected_points_and_heights_preserve_draft_and_redo ... ok
test app::tests::point_grid::remembered_count_budget_failure_does_not_discard_picked_corners ... ok
test app::tests::point_grid::scalar_and_default_height_finish_the_same_draft ... ok
test app::tests::named_view::save_and_save_as_track_the_active_3dm_without_rebinding_exports ... ok
test app::tests::point_grid::three_point_numeric_width_prompts_for_side_and_matches_typed_command ... ok
test app::tests::point_grid::three_point_grid_waits_for_width_and_uses_its_own_height_normal ... ok
test app::tests::point_grid::three_point_grid_accepts_numeric_and_default_heights ... ok
test app::tests::point_grid::tiny_valid_grids_do_not_acquire_a_ui_only_tolerance_threshold ... ok
test app::tests::point_input::a_mouse_pick_can_correct_invalid_typed_input_without_leaving_stale_text ... ok
test app::tests::point_grid::vertical_numeric_width_keeps_first_pick_plane_across_viewports ... ok
test app::tests::point_grid::vertical_grid_picking_matches_typed_command ... ok
test app::tests::point_input::cancellation_discards_geometry_but_remembers_accepted_interactive_points ... ok
test app::tests::point_input::angular_constraint_tracks_cursor_but_does_not_change_typed_coordinates ... ok
test app::tests::point_input::command_names_aliases_and_script_prefixes_can_replace_a_point_prompt ... ok
test app::tests::point_input::curve_preview_tracks_settings_and_matches_committed_geometry_without_edits ... ok
test app::tests::point_input::curve_preview_disappears_when_undo_leaves_insufficient_closed_controls ... ok
test app::tests::point_input::curve_prompt_undo_can_correct_failed_closed_curve_completion ... ok
test app::tests::point_input::curve_draft_settings_preserve_points_and_use_the_updated_geometry_parameters ... ok
test app::tests::point_input::curve_prompt_skips_adjacent_points_in_measured_rhino_sequences ... ok
test app::tests::point_input::curve_close_options_match_one_line_geometry_and_make_one_history_edit ... ok
test app::tests::point_input::curve_prompt_undo_removes_points_without_touching_document_history ... ok
test app::tests::point_input::draft_undo_discards_constraint_bound_to_removed_anchor ... ok
test app::tests::point_input::extreme_uniform_interpolation_survives_typed_preview_completion_and_history ... ok
test app::tests::point_input::failed_closed_interpolation_retains_startup_options_for_retry ... ok
test app::tests::point_input::failed_curve_completion_retains_the_draft_for_correction ... ok
test app::tests::point_input::failed_curve_close_restores_original_options_and_preserves_redo ... ok
test app::tests::point_input::failed_filtered_endpoint_can_be_corrected_and_cancel_discards_filter ... ok
test app::tests::point_input::interpolated_preview_matches_completion_and_reuses_unchanged_geometry ... ok
test app::tests::point_input::interpolated_preview_invalidates_on_point_undo_and_tolerance_change ... ok
test app::tests::point_input::interpolated_draft_options_match_one_line_completion_and_preview ... ok
test app::tests::point_input::interpolation_draft_settings_update_atomically_and_drive_preview_and_completion ... ok
test app::tests::point_input::interpolation_partial_updates_retain_unspecified_tangents ... ok
test app::tests::point_input::interpolation_accepts_nonzero_tangent_directions_at_extreme_scales ... ok
test app::tests::point_input::interpolation_close_actions_preserve_degree_and_knot_spacing ... ok
test app::tests::point_input::interpolation_point_limit_preserves_the_valid_draft_and_allows_replacement ... ok
test app::tests::point_input::invalid_curve_draft_settings_preserve_all_draft_state_and_redo ... ok
test app::tests::point_input::interpolation_tangent_resets_allow_atomic_transition_to_closed_drafts ... ok
test app::tests::point_input::curve_prompt_uses_fixed_coordinate_wise_coincidence_not_model_tolerance ... ok
test app::tests::point_input::interpolation_single_tangent_reset_preserves_the_other_direction ... ok
test app::tests::point_input::invalid_polyline_close_preserves_points_plane_reference_and_redo ... ok
test app::tests::point_input::invalid_interpolation_startup_options_do_not_create_a_draft_or_edit_history ... ok
test app::tests::point_input::mouse_and_typed_relative_points_share_a_polyline_without_grid_rounding ... ok
test app::tests::point_input::invalid_typed_points_preserve_the_draft_last_point_and_editable_input ... ok
test app::tests::point_input::metadata_only_unit_scale_changes_clear_references_but_custom_renames_do_not ... ok
test app::tests::point_input::point_filter_uses_source_without_adding_geometry_or_changing_relative_anchor ... ok
test app::tests::point_input::point_filters_distinguish_construction_plane_and_world_axes ... ok
test app::tests::point_input::overflowing_endpoint_distances_preserve_typed_and_picked_drafts ... ok
test app::tests::point_input::polyline_close_finishes_once_without_duplicating_an_existing_seam ... ok
test app::tests::point_input::rejected_constraint_pick_keeps_lock_until_correction_or_cancel ... ok
test app::tests::point_input::rejected_geometric_pick_does_not_replace_the_relative_origin ... ok
test app::tests::point_input::polyline_rejects_overflowing_segments_before_appending_vertices ... ok
test app::tests::point_input::rejected_interpolation_closure_preserves_tangents_points_and_redo ... ok
test app::tests::extract_surface::native::extract_surface_viewport_sequences_geometry_metadata_and_history_match_native_mouse_runs ... ok
test app::tests::point_input::typed_fraction_and_arithmetic_point_finish_a_line ... ok
test app::tests::point_input::scalar_distance_constraints_scale_typed_points_and_clear_after_acceptance ... ok
test app::tests::point_input::typed_and_picked_endpoints_share_the_current_absolute_tolerance ... ok
test app::tests::point_input::typed_length_suffixes_follow_document_unit_changes ... ok
test app::tests::point_input::typed_functions_and_angle_units_finish_a_polyline ... ok
test app::tests::point_input::typed_point_completion_retains_full_float_precision ... ok
test app::tests::point_input::typed_points_continue_line_instead_of_cancelling_it ... ok
test app::tests::point_input::typed_xy_elevation_finishes_a_line_in_the_active_construction_plane ... ok
test app::tests::point_input::typed_points_use_each_active_construction_plane_with_world_override ... ok
test app::tests::point_input::typed_transform_points_use_the_existing_transactional_command ... ok
test app::tests::point_input::uniform_periodic_draft_survives_unrepresentable_chords_and_history ... ok
test app::tests::point_input::unit_scale_changes_invalidate_old_relative_point_references ... ok
test app::tests::point_input::unit_queries_noops_and_failures_preserve_relative_point_references ... ok
test app::tests::point_input::zero_angle_releases_cursor_lock_and_large_angle_is_accepted ... ok
test app::tests::point_input::zero_interpolation_tangent_updates_are_rejected_without_losing_the_draft ... ok
test app::tests::points::completed_transparent_plane_and_interface_edits_preserve_live_point_history ... ok
test app::tests::points::modeling_undo_exits_transparent_plane_prompt_before_removing_session_point ... ok
test app::tests::points::invalid_coordinate_keeps_the_session_and_its_live_points ... ok
test app::tests::points::escape_and_starting_another_command_keep_accepted_points ... ok
test app::tests::points::points_are_live_and_session_undo_does_not_touch_prior_geometry ... ok
test app::tests::points::points_handler_declines_input_owned_by_a_transparent_plane_prompt ... ok
test app::tests::points::sidebar_edits_finish_points_and_have_separate_history ... ok
test app::tests::points::undoing_all_points_restores_prior_redo_and_relative_input_base ... ok
test app::tests::radius::bare_radius_reports_preselected_circles_but_prompts_for_lines ... ok
test app::tests::points::transparent_plane_enter_does_not_finish_live_points ... ok
test app::tests::radius::radius_and_diameter_point_input_report_mark_and_cancel ... ok
test app::tests::radius::radius_prompt_accepts_and_revises_display_units ... ok
test app::tests::radius::radius_without_preselection_keeps_failed_pick_open_then_measures ... ok
test app::tests::rebuild_preview::rebuild_dialog_options_stay_independent_of_later_registry_defaults ... ok
test app::tests::rebuild_preview::rebuild_preview_reuses_geometry_for_stationary_and_output_policy_edits ... ok
test app::tests::rebuild_preview::rebuild_refreshes_background_without_recomputing_geometry_and_cancellation_discards_scene ... ok
test app::tests::boolean_two::boolean_two_coplanar_cycles_preserve_categories_and_multiple_result_history ... ok
test app::tests::point_input::native_point_command_precision_matches_complete_and_incremental_app_input ... ok
test app::tests::rebuild_preview::stale_rebuild_events_reject_sources_metadata_selection_and_settings ... ok
test app::tests::rhino_curve_prompt::degree_one_two_point_return_remains_a_draft_and_keeps_the_typed_or_picked_endpoint ... ok
test app::tests::rhino_curve_prompt::interpolation_auto_close_is_one_edit_and_failed_closure_preserves_the_draft ... ok
test app::tests::rebuild_preview::closed_rebuild_preview_keeps_seams_and_poles_through_acceptance_and_history ... ok
test app::tests::rhino_curve_prompt::recorded_closed_interpolation_retains_nearby_points_at_both_model_tolerances ... ok
test app::tests::rhino_curve_prompt::recorded_degree_one_exact_seams_finish_without_enter ... ok
test app::tests::rhino_curve_prompt::recorded_degree_one_seam_boundary_matches_at_both_tolerances_and_after_translation ... ok
test app::tests::rhino_curve_prompt::recorded_degree_one_interpolation_seams_match_rhino ... ok
test app::tests::rhino_curve_prompt::recorded_interpolation_closures_match_prompt_completion ... ok
test app::tests::rhino_curve_prompt::recorded_interpolation_auto_closure_matches_boundary_and_finishes_without_enter ... ok
test app::tests::rhino_curve_prompt::recorded_translated_auto_closure_distinguishes_closed_from_periodic ... ok
test app::tests::rhino_curve_prompt::recorded_two_point_return_finishes_automatically_without_periodicity ... ok
test app::tests::planar_boolean::planar_application_replays_circular_regions_and_retains_contact_diagnostics ... ok
test app::tests::rhino_curve_prompt::successful_recorded_interpolation_prompts_match_despite_coarse_model_tolerance ... ok
test app::tests::scale_by_plane::scale_by_plane_invalid_frames_and_view_clicks_preserve_sources_and_option_memory ... ok
test app::tests::scale_by_plane::scale_by_plane_preview_copy_repeats_target_and_view_pick_keeps_sources ... ok
test app::tests::scale_by_plane::scale_by_plane_object_copy_reuses_sources_after_selection_cleanup ... ok
test app::tests::rhino_curve_prompt::recorded_rhino_curve_threshold_sequences_match_interactive_completion ... ok
test app::tests::planar_boolean::planar_application_replays_circular_native_scales_and_history ... ok
test app::tests::rebuild_preview::failed_rebuild_preparation_drops_scene_blocks_acceptance_and_recovers ... ok
test app::tests::scale_nu::scale_nu_cursor_and_keyboard_reference_inputs_match_20_native_captures ... ok
test app::tests::rebuild_preview::rebuild_preview_and_acceptance_match_twelve_native_surface_outcomes ... ok
test app::tests::planar_boolean::planar_application_replays_mixed_native_scale_recipes ... ok
test app::tests::scale_nu::scale_nu_partial_input_preview_defaults_retry_and_cancel ... ok
test app::tests::scale_by_plane_curve::native_point_object_cplanes_retain_axes_in_complete_and_picked_input ... ok
test app::tests::maelstrom::interactive_preferences_and_terminal_geometry_match_29_native_steps ... ok
test app::tests::scale_nu::scale_nu_temporary_grip_positions_are_discarded_by_move_and_history_like_native ... ok
test app::tests::extract_surface::native::extract_surface_curved_viewport_sequences_match_native_mouse_runs ... ok
test app::tests::planar_boolean::planar_application_replays_all_native_recipes_and_history ... ok
test app::tests::scale_positions::scale_positions_preview_keeps_grouped_shapes_independent_and_rejected_input_retryable ... ok
test app::tests::section::section_cancels_a_pending_plane_without_geometry_or_history_changes ... ok
test app::tests::section::section_command_first_selection_accepts_picks_before_starting_the_getter ... ok
test app::tests::section::section_getter_accepts_two_points_repeats_planes_and_finishes_on_enter ... ok
test app::tests::selection_menu_defers_selection_until_a_choice_is_accepted ... ok
test app::tests::set_point::interactive_set_point_accepts_typed_targets_and_repeated_copies ... ok
test app::tests::set_point::interactive_set_point_keeps_prompt_after_degenerate_geometry ... ok
test app::tests::set_point::interactive_set_point_uses_picked_target_and_requires_selection ... ok
test app::tests::set_view::canceling_any_option_stage_retains_the_model_and_camera ... ok
test app::tests::set_view::child_cplane_options_do_not_answer_suspended_selection_prompts ... ok
test app::tests::set_view::choosing_a_view_restores_prior_zoom_target_window_and_snap_size_prompts ... ok
test app::tests::set_view::closing_viewports_remaps_or_cancels_a_suspended_cplane_pick ... ok
test app::tests::set_view::escape_cancels_the_view_prompt_before_an_underlying_selection_prompt ... ok
test app::tests::set_view::nested_cplane_and_zoom_prompts_return_to_set_view_before_the_model ... ok
test app::tests::scale_nu::scale_nu_native_replays_numeric_reference_distance_grips_copy_and_history ... ok
test app::tests::set_view::option_buttons_complete_the_same_view_transition_as_typed_choices ... ok
test app::tests::scale_positions::scale_positions_native_cursor_planes_axis_constraints_and_input_history_match ... ok
test app::tests::set_view::set_view_pauses_and_resumes_a_prior_zoom_factor_on_its_original_viewport ... ok
test app::tests::set_view::set_view_restores_a_paused_cplane_prompt_and_its_one_pick_snap ... ok
test app::tests::set_view::set_view_suspends_a_copy_cplane_source_pick_before_normal_input_can_cancel_it ... ok
test app::tests::set_view::set_view_suspends_model_point_input_and_preserves_selection_and_history ... ok
test app::tests::set_view::typed_set_view_workflows_match_all_saved_rhino_option_transitions ... ok
test app::tests::shrink_trimmed::shrink_face_prompt_rejects_replaced_sources_and_selnone_clears_faces ... ok
test app::tests::shrink_trimmed::shrink_face_window_and_whole_object_picks_share_one_undo_step ... ok
test app::tests::scale_positions::scale_positions_native_origin_boundaries_and_enter_defaults_match ... ok
test app::tests::shrink_trimmed::shrink_faces_route_preselection_modifier_picks_toggle_cancel_and_history ... ok
test app::tests::single_span_selection::single_span_cancellation_remembers_only_options_that_reached_confirmation ... ok
test app::tests::scale_by_plane::scale_by_plane_replays_native_object_frames_and_rejected_targets ... ok
test app::tests::single_span_selection::single_span_direction_subprompt_survives_transparent_controls_and_nested_cplane ... ok
test app::tests::single_span_selection::single_span_direction_chooser_overrides_global_alias_and_uses_atomic_toggles ... ok
test app::tests::shrink_trimmed::shrink_commands_route_filtered_whole_brep_picks_cancel_and_history ... ok
test app::tests::smooth::smooth_numeric_options_validate_atomically_cancel_discards_and_undo_retains_memory ... ok
test app::tests::single_span_selection::single_span_postselected_noop_still_asks_options_accepts_memory_and_preserves_redo ... ok
test app::tests::split_edge::duplicate_batch_and_stale_source_never_partially_commit ... ok
test app::tests::split_edge::split_collects_typed_and_picked_points_then_finishes_as_one_undo_even_on_escape ... ok
test app::tests::split_edge::split_one_shot_survives_distance_options_then_clears_after_accepted_point_or_finish ... ok
test app::tests::split_edge::split_shares_ambiguity_choices_and_preserves_collected_points_during_cplane_input ... ok
test app::tests::split_edge::unreachable_distance_and_invalid_numbers_preserve_the_batch ... ok
test app::tests::standalone_subcurve::standalone_source_cancel_and_bad_lengths_do_not_edit_the_document ... ok
test app::tests::split_edge::typed_distance_persists_through_points_and_cplane_edits_and_resets_explicitly ... ok
test app::tests::subcurve_direction::inline_subcurve_direction_remains_captured_after_hover_moves_and_parent_owns_history ... ok
test app::tests::subcurve_direction::subcurve_direction_requires_hover_is_transient_and_retries_invalid_lengths ... ok
test app::tests::scale_by_plane_curve::native_curve_classes_keep_cplane_frames_and_plane_scale_history ... ok
test app::tests::scale_positions::scale_positions_native_modes_groups_grips_repetition_and_memory_match ... ok
test app::tests::scale_nu::scale_nu_options_rigid_groups_grip_exclusion_and_cancel_memory_match_native ... ok
test app::tests::subcurve_edge::subcurve_edge_ambiguous_choices_cancel_and_reject_changed_parent ... ok
test app::tests::scale_by_plane::scale_by_plane_replays_native_planes_geometry_grips_copy_and_external_history ... ok
test app::tests::subcurve_edge::subcurve_edge_command_first_click_and_typed_reference_preserve_parent_until_commit ... ok
test app::tests::subcurve_mark_ends::mark_ends_mode_changes_during_input_without_geometry_or_history ... ok
test app::tests::subcurve_edge::subcurve_edge_stale_preselection_is_rejected_before_command_start ... ok
test app::tests::subcurve_midpoint::midpoint_option_changes_and_invalid_radius_are_pending_without_edits ... ok
test app::tests::subcurve_preferences::subcurve_option_edits_survive_cancel_and_undo_without_affecting_other_commands ... ok
test app::tests::subcurve_mark_ends::mark_ends_controller_replays_all_native_modes_points_and_history ... ok
test app::tests::subcurve_preferences::subcurve_option_memory_replays_native_workflow_including_cancelled_changes ... ok
test app::tests::subcurve_preview::subcurve_preview_tracks_options_locked_side_midpoint_and_cancellation ... ok
test app::tests::tab_completes_the_first_visible_command_match ... ok
test app::tests::bend::bend_preferences_match_forty_one_native_steps_and_all_terminal_snapshots ... ok
test app::tests::taper::command_first_selection_zero_reprompt_point_distances_and_repeated_copy_history ... ok
test app::tests::standalone_subcurve::standalone_numeric_source_picking_and_history_replay_all_native_cases ... ok
test app::tests::taper::taper_preview_clears_between_radius_phases_and_copy_placements ... ok
test app::tests::taper::typed_signed_distances_use_the_scalar_prompt_and_flat_uses_the_active_cplane ... ok
test app::tests::scale_positions::scale_positions_native_source_order_reference_numbers_copy_retry_and_defaults_match ... ok
test app::tests::subcurve_midpoint::midpoint_controller_replays_native_instant_numeric_radius_and_history ... ok
test app::tests::subcurve_preview::subcurve_preview_replays_native_pending_results_without_model_or_history_changes ... ok
test app::tests::transform_copy::empty_command_input_accepts_scalar_defaults_and_shows_the_pending_value ... ok
test app::tests::transform_copy::failed_postselected_transform_preserves_picks_and_accepted_copies ... ok
test app::tests::transform_copy::mirror_enter_ends_every_unfinished_point_prompt_without_an_edit ... ok
test app::tests::transform_copy::mirror_object_rejected_targets_preserve_geometry_history_and_pending_source_ids ... ok
test app::tests::transform_copy::mirror_object_surface_and_face_picks_use_spatial_planes_and_leave_targets_unchanged ... ok
test app::tests::subcurve_edge::subcurve_edge_replays_native_forced_copy_metadata_markers_and_history ... ok
test app::tests::transform_copy::automatic_scale_centers_with_rotated_and_tilted_planes_match_native ... ok
test app::tests::transform_copy::complete_transform_invocations_geometry_selection_groups_and_history_match_native ... ok
test app::tests::transform_copy::move_copy_rejected_geometry_preserves_accepted_copies_and_prompt_phase ... ok
test app::tests::transform_copy::command_first_transform_selection_order_cancellation_and_history_match_native ... ok
test app::tests::boolean_two::boolean_two_cycles_native_results_without_source_edits_or_preview_history ... ok
test app::tests::transform_copy::normal_reference_options_survive_escape_and_undefined_direction_keeps_sources ... ok
test app::tests::transform_copy::rejected_targets_and_escape_keep_accepted_edits_and_last_successful_copy_choice ... ok
test app::tests::transform_copy::postselected_transform_edits_restricted_group_peers_and_rolls_back_geometry_failure ... ok
test app::tests::transform_copy::scale1d_typed_projection_and_rejected_zero_targets_match_six_native_captures ... ok
test app::tests::transform_copy::transform_prompts_with_partial_groups_and_untouched_peers_match_native ... ok
test app::tests::subcurve_direction::subcurve_direction_replays_native_hover_lock_numeric_completion_and_history ... ok
test app::tests::transform_copy::repeated_transform_input_geometry_selection_groups_and_history_match_native ... ok
test app::tests::transform_copy::transform_source_mouse_picks_expand_groups_while_selid_is_direct_and_escape_obeys_phase ... ok
test app::tests::transform_copy::exact_and_near_identity_transform_prompts_and_invocations_match_native ... ok
test app::tests::tween_surfaces::corner_actions_replay_nine_native_calibrated_click_outcomes_and_history ... ok
test app::tests::transform_copy::transform_scalar_defaults_and_cancellation_match_self_seeded_native_sessions ... ok
test app::tests::tween_surfaces::corner_controls_transform_current_end_axes_and_leave_live_sources_unchanged ... ok
test app::tests::taper::taper_preferences_and_terminal_geometry_match_thirty_three_native_steps ... ok
test app::tests::tween_surfaces::failed_acceptance_does_not_rollback_an_unrelated_open_transaction ... ok
test app::tests::planar_boolean::planar_application_replays_trim_holes_and_nonparallel_projection ... ok
test app::tests::tween_surfaces::failed_option_preparation_drops_previous_preview_as_one_unit ... ok
test app::tests::tween_surfaces::failed_preview_keeps_source_controls_available_for_direction_recovery ... ok
test app::tests::tween_surfaces::options_refresh_cached_preview_and_invalid_edits_preserve_it ... ok
test app::tests::tween_surfaces::ordered_picks_preserve_source_order_and_preview_without_document_edits ... ok
test app::tests::tween_surfaces::preselection_admission_and_cancellation_preserve_native_source_selection ... ok
test app::tests::transform_copy::mirror_plane_options_geometry_groups_and_history_match_native ... ok
test app::tests::tween_surfaces::cancel_saves_only_layer_while_acceptance_saves_count_method_and_inactive_samples ... ok
test app::tests::tween_surfaces::queued_corner_edits_reject_stale_source_geometry_attributes_and_settings ... ok
test app::tests::tween_surfaces::repeated_source_picks_create_copies_without_mutating_the_source ... ok
test app::tests::tween_surfaces::native_inactive_sample_count_is_saved_on_acceptance ... ok
test app::tests::tween_surfaces::source_selection_and_value_questions_hide_corner_controls ... ok
test app::tests::tween_surfaces::surface_rebuild_command_first_picks_replaces_and_undoes_in_one_step ... ok
test app::tests::tween_surfaces::native_preselection_acceptance_and_cancellation_replay_geometry_and_history ... ok
test app::tests::tween_surfaces::stale_sources_and_other_commands_discard_preview_before_acceptance ... ok
test app::tests::tween_surfaces::surface_rebuild_value_questions_return_keep_invalid_edits_and_save_cancelled_values ... ok
test app::tests::twist::command_first_twist_uses_picked_sources_and_reference_points ... ok
test app::tests::twist::tilted_twist_reference_plane_cancel_and_invalid_angle_retain_prompt_state ... ok
test app::tests::twist::twist_axis_angle_options_cancel_copy_and_external_undo ... ok
test app::tests::twist::twist_mouse_turns_numeric_override_and_copy_cancel_use_one_history_entry ... ok
test app::tests::translation_preview::translation_preview_pending_completion_and_cancellation_match_36_native_cursor_captures ... ok
test app::tests::type_to_command_does_not_steal_from_another_text_editor ... ok
test app::tests::typing_outside_the_command_box_queues_focus_and_text ... ok
test app::tests::unjoin_edge::alt_click_suppresses_selection_and_does_not_open_ambiguity_choices ... ok
test app::tests::unjoin_edge::ambiguity_is_readonly_filters_seams_and_faces_and_checks_candidate_identity ... ok
test app::tests::tween_surfaces::repeated_corner_sequences_replay_current_controls_native_geometry_and_history ... ok
test app::tests::unjoin_edge::ambiguous_removal_retains_its_action_and_validates_the_chosen_source ... ok
test app::tests::unjoin_edge::empty_wrong_kind_and_cancelled_selection_preserve_redo ... ok
test app::tests::unjoin_edge::modifiers_remove_toggle_and_readd_components_without_affecting_geometry_history ... ok
test app::tests::unjoin_edge::postselection_collects_clicks_and_rectangles_until_enter_and_escape_discards_the_batch ... ok
test app::tests::unjoin_edge::preselection_finishes_immediately_preserves_metadata_and_is_one_external_undo ... ok
test app::tests::tween_surfaces::surface_rebuild_native_option_sequences_replay_immediate_memory_and_coupling ... ok
test app::tests::unjoin_edge::undo_at_the_component_prompt_keeps_the_batch_and_prior_history_none_cancels ... ok
test app::tests::unjoin_edge::view_and_cplane_commands_preserve_selection_and_new_geometry_commands_cancel_it ... ok
test app::tests::untrim_edge::general_options_are_independent_from_hole_options_and_all_similar_still_picks_edges ... ok
test app::tests::untrim_edge::general_untrim_ignores_preselection_edits_immediately_and_keeps_escape_history ... ok
test app::tests::untrim_holes::face_picks_and_option_subprompts_share_command_memory_outside_undo_and_reject_bad_values_atomically ... ok
test app::tests::unjoin_edge::stale_sources_and_tolerance_changes_reject_the_entire_batch_without_dropping_other_picks ... ok
test app::tests::untrim_holes::component_click_toggles_ambiguity_is_readonly_and_geometry_changes_invalidate_sources ... ok
test app::tests::smooth::smooth_replays_304_native_commands_complete_geometry_grips_selection_and_history ... ok
test app::tests::untrim_holes::geometry_commands_finish_the_group_and_view_and_cplane_commands_preserve_it ... ok
test app::tests::transform_copy::move_copy_placement_selection_order_options_and_history_match_native ... ok
test app::tests::untrim_holes::matching_preselection_applies_before_initial_option_tokens_and_clears_outside_history ... ok
test app::tests::untrim_holes::noops_ambiguity_and_stale_sources_cannot_modify_foreign_history_or_lose_redo ... ok
test app::tests::uv_subcurve_input::apply_inline_subcurve_accepts_clicks_and_typed_endpoints_without_source_edits ... ok
test app::tests::untrim_holes::option_buttons_render_and_typed_component_arguments_continue_to_use_the_registry ... ok
test app::tests::untrim_holes::rejected_preselection_clears_components_and_preserves_geometry_redo_and_option_memory ... ok
test app::tests::uv_subcurve_input::cancelling_nested_uv_subcurve_restores_initial_selection_and_history ... ok
test app::tests::uv_subcurve_input::length_confirmation_retries_bad_quantities_and_cancels_without_edits ... ok
test app::tests::untrim_holes::picks_apply_immediately_local_undo_discards_last_pick_and_enter_or_escape_keeps_one_external_record ... ok
test app::tests::uv_subcurve_input::create_inline_subcurves_repeat_reverse_and_reject_coincident_endpoints ... ok
test app::tests::viewport_clicks_select_and_empty_clicks_clear ... ok
test app::tests::uv_subcurve_input::selnone_discards_temporary_ranges_and_another_command_cancels_nested_input ... ok
test app::toolbar::tests::custom_unit_status_bounds_unicode_and_controls ... ok
test app::tests::viewport_enter_finishes_an_interactive_curve ... ok
test app::tests::viewport_group_pick_moves_locked_peer_without_following_its_other_group ... ok
test app::toolbar::tests::unit_status_tracks_document_history_without_mutation ... ok
test app::tests::untrim_holes::wrong_kind_preselection_is_ignored_then_a_single_component_rectangle_edits_and_multiple_keep_prompt ... ok
test app::tests::tween_surfaces::unequal_control_nets_preview_and_accept_three_native_tweens_with_atomic_history ... ok
test app::toolbar::tests::unitless_and_unset_have_distinct_status_and_warnings ... ok
test app::viewport_layout::tests::tabs_can_reactivate_covered_views_with_duplicate_titles ... ok
test app::viewport_layout::tests::tabs_switch_maximized_view_and_close_selected_view ... ok
test app::viewport_layout::tests::tab_panel_uses_the_requested_window_edge ... ok
test app::viewport_layout::tests::wheel_over_tabs_cycles_views_without_stealing_viewport_scroll ... ok
test sidebar::tests::editor_conflicts_preserve_drafts_and_clear_when_resolved_or_undone ... ok
test sidebar::tests::editor_refresh_adopts_only_untouched_fields ... ok
test app::viewport_layout::tests::tab_rename_targets_the_chosen_view_after_another_view_closes ... ok
test sidebar::tests::deleting_an_edited_layer_closes_its_draft_even_if_undo_restores_the_id ... ok
test sidebar::tests::long_names_leave_layer_and_group_actions_visible ... ok
test sidebar::tests::deleting_a_pressed_row_does_not_click_its_replacement ... ok
test viewport::affine_preview::angle_plane_tests::explicit_twist_angle_plane_resolves_free_mouse_picks_without_changing_cplane ... ok
test sidebar::tests::new_layer_text_focus_survives_a_layer_insert ... ok
test viewport::affine_preview::tests::affine_preview_resets_invalid_targets_retains_outside_and_rejects_batch_overflow ... ok
test viewport::affine_preview::tests::affine_preview_zero_numeric_factor_keeps_the_collapsed_directional_map ... ok
test viewport::affine_preview::tests::affine_preview_egui_snap_filter_and_click_use_the_same_point_and_hold_outside ... ok
test viewport::bend_preview::tests::bend_preview_cache_tracks_options_and_source_changes_without_model_edits ... ok
test viewport::bend_preview::tests::limited_preview_guides_have_a_finite_budget_for_tiny_through_circles ... ok
test app::tests::tween_surfaces::rebuild_retrims_holes_after_readonly_option_edits_and_restores_them_with_history ... ok
test viewport::camera::navigation_tests::perspective_pan_translates_camera_and_preserves_centered_projection ... ok
test viewport::camera::navigation_tests::repeated_off_center_zoom_is_a_translation_along_a_fixed_cursor_ray ... ok
test viewport::camera::tests::camera_history_branches_after_undo_and_skips_failed_zooms ... ok
test viewport::camera::tests::command_zoom_factor_pins_view_center_and_stages_failures ... ok
test viewport::camera::tests::drafting_plane_unprojection_is_translation_covariant ... ok
test viewport::camera::tests::fence_anchors_follow_the_model_through_pan_zoom_and_resize ... ok
test viewport::camera::tests::invalid_zoom_window_leaves_camera_unchanged ... ok
test viewport::camera::tests::local_drafting_rays_still_reject_edge_on_and_behind_camera_planes ... ok
test viewport::camera::tests::parallel_depth_encoding_handles_singletons_subnormals_and_overflowing_spans ... ok
test viewport::camera::tests::perspective_unprojection_rounds_world_translation_only_at_the_end ... ok
test viewport::camera::tests::unprojection_subtracts_finite_screen_coordinates_without_f32_overflow ... ok
test viewport::camera::tests::zoom_in_out_take_inverse_view_center_steps ... ok
test viewport::camera::tests::zoom_target_centers_the_picked_world_point_and_records_one_view_step ... ok
test viewport::camera::tests::zoom_target_rejects_tiny_windows_without_changing_camera ... ok
test viewport::camera::tests::zoom_window_centers_the_chosen_region_in_each_view ... ok
test test_json::raw_comparison_keeps_keys_lengths_and_large_integer_identity ... ok
test sidebar::tests::open_editor_merges_external_changes_without_losing_its_draft ... ok
test app::tests::transform_copy::move_normal_references_signed_distances_selection_and_history_match_native ... ok
test viewport::clip_tests::point_cloud_clipped_nearest_members_do_not_suppress_visible_hits ... ok
test viewport::component_picking::tests::command_click_retains_press_modifiers_after_keyboard_release ... ok
test viewport::component_picking::tests::rectangle_captures_distinct_edges_and_whole_faces_with_window_crossing_and_inverse ... ok
test viewport::clip_tests::gpu_projection_and_clip_intervals_match_public_rhino_queries ... ok
test viewport::component_picking::tests::subobject_gesture_keeps_press_modifiers_until_release_and_does_not_select_parent ... ok
test viewport::clip_tests::click_window_and_crossing_line_picks_match_public_rhino_contexts ... ok
test viewport::curve_sampling::tests::analytic_leaf_sampling_ignores_coarse_native_domains ... ok
test viewport::curve_sampling::tests::failed_sample_breaks_the_polyline ... ok
test viewport::control_points::tests::grip_picking_filters_hidden_sources_and_obeys_window_inversion ... ok
test viewport::display_cache::edge_analysis_tests::persistent_panel_and_transient_zoom_reuse_both_sample_buffers ... ok
test viewport::display_cache::tests::benchmark_cached_viewport_frames ... ignored, manual release-mode CPU scene benchmark; run with --ignored --nocapture
test viewport::display_cache::tests::benchmark_large_geometry_snapshot_frames ... ignored, manual large-source snapshot benchmark; run with --ignored --nocapture
test viewport::component_picking::tests::rectangle_gesture_dispatches_once_after_release_without_object_selection ... ok
test viewport::clip_tests::clipped_face_picking_matches_independent_rays_and_retains_face_indices ... ok
test viewport::display_cache::tests::clipping_bounds_are_shared_and_refresh_only_for_relevant_changes ... ok
test sidebar::tests::long_document_lists_scroll_to_the_group_controls ... ok
test viewport::display_cache::tests::edits_undo_redo_rollback_and_cloned_documents_never_reuse_stale_geometry ... ok
test viewport::display_cache::tests::four_views_share_geometry_and_reuse_unchanged_scenes ... ok
test viewport::bend_preview::tests::bend_mouse_plane_click_filter_and_invalid_cursor_match_native_lifecycle ... ok
test viewport::display_cache::tests::snapshots::hidden_layer_unit_edits_and_history_never_show_an_old_snapshot ... ok
test viewport::display_cache::tests::snapshots::model_tolerance_still_invalidates_display_data_for_the_same_snapshot ... ok
test viewport::display_cache::tests::imported_camera_axes_lenses_shifts_and_clip_planes_never_reuse_a_stale_scene ... ok
test viewport::drafting::block_tests::block_mesh_wire_policy_reaches_drafting_cursor_and_reports_root_identity ... ok
test viewport::drafting::block_tests::block_member_endpoints_and_insertion_points_snap_in_all_four_viewports ... ok
test viewport::drafting::center_tests::enabled_modes_reach_both_parallel_and_perspective_capture_queries ... ok
test viewport::drafting::center_tests::polygon_centers_reach_ordinary_and_constrained_queries_in_every_view ... ok
test viewport::drafting::center_tests::real_drafting_click_returns_off_cursor_center_not_construction_plane_intersection ... ok
test viewport::drafting::center_tests::real_nurbs_arc_center_click_keeps_the_off_plane_center ... ok
test viewport::display_cache::tests::wireframe_does_not_tessellate_surfaces_and_picking_reuses_shaded_mesh ... ok
test viewport::drafting::center_tests::real_polygon_center_click_retains_the_off_plane_average ... ok
test viewport::drafting::center_tests::real_nurbs_ellipse_center_click_keeps_the_off_plane_center ... ok
test viewport::display_cache::tests::display_changes_invalidate_scene_and_hidden_deleted_entries_are_evicted ... ok
test viewport::drafting::clipping_tests::camera_crossing_near_matches_rhino_endpoint_reversal_aperture_and_front_controls ... ok
test viewport::drafting::clipping_tests::admitted_behind_camera_snaps_keep_their_overlay_labels ... ok
test viewport::display_cache::tests::cached_window_geometry_matches_original_projection_in_every_view_and_mode ... ok
test viewport::drafting::clipping_tests::curve_hover_snap_targets_match_rhino_outside_depth_planes_and_behind_the_camera ... ok
test viewport::drafting::grid_tests::grid_strokes_are_bounded_and_fully_behind_camera_lines_are_omitted ... ok
test viewport::drafting::grid_tests::perspective_grid_crossing_camera_is_clipped_in_both_endpoint_orders ... ok
test viewport::drafting::intersection_tests::straight_intersections_reach_parallel_and_perspective_point_prompts ... ok
test viewport::drafting::grid_tests::grid_settings_control_line_count_major_strokes_axes_and_icon ... ok
test viewport::drafting::mesh_tests::vertex_snap_reaches_all_four_viewports_with_mesh_wires_disabled ... ok
test viewport::drafting::grid_tests::large_configured_grid_submits_only_visible_nearby_lines ... ok
test viewport::drafting::mesh_tests::mesh_policy_reaches_ordinary_and_edge_constrained_prompts_in_all_views ... ok
test viewport::drafting::mid_tests::distant_mid_hover_reaches_ordinary_and_constrained_prompts_in_all_views ... ok
test viewport::drafting::clipping_tests::camera_plane_targets_match_rhino_conic_admission_and_keep_singular_overlay_labels ... ok
test viewport::drafting::mid_tests::real_pointer_pick_returns_off_cursor_mid_instead_of_a_cplane_point ... ok
test app::tests::twist::twist_preferences_match_native_completion_cancellation_history_and_new_document ... ok
test viewport::drafting::translation_tests::translation_line_mouse_picks_keep_camera_local_precision_at_large_origins ... ok
test viewport::drafting::near_tests::near_reaches_ordinary_and_edge_constrained_prompts_in_all_four_views ... ok
test app::tests::tween_surfaces::native_option_sequence_replays_each_next_invocation_default ... ok
test viewport::drafting::near_tests::perspective_camera_crossing_line_near_uses_the_visible_endpoint_while_mid_hover_uses_the_locus ... ok
test viewport::drafting::near_tests::real_pointer_near_pick_keeps_source_height_without_selecting_geometry ... ok
test viewport::drafting::translation_tests::vertical_mouse_picks_work_with_an_edge_on_cplane_and_keep_explicit_snap_sources ... ok
test viewport::edge_picking::tests::picks_real_edges_not_isocurves_and_keeps_overlapping_component_choices ... ok
test viewport::edge_picking::tests::diagnostic_edges_and_endpoint_markers_paint_without_model_changes_and_hide_with_sources ... ok
test viewport::edge_point::tests::constrained_endpoint_shortcut_requires_end_mode_not_just_any_osnap ... ok
test viewport::edge_point::tests::distance_candidates_use_screen_proximity_even_outside_normal_curve_capture ... ok
test viewport::edge_point::tests::distance_snap_uses_model_space_even_when_screen_space_prefers_other_candidate ... ok
test viewport::edge_picking::tests::mixed_curve_edge_getter_delivers_ordinary_curve_clicks_and_surface_edge_hits ... ok
test viewport::edge_point::tests::endpoint_osnap_capture_is_separate_from_continuous_edge_location ... ok
test viewport::edge_point::tests::off_edge_point_snaps_constrain_in_model_space_in_all_four_views ... ok
test viewport::edge_picking::tests::real_pointer_events_capture_components_without_objects_or_drafting_points ... ok
test viewport::edge_point::tests::real_distance_pointer_events_emit_cached_candidate_not_raw_cursor_parameter ... ok
test viewport::edge_point::tests::feature_kinds_share_capture_and_hidden_objects_cannot_supply_stale_snap_points ... ok
test viewport::edge_point::tests::real_pointer_events_emit_the_edge_parameter_without_a_cplane_point ... ok
test viewport::imported_shading_tests::imported_surfaces_produce_shaded_pixels ... ignored, requires VIBOCEROS_3DM_FIXTURE and a graphics adapter
test viewport::edge_point::tests::snap_cache_invalidates_for_curve_target_and_tolerance_changes ... ok
test viewport::grip_preview::tests::partial_preview_reuses_geometry_across_views_and_invalidates_edits ... ok
test viewport::edge_point::tests::screen_queries_follow_off_plane_curves_in_parallel_and_perspective_views ... ok
test viewport::edge_point::tests::real_off_edge_snap_click_subdivides_original_edge_without_selecting_or_moving_the_target ... ok
test app::tests::subcurve_direction_grid::closed_direction_matrix_replays_native_inputs_geometry_and_history ... ok
test viewport::mirror_preview::tests::mirror_preview_follows_the_snapped_filtered_cursor_and_retains_it_outside_viewports ... ok
test viewport::named_view::tests::imported_small_positive_target_depth_is_retained_for_projection_and_presets ... ok
test viewport::named_view::tests::parallel_view_preserves_center_scale_and_construction_plane ... ok
test viewport::edge_picking::tests::picking_refreshes_component_indices_after_edit_and_undo ... ok
test viewport::named_view::tests::perspective_view_preserves_off_axis_lens_and_fov ... ok
test viewport::named_view::tests::imported_perspective_clip_planes_survive_round_trip_and_plan ... ok
test viewport::maelstrom_preview::tests::pending_construction_circles_match_native_definitions_without_model_edits ... ok
test viewport::picking::tests::captured_edge_depth_survives_an_overflowing_weighted_product ... ok
test viewport::normal_point::tests::normal_base_clicks_return_a_curve_parameter_or_polished_surface_location ... ok
test viewport::picking::tests::constant_parallel_face_depth_is_exact_throughout_the_triangle ... ok
test viewport::normal_point::tests::normal_reference_clicks_offer_curves_and_faces_without_changing_selection ... ok
test viewport::picking::tests::mesh_face_hit_uses_nearest_triangle_even_when_it_is_last ... ok
test viewport::picking::tests::overlapping_constant_depth_faces_choose_the_nearer_f64_plane ... ok
test viewport::picking::tests::face_depth_interpolation_is_perspective_correct_and_winding_independent ... ok
test viewport::picking::tests::perspective_depth_handles_extreme_positive_vertex_ranges ... ok
test viewport::picking::tests::perspective_depth_is_bounded_at_captured_edges ... ok
test viewport::picking::tests::perspective_depth_matches_scaled_analytic_harmonic_mean ... ok
test viewport::picking::tests::perspective_world_hit_uses_reciprocal_depth_weights ... ok
test viewport::normal_point::tests::whole_polysurface_base_uses_the_visible_face_instead_of_face_zero ... ok
test viewport::picking::tests::mesh_face_mode_keeps_regular_object_clicks_available ... ok
test app::tests::uv_subcurve_input::numeric_inline_confirmation_replays_native_lengths_orientation_and_clamping ... ok
test viewport::picking::tests::selected_mesh_face_pick_uses_visible_depth_and_stored_quad_index ... ok
test viewport::picking::tests::selected_surface_face_pick_uses_tessellation_and_excludes_mesh ... ok
test viewport::raster_tests::gpu_cached_scene_reuses_uploads_and_updates_after_edit_and_undo ... ignored, requires a graphics adapter; run explicitly with --ignored --nocapture
test viewport::raster_tests::gpu_camera_crossing_faces_match_independent_ray_coverage ... ignored, requires a graphics adapter; run explicitly with --ignored --nocapture
test viewport::raster_tests::gpu_camera_crossing_wires_rasterize_in_both_endpoint_orders ... ignored, requires a graphics adapter; run explicitly with --ignored --nocapture
test viewport::raster_tests::gpu_camera_relative_geometry_preserves_large_translation_pixels ... ignored, requires a graphics adapter; run explicitly with --ignored --nocapture
test viewport::raster_tests::gpu_depth_and_ghosted_compositing_ignore_object_insertion_order ... ignored, requires a graphics adapter; run explicitly with --ignored --nocapture
test viewport::raster_tests::gpu_faces_crossing_both_clip_planes_match_independent_rays ... ignored, requires a graphics adapter; run explicitly with --ignored --nocapture
test viewport::raster_tests::gpu_faces_wires_and_points_obey_saved_rhino_clip_planes ... ignored, requires a graphics adapter; run explicitly with --ignored --nocapture
test viewport::raster_tests::gpu_parallel_depth_translation_preserves_pixels ... ignored, requires a graphics adapter; run explicitly with --ignored --nocapture
test viewport::raster_tests::gpu_parallel_zoom_preserves_pixels_at_extreme_model_scales ... ignored, requires a graphics adapter; run explicitly with --ignored --nocapture
test viewport::raster_tests::independent_ray_reference_handles_winding_misses_and_unnormalized_directions ... ok
test viewport::picking::tests::viewport_click_emits_face_hit_instead_of_a_drafting_point ... ok
test viewport::scene::affine_tests::affine_preview_face_normals_match_independently_deformed_meshes ... ok
test viewport::picking::tests::varying_parallel_face_depth_stays_inside_finite_vertex_bounds ... ok
test viewport::scene::affine_tests::gpu_affine_preview_renders_deformed_faces_points_and_source_styles ... ignored, requires a graphics adapter; run explicitly with --ignored --nocapture
test viewport::scene::affine_tests::scale_nu_rigid_preview_preserves_shapes_and_uses_group_centers_for_clipping ... ok
test viewport::scene::block_tests::block_edit_source_preview_keeps_hidden_model_objects_and_target_hidden ... ok
test viewport::picking::tests::selected_brep_face_pick_maps_display_triangles_to_the_visible_source_face ... ok
test viewport::scene::block_tests::click_and_window_selection_return_root_identity_and_respect_member_layer_visibility ... ok
test viewport::scene::block_tests::definition_and_parent_color_edits_invalidate_scene_and_undo_restores_geometry ... ok
test viewport::scene::block_tests::mixed_block_members_render_like_placed_geometry_in_every_view_and_display_mode ... ok
test viewport::scene::grip_tests::collapsed_mesh_grip_preview_and_committed_scene_render_in_all_modes ... ok
test viewport::scene::mirror_tests::gpu_mirror_preview_renders_selected_reflections_source_wires_and_display_modes ... ignored, requires a graphics adapter; run explicitly with --ignored --nocapture
test viewport::scene::grip_tests::partial_grip_scene_draws_edited_geometry_without_a_second_affine_map ... ok
test viewport::scene::mirror_tests::mirror_preview_clipping_includes_reflected_bounds_and_restores_document_bounds ... ok
test viewport::scene::mirror_tests::mirror_preview_shaded_faces_keep_object_color_and_transform_normals ... ok
test viewport::scene::tests::choice_highlight_is_drawn_after_coincident_unselected_points ... ok
test viewport::scene::tests::collapsed_faces_do_not_change_healthy_corner_normals ... ok
test viewport::scene::tests::gpu_curve_lines_match_after_exact_knot_translation ... ok
test viewport::scene::tests::hidden_cloud_members_do_not_reach_gpu_scene ... ok
test viewport::scene::tests::mesh_vertex_colors_reach_the_gpu_scene ... ok
test viewport::scene::tests::object_color_overrides_layer_color_only_for_object_source ... ok
test viewport::scene::tests::point_cloud_member_colors_reach_the_gpu_scene ... ok
test viewport::scene::tests::smooth_shading_keeps_ninety_degree_mesh_edges_hard ... ok
test viewport::scene::tests::special_preview_draws_only_candidates_and_highlights_pending_picks ... ok
test viewport::scene::translation_tests::gpu_translation_preview_renders_source_wires_target_points_and_material_faces ... ignored, requires a graphics adapter; run explicitly with --ignored --nocapture
test viewport::scene::translation_tests::translation_preview_expands_clipping_and_restores_it_without_view_history ... ok
test viewport::bend_preview::tests::native_bend_cubic_cages_surface_controls_and_rigid_placements_match_preview ... ok
test viewport::scene::translation_tests::translation_preview_highlights_normal_reference_without_selecting_or_transforming_it ... ok
test viewport::raster_tests::sloped_and_camera_crossing_face_picks_match_independent_rays ... ok
test viewport::maelstrom_preview::tests::maelstrom_preview_reuses_cages_tracks_turns_and_hides_at_axis ... ok
test viewport::scene::translation_tests::translation_preview_preserves_mesh_normals_colors_and_committed_copy_faces ... ok
test viewport::screen::tests::distant_diagonal_does_not_cross_a_rectangle_off_its_line ... ok
test viewport::display_cache::tests::snapshots::layer_style_and_selection_edits_preserve_shared_display_geometry ... ok
test viewport::screen::tests::finite_segments_cross_at_endpoints_and_collinear_overlap_only ... ok
test viewport::screen::tests::long_segment_capture_measures_perpendicular_distance ... ok
test viewport::screen::tests::long_triangle_retains_area_and_distinguishes_sides_of_its_edge ... ok
test viewport::screen::tests::rectangle_intersection_does_not_overflow_finite_screen_endpoints ... ok
test viewport::screen::tests::rectangle_intersection_includes_boundary_and_degenerate_hits ... ok
test viewport::selection::tests::benchmark_large_scene_click_picking ... ignored, manual large-scene click-picking timing
test viewport::selection::tests::boundary_curve_selects_by_mode_and_rejects_open_sources ... ok
test viewport::screen::tests::rectangle_intersection_matches_integer_orientation_reference ... ok
test viewport::selection::tests::circle_window_and_crossing_include_segments_and_filled_faces ... ok
test viewport::selection::tests::circular_curve_fence_uses_the_visible_stroke_not_its_enclosed_area ... ok
test viewport::screen::tests::segment_distance_matches_integer_dot_and_cross_reference ... ok
test viewport::selection::tests::concave_boundary_checks_whole_segments_and_shaded_faces ... ok
test viewport::selection::tests::curve_projection_reaches_both_sides_of_single_ulp_knot_spans ... ok
test viewport::selection::tests::curve_projection_is_invariant_under_exact_knot_translation ... ok
test viewport::selection::tests::existing_curve_fence_selects_crossed_objects_without_selecting_the_source ... ok
test viewport::selection::tests::fence_can_cross_objects_with_an_endpoint_offscreen ... ok
test viewport::selection::tests::fence_crosses_points_segments_and_shaded_faces_without_enclosure ... ok
test viewport::selection::tests::excluding_the_first_surface_makes_nested_cutters_pickable_in_filled_views ... ok
test viewport::selection::tests::fence_inside_a_mesh_face_selects_shaded_surface_but_not_wireframe ... ok
test viewport::screen::tests::screen_determinants_agree_with_exact_accumulation ... ok
test viewport::selection::tests::fence_reprojects_accepted_vertices_after_pan ... ok
test viewport::selection::tests::fence_selection_obeys_visibility_and_does_not_capture_nearby_objects ... ok
test viewport::selection::tests::hidden_and_locked_preview_pick_only_eligible_objects ... ok
test viewport::selection::tests::grouped_filter_excludes_overlapping_ungrouped_hits_and_tracks_membership_edits ... ok
test viewport::selection::tests::hidden_cloud_members_are_excluded_from_picks_and_windows ... ok
test viewport::selection::tests::translated_point_cloud_capture_matches_screen_distance ... ok
test viewport::selection::tests::lasso_modes_classify_enclosed_crossing_and_outside_objects ... ok
test viewport::selection::tests::long_visible_line_is_captured_at_its_screen_distance ... ok
test viewport::selection_clipping::tests::long_parallel_line_picks_preserve_the_closest_screen_depth ... ok
test viewport::surface_corners::tests::corner_hit_testing_uses_pixels_in_all_display_modes_and_rejects_misses ... ok
test viewport::scene::affine_tests::affine_preview_reuses_display_geometry_across_deformation_and_four_views ... ok
test viewport::selection_clipping::tests::long_segments_retain_distinct_depth_plane_intersections_in_both_directions ... ok
test app::tests::boolean_two::boolean_two_planar_cycles_replay_native_open_results_and_preserve_originals ... ok
test viewport::tests::all_viewport_zoom_preflights_every_fit_before_changing_any_camera ... ok
test viewport::taper_preview::tests::taper_preview_cache_tracks_options_and_source_changes_without_model_edits ... ok
test viewport::tests::camera_crossing_lines_remain_visible_and_pickable ... ok
test viewport::tests::camera_crossing_faces_remain_visible_and_selectable ... ok
test viewport::tests::coincident_points_offer_a_choice_without_selecting_either ... ok
test viewport::tests::construction_plane::cplane_edits_do_not_move_camera_projection_depth_or_gpu_matrices ... ok
test viewport::tests::construction_plane::cplane_view_uses_the_visual_camera_target_and_screen_axes ... ok
test viewport::tests::construction_plane::drafting_dash_tessellation_is_bounded_by_the_viewport ... ok
test viewport::tests::construction_plane::each_camera_can_pick_on_an_oblique_plane_and_on_a_parallel_anchor_plane ... ok
test viewport::tests::construction_plane::planar_mode_reinterprets_a_pick_from_another_viewport_in_the_current_cplane ... ok
test viewport::tests::construction_plane::edge_on_cplane_has_no_free_pick_but_camera_space_object_snaps_remain_available ... ok
test viewport::tests::construction_plane::planar_mode_uses_previous_pick_elevation_in_each_viewport ... ok
test viewport::tests::construction_plane::smarttrack_uses_plane_axes_in_front_right_and_oblique_views ... ok
test viewport::tests::construction_plane::view_presets_reset_the_plane_explicitly_and_plane_undo_retains_the_new_camera ... ok
test viewport::tests::cplane_perspective_view_fits_scene_and_captures_cloud_members ... ok
test viewport::raster_tests::face_click_selection_uses_depth_not_insertion_order ... ok
test viewport::tests::cplane_two_point::explicit_target_and_extents_commands_replace_imported_target_offsets ... ok
test viewport::tests::cplane_two_point::plan_conversion_uses_the_target_depth_beyond_near_without_clamping_to_far ... ok
test viewport::tests::cplane_two_point::plan_rejects_unrepresentable_scale_without_changing_camera_or_histories ... ok
test viewport::maelstrom_preview::tests::maelstrom_mouse_click_plane_filter_and_radius_guides_match_native_frames ... ok
test viewport::tests::cplane_two_point::cplane_and_plan_transitions_match_64_rhino_camera_captures ... ok
test viewport::tests::disabled_drafting_aids_leave_the_cursor_unsnapped ... ok
test viewport::tests::drafting_cursor_prefers_object_snaps_to_tracking ... ok
test viewport::tests::drafting_cursor_uses_grid_snap_when_higher_priority_aids_do_not_capture ... ok
test viewport::tests::drafting_cursor_tracks_from_the_previous_pick ... ok
test viewport::tests::end_marker_right_click_filter_toggles_exclusive_category ... ok
test viewport::tests::drafting_hover_emits_a_location_without_accepting_a_point ... ok
test viewport::tests::every_view_projects_and_unprojects_its_construction_plane ... ok
test viewport::tests::end_markers_distinguish_open_ends_seams_and_polycurve_joints ... ok
test viewport::tests::filtered_cursor_previews_composite_but_retains_source_pick ... ok
test app::tests::transform_copy::mirror_object_targets_geometry_selection_groups_and_history_match_native ... ok
test viewport::tests::front_view_osnap_uses_screen_projection ... ok
test viewport::scene::mirror_tests::mirror_preview_reuses_samples_meshes_and_normals_across_mouse_moves_and_views ... ok
test viewport::tests::front_view_point_cloud_picking_uses_the_xz_projection ... ok
test viewport::tests::gpu_projection_matches_interaction_projection_and_orders_depth ... ok
test viewport::tests::grid_snap_uses_each_views_construction_plane ... ok
test viewport::tests::holding_shift_temporarily_inverts_ortho_without_changing_its_setting ... ok
test viewport::selection::tests::curve_projection_of_subnormal_domains_retains_interior_geometry ... ok
test viewport::tests::curve_draft_is_painted_without_hover_in_every_view_but_not_after_drafting ... ok
test viewport::tests::named_view_policy::unrepresentable_named_projection_conversion_leaves_camera_and_histories_intact ... ok
test viewport::tests::object_selection::block_edit_source_picking_bypasses_only_the_workspace_lock_and_keeps_model_permissions ... ok
test viewport::tests::invalid_navigation_preserves_camera_state ... ok
test viewport::drafting::center_tests::ordinary_and_edge_constrained_prompts_share_center_hover_in_all_views ... ok
test viewport::scene::translation_tests::translation_preview_shares_display_geometry_across_motion_and_views ... ok
test viewport::tests::accepted_draft_points_remain_visible_without_hover_and_follow_the_current_list ... ok
test viewport::tests::named_view_policy::world_view_policy_matches_96_saved_rhino_presets ... ok
test viewport::tests::object_selection::mesh_filter_is_applied_before_point_and_curve_hit_priority ... ok
test viewport::tests::object_selection::point_cloud_member_pick_returns_stored_index_in_all_views ... ok
test viewport::tests::named_view_policy::named_view_policy_matches_72_saved_rhino_restores ... ok
test viewport::tests::object_selection::surface_filter_precedes_coincident_point_curve_and_mesh_hits ... ok
test viewport::tests::object_selection::confirmation_disables_real_selection_events_without_enabling_point_drafting ... ok
test viewport::tests::object_selection::point_cloud_remove_viewport_click_emits_member_index ... ok
test viewport::tests::object_selection::real_pointer_events_use_the_mesh_filter_for_clicks_and_windows ... ok
test viewport::tests::object_selection::window_and_crossing_filters_exclude_nonmeshes_hidden_objects_and_locked_layers ... ok
test viewport::tests::object_snap_overrides_ortho_and_no_anchor_does_not_constrain ... ok
test viewport::tests::ortho_constrains_from_the_last_pick_before_smarttrack_and_grid ... ok
test viewport::tests::ortho_cplane_z_tracks_a_visible_axis_in_perspective ... ok
test viewport::tests::parallel_face_sort_depth_stays_finite_at_the_model_range_limit ... ok
test viewport::tests::parallel_gpu_matrices_remain_normal_at_extreme_zoom_scales ... ok
test viewport::tests::perspective_cplane_view_orbits_without_losing_its_camera_roll ... ok
test viewport::tests::perspective_foreshortens_geometry_with_depth ... ok
test viewport::tests::perspective_zoom_dollies_the_camera_without_changing_the_lens ... ok
test viewport::tests::perspective_zoom_pins_the_camera_target_plane_after_retargeting ... ok
test viewport::tests::picking_ignores_locked_or_hidden_objects_and_prefers_point_features ... ok
test viewport::tests::picking_supports_polyline_segments_without_filling_closed_regions ... ok
test viewport::tests::picking_supports_analytic_circles_arcs_and_ellipses ... ok
test viewport::tests::picking_supports_points_point_clouds_lines_and_nurbs_curves ... ok
test viewport::tests::plan_from_perspective_uses_frustum_near_for_parallel_scale ... ok
test viewport::tests::plan_screen_projection_does_not_require_representable_normal_depth ... ok
test viewport::tests::plan_view_fits_rotated_extents_and_picks_point_clouds ... ok
test viewport::tests::plan_view_preserves_parallel_zoom ... ok
test viewport::tests::plan_view_uses_captured_rotated_cplane_for_cpu_gpu_and_history ... ok
test viewport::tests::polycurve_picking_follows_curved_segments_without_a_closing_chord ... ok
test viewport::tests::projection_rejects_values_outside_f32_range ... ok
test viewport::tests::projection_round_trips_and_zoom_keeps_the_pointer_pinned ... ok
test viewport::tests::reversed_world_views_capture_the_correct_point_cloud_member ... ok
test viewport::tests::reversed_world_views_fit_visible_extents_and_restore_camera_history ... ok
test viewport::tests::right_drag_matches_parallel_and_perspective_navigation ... ok
test viewport::tests::selection_direction_switches_between_window_and_crossing ... ok
test viewport::tests::selection_modifiers_match_rhino_add_and_remove_rules ... ok
test viewport::tests::set_view_cplane_preserves_perspective_camera_distance ... ok
test viewport::tests::set_view_cplane_preserves_projection_and_plane_in_all_six_directions ... ok
test viewport::tests::primary_drag_emits_directional_selection_results ... ok
test viewport::tests::right_click_emits_enter_and_activates_the_viewport ... ok
test viewport::tests::right_drag_navigates_without_emitting_enter ... ok
test viewport::tests::shaded_meshes_pick_by_face_while_wireframe_picks_edges ... ok
test viewport::tests::set_view_cplane_preserves_parallel_zoom ... ok
test viewport::tests::shaded_nurbs_surfaces_pick_from_their_display_tessellation ... ok
test viewport::tests::snap_spacing_changes_local_grid_capture_without_changing_other_views ... ok
test viewport::tests::target_relative_gpu_positions_and_depth_keep_small_translated_features ... ok
test viewport::tests::object_selection::viewport_double_click_reports_one_block_hit_without_triggering_title_maximization ... ok
test viewport::tests::translated_parallel_osnap_respects_pixel_capture_radius ... ok
test viewport::tests::shaded_trimmed_brep_does_not_pick_through_an_inner_loop ... ok
test viewport::tests::standard_views_project_the_expected_world_axes ... ok
test viewport::tests::shaded_breps_pick_faces_while_wireframe_uses_density_wires ... ok
test viewport::tests::shaded_trimmed_brep_respects_a_concave_cap_boundary ... ok
test viewport::tests::two_point::two_point_world_preset_retains_translated_parallel_pan ... ok
test viewport::tests::wireframe_quad_picking_ignores_the_triangulation_diagonal ... ok
test viewport::tests::world_parallel::world_parallel_presets_preserve_pan_center_and_clear_two_point_locks ... ok
test viewport::tests::zoom_curve_ends_fits_markers_instead_of_the_curves_full_bounds ... ok
test viewport::tests::zoom_curve_ends_includes_polycurve_joints ... ok
test viewport::tests::zoom_curve_ends_uses_a_closed_curves_seam ... ok
test viewport::tests::zoom_extents::perspective_box_depth_rejects_boxes_on_or_behind_the_camera_plane ... ok
test viewport::tests::two_point::world_perspective_presets_and_two_point_drags_match_saved_rhino_cameras ... ok
test viewport::tests::world_parallel::world_parallel_presets_match_saved_rhino_framing ... ok
test viewport::tests::zoom_extents::zoom_all_rejects_an_invalid_lens_without_mutating_cameras_or_history ... ok
test viewport::tests::zoom_extents::box_depths_match_48_rhino_queries_including_clipped_and_shifted_frusta ... ok
test viewport::tests::zoom_extents::zoom_extents_border_settings_below_one_match_rhino_api_and_command_captures ... ok
test viewport::tests::navigation_drag_accumulates_frame_deltas_once_and_stops_on_release ... ok
test viewport::tests::zoom_extents_accepts_representable_local_geometry_at_extreme_absolute_coordinates ... ok
test viewport::tests::zoom_extents_empty_and_unrepresentable_scenes_do_not_change_the_view ... ok
test viewport::tests::zoom_extents_border_controls_fit_and_values_below_one_fit_as_one ... ok
test viewport::tests::zoom_extents_fits_translated_geometry_and_keeps_gpu_and_picking_aligned ... ok
test viewport::tests::zoom_extents_handles_point_scenes_and_large_parallel_extents ... ok
test viewport::tests::zoom_pan_handles_large_intermediates_and_rejects_unrepresentable_results ... ok
test viewport::tests::zoom_selected_ignores_unselected_extents_and_empty_selection_is_a_noop ... ok
test viewport::translation_preview::tests::translation_preview_retains_the_whole_batch_when_translation_or_geometry_overflows ... ok
test viewport::translation_preview::tests::translation_preview_uses_snaps_filters_and_retains_geometry_outside_viewports ... ok
test viewport::taper_preview::tests::taper_mouse_plane_click_filter_and_invalid_cursor_match_native_lifecycle ... ok
test viewport::tests::zoom_extents::document_clipping_and_public_constraints_match_rhino_captures ... ok
test viewport::tests::subcurve_curve_and_endpoint_overlays_paint_in_every_mode_and_view_without_hover ... ok
test viewport::twist_preview::tests::twist_gpu_overlay_is_visible_over_opaque_faces_and_obeys_world_clip_planes ... ignored, requires a graphics adapter; run explicitly with --ignored --nocapture
test viewport::tests::zoom_extents::zoom_extents_framing_and_perspective_poses_match_saved_rhino_captures ... ok
test viewport::tests::zoom_extents::selected_fits_include_visible_document_context_in_all_display_modes ... ok
test viewport::tests::zoom_extents::drawing_refreshes_clipping_and_keeps_camera_model_and_plane_history_separate ... ok
test viewport::maelstrom_preview::tests::native_maelstrom_cubic_cages_surface_controls_and_rigid_placements_match_preview ... ok
test viewport::tests::zoom_extents::redraw_clipping_matches_navigation_visibility_and_empty_scene_captures ... ok
test viewport::tests::cplane_two_point::off_axis_camera_targets_and_shifted_frusta_survive_3dm_files ... ok
test viewport::taper_preview::tests::native_taper_cubic_cages_surface_controls_and_rigid_placements_match_preview ... ok
test viewport::tests::named_view_policy::restored_shifted_frusta_and_raw_up_hints_survive_actual_3dm_files ... ok
test viewport::twist_preview::tests::twist_cache_shares_across_views_retains_invalid_angles_and_invalidates_source_changes ... ok
test viewport::twist_preview::tests::supplemental_native_brep_edges_and_single_face_preservation_match_cached_wires ... ok
test viewport::twist_preview::tests::twist_viewport_mouse_click_filters_and_leaving_the_view_keep_one_preview_angle ... ok
test viewport::twist_preview::tests::native_twist_cubic_cages_rigid_placements_and_overlay_styles ... ok
test app::tests::rebuild_preview::trimmed_cylinder_band_preview_preserves_seam_sharing_and_atomic_history ... ok
test app::tests::planar_boolean::planar_application_replays_mixed_lines_arcs_and_holes ... ok
test app::tests::rebuild_preview::trimmed_sphere_cap_preview_keeps_the_pole_through_acceptance_and_history ... ok
test app::tests::boolean_intersection::compound_intersection_picks_both_set_directions_and_common_material ... ok
test app::tests::boolean_intersection::polyhedral_boolean_commands_pick_chained_holes_and_replay_selection_history ... ok
test app::tests::boolean_intersection::compound_common_and_inward_pairs_pick_exported_boundaries_and_replay_history ... ok
test app::tests::smooth::workflow::native_workflows_replay_admission_metadata_preferences_cancellation_and_trim_rebuilding ... ok

test result: ok. 1113 passed; 0 failed; 17 ignored; 0 measured; 0 filtered out; finished in 14.17s

