ISO-10303-21;
HEADER;
FILE_DESCRIPTION(('Shape Data from monstertruck'), '2;1');
FILE_NAME('', '2026-10-10 09:58:08.293722876', (''), (''), 'monstertruck', 'Viboceros', '');
FILE_SCHEMA(('AUTOMOTIVE_DESIGN'));
ENDSEC;
DATA;
#1 = APPLICATION_PROTOCOL_DEFINITION('international standard', 'automotive_design', 2000, #2);
#2 = APPLICATION_CONTEXT('core data for automotive mechanical design processes');
#3 = SHAPE_DEFINITION_REPRESENTATION(#4, #10);
#4 = PRODUCT_DEFINITION_SHAPE('','', #5);
#5 = PRODUCT_DEFINITION('design','', #6, #9);
#6 = PRODUCT_DEFINITION_FORMATION('','', #7);
#7 = PRODUCT('','','', (#8));
#8 = PRODUCT_CONTEXT('', #2, 'mechanical');
#9 = PRODUCT_DEFINITION_CONTEXT('part definition', #2, 'design');
#10 = ADVANCED_BREP_SHAPE_REPRESENTATION('', (#16), #11);
#11 = (
    GEOMETRIC_REPRESENTATION_CONTEXT(3)
    GLOBAL_UNCERTAINTY_ASSIGNED_CONTEXT((#15))
    GLOBAL_UNIT_ASSIGNED_CONTEXT((#12, #13, #14))
    REPRESENTATION_CONTEXT('Context #1', '3D Context with UNIT and UNCERTAINTY')
);
#12 = ( LENGTH_UNIT() NAMED_UNIT(*) SI_UNIT(.MILLI.,.METRE.) );
#13 = ( NAMED_UNIT(*) PLANE_ANGLE_UNIT() SI_UNIT($,.RADIAN.) );
#14 = ( NAMED_UNIT(*) SI_UNIT($,.STERADIAN.) SOLID_ANGLE_UNIT() );
#15 = UNCERTAINTY_MEASURE_WITH_UNIT(LENGTH_MEASURE(1.0E-6), #12, 'distance_accuracy_value','confusion accuracy');
#16 = SHELL_BASED_SURFACE_MODEL('', (#17));
#17 = OPEN_SHELL('', (#18, #25, #32, #39, #46, #54, #62));
#18 = ADVANCED_FACE('', (#19), #94, .T.);
#19 = FACE_BOUND('', #20, .T.);
#20 = EDGE_LOOP('', (#21, #22, #23, #24));
#21 = ORIENTED_EDGE('', *, *, #69, .F.);
#22 = ORIENTED_EDGE('', *, *, #70, .T.);
#23 = ORIENTED_EDGE('', *, *, #71, .T.);
#24 = ORIENTED_EDGE('', *, *, #72, .F.);
#25 = ADVANCED_FACE('', (#26), #99, .T.);
#26 = FACE_BOUND('', #27, .T.);
#27 = EDGE_LOOP('', (#28, #29, #30, #31));
#28 = ORIENTED_EDGE('', *, *, #73, .T.);
#29 = ORIENTED_EDGE('', *, *, #74, .T.);
#30 = ORIENTED_EDGE('', *, *, #70, .F.);
#31 = ORIENTED_EDGE('', *, *, #75, .F.);
#32 = ADVANCED_FACE('', (#33), #104, .T.);
#33 = FACE_BOUND('', #34, .T.);
#34 = EDGE_LOOP('', (#35, #36, #37, #38));
#35 = ORIENTED_EDGE('', *, *, #76, .T.);
#36 = ORIENTED_EDGE('', *, *, #72, .T.);
#37 = ORIENTED_EDGE('', *, *, #77, .F.);
#38 = ORIENTED_EDGE('', *, *, #78, .F.);
#39 = ADVANCED_FACE('', (#40), #109, .T.);
#40 = FACE_BOUND('', #41, .T.);
#41 = EDGE_LOOP('', (#42, #43, #44, #45));
#42 = ORIENTED_EDGE('', *, *, #79, .F.);
#43 = ORIENTED_EDGE('', *, *, #80, .T.);
#44 = ORIENTED_EDGE('', *, *, #78, .T.);
#45 = ORIENTED_EDGE('', *, *, #81, .F.);
#46 = ADVANCED_FACE('', (#47), #114, .T.);
#47 = FACE_BOUND('', #48, .T.);
#48 = EDGE_LOOP('', (#49, #50, #51, #52, #53));
#49 = ORIENTED_EDGE('', *, *, #82, .F.);
#50 = ORIENTED_EDGE('', *, *, #75, .T.);
#51 = ORIENTED_EDGE('', *, *, #69, .T.);
#52 = ORIENTED_EDGE('', *, *, #76, .F.);
#53 = ORIENTED_EDGE('', *, *, #80, .F.);
#54 = ADVANCED_FACE('', (#55), #119, .T.);
#55 = FACE_BOUND('', #56, .T.);
#56 = EDGE_LOOP('', (#57, #58, #59, #60, #61));
#57 = ORIENTED_EDGE('', *, *, #83, .F.);
#58 = ORIENTED_EDGE('', *, *, #81, .T.);
#59 = ORIENTED_EDGE('', *, *, #77, .T.);
#60 = ORIENTED_EDGE('', *, *, #71, .F.);
#61 = ORIENTED_EDGE('', *, *, #74, .F.);
#62 = ADVANCED_FACE('', (#63), #124, .T.);
#63 = FACE_BOUND('', #64, .T.);
#64 = EDGE_LOOP('', (#65, #66, #67, #68));
#65 = ORIENTED_EDGE('', *, *, #79, .T.);
#66 = ORIENTED_EDGE('', *, *, #83, .T.);
#67 = ORIENTED_EDGE('', *, *, #73, .F.);
#68 = ORIENTED_EDGE('', *, *, #82, .T.);
#69 = EDGE_CURVE('', #84, #85, #405, .T.);
#70 = EDGE_CURVE('', #84, #86, #431, .T.);
#71 = EDGE_CURVE('', #86, #87, #457, .T.);
#72 = EDGE_CURVE('', #85, #87, #483, .T.);
#73 = EDGE_CURVE('', #88, #89, #509, .T.);
#74 = EDGE_CURVE('', #89, #86, #815, .T.);
#75 = EDGE_CURVE('', #88, #84, #841, .T.);
#76 = EDGE_CURVE('', #90, #85, #867, .T.);
#77 = EDGE_CURVE('', #91, #87, #893, .T.);
#78 = EDGE_CURVE('', #90, #91, #919, .T.);
#79 = EDGE_CURVE('', #92, #93, #945, .T.);
#80 = EDGE_CURVE('', #92, #90, #1251, .T.);
#81 = EDGE_CURVE('', #93, #91, #1277, .T.);
#82 = EDGE_CURVE('', #88, #92, #1303, .T.);
#83 = EDGE_CURVE('', #93, #89, #2223, .T.);
#84 = VERTEX_POINT('', #3143);
#85 = VERTEX_POINT('', #3144);
#86 = VERTEX_POINT('', #3145);
#87 = VERTEX_POINT('', #3146);
#88 = VERTEX_POINT('', #3147);
#89 = VERTEX_POINT('', #3148);
#90 = VERTEX_POINT('', #3149);
#91 = VERTEX_POINT('', #3150);
#92 = VERTEX_POINT('', #3151);
#93 = VERTEX_POINT('', #3152);
#94 = (
    BOUNDED_SURFACE()
    B_SPLINE_SURFACE(1, 1, ((#95, #96), (#97, #98)), .UNSPECIFIED., .U., .U., .U.)
    B_SPLINE_SURFACE_WITH_KNOTS((2, 2), (2, 2), (0.0, 1.0), (0.0, 1.0), .UNSPECIFIED.)
    GEOMETRIC_REPRESENTATION_ITEM()
    RATIONAL_B_SPLINE_SURFACE(((1.0, 1.0), (1.0, 1.0)))
    REPRESENTATION_ITEM('')
    SURFACE()
);
#95 = CARTESIAN_POINT('', (10.0, 10.0, 0.0));
#96 = CARTESIAN_POINT('', (10.0, 10.0, 10.0));
#97 = CARTESIAN_POINT('', (0.0, 10.0, 0.0));
#98 = CARTESIAN_POINT('', (0.0, 10.0, 10.0));
#99 = (
    BOUNDED_SURFACE()
    B_SPLINE_SURFACE(1, 1, ((#100, #101), (#102, #103)), .UNSPECIFIED., .U., .U., .U.)
    B_SPLINE_SURFACE_WITH_KNOTS((2, 2), (2, 2), (0.0, 1.0), (0.0, 1.0), .UNSPECIFIED.)
    GEOMETRIC_REPRESENTATION_ITEM()
    RATIONAL_B_SPLINE_SURFACE(((1.0, 1.0), (1.0, 1.0)))
    REPRESENTATION_ITEM('')
    SURFACE()
);
#100 = CARTESIAN_POINT('', (0.0, 10.0, 0.0));
#101 = CARTESIAN_POINT('', (0.0, 10.0, 10.0));
#102 = CARTESIAN_POINT('', (0.0, 0.0, 0.0));
#103 = CARTESIAN_POINT('', (0.0, 0.0, 10.0));
#104 = (
    BOUNDED_SURFACE()
    B_SPLINE_SURFACE(1, 1, ((#105, #106), (#107, #108)), .UNSPECIFIED., .U., .U., .U.)
    B_SPLINE_SURFACE_WITH_KNOTS((2, 2), (2, 2), (0.0, 1.0), (0.0, 1.0), .UNSPECIFIED.)
    GEOMETRIC_REPRESENTATION_ITEM()
    RATIONAL_B_SPLINE_SURFACE(((1.0, 1.0), (1.0, 1.0)))
    REPRESENTATION_ITEM('')
    SURFACE()
);
#105 = CARTESIAN_POINT('', (10.0, 0.0, 0.0));
#106 = CARTESIAN_POINT('', (10.0, 0.0, 10.0));
#107 = CARTESIAN_POINT('', (10.0, 10.0, 0.0));
#108 = CARTESIAN_POINT('', (10.0, 10.0, 10.0));
#109 = (
    BOUNDED_SURFACE()
    B_SPLINE_SURFACE(1, 1, ((#110, #111), (#112, #113)), .UNSPECIFIED., .U., .U., .U.)
    B_SPLINE_SURFACE_WITH_KNOTS((2, 2), (2, 2), (0.0, 1.0), (0.0, 1.0), .UNSPECIFIED.)
    GEOMETRIC_REPRESENTATION_ITEM()
    RATIONAL_B_SPLINE_SURFACE(((1.0, 1.0), (1.0, 1.0)))
    REPRESENTATION_ITEM('')
    SURFACE()
);
#110 = CARTESIAN_POINT('', (0.0, 0.0, 0.0));
#111 = CARTESIAN_POINT('', (0.0, 0.0, 10.0));
#112 = CARTESIAN_POINT('', (10.0, 0.0, 0.0));
#113 = CARTESIAN_POINT('', (10.0, 0.0, 10.0));
#114 = (
    BOUNDED_SURFACE()
    B_SPLINE_SURFACE(1, 1, ((#115, #116), (#117, #118)), .UNSPECIFIED., .U., .U., .U.)
    B_SPLINE_SURFACE_WITH_KNOTS((2, 2), (2, 2), (0.0, 1.0), (0.0, 1.0), .UNSPECIFIED.)
    GEOMETRIC_REPRESENTATION_ITEM()
    RATIONAL_B_SPLINE_SURFACE(((1.0, 1.0), (1.0, 1.0)))
    REPRESENTATION_ITEM('')
    SURFACE()
);
#115 = CARTESIAN_POINT('', (0.0, 0.0, 0.0));
#116 = CARTESIAN_POINT('', (10.0, 0.0, 0.0));
#117 = CARTESIAN_POINT('', (0.0, 10.0, 0.0));
#118 = CARTESIAN_POINT('', (10.0, 10.0, 0.0));
#119 = (
    BOUNDED_SURFACE()
    B_SPLINE_SURFACE(1, 1, ((#120, #121), (#122, #123)), .UNSPECIFIED., .U., .U., .U.)
    B_SPLINE_SURFACE_WITH_KNOTS((2, 2), (2, 2), (0.0, 1.0), (0.0, 1.0), .UNSPECIFIED.)
    GEOMETRIC_REPRESENTATION_ITEM()
    RATIONAL_B_SPLINE_SURFACE(((1.0, 1.0), (1.0, 1.0)))
    REPRESENTATION_ITEM('')
    SURFACE()
);
#120 = CARTESIAN_POINT('', (0.0, 0.0, 10.0));
#121 = CARTESIAN_POINT('', (0.0, 10.0, 10.0));
#122 = CARTESIAN_POINT('', (10.0, 0.0, 10.0));
#123 = CARTESIAN_POINT('', (10.0, 10.0, 10.0));
#124 = (
    BOUNDED_SURFACE()
    B_SPLINE_SURFACE(3, 3, ((#125, #126, #127, #128, #129, #130, #131, #132, #133, #134, #135, #136, #137, #138, #139, #140, #141, #142, #143, #144, #145, #146, #147, #148, #149, #150, #151, #152, #153, #154, #155, #156, #157, #158, #159, #160, #161, #162, #163, #164), (#165, #166, #167, #168, #169, #170, #171, #172, #173, #174, #175, #176, #177, #178, #179, #180, #181, #182, #183, #184, #185, #186, #187, #188, #189, #190, #191, #192, #193, #194, #195, #196, #197, #198, #199, #200, #201, #202, #203, #204), (#205, #206, #207, #208, #209, #210, #211, #212, #213, #214, #215, #216, #217, #218, #219, #220, #221, #222, #223, #224, #225, #226, #227, #228, #229, #230, #231, #232, #233, #234, #235, #236, #237, #238, #239, #240, #241, #242, #243, #244), (#245, #246, #247, #248, #249, #250, #251, #252, #253, #254, #255, #256, #257, #258, #259, #260, #261, #262, #263, #264, #265, #266, #267, #268, #269, #270, #271, #272, #273, #274, #275, #276, #277, #278, #279, #280, #281, #282, #283, #284), (#285, #286, #287, #288, #289, #290, #291, #292, #293, #294, #295, #296, #297, #298, #299, #300, #301, #302, #303, #304, #305, #306, #307, #308, #309, #310, #311, #312, #313, #314, #315, #316, #317, #318, #319, #320, #321, #322, #323, #324), (#325, #326, #327, #328, #329, #330, #331, #332, #333, #334, #335, #336, #337, #338, #339, #340, #341, #342, #343, #344, #345, #346, #347, #348, #349, #350, #351, #352, #353, #354, #355, #356, #357, #358, #359, #360, #361, #362, #363, #364), (#365, #366, #367, #368, #369, #370, #371, #372, #373, #374, #375, #376, #377, #378, #379, #380, #381, #382, #383, #384, #385, #386, #387, #388, #389, #390, #391, #392, #393, #394, #395, #396, #397, #398, #399, #400, #401, #402, #403, #404)), .UNSPECIFIED., .U., .U., .U.)
    B_SPLINE_SURFACE_WITH_KNOTS((4, 3, 4), (4, 1, 1, 1, 1, 1, 1, 1, 1, 1, 1, 1, 1, 1, 1, 1, 1, 1, 1, 1, 1, 1, 1, 1, 1, 1, 1, 1, 1, 1, 1, 1, 1, 1, 1, 1, 1, 4), (5.0, 14.999999999999998, 15.000159999999997), (0.0, 0.02702702702702703, 0.05405405405405406, 0.08108108108108109, 0.10810810810810811, 0.13513513513513514, 0.16216216216216217, 0.1891891891891892, 0.21621621621621623, 0.24324324324324326, 0.2702702702702703, 0.2972972972972973, 0.32432432432432434, 0.35135135135135137, 0.3783783783783784, 0.40540540540540543, 0.43243243243243246, 0.4594594594594595, 0.4864864864864865, 0.5135135135135136, 0.5405405405405406, 0.5675675675675675, 0.5945945945945946, 0.6216216216216217, 0.6486486486486487, 0.6756756756756757, 0.7027027027027027, 0.7297297297297298, 0.7567567567567568, 0.7837837837837838, 0.8108108108108109, 0.8378378378378379, 0.8648648648648649, 0.8918918918918919, 0.918918918918919, 0.945945945945946, 0.972972972972973, 1.0), .UNSPECIFIED.)
    GEOMETRIC_REPRESENTATION_ITEM()
    RATIONAL_B_SPLINE_SURFACE(((1.0, 1.0, 1.0, 1.0, 1.0, 1.0, 1.0, 1.0, 1.0, 1.0, 1.0, 1.0, 1.0, 1.0, 1.0, 1.0, 1.0, 1.0, 1.0, 1.0, 1.0, 1.0, 1.0, 1.0, 1.0, 1.0, 1.0, 1.0, 1.0, 1.0, 1.0, 1.0, 1.0, 1.0, 1.0, 1.0, 1.0, 1.0, 1.0, 1.0), (1.0, 1.0, 1.0, 1.0, 1.0, 1.0, 1.0, 1.0, 1.0, 1.0, 1.0, 1.0, 1.0, 1.0, 1.0, 1.0, 1.0, 1.0, 1.0, 1.0, 1.0, 1.0, 1.0, 1.0, 1.0, 1.0, 1.0, 1.0, 1.0, 1.0, 1.0, 1.0, 1.0, 1.0, 1.0, 1.0, 1.0, 1.0, 1.0, 1.0), (1.0, 1.0, 1.0, 1.0, 1.0, 1.0, 1.0, 1.0, 1.0, 1.0, 1.0, 1.0, 1.0, 1.0, 1.0, 1.0, 1.0, 1.0, 1.0, 1.0, 1.0, 1.0, 1.0, 1.0, 1.0, 1.0, 1.0, 1.0, 1.0, 1.0, 1.0, 1.0, 1.0, 1.0, 1.0, 1.0, 1.0, 1.0, 1.0, 1.0), (1.0, 1.0, 1.0, 1.0, 1.0, 1.0, 1.0, 1.0, 1.0, 1.0, 1.0, 1.0, 1.0, 1.0, 1.0, 1.0, 1.0, 1.0, 1.0, 1.0, 1.0, 1.0, 1.0, 1.0, 1.0, 1.0, 1.0, 1.0, 1.0, 1.0, 1.0, 1.0, 1.0, 1.0, 1.0, 1.0, 1.0, 1.0, 1.0, 1.0), (1.0, 1.0, 1.0, 1.0, 1.0, 1.0, 1.0, 1.0, 1.0, 1.0, 1.0, 1.0, 1.0, 1.0, 1.0, 1.0, 1.0, 1.0, 1.0, 1.0, 1.0, 1.0, 1.0, 1.0, 1.0, 1.0, 1.0, 1.0, 1.0, 1.0, 1.0, 1.0, 1.0, 1.0, 1.0, 1.0, 1.0, 1.0, 1.0, 1.0), (1.0, 1.0, 1.0, 1.0, 1.0, 1.0, 1.0, 1.0, 1.0, 1.0, 1.0, 1.0, 1.0, 1.0, 1.0, 1.0, 1.0, 1.0, 1.0, 1.0, 1.0, 1.0, 1.0, 1.0, 1.0, 1.0, 1.0, 1.0, 1.0, 1.0, 1.0, 1.0, 1.0, 1.0, 1.0, 1.0, 1.0, 1.0, 1.0, 1.0), (1.0, 1.0, 1.0, 1.0, 1.0, 1.0, 1.0, 1.0, 1.0, 1.0, 1.0, 1.0, 1.0, 1.0, 1.0, 1.0, 1.0, 1.0, 1.0, 1.0, 1.0, 1.0, 1.0, 1.0, 1.0, 1.0, 1.0, 1.0, 1.0, 1.0, 1.0, 1.0, 1.0, 1.0, 1.0, 1.0, 1.0, 1.0, 1.0, 1.0)))
    REPRESENTATION_ITEM('')
    SURFACE()
);
#125 = CARTESIAN_POINT('', (1.0, 0.0, 0.0));
#126 = CARTESIAN_POINT('', (0.9858486817405863, 9.9261673506E-24, -7.6482030585E-16));
#127 = CARTESIAN_POINT('', (0.9575460459450713, 6.0086161170E-4, -6.1679056924E-16));
#128 = CARTESIAN_POINT('', (0.9151685964129554, 3.3031561841E-3, -6.9080543754E-16));
#129 = CARTESIAN_POINT('', (0.8729440191387748, 7.8015578851E-3, -1.7270135939E-16));
#130 = CARTESIAN_POINT('', (0.8309484051630708, 0.014087972356768777, -3.2073109600E-16));
#131 = CARTESIAN_POINT('', (0.7892574336779887, 0.02215106475284041, -4.6876083262E-16));
#132 = CARTESIAN_POINT('', (0.7479462344826288, 0.031976308142339795, -7.6482030585E-16));
#133 = CARTESIAN_POINT('', (0.7070892532388797, 0.0435459950580164, -3.2073109600E-16));
#134 = CARTESIAN_POINT('', (0.6667601169508406, 0.056839277088437744, 1.2335811385E-16));
#135 = CARTESIAN_POINT('', (0.627031501472716, 0.07183219833132577, -6.1679056924E-16));
#136 = CARTESIAN_POINT('', (0.5879750004178573, 0.08849774073872549, -7.6482030585E-16));
#137 = CARTESIAN_POINT('', (0.5496609962563302, 0.10680587176784896, -3.2073109600E-16));
#138 = CARTESIAN_POINT('', (0.5121585334271656, 0.12672359903693564, -5.4277570093E-16));
#139 = CARTESIAN_POINT('', (0.47553519390664484, 0.1482150294110058, -6.9080543754E-16));
#140 = CARTESIAN_POINT('', (0.4398569754182269, 0.17124143388092072, -9.8686491078E-17));
#141 = CARTESIAN_POINT('', (0.40518817249077044, 0.19576131725617943, -6.1679056924E-16));
#142 = CARTESIAN_POINT('', (0.3715912606869128, 0.22173049311334797, -2.4671622769E-16));
#143 = CARTESIAN_POINT('', (0.3391267839186851, 0.2491021632405518, -2.4671622769E-17));
#144 = CARTESIAN_POINT('', (0.3078532453723586, 0.27782700204140226, -3.2073109600E-16));
#145 = CARTESIAN_POINT('', (0.27782700204140276, 0.3078532453723594, -1.7270135939E-16));
#146 = CARTESIAN_POINT('', (0.24910216324055098, 0.339126783918684, -6.1679056924E-16));
#147 = CARTESIAN_POINT('', (0.2217304931133485, 0.3715912606869136, -2.4671622769E-17));
#148 = CARTESIAN_POINT('', (0.19576131725617907, 0.4051881724907695, -6.1679056924E-16));
#149 = CARTESIAN_POINT('', (0.17124143388092142, 0.43985697541822805, 4.9343245539E-17));
#150 = CARTESIAN_POINT('', (0.14821502941100517, 0.47553519390664384, -2.4671622769E-16));
#151 = CARTESIAN_POINT('', (0.12672359903693622, 0.5121585334271672, -3.9474596431E-16));
#152 = CARTESIAN_POINT('', (0.10680587176784853, 0.5496609962563289, -6.1679056924E-16));
#153 = CARTESIAN_POINT('', (0.08849774073872574, 0.5879750004178589, -2.4671622769E-17));
#154 = CARTESIAN_POINT('', (0.07183219833132541, 0.6270315014727151, 4.9343245539E-17));
#155 = CARTESIAN_POINT('', (0.05683927708843772, 0.6667601169508389, -1.7270135939E-16));
#156 = CARTESIAN_POINT('', (0.04354599505801641, 0.7070892532388809, -9.1285004247E-16));
#157 = CARTESIAN_POINT('', (0.03197630814233981, 0.7479462344826278, -2.4671622769E-16));
#158 = CARTESIAN_POINT('', (0.02215106475284027, 0.7892574336779897, -6.1679056924E-16));
#159 = CARTESIAN_POINT('', (0.014087972356768945, 0.8309484051630714, -2.4671622769E-16));
#160 = CARTESIAN_POINT('', (7.8015578851E-3, 0.8729440191387746, -2.4671622769E-17));
#161 = CARTESIAN_POINT('', (3.3031561841E-3, 0.9151685964129543, -5.4277570093E-16));
#162 = CARTESIAN_POINT('', (6.0086161170E-4, 0.9575460459450743, -9.8686491078E-17));
#163 = CARTESIAN_POINT('', (8.6649650707E-19, 0.9858486817405864, -1.7270135939E-16));
#164 = CARTESIAN_POINT('', (0.0, 0.9999999999999998, 0.0));
#165 = CARTESIAN_POINT('', (1.0, 0.0, 3.3333333333333326));
#166 = CARTESIAN_POINT('', (0.9858486817405859, 9.9261673506E-24, 3.333333333333332));
#167 = CARTESIAN_POINT('', (0.9575460459450714, 6.0086161170E-4, 3.3333333333333313));
#168 = CARTESIAN_POINT('', (0.9151685964129551, 3.3031561841E-3, 3.3333333333333224));
#169 = CARTESIAN_POINT('', (0.8729440191387748, 7.8015578851E-3, 3.333333333333342));
#170 = CARTESIAN_POINT('', (0.8309484051630704, 0.014087972356768778, 3.333333333333316));
#171 = CARTESIAN_POINT('', (0.7892574336779887, 0.02215106475284041, 3.3333333333333384));
#172 = CARTESIAN_POINT('', (0.7479462344826284, 0.031976308142339795, 3.333333333333324));
#173 = CARTESIAN_POINT('', (0.7070892532388794, 0.0435459950580164, 3.3333333333333375));
#174 = CARTESIAN_POINT('', (0.6667601169508405, 0.05683927708843775, 3.333333333333339));
#175 = CARTESIAN_POINT('', (0.6270315014727158, 0.07183219833132577, 3.33333333333333));
#176 = CARTESIAN_POINT('', (0.5879750004178572, 0.08849774073872549, 3.333333333333335));
#177 = CARTESIAN_POINT('', (0.5496609962563301, 0.10680587176784898, 3.333333333333331));
#178 = CARTESIAN_POINT('', (0.5121585334271653, 0.12672359903693564, 3.333333333333336));
#179 = CARTESIAN_POINT('', (0.47553519390664467, 0.1482150294110058, 3.3333333333333264));
#180 = CARTESIAN_POINT('', (0.43985697541822666, 0.17124143388092072, 3.333333333333336));
#181 = CARTESIAN_POINT('', (0.40518817249077027, 0.19576131725617943, 3.3333333333333286));
#182 = CARTESIAN_POINT('', (0.3715912606869125, 0.22173049311334797, 3.333333333333329));
#183 = CARTESIAN_POINT('', (0.3391267839186849, 0.24910216324055176, 3.333333333333345));
#184 = CARTESIAN_POINT('', (0.3078532453723584, 0.27782700204140226, 3.333333333333316));
#185 = CARTESIAN_POINT('', (0.27782700204140254, 0.3078532453723595, 3.3333333333333446));
#186 = CARTESIAN_POINT('', (0.24910216324055084, 0.339126783918684, 3.333333333333318));
#187 = CARTESIAN_POINT('', (0.2217304931133483, 0.3715912606869136, 3.3333333333333464));
#188 = CARTESIAN_POINT('', (0.19576131725617887, 0.4051881724907695, 3.333333333333318));
#189 = CARTESIAN_POINT('', (0.1712414338809212, 0.4398569754182281, 3.3333333333333433));
#190 = CARTESIAN_POINT('', (0.14821502941100503, 0.47553519390664384, 3.333333333333321));
#191 = CARTESIAN_POINT('', (0.126723599036936, 0.5121585334271672, 3.333333333333342));
#192 = CARTESIAN_POINT('', (0.10680587176784834, 0.5496609962563289, 3.333333333333322));
#193 = CARTESIAN_POINT('', (0.08849774073872554, 0.5879750004178589, 3.3333333333333397));
#194 = CARTESIAN_POINT('', (0.07183219833132523, 0.6270315014727151, 3.333333333333326));
#195 = CARTESIAN_POINT('', (0.05683927708843752, 0.6667601169508389, 3.333333333333334));
#196 = CARTESIAN_POINT('', (0.043545995058016214, 0.7070892532388809, 3.3333333333333344));
#197 = CARTESIAN_POINT('', (0.03197630814233961, 0.7479462344826278, 3.333333333333325));
#198 = CARTESIAN_POINT('', (0.022151064752840073, 0.7892574336779897, 3.333333333333342));
#199 = CARTESIAN_POINT('', (0.014087972356768749, 0.8309484051630714, 3.3333333333333184));
#200 = CARTESIAN_POINT('', (7.8015578851E-3, 0.8729440191387746, 3.3333333333333437));
#201 = CARTESIAN_POINT('', (3.3031561841E-3, 0.9151685964129544, 3.333333333333319));
#202 = CARTESIAN_POINT('', (6.0086161170E-4, 0.9575460459450744, 3.333333333333348));
#203 = CARTESIAN_POINT('', (-1.9650648638E-16, 0.9858486817405864, 3.3333333333333326));
#204 = CARTESIAN_POINT('', (0.0, 0.9999999999999998, 3.3333333333333326));
#205 = CARTESIAN_POINT('', (1.0, 0.0, 6.666666666666668));
#206 = CARTESIAN_POINT('', (0.9858486817405858, 9.9261673506E-24, 6.666666666666666));
#207 = CARTESIAN_POINT('', (0.9575460459450716, 6.0086161170E-4, 6.666666666666661));
#208 = CARTESIAN_POINT('', (0.9151685964129547, 3.3031561841E-3, 6.6666666666666465));
#209 = CARTESIAN_POINT('', (0.8729440191387748, 7.8015578851E-3, 6.666666666666683));
#210 = CARTESIAN_POINT('', (0.8309484051630701, 0.014087972356768784, 6.666666666666633));
#211 = CARTESIAN_POINT('', (0.7892574336779888, 0.022151064752840417, 6.666666666666677));
#212 = CARTESIAN_POINT('', (0.7479462344826281, 0.0319763081423398, 6.666666666666651));
#213 = CARTESIAN_POINT('', (0.707089253238879, 0.043545995058016415, 6.666666666666676));
#214 = CARTESIAN_POINT('', (0.6667601169508405, 0.056839277088437765, 6.666666666666683));
#215 = CARTESIAN_POINT('', (0.6270315014727156, 0.07183219833132579, 6.666666666666658));
#216 = CARTESIAN_POINT('', (0.5879750004178571, 0.08849774073872552, 6.666666666666675));
#217 = CARTESIAN_POINT('', (0.54966099625633, 0.106805871767849, 6.666666666666659));
#218 = CARTESIAN_POINT('', (0.512158533427165, 0.12672359903693567, 6.6666666666666785));
#219 = CARTESIAN_POINT('', (0.4755351939066445, 0.14821502941100584, 6.666666666666649));
#220 = CARTESIAN_POINT('', (0.43985697541822627, 0.17124143388092078, 6.66666666666668));
#221 = CARTESIAN_POINT('', (0.4051881724907701, 0.19576131725617948, 6.6666666666666545));
#222 = CARTESIAN_POINT('', (0.3715912606869121, 0.22173049311334803, 6.666666666666663));
#223 = CARTESIAN_POINT('', (0.33912678391868456, 0.24910216324055184, 6.666666666666691));
#224 = CARTESIAN_POINT('', (0.30785324537235814, 0.2778270020414023, 6.666666666666627));
#225 = CARTESIAN_POINT('', (0.27782700204140215, 0.30785324537235953, 6.666666666666698));
#226 = CARTESIAN_POINT('', (0.2491021632405506, 0.33912678391868406, 6.666666666666628));
#227 = CARTESIAN_POINT('', (0.22173049311334792, 0.3715912606869137, 6.6666666666667));
#228 = CARTESIAN_POINT('', (0.19576131725617854, 0.4051881724907696, 6.666666666666635));
#229 = CARTESIAN_POINT('', (0.17124143388092083, 0.43985697541822827, 6.666666666666688));
#230 = CARTESIAN_POINT('', (0.14821502941100476, 0.47553519390664395, 6.666666666666644));
#231 = CARTESIAN_POINT('', (0.1267235990369356, 0.5121585334271673, 6.6666666666666865));
#232 = CARTESIAN_POINT('', (0.10680587176784799, 0.549660996256329, 6.666666666666645));
#233 = CARTESIAN_POINT('', (0.08849774073872517, 0.587975000417859, 6.666666666666684));
#234 = CARTESIAN_POINT('', (0.07183219833132487, 0.6270315014727152, 6.66666666666665));
#235 = CARTESIAN_POINT('', (0.056839277088437126, 0.666760116950839, 6.666666666666675));
#236 = CARTESIAN_POINT('', (0.04354599505801584, 0.707089253238881, 6.666666666666666));
#237 = CARTESIAN_POINT('', (0.03197630814233921, 0.747946234482628, 6.666666666666652));
#238 = CARTESIAN_POINT('', (0.02215106475283968, 0.7892574336779898, 6.666666666666688));
#239 = CARTESIAN_POINT('', (0.014087972356768362, 0.8309484051630716, 6.666666666666634));
#240 = CARTESIAN_POINT('', (7.8015578851E-3, 0.8729440191387748, 6.666666666666697));
#241 = CARTESIAN_POINT('', (3.3031561841E-3, 0.9151685964129547, 6.666666666666634));
#242 = CARTESIAN_POINT('', (6.0086161170E-4, 0.9575460459450746, 6.666666666666704));
#243 = CARTESIAN_POINT('', (-5.9125245217E-16, 0.9858486817405866, 6.666666666666666));
#244 = CARTESIAN_POINT('', (0.0, 0.9999999999999998, 6.666666666666668));
#245 = CARTESIAN_POINT('', (1.0, 0.0, 10.0));
#246 = CARTESIAN_POINT('', (0.9858486817405865, 9.9261673506E-24, 10.0));
#247 = CARTESIAN_POINT('', (0.9575460459450716, 6.0086161170E-4, 9.99999999999999));
#248 = CARTESIAN_POINT('', (0.9151685964129557, 3.3031561841E-3, 9.99999999999998));
#249 = CARTESIAN_POINT('', (0.872944019138775, 7.8015578851E-3, 10.000000000000018));
#250 = CARTESIAN_POINT('', (0.8309484051630711, 0.014087972356768782, 9.999999999999966));
#251 = CARTESIAN_POINT('', (0.789257433677989, 0.022151064752840417, 10.00000000000001));
#252 = CARTESIAN_POINT('', (0.7479462344826289, 0.0319763081423398, 9.999999999999988));
#253 = CARTESIAN_POINT('', (0.70708925323888, 0.04354599505801641, 10.000000000000009));
#254 = CARTESIAN_POINT('', (0.6667601169508408, 0.056839277088437765, 10.000000000000016));
#255 = CARTESIAN_POINT('', (0.6270315014727164, 0.07183219833132579, 9.999999999999998));
#256 = CARTESIAN_POINT('', (0.5879750004178576, 0.08849774073872552, 9.999999999999998));
#257 = CARTESIAN_POINT('', (0.5496609962563305, 0.106805871767849, 10.000000000000002));
#258 = CARTESIAN_POINT('', (0.5121585334271657, 0.12672359903693567, 10.0));
#259 = CARTESIAN_POINT('', (0.47553519390664506, 0.14821502941100587, 9.999999999999995));
#260 = CARTESIAN_POINT('', (0.43985697541822694, 0.17124143388092078, 10.000000000000004));
#261 = CARTESIAN_POINT('', (0.4051881724907705, 0.19576131725617948, 9.999999999999988));
#262 = CARTESIAN_POINT('', (0.37159126068691284, 0.22173049311334805, 9.999999999999993));
#263 = CARTESIAN_POINT('', (0.33912678391868517, 0.24910216324055184, 10.000000000000036));
#264 = CARTESIAN_POINT('', (0.30785324537235864, 0.2778270020414023, 9.999999999999961));
#265 = CARTESIAN_POINT('', (0.2778270020414028, 0.30785324537235953, 10.00000000000003));
#266 = CARTESIAN_POINT('', (0.24910216324055112, 0.3391267839186841, 9.999999999999964));
#267 = CARTESIAN_POINT('', (0.22173049311334858, 0.37159126068691367, 10.000000000000036));
#268 = CARTESIAN_POINT('', (0.1957613172561791, 0.4051881724907696, 9.999999999999964));
#269 = CARTESIAN_POINT('', (0.1712414338809215, 0.4398569754182283, 10.000000000000025));
#270 = CARTESIAN_POINT('', (0.14821502941100523, 0.47553519390664395, 9.99999999999998));
#271 = CARTESIAN_POINT('', (0.12672359903693625, 0.5121585334271673, 10.000000000000018));
#272 = CARTESIAN_POINT('', (0.10680587176784857, 0.549660996256329, 9.999999999999984));
#273 = CARTESIAN_POINT('', (0.08849774073872578, 0.587975000417859, 10.000000000000016));
#274 = CARTESIAN_POINT('', (0.07183219833132544, 0.6270315014727152, 9.999999999999988));
#275 = CARTESIAN_POINT('', (0.05683927708843773, 0.6667601169508389, 10.0));
#276 = CARTESIAN_POINT('', (0.04354599505801642, 0.707089253238881, 10.000000000000007));
#277 = CARTESIAN_POINT('', (0.03197630814233981, 0.747946234482628, 9.999999999999982));
#278 = CARTESIAN_POINT('', (0.022151064752840278, 0.7892574336779898, 10.000000000000027));
#279 = CARTESIAN_POINT('', (0.01408797235676895, 0.8309484051630716, 9.999999999999963));
#280 = CARTESIAN_POINT('', (7.8015578851E-3, 0.8729440191387748, 10.000000000000028));
#281 = CARTESIAN_POINT('', (3.3031561841E-3, 0.9151685964129547, 9.999999999999964));
#282 = CARTESIAN_POINT('', (6.0086161170E-4, 0.9575460459450746, 10.000000000000046));
#283 = CARTESIAN_POINT('', (8.6649650707E-19, 0.9858486817405866, 10.0));
#284 = CARTESIAN_POINT('', (0.0, 0.9999999999999998, 10.0));
#285 = CARTESIAN_POINT('', (1.0, 0.0, 10.000053333333334));
#286 = CARTESIAN_POINT('', (0.9858486817405865, 9.9261673506E-24, 10.000053333333334));
#287 = CARTESIAN_POINT('', (0.9575460459450716, 6.0086161170E-4, 10.000053333333323));
#288 = CARTESIAN_POINT('', (0.9151685964129557, 3.3031561841E-3, 10.000053333333314));
#289 = CARTESIAN_POINT('', (0.8729440191387751, 7.8015578851E-3, 10.000053333333351));
#290 = CARTESIAN_POINT('', (0.8309484051630712, 0.014087972356768784, 10.0000533333333));
#291 = CARTESIAN_POINT('', (0.7892574336779891, 0.022151064752840417, 10.000053333333344));
#292 = CARTESIAN_POINT('', (0.7479462344826289, 0.0319763081423398, 10.000053333333321));
#293 = CARTESIAN_POINT('', (0.70708925323888, 0.043545995058016415, 10.000053333333343));
#294 = CARTESIAN_POINT('', (0.6667601169508408, 0.056839277088437765, 10.00005333333335));
#295 = CARTESIAN_POINT('', (0.6270315014727165, 0.07183219833132579, 10.000053333333332));
#296 = CARTESIAN_POINT('', (0.5879750004178576, 0.08849774073872553, 10.000053333333332));
#297 = CARTESIAN_POINT('', (0.5496609962563305, 0.10680587176784902, 10.000053333333335));
#298 = CARTESIAN_POINT('', (0.5121585334271657, 0.12672359903693567, 10.000053333333334));
#299 = CARTESIAN_POINT('', (0.47553519390664506, 0.14821502941100587, 10.000053333333328));
#300 = CARTESIAN_POINT('', (0.43985697541822694, 0.17124143388092078, 10.000053333333337));
#301 = CARTESIAN_POINT('', (0.4051881724907705, 0.1957613172561795, 10.000053333333321));
#302 = CARTESIAN_POINT('', (0.37159126068691284, 0.22173049311334805, 10.000053333333327));
#303 = CARTESIAN_POINT('', (0.33912678391868517, 0.24910216324055187, 10.00005333333337));
#304 = CARTESIAN_POINT('', (0.3078532453723587, 0.2778270020414023, 10.000053333333295));
#305 = CARTESIAN_POINT('', (0.2778270020414028, 0.3078532453723596, 10.000053333333364));
#306 = CARTESIAN_POINT('', (0.24910216324055115, 0.3391267839186841, 10.000053333333298));
#307 = CARTESIAN_POINT('', (0.22173049311334858, 0.37159126068691367, 10.00005333333337));
#308 = CARTESIAN_POINT('', (0.19576131725617912, 0.4051881724907696, 10.000053333333298));
#309 = CARTESIAN_POINT('', (0.1712414338809215, 0.4398569754182283, 10.000053333333359));
#310 = CARTESIAN_POINT('', (0.14821502941100523, 0.47553519390664395, 10.000053333333314));
#311 = CARTESIAN_POINT('', (0.12672359903693625, 0.5121585334271673, 10.000053333333351));
#312 = CARTESIAN_POINT('', (0.10680587176784859, 0.549660996256329, 10.000053333333318));
#313 = CARTESIAN_POINT('', (0.0884977407387258, 0.587975000417859, 10.00005333333335));
#314 = CARTESIAN_POINT('', (0.07183219833132544, 0.6270315014727154, 10.000053333333321));
#315 = CARTESIAN_POINT('', (0.05683927708843773, 0.6667601169508389, 10.000053333333334));
#316 = CARTESIAN_POINT('', (0.04354599505801643, 0.707089253238881, 10.00005333333334));
#317 = CARTESIAN_POINT('', (0.03197630814233981, 0.747946234482628, 10.000053333333316));
#318 = CARTESIAN_POINT('', (0.022151064752840278, 0.78925743367799, 10.00005333333336));
#319 = CARTESIAN_POINT('', (0.014087972356768952, 0.8309484051630717, 10.000053333333296));
#320 = CARTESIAN_POINT('', (7.8015578851E-3, 0.872944019138775, 10.000053333333362));
#321 = CARTESIAN_POINT('', (3.3031561841E-3, 0.9151685964129547, 10.000053333333298));
#322 = CARTESIAN_POINT('', (6.0086161170E-4, 0.9575460459450746, 10.00005333333338));
#323 = CARTESIAN_POINT('', (8.7597041025E-19, 0.9858486817405866, 10.000053333333334));
#324 = CARTESIAN_POINT('', (0.0, 0.9999999999999998, 10.000053333333334));
#325 = CARTESIAN_POINT('', (1.0, 0.0, 10.000106666666667));
#326 = CARTESIAN_POINT('', (0.9858486817405865, 9.9261673506E-24, 10.000106666666667));
#327 = CARTESIAN_POINT('', (0.9575460459450716, 6.0086161170E-4, 10.000106666666657));
#328 = CARTESIAN_POINT('', (0.9151685964129557, 3.3031561841E-3, 10.000106666666648));
#329 = CARTESIAN_POINT('', (0.8729440191387752, 7.8015578851E-3, 10.000106666666685));
#330 = CARTESIAN_POINT('', (0.8309484051630713, 0.014087972356768785, 10.000106666666634));
#331 = CARTESIAN_POINT('', (0.7892574336779892, 0.022151064752840417, 10.000106666666678));
#332 = CARTESIAN_POINT('', (0.7479462344826289, 0.0319763081423398, 10.000106666666655));
#333 = CARTESIAN_POINT('', (0.70708925323888, 0.04354599505801642, 10.000106666666676));
#334 = CARTESIAN_POINT('', (0.6667601169508408, 0.056839277088437765, 10.000106666666683));
#335 = CARTESIAN_POINT('', (0.6270315014727166, 0.07183219833132579, 10.000106666666666));
#336 = CARTESIAN_POINT('', (0.5879750004178576, 0.08849774073872554, 10.000106666666666));
#337 = CARTESIAN_POINT('', (0.5496609962563305, 0.10680587176784903, 10.00010666666667));
#338 = CARTESIAN_POINT('', (0.5121585334271657, 0.12672359903693567, 10.000106666666667));
#339 = CARTESIAN_POINT('', (0.47553519390664506, 0.14821502941100587, 10.000106666666662));
#340 = CARTESIAN_POINT('', (0.43985697541822694, 0.17124143388092078, 10.000106666666671));
#341 = CARTESIAN_POINT('', (0.4051881724907705, 0.19576131725617954, 10.000106666666655));
#342 = CARTESIAN_POINT('', (0.37159126068691284, 0.22173049311334805, 10.00010666666666));
#343 = CARTESIAN_POINT('', (0.33912678391868517, 0.2491021632405519, 10.000106666666703));
#344 = CARTESIAN_POINT('', (0.30785324537235875, 0.2778270020414023, 10.000106666666628));
#345 = CARTESIAN_POINT('', (0.2778270020414028, 0.30785324537235964, 10.000106666666698));
#346 = CARTESIAN_POINT('', (0.24910216324055118, 0.3391267839186841, 10.000106666666632));
#347 = CARTESIAN_POINT('', (0.22173049311334858, 0.37159126068691367, 10.000106666666703));
#348 = CARTESIAN_POINT('', (0.19576131725617915, 0.4051881724907696, 10.000106666666632));
#349 = CARTESIAN_POINT('', (0.1712414338809215, 0.4398569754182283, 10.000106666666692));
#350 = CARTESIAN_POINT('', (0.14821502941100523, 0.47553519390664395, 10.000106666666648));
#351 = CARTESIAN_POINT('', (0.12672359903693625, 0.5121585334271673, 10.000106666666685));
#352 = CARTESIAN_POINT('', (0.1068058717678486, 0.549660996256329, 10.000106666666651));
#353 = CARTESIAN_POINT('', (0.08849774073872581, 0.587975000417859, 10.000106666666683));
#354 = CARTESIAN_POINT('', (0.07183219833132544, 0.6270315014727155, 10.000106666666655));
#355 = CARTESIAN_POINT('', (0.05683927708843773, 0.6667601169508389, 10.000106666666667));
#356 = CARTESIAN_POINT('', (0.043545995058016436, 0.707089253238881, 10.000106666666674));
#357 = CARTESIAN_POINT('', (0.03197630814233981, 0.747946234482628, 10.00010666666665));
#358 = CARTESIAN_POINT('', (0.022151064752840278, 0.7892574336779901, 10.000106666666694));
#359 = CARTESIAN_POINT('', (0.014087972356768954, 0.8309484051630718, 10.00010666666663));
#360 = CARTESIAN_POINT('', (7.8015578851E-3, 0.8729440191387751, 10.000106666666696));
#361 = CARTESIAN_POINT('', (3.3031561841E-3, 0.9151685964129547, 10.000106666666632));
#362 = CARTESIAN_POINT('', (6.0086161170E-4, 0.9575460459450746, 10.000106666666714));
#363 = CARTESIAN_POINT('', (8.8544456606E-19, 0.9858486817405866, 10.000106666666667));
#364 = CARTESIAN_POINT('', (0.0, 0.9999999999999998, 10.000106666666667));
#365 = CARTESIAN_POINT('', (1.0, 0.0, 10.000160000000001));
#366 = CARTESIAN_POINT('', (0.9858486817405865, 9.9261673506E-24, 10.000160000000001));
#367 = CARTESIAN_POINT('', (0.9575460459450716, 6.0086161170E-4, 10.00015999999999));
#368 = CARTESIAN_POINT('', (0.9151685964129557, 3.3031561841E-3, 10.000159999999982));
#369 = CARTESIAN_POINT('', (0.8729440191387753, 7.8015578851E-3, 10.000160000000019));
#370 = CARTESIAN_POINT('', (0.8309484051630714, 0.014087972356768787, 10.000159999999967));
#371 = CARTESIAN_POINT('', (0.7892574336779893, 0.022151064752840417, 10.000160000000012));
#372 = CARTESIAN_POINT('', (0.7479462344826289, 0.0319763081423398, 10.000159999999989));
#373 = CARTESIAN_POINT('', (0.70708925323888, 0.04354599505801643, 10.00016000000001));
#374 = CARTESIAN_POINT('', (0.6667601169508408, 0.056839277088437765, 10.000160000000017));
#375 = CARTESIAN_POINT('', (0.6270315014727167, 0.07183219833132579, 10.00016));
#376 = CARTESIAN_POINT('', (0.5879750004178576, 0.08849774073872556, 10.00016));
#377 = CARTESIAN_POINT('', (0.5496609962563305, 0.10680587176784904, 10.000160000000003));
#378 = CARTESIAN_POINT('', (0.5121585334271657, 0.12672359903693567, 10.000160000000001));
#379 = CARTESIAN_POINT('', (0.47553519390664506, 0.14821502941100587, 10.000159999999996));
#380 = CARTESIAN_POINT('', (0.43985697541822694, 0.17124143388092078, 10.000160000000005));
#381 = CARTESIAN_POINT('', (0.4051881724907705, 0.19576131725617957, 10.000159999999989));
#382 = CARTESIAN_POINT('', (0.37159126068691284, 0.22173049311334805, 10.000159999999994));
#383 = CARTESIAN_POINT('', (0.33912678391868517, 0.24910216324055193, 10.000160000000037));
#384 = CARTESIAN_POINT('', (0.3078532453723588, 0.2778270020414023, 10.000159999999962));
#385 = CARTESIAN_POINT('', (0.2778270020414028, 0.3078532453723597, 10.000160000000031));
#386 = CARTESIAN_POINT('', (0.2491021632405512, 0.3391267839186841, 10.000159999999966));
#387 = CARTESIAN_POINT('', (0.22173049311334858, 0.37159126068691367, 10.000160000000037));
#388 = CARTESIAN_POINT('', (0.19576131725617918, 0.4051881724907696, 10.000159999999966));
#389 = CARTESIAN_POINT('', (0.1712414338809215, 0.4398569754182283, 10.000160000000026));
#390 = CARTESIAN_POINT('', (0.14821502941100523, 0.47553519390664395, 10.000159999999982));
#391 = CARTESIAN_POINT('', (0.12672359903693625, 0.5121585334271673, 10.000160000000019));
#392 = CARTESIAN_POINT('', (0.10680587176784861, 0.549660996256329, 10.000159999999985));
#393 = CARTESIAN_POINT('', (0.08849774073872582, 0.587975000417859, 10.000160000000017));
#394 = CARTESIAN_POINT('', (0.07183219833132544, 0.6270315014727156, 10.000159999999989));
#395 = CARTESIAN_POINT('', (0.05683927708843773, 0.6667601169508389, 10.000160000000001));
#396 = CARTESIAN_POINT('', (0.04354599505801644, 0.707089253238881, 10.000160000000008));
#397 = CARTESIAN_POINT('', (0.03197630814233981, 0.747946234482628, 10.000159999999983));
#398 = CARTESIAN_POINT('', (0.022151064752840278, 0.7892574336779902, 10.000160000000028));
#399 = CARTESIAN_POINT('', (0.014087972356768955, 0.8309484051630719, 10.000159999999964));
#400 = CARTESIAN_POINT('', (7.8015578851E-3, 0.8729440191387752, 10.00016000000003));
#401 = CARTESIAN_POINT('', (3.3031561841E-3, 0.9151685964129547, 10.000159999999966));
#402 = CARTESIAN_POINT('', (6.0086161170E-4, 0.9575460459450746, 10.000160000000047));
#403 = CARTESIAN_POINT('', (8.9491897452E-19, 0.9858486817405866, 10.000160000000001));
#404 = CARTESIAN_POINT('', (0.0, 0.9999999999999998, 10.000160000000001));
#405 = SURFACE_CURVE('', #406, (#409, #420), .CURVE_3D.);
#406 = (
    BOUNDED_CURVE()
    B_SPLINE_CURVE(1, (#407, #408), .UNSPECIFIED., .U., .U.)
    B_SPLINE_CURVE_WITH_KNOTS((2, 2), (0.0, 10.0), .UNSPECIFIED.)
    CURVE()
    GEOMETRIC_REPRESENTATION_ITEM()
    RATIONAL_B_SPLINE_CURVE((1.0, 1.0))
    REPRESENTATION_ITEM('')
);
#407 = CARTESIAN_POINT('', (0.0, 10.0, 0.0));
#408 = CARTESIAN_POINT('', (10.0, 10.0, 0.0));
#409 = PCURVE('', #410, #415);
#410 = (
    BOUNDED_SURFACE()
    B_SPLINE_SURFACE(1, 1, ((#411, #412), (#413, #414)), .UNSPECIFIED., .U., .U., .U.)
    B_SPLINE_SURFACE_WITH_KNOTS((2, 2), (2, 2), (0.0, 1.0), (0.0, 1.0), .UNSPECIFIED.)
    GEOMETRIC_REPRESENTATION_ITEM()
    RATIONAL_B_SPLINE_SURFACE(((1.0, 1.0), (1.0, 1.0)))
    REPRESENTATION_ITEM('')
    SURFACE()
);
#411 = CARTESIAN_POINT('', (10.0, 10.0, 0.0));
#412 = CARTESIAN_POINT('', (10.0, 10.0, 10.0));
#413 = CARTESIAN_POINT('', (0.0, 10.0, 0.0));
#414 = CARTESIAN_POINT('', (0.0, 10.0, 10.0));
#415 = DEFINITIONAL_REPRESENTATION('', (#417), #416);
#416 = (
    GEOMETRIC_REPRESENTATION_CONTEXT(2)
    PARAMETRIC_REPRESENTATION_CONTEXT()
    REPRESENTATION_CONTEXT('2D SPACE', '')
);
#417 = (
    BOUNDED_CURVE()
    B_SPLINE_CURVE(1, (#418, #419), .UNSPECIFIED., .U., .U.)
    B_SPLINE_CURVE_WITH_KNOTS((2, 2), (0.0, 10.0), .UNSPECIFIED.)
    CURVE()
    GEOMETRIC_REPRESENTATION_ITEM()
    RATIONAL_B_SPLINE_CURVE((1.0, 1.0))
    REPRESENTATION_ITEM('')
);
#418 = CARTESIAN_POINT('', (1.0, 0.0));
#419 = CARTESIAN_POINT('', (0.0, 0.0));
#420 = PCURVE('', #421, #426);
#421 = (
    BOUNDED_SURFACE()
    B_SPLINE_SURFACE(1, 1, ((#422, #423), (#424, #425)), .UNSPECIFIED., .U., .U., .U.)
    B_SPLINE_SURFACE_WITH_KNOTS((2, 2), (2, 2), (0.0, 1.0), (0.0, 1.0), .UNSPECIFIED.)
    GEOMETRIC_REPRESENTATION_ITEM()
    RATIONAL_B_SPLINE_SURFACE(((1.0, 1.0), (1.0, 1.0)))
    REPRESENTATION_ITEM('')
    SURFACE()
);
#422 = CARTESIAN_POINT('', (0.0, 0.0, 0.0));
#423 = CARTESIAN_POINT('', (10.0, 0.0, 0.0));
#424 = CARTESIAN_POINT('', (0.0, 10.0, 0.0));
#425 = CARTESIAN_POINT('', (10.0, 10.0, 0.0));
#426 = DEFINITIONAL_REPRESENTATION('', (#428), #427);
#427 = (
    GEOMETRIC_REPRESENTATION_CONTEXT(2)
    PARAMETRIC_REPRESENTATION_CONTEXT()
    REPRESENTATION_CONTEXT('2D SPACE', '')
);
#428 = (
    BOUNDED_CURVE()
    B_SPLINE_CURVE(1, (#429, #430), .UNSPECIFIED., .U., .U.)
    B_SPLINE_CURVE_WITH_KNOTS((2, 2), (0.0, 10.0), .UNSPECIFIED.)
    CURVE()
    GEOMETRIC_REPRESENTATION_ITEM()
    RATIONAL_B_SPLINE_CURVE((1.0, 1.0))
    REPRESENTATION_ITEM('')
);
#429 = CARTESIAN_POINT('', (1.0, 0.0));
#430 = CARTESIAN_POINT('', (1.0, 1.0));
#431 = SURFACE_CURVE('', #432, (#435, #446), .CURVE_3D.);
#432 = (
    BOUNDED_CURVE()
    B_SPLINE_CURVE(1, (#433, #434), .UNSPECIFIED., .U., .U.)
    B_SPLINE_CURVE_WITH_KNOTS((2, 2), (0.0, 10.0), .UNSPECIFIED.)
    CURVE()
    GEOMETRIC_REPRESENTATION_ITEM()
    RATIONAL_B_SPLINE_CURVE((1.0, 1.0))
    REPRESENTATION_ITEM('')
);
#433 = CARTESIAN_POINT('', (0.0, 10.0, 0.0));
#434 = CARTESIAN_POINT('', (0.0, 10.0, 10.0));
#435 = PCURVE('', #436, #441);
#436 = (
    BOUNDED_SURFACE()
    B_SPLINE_SURFACE(1, 1, ((#437, #438), (#439, #440)), .UNSPECIFIED., .U., .U., .U.)
    B_SPLINE_SURFACE_WITH_KNOTS((2, 2), (2, 2), (0.0, 1.0), (0.0, 1.0), .UNSPECIFIED.)
    GEOMETRIC_REPRESENTATION_ITEM()
    RATIONAL_B_SPLINE_SURFACE(((1.0, 1.0), (1.0, 1.0)))
    REPRESENTATION_ITEM('')
    SURFACE()
);
#437 = CARTESIAN_POINT('', (10.0, 10.0, 0.0));
#438 = CARTESIAN_POINT('', (10.0, 10.0, 10.0));
#439 = CARTESIAN_POINT('', (0.0, 10.0, 0.0));
#440 = CARTESIAN_POINT('', (0.0, 10.0, 10.0));
#441 = DEFINITIONAL_REPRESENTATION('', (#443), #442);
#442 = (
    GEOMETRIC_REPRESENTATION_CONTEXT(2)
    PARAMETRIC_REPRESENTATION_CONTEXT()
    REPRESENTATION_CONTEXT('2D SPACE', '')
);
#443 = (
    BOUNDED_CURVE()
    B_SPLINE_CURVE(1, (#444, #445), .UNSPECIFIED., .U., .U.)
    B_SPLINE_CURVE_WITH_KNOTS((2, 2), (0.0, 10.0), .UNSPECIFIED.)
    CURVE()
    GEOMETRIC_REPRESENTATION_ITEM()
    RATIONAL_B_SPLINE_CURVE((1.0, 1.0))
    REPRESENTATION_ITEM('')
);
#444 = CARTESIAN_POINT('', (1.0, 0.0));
#445 = CARTESIAN_POINT('', (1.0, 1.0));
#446 = PCURVE('', #447, #452);
#447 = (
    BOUNDED_SURFACE()
    B_SPLINE_SURFACE(1, 1, ((#448, #449), (#450, #451)), .UNSPECIFIED., .U., .U., .U.)
    B_SPLINE_SURFACE_WITH_KNOTS((2, 2), (2, 2), (0.0, 1.0), (0.0, 1.0), .UNSPECIFIED.)
    GEOMETRIC_REPRESENTATION_ITEM()
    RATIONAL_B_SPLINE_SURFACE(((1.0, 1.0), (1.0, 1.0)))
    REPRESENTATION_ITEM('')
    SURFACE()
);
#448 = CARTESIAN_POINT('', (0.0, 10.0, 0.0));
#449 = CARTESIAN_POINT('', (0.0, 10.0, 10.0));
#450 = CARTESIAN_POINT('', (0.0, 0.0, 0.0));
#451 = CARTESIAN_POINT('', (0.0, 0.0, 10.0));
#452 = DEFINITIONAL_REPRESENTATION('', (#454), #453);
#453 = (
    GEOMETRIC_REPRESENTATION_CONTEXT(2)
    PARAMETRIC_REPRESENTATION_CONTEXT()
    REPRESENTATION_CONTEXT('2D SPACE', '')
);
#454 = (
    BOUNDED_CURVE()
    B_SPLINE_CURVE(1, (#455, #456), .UNSPECIFIED., .U., .U.)
    B_SPLINE_CURVE_WITH_KNOTS((2, 2), (0.0, 10.0), .UNSPECIFIED.)
    CURVE()
    GEOMETRIC_REPRESENTATION_ITEM()
    RATIONAL_B_SPLINE_CURVE((1.0, 1.0))
    REPRESENTATION_ITEM('')
);
#455 = CARTESIAN_POINT('', (0.0, 0.0));
#456 = CARTESIAN_POINT('', (0.0, 1.0));
#457 = SURFACE_CURVE('', #458, (#461, #472), .CURVE_3D.);
#458 = (
    BOUNDED_CURVE()
    B_SPLINE_CURVE(1, (#459, #460), .UNSPECIFIED., .U., .U.)
    B_SPLINE_CURVE_WITH_KNOTS((2, 2), (0.0, 10.0), .UNSPECIFIED.)
    CURVE()
    GEOMETRIC_REPRESENTATION_ITEM()
    RATIONAL_B_SPLINE_CURVE((1.0, 1.0))
    REPRESENTATION_ITEM('')
);
#459 = CARTESIAN_POINT('', (0.0, 10.0, 10.0));
#460 = CARTESIAN_POINT('', (10.0, 10.0, 10.0));
#461 = PCURVE('', #462, #467);
#462 = (
    BOUNDED_SURFACE()
    B_SPLINE_SURFACE(1, 1, ((#463, #464), (#465, #466)), .UNSPECIFIED., .U., .U., .U.)
    B_SPLINE_SURFACE_WITH_KNOTS((2, 2), (2, 2), (0.0, 1.0), (0.0, 1.0), .UNSPECIFIED.)
    GEOMETRIC_REPRESENTATION_ITEM()
    RATIONAL_B_SPLINE_SURFACE(((1.0, 1.0), (1.0, 1.0)))
    REPRESENTATION_ITEM('')
    SURFACE()
);
#463 = CARTESIAN_POINT('', (10.0, 10.0, 0.0));
#464 = CARTESIAN_POINT('', (10.0, 10.0, 10.0));
#465 = CARTESIAN_POINT('', (0.0, 10.0, 0.0));
#466 = CARTESIAN_POINT('', (0.0, 10.0, 10.0));
#467 = DEFINITIONAL_REPRESENTATION('', (#469), #468);
#468 = (
    GEOMETRIC_REPRESENTATION_CONTEXT(2)
    PARAMETRIC_REPRESENTATION_CONTEXT()
    REPRESENTATION_CONTEXT('2D SPACE', '')
);
#469 = (
    BOUNDED_CURVE()
    B_SPLINE_CURVE(1, (#470, #471), .UNSPECIFIED., .U., .U.)
    B_SPLINE_CURVE_WITH_KNOTS((2, 2), (0.0, 10.0), .UNSPECIFIED.)
    CURVE()
    GEOMETRIC_REPRESENTATION_ITEM()
    RATIONAL_B_SPLINE_CURVE((1.0, 1.0))
    REPRESENTATION_ITEM('')
);
#470 = CARTESIAN_POINT('', (1.0, 1.0));
#471 = CARTESIAN_POINT('', (0.0, 1.0));
#472 = PCURVE('', #473, #478);
#473 = (
    BOUNDED_SURFACE()
    B_SPLINE_SURFACE(1, 1, ((#474, #475), (#476, #477)), .UNSPECIFIED., .U., .U., .U.)
    B_SPLINE_SURFACE_WITH_KNOTS((2, 2), (2, 2), (0.0, 1.0), (0.0, 1.0), .UNSPECIFIED.)
    GEOMETRIC_REPRESENTATION_ITEM()
    RATIONAL_B_SPLINE_SURFACE(((1.0, 1.0), (1.0, 1.0)))
    REPRESENTATION_ITEM('')
    SURFACE()
);
#474 = CARTESIAN_POINT('', (0.0, 0.0, 10.0));
#475 = CARTESIAN_POINT('', (0.0, 10.0, 10.0));
#476 = CARTESIAN_POINT('', (10.0, 0.0, 10.0));
#477 = CARTESIAN_POINT('', (10.0, 10.0, 10.0));
#478 = DEFINITIONAL_REPRESENTATION('', (#480), #479);
#479 = (
    GEOMETRIC_REPRESENTATION_CONTEXT(2)
    PARAMETRIC_REPRESENTATION_CONTEXT()
    REPRESENTATION_CONTEXT('2D SPACE', '')
);
#480 = (
    BOUNDED_CURVE()
    B_SPLINE_CURVE(1, (#481, #482), .UNSPECIFIED., .U., .U.)
    B_SPLINE_CURVE_WITH_KNOTS((2, 2), (0.0, 10.0), .UNSPECIFIED.)
    CURVE()
    GEOMETRIC_REPRESENTATION_ITEM()
    RATIONAL_B_SPLINE_CURVE((1.0, 1.0))
    REPRESENTATION_ITEM('')
);
#481 = CARTESIAN_POINT('', (0.0, 1.0));
#482 = CARTESIAN_POINT('', (1.0, 1.0));
#483 = SURFACE_CURVE('', #484, (#487, #498), .CURVE_3D.);
#484 = (
    BOUNDED_CURVE()
    B_SPLINE_CURVE(1, (#485, #486), .UNSPECIFIED., .U., .U.)
    B_SPLINE_CURVE_WITH_KNOTS((2, 2), (0.0, 10.0), .UNSPECIFIED.)
    CURVE()
    GEOMETRIC_REPRESENTATION_ITEM()
    RATIONAL_B_SPLINE_CURVE((1.0, 1.0))
    REPRESENTATION_ITEM('')
);
#485 = CARTESIAN_POINT('', (10.0, 10.0, 0.0));
#486 = CARTESIAN_POINT('', (10.0, 10.0, 10.0));
#487 = PCURVE('', #488, #493);
#488 = (
    BOUNDED_SURFACE()
    B_SPLINE_SURFACE(1, 1, ((#489, #490), (#491, #492)), .UNSPECIFIED., .U., .U., .U.)
    B_SPLINE_SURFACE_WITH_KNOTS((2, 2), (2, 2), (0.0, 1.0), (0.0, 1.0), .UNSPECIFIED.)
    GEOMETRIC_REPRESENTATION_ITEM()
    RATIONAL_B_SPLINE_SURFACE(((1.0, 1.0), (1.0, 1.0)))
    REPRESENTATION_ITEM('')
    SURFACE()
);
#489 = CARTESIAN_POINT('', (10.0, 10.0, 0.0));
#490 = CARTESIAN_POINT('', (10.0, 10.0, 10.0));
#491 = CARTESIAN_POINT('', (0.0, 10.0, 0.0));
#492 = CARTESIAN_POINT('', (0.0, 10.0, 10.0));
#493 = DEFINITIONAL_REPRESENTATION('', (#495), #494);
#494 = (
    GEOMETRIC_REPRESENTATION_CONTEXT(2)
    PARAMETRIC_REPRESENTATION_CONTEXT()
    REPRESENTATION_CONTEXT('2D SPACE', '')
);
#495 = (
    BOUNDED_CURVE()
    B_SPLINE_CURVE(1, (#496, #497), .UNSPECIFIED., .U., .U.)
    B_SPLINE_CURVE_WITH_KNOTS((2, 2), (0.0, 10.0), .UNSPECIFIED.)
    CURVE()
    GEOMETRIC_REPRESENTATION_ITEM()
    RATIONAL_B_SPLINE_CURVE((1.0, 1.0))
    REPRESENTATION_ITEM('')
);
#496 = CARTESIAN_POINT('', (0.0, 0.0));
#497 = CARTESIAN_POINT('', (0.0, 1.0));
#498 = PCURVE('', #499, #504);
#499 = (
    BOUNDED_SURFACE()
    B_SPLINE_SURFACE(1, 1, ((#500, #501), (#502, #503)), .UNSPECIFIED., .U., .U., .U.)
    B_SPLINE_SURFACE_WITH_KNOTS((2, 2), (2, 2), (0.0, 1.0), (0.0, 1.0), .UNSPECIFIED.)
    GEOMETRIC_REPRESENTATION_ITEM()
    RATIONAL_B_SPLINE_SURFACE(((1.0, 1.0), (1.0, 1.0)))
    REPRESENTATION_ITEM('')
    SURFACE()
);
#500 = CARTESIAN_POINT('', (10.0, 0.0, 0.0));
#501 = CARTESIAN_POINT('', (10.0, 0.0, 10.0));
#502 = CARTESIAN_POINT('', (10.0, 10.0, 0.0));
#503 = CARTESIAN_POINT('', (10.0, 10.0, 10.0));
#504 = DEFINITIONAL_REPRESENTATION('', (#506), #505);
#505 = (
    GEOMETRIC_REPRESENTATION_CONTEXT(2)
    PARAMETRIC_REPRESENTATION_CONTEXT()
    REPRESENTATION_CONTEXT('2D SPACE', '')
);
#506 = (
    BOUNDED_CURVE()
    B_SPLINE_CURVE(1, (#507, #508), .UNSPECIFIED., .U., .U.)
    B_SPLINE_CURVE_WITH_KNOTS((2, 2), (0.0, 10.0), .UNSPECIFIED.)
    CURVE()
    GEOMETRIC_REPRESENTATION_ITEM()
    RATIONAL_B_SPLINE_CURVE((1.0, 1.0))
    REPRESENTATION_ITEM('')
);
#507 = CARTESIAN_POINT('', (1.0, 0.0));
#508 = CARTESIAN_POINT('', (1.0, 1.0));
#509 = SURFACE_CURVE('', #510, (#515, #528), .CURVE_3D.);
#510 = (
    BOUNDED_CURVE()
    B_SPLINE_CURVE(3, (#511, #512, #513, #514), .UNSPECIFIED., .U., .U.)
    B_SPLINE_CURVE_WITH_KNOTS((4, 4), (5.0, 14.999999999999998), .UNSPECIFIED.)
    CURVE()
    GEOMETRIC_REPRESENTATION_ITEM()
    RATIONAL_B_SPLINE_CURVE((1.0, 1.0, 1.0, 1.0))
    REPRESENTATION_ITEM('')
);
#511 = CARTESIAN_POINT('', (0.0, 0.9999999999999998, 0.0));
#512 = CARTESIAN_POINT('', (0.0, 0.9999999999999998, 3.3333333333333326));
#513 = CARTESIAN_POINT('', (0.0, 0.9999999999999998, 6.666666666666668));
#514 = CARTESIAN_POINT('', (0.0, 0.9999999999999998, 10.0));
#515 = PCURVE('', #516, #521);
#516 = (
    BOUNDED_SURFACE()
    B_SPLINE_SURFACE(1, 1, ((#517, #518), (#519, #520)), .UNSPECIFIED., .U., .U., .U.)
    B_SPLINE_SURFACE_WITH_KNOTS((2, 2), (2, 2), (0.0, 1.0), (0.0, 1.0), .UNSPECIFIED.)
    GEOMETRIC_REPRESENTATION_ITEM()
    RATIONAL_B_SPLINE_SURFACE(((1.0, 1.0), (1.0, 1.0)))
    REPRESENTATION_ITEM('')
    SURFACE()
);
#517 = CARTESIAN_POINT('', (0.0, 10.0, 0.0));
#518 = CARTESIAN_POINT('', (0.0, 10.0, 10.0));
#519 = CARTESIAN_POINT('', (0.0, 0.0, 0.0));
#520 = CARTESIAN_POINT('', (0.0, 0.0, 10.0));
#521 = DEFINITIONAL_REPRESENTATION('', (#523), #522);
#522 = (
    GEOMETRIC_REPRESENTATION_CONTEXT(2)
    PARAMETRIC_REPRESENTATION_CONTEXT()
    REPRESENTATION_CONTEXT('2D SPACE', '')
);
#523 = (
    BOUNDED_CURVE()
    B_SPLINE_CURVE(3, (#524, #525, #526, #527), .UNSPECIFIED., .U., .U.)
    B_SPLINE_CURVE_WITH_KNOTS((4, 4), (5.0, 14.999999999999998), .UNSPECIFIED.)
    CURVE()
    GEOMETRIC_REPRESENTATION_ITEM()
    RATIONAL_B_SPLINE_CURVE((1.0, 1.0, 1.0, 1.0))
    REPRESENTATION_ITEM('')
);
#524 = CARTESIAN_POINT('', (0.9, 0.0));
#525 = CARTESIAN_POINT('', (0.9, 0.33333333333333326));
#526 = CARTESIAN_POINT('', (0.9, 0.6666666666666667));
#527 = CARTESIAN_POINT('', (0.9, 1.0));
#528 = PCURVE('', #529, #810);
#529 = (
    BOUNDED_SURFACE()
    B_SPLINE_SURFACE(3, 3, ((#530, #531, #532, #533, #534, #535, #536, #537, #538, #539, #540, #541, #542, #543, #544, #545, #546, #547, #548, #549, #550, #551, #552, #553, #554, #555, #556, #557, #558, #559, #560, #561, #562, #563, #564, #565, #566, #567, #568, #569), (#570, #571, #572, #573, #574, #575, #576, #577, #578, #579, #580, #581, #582, #583, #584, #585, #586, #587, #588, #589, #590, #591, #592, #593, #594, #595, #596, #597, #598, #599, #600, #601, #602, #603, #604, #605, #606, #607, #608, #609), (#610, #611, #612, #613, #614, #615, #616, #617, #618, #619, #620, #621, #622, #623, #624, #625, #626, #627, #628, #629, #630, #631, #632, #633, #634, #635, #636, #637, #638, #639, #640, #641, #642, #643, #644, #645, #646, #647, #648, #649), (#650, #651, #652, #653, #654, #655, #656, #657, #658, #659, #660, #661, #662, #663, #664, #665, #666, #667, #668, #669, #670, #671, #672, #673, #674, #675, #676, #677, #678, #679, #680, #681, #682, #683, #684, #685, #686, #687, #688, #689), (#690, #691, #692, #693, #694, #695, #696, #697, #698, #699, #700, #701, #702, #703, #704, #705, #706, #707, #708, #709, #710, #711, #712, #713, #714, #715, #716, #717, #718, #719, #720, #721, #722, #723, #724, #725, #726, #727, #728, #729), (#730, #731, #732, #733, #734, #735, #736, #737, #738, #739, #740, #741, #742, #743, #744, #745, #746, #747, #748, #749, #750, #751, #752, #753, #754, #755, #756, #757, #758, #759, #760, #761, #762, #763, #764, #765, #766, #767, #768, #769), (#770, #771, #772, #773, #774, #775, #776, #777, #778, #779, #780, #781, #782, #783, #784, #785, #786, #787, #788, #789, #790, #791, #792, #793, #794, #795, #796, #797, #798, #799, #800, #801, #802, #803, #804, #805, #806, #807, #808, #809)), .UNSPECIFIED., .U., .U., .U.)
    B_SPLINE_SURFACE_WITH_KNOTS((4, 3, 4), (4, 1, 1, 1, 1, 1, 1, 1, 1, 1, 1, 1, 1, 1, 1, 1, 1, 1, 1, 1, 1, 1, 1, 1, 1, 1, 1, 1, 1, 1, 1, 1, 1, 1, 1, 1, 1, 4), (5.0, 14.999999999999998, 15.000159999999997), (0.0, 0.02702702702702703, 0.05405405405405406, 0.08108108108108109, 0.10810810810810811, 0.13513513513513514, 0.16216216216216217, 0.1891891891891892, 0.21621621621621623, 0.24324324324324326, 0.2702702702702703, 0.2972972972972973, 0.32432432432432434, 0.35135135135135137, 0.3783783783783784, 0.40540540540540543, 0.43243243243243246, 0.4594594594594595, 0.4864864864864865, 0.5135135135135136, 0.5405405405405406, 0.5675675675675675, 0.5945945945945946, 0.6216216216216217, 0.6486486486486487, 0.6756756756756757, 0.7027027027027027, 0.7297297297297298, 0.7567567567567568, 0.7837837837837838, 0.8108108108108109, 0.8378378378378379, 0.8648648648648649, 0.8918918918918919, 0.918918918918919, 0.945945945945946, 0.972972972972973, 1.0), .UNSPECIFIED.)
    GEOMETRIC_REPRESENTATION_ITEM()
    RATIONAL_B_SPLINE_SURFACE(((1.0, 1.0, 1.0, 1.0, 1.0, 1.0, 1.0, 1.0, 1.0, 1.0, 1.0, 1.0, 1.0, 1.0, 1.0, 1.0, 1.0, 1.0, 1.0, 1.0, 1.0, 1.0, 1.0, 1.0, 1.0, 1.0, 1.0, 1.0, 1.0, 1.0, 1.0, 1.0, 1.0, 1.0, 1.0, 1.0, 1.0, 1.0, 1.0, 1.0), (1.0, 1.0, 1.0, 1.0, 1.0, 1.0, 1.0, 1.0, 1.0, 1.0, 1.0, 1.0, 1.0, 1.0, 1.0, 1.0, 1.0, 1.0, 1.0, 1.0, 1.0, 1.0, 1.0, 1.0, 1.0, 1.0, 1.0, 1.0, 1.0, 1.0, 1.0, 1.0, 1.0, 1.0, 1.0, 1.0, 1.0, 1.0, 1.0, 1.0), (1.0, 1.0, 1.0, 1.0, 1.0, 1.0, 1.0, 1.0, 1.0, 1.0, 1.0, 1.0, 1.0, 1.0, 1.0, 1.0, 1.0, 1.0, 1.0, 1.0, 1.0, 1.0, 1.0, 1.0, 1.0, 1.0, 1.0, 1.0, 1.0, 1.0, 1.0, 1.0, 1.0, 1.0, 1.0, 1.0, 1.0, 1.0, 1.0, 1.0), (1.0, 1.0, 1.0, 1.0, 1.0, 1.0, 1.0, 1.0, 1.0, 1.0, 1.0, 1.0, 1.0, 1.0, 1.0, 1.0, 1.0, 1.0, 1.0, 1.0, 1.0, 1.0, 1.0, 1.0, 1.0, 1.0, 1.0, 1.0, 1.0, 1.0, 1.0, 1.0, 1.0, 1.0, 1.0, 1.0, 1.0, 1.0, 1.0, 1.0), (1.0, 1.0, 1.0, 1.0, 1.0, 1.0, 1.0, 1.0, 1.0, 1.0, 1.0, 1.0, 1.0, 1.0, 1.0, 1.0, 1.0, 1.0, 1.0, 1.0, 1.0, 1.0, 1.0, 1.0, 1.0, 1.0, 1.0, 1.0, 1.0, 1.0, 1.0, 1.0, 1.0, 1.0, 1.0, 1.0, 1.0, 1.0, 1.0, 1.0), (1.0, 1.0, 1.0, 1.0, 1.0, 1.0, 1.0, 1.0, 1.0, 1.0, 1.0, 1.0, 1.0, 1.0, 1.0, 1.0, 1.0, 1.0, 1.0, 1.0, 1.0, 1.0, 1.0, 1.0, 1.0, 1.0, 1.0, 1.0, 1.0, 1.0, 1.0, 1.0, 1.0, 1.0, 1.0, 1.0, 1.0, 1.0, 1.0, 1.0), (1.0, 1.0, 1.0, 1.0, 1.0, 1.0, 1.0, 1.0, 1.0, 1.0, 1.0, 1.0, 1.0, 1.0, 1.0, 1.0, 1.0, 1.0, 1.0, 1.0, 1.0, 1.0, 1.0, 1.0, 1.0, 1.0, 1.0, 1.0, 1.0, 1.0, 1.0, 1.0, 1.0, 1.0, 1.0, 1.0, 1.0, 1.0, 1.0, 1.0)))
    REPRESENTATION_ITEM('')
    SURFACE()
);
#530 = CARTESIAN_POINT('', (1.0, 0.0, 0.0));
#531 = CARTESIAN_POINT('', (0.9858486817405863, 9.9261673506E-24, -7.6482030585E-16));
#532 = CARTESIAN_POINT('', (0.9575460459450713, 6.0086161170E-4, -6.1679056924E-16));
#533 = CARTESIAN_POINT('', (0.9151685964129554, 3.3031561841E-3, -6.9080543754E-16));
#534 = CARTESIAN_POINT('', (0.8729440191387748, 7.8015578851E-3, -1.7270135939E-16));
#535 = CARTESIAN_POINT('', (0.8309484051630708, 0.014087972356768777, -3.2073109600E-16));
#536 = CARTESIAN_POINT('', (0.7892574336779887, 0.02215106475284041, -4.6876083262E-16));
#537 = CARTESIAN_POINT('', (0.7479462344826288, 0.031976308142339795, -7.6482030585E-16));
#538 = CARTESIAN_POINT('', (0.7070892532388797, 0.0435459950580164, -3.2073109600E-16));
#539 = CARTESIAN_POINT('', (0.6667601169508406, 0.056839277088437744, 1.2335811385E-16));
#540 = CARTESIAN_POINT('', (0.627031501472716, 0.07183219833132577, -6.1679056924E-16));
#541 = CARTESIAN_POINT('', (0.5879750004178573, 0.08849774073872549, -7.6482030585E-16));
#542 = CARTESIAN_POINT('', (0.5496609962563302, 0.10680587176784896, -3.2073109600E-16));
#543 = CARTESIAN_POINT('', (0.5121585334271656, 0.12672359903693564, -5.4277570093E-16));
#544 = CARTESIAN_POINT('', (0.47553519390664484, 0.1482150294110058, -6.9080543754E-16));
#545 = CARTESIAN_POINT('', (0.4398569754182269, 0.17124143388092072, -9.8686491078E-17));
#546 = CARTESIAN_POINT('', (0.40518817249077044, 0.19576131725617943, -6.1679056924E-16));
#547 = CARTESIAN_POINT('', (0.3715912606869128, 0.22173049311334797, -2.4671622769E-16));
#548 = CARTESIAN_POINT('', (0.3391267839186851, 0.2491021632405518, -2.4671622769E-17));
#549 = CARTESIAN_POINT('', (0.3078532453723586, 0.27782700204140226, -3.2073109600E-16));
#550 = CARTESIAN_POINT('', (0.27782700204140276, 0.3078532453723594, -1.7270135939E-16));
#551 = CARTESIAN_POINT('', (0.24910216324055098, 0.339126783918684, -6.1679056924E-16));
#552 = CARTESIAN_POINT('', (0.2217304931133485, 0.3715912606869136, -2.4671622769E-17));
#553 = CARTESIAN_POINT('', (0.19576131725617907, 0.4051881724907695, -6.1679056924E-16));
#554 = CARTESIAN_POINT('', (0.17124143388092142, 0.43985697541822805, 4.9343245539E-17));
#555 = CARTESIAN_POINT('', (0.14821502941100517, 0.47553519390664384, -2.4671622769E-16));
#556 = CARTESIAN_POINT('', (0.12672359903693622, 0.5121585334271672, -3.9474596431E-16));
#557 = CARTESIAN_POINT('', (0.10680587176784853, 0.5496609962563289, -6.1679056924E-16));
#558 = CARTESIAN_POINT('', (0.08849774073872574, 0.5879750004178589, -2.4671622769E-17));
#559 = CARTESIAN_POINT('', (0.07183219833132541, 0.6270315014727151, 4.9343245539E-17));
#560 = CARTESIAN_POINT('', (0.05683927708843772, 0.6667601169508389, -1.7270135939E-16));
#561 = CARTESIAN_POINT('', (0.04354599505801641, 0.7070892532388809, -9.1285004247E-16));
#562 = CARTESIAN_POINT('', (0.03197630814233981, 0.7479462344826278, -2.4671622769E-16));
#563 = CARTESIAN_POINT('', (0.02215106475284027, 0.7892574336779897, -6.1679056924E-16));
#564 = CARTESIAN_POINT('', (0.014087972356768945, 0.8309484051630714, -2.4671622769E-16));
#565 = CARTESIAN_POINT('', (7.8015578851E-3, 0.8729440191387746, -2.4671622769E-17));
#566 = CARTESIAN_POINT('', (3.3031561841E-3, 0.9151685964129543, -5.4277570093E-16));
#567 = CARTESIAN_POINT('', (6.0086161170E-4, 0.9575460459450743, -9.8686491078E-17));
#568 = CARTESIAN_POINT('', (8.6649650707E-19, 0.9858486817405864, -1.7270135939E-16));
#569 = CARTESIAN_POINT('', (0.0, 0.9999999999999998, 0.0));
#570 = CARTESIAN_POINT('', (1.0, 0.0, 3.3333333333333326));
#571 = CARTESIAN_POINT('', (0.9858486817405859, 9.9261673506E-24, 3.333333333333332));
#572 = CARTESIAN_POINT('', (0.9575460459450714, 6.0086161170E-4, 3.3333333333333313));
#573 = CARTESIAN_POINT('', (0.9151685964129551, 3.3031561841E-3, 3.3333333333333224));
#574 = CARTESIAN_POINT('', (0.8729440191387748, 7.8015578851E-3, 3.333333333333342));
#575 = CARTESIAN_POINT('', (0.8309484051630704, 0.014087972356768778, 3.333333333333316));
#576 = CARTESIAN_POINT('', (0.7892574336779887, 0.02215106475284041, 3.3333333333333384));
#577 = CARTESIAN_POINT('', (0.7479462344826284, 0.031976308142339795, 3.333333333333324));
#578 = CARTESIAN_POINT('', (0.7070892532388794, 0.0435459950580164, 3.3333333333333375));
#579 = CARTESIAN_POINT('', (0.6667601169508405, 0.05683927708843775, 3.333333333333339));
#580 = CARTESIAN_POINT('', (0.6270315014727158, 0.07183219833132577, 3.33333333333333));
#581 = CARTESIAN_POINT('', (0.5879750004178572, 0.08849774073872549, 3.333333333333335));
#582 = CARTESIAN_POINT('', (0.5496609962563301, 0.10680587176784898, 3.333333333333331));
#583 = CARTESIAN_POINT('', (0.5121585334271653, 0.12672359903693564, 3.333333333333336));
#584 = CARTESIAN_POINT('', (0.47553519390664467, 0.1482150294110058, 3.3333333333333264));
#585 = CARTESIAN_POINT('', (0.43985697541822666, 0.17124143388092072, 3.333333333333336));
#586 = CARTESIAN_POINT('', (0.40518817249077027, 0.19576131725617943, 3.3333333333333286));
#587 = CARTESIAN_POINT('', (0.3715912606869125, 0.22173049311334797, 3.333333333333329));
#588 = CARTESIAN_POINT('', (0.3391267839186849, 0.24910216324055176, 3.333333333333345));
#589 = CARTESIAN_POINT('', (0.3078532453723584, 0.27782700204140226, 3.333333333333316));
#590 = CARTESIAN_POINT('', (0.27782700204140254, 0.3078532453723595, 3.3333333333333446));
#591 = CARTESIAN_POINT('', (0.24910216324055084, 0.339126783918684, 3.333333333333318));
#592 = CARTESIAN_POINT('', (0.2217304931133483, 0.3715912606869136, 3.3333333333333464));
#593 = CARTESIAN_POINT('', (0.19576131725617887, 0.4051881724907695, 3.333333333333318));
#594 = CARTESIAN_POINT('', (0.1712414338809212, 0.4398569754182281, 3.3333333333333433));
#595 = CARTESIAN_POINT('', (0.14821502941100503, 0.47553519390664384, 3.333333333333321));
#596 = CARTESIAN_POINT('', (0.126723599036936, 0.5121585334271672, 3.333333333333342));
#597 = CARTESIAN_POINT('', (0.10680587176784834, 0.5496609962563289, 3.333333333333322));
#598 = CARTESIAN_POINT('', (0.08849774073872554, 0.5879750004178589, 3.3333333333333397));
#599 = CARTESIAN_POINT('', (0.07183219833132523, 0.6270315014727151, 3.333333333333326));
#600 = CARTESIAN_POINT('', (0.05683927708843752, 0.6667601169508389, 3.333333333333334));
#601 = CARTESIAN_POINT('', (0.043545995058016214, 0.7070892532388809, 3.3333333333333344));
#602 = CARTESIAN_POINT('', (0.03197630814233961, 0.7479462344826278, 3.333333333333325));
#603 = CARTESIAN_POINT('', (0.022151064752840073, 0.7892574336779897, 3.333333333333342));
#604 = CARTESIAN_POINT('', (0.014087972356768749, 0.8309484051630714, 3.3333333333333184));
#605 = CARTESIAN_POINT('', (7.8015578851E-3, 0.8729440191387746, 3.3333333333333437));
#606 = CARTESIAN_POINT('', (3.3031561841E-3, 0.9151685964129544, 3.333333333333319));
#607 = CARTESIAN_POINT('', (6.0086161170E-4, 0.9575460459450744, 3.333333333333348));
#608 = CARTESIAN_POINT('', (-1.9650648638E-16, 0.9858486817405864, 3.3333333333333326));
#609 = CARTESIAN_POINT('', (0.0, 0.9999999999999998, 3.3333333333333326));
#610 = CARTESIAN_POINT('', (1.0, 0.0, 6.666666666666668));
#611 = CARTESIAN_POINT('', (0.9858486817405858, 9.9261673506E-24, 6.666666666666666));
#612 = CARTESIAN_POINT('', (0.9575460459450716, 6.0086161170E-4, 6.666666666666661));
#613 = CARTESIAN_POINT('', (0.9151685964129547, 3.3031561841E-3, 6.6666666666666465));
#614 = CARTESIAN_POINT('', (0.8729440191387748, 7.8015578851E-3, 6.666666666666683));
#615 = CARTESIAN_POINT('', (0.8309484051630701, 0.014087972356768784, 6.666666666666633));
#616 = CARTESIAN_POINT('', (0.7892574336779888, 0.022151064752840417, 6.666666666666677));
#617 = CARTESIAN_POINT('', (0.7479462344826281, 0.0319763081423398, 6.666666666666651));
#618 = CARTESIAN_POINT('', (0.707089253238879, 0.043545995058016415, 6.666666666666676));
#619 = CARTESIAN_POINT('', (0.6667601169508405, 0.056839277088437765, 6.666666666666683));
#620 = CARTESIAN_POINT('', (0.6270315014727156, 0.07183219833132579, 6.666666666666658));
#621 = CARTESIAN_POINT('', (0.5879750004178571, 0.08849774073872552, 6.666666666666675));
#622 = CARTESIAN_POINT('', (0.54966099625633, 0.106805871767849, 6.666666666666659));
#623 = CARTESIAN_POINT('', (0.512158533427165, 0.12672359903693567, 6.6666666666666785));
#624 = CARTESIAN_POINT('', (0.4755351939066445, 0.14821502941100584, 6.666666666666649));
#625 = CARTESIAN_POINT('', (0.43985697541822627, 0.17124143388092078, 6.66666666666668));
#626 = CARTESIAN_POINT('', (0.4051881724907701, 0.19576131725617948, 6.6666666666666545));
#627 = CARTESIAN_POINT('', (0.3715912606869121, 0.22173049311334803, 6.666666666666663));
#628 = CARTESIAN_POINT('', (0.33912678391868456, 0.24910216324055184, 6.666666666666691));
#629 = CARTESIAN_POINT('', (0.30785324537235814, 0.2778270020414023, 6.666666666666627));
#630 = CARTESIAN_POINT('', (0.27782700204140215, 0.30785324537235953, 6.666666666666698));
#631 = CARTESIAN_POINT('', (0.2491021632405506, 0.33912678391868406, 6.666666666666628));
#632 = CARTESIAN_POINT('', (0.22173049311334792, 0.3715912606869137, 6.6666666666667));
#633 = CARTESIAN_POINT('', (0.19576131725617854, 0.4051881724907696, 6.666666666666635));
#634 = CARTESIAN_POINT('', (0.17124143388092083, 0.43985697541822827, 6.666666666666688));
#635 = CARTESIAN_POINT('', (0.14821502941100476, 0.47553519390664395, 6.666666666666644));
#636 = CARTESIAN_POINT('', (0.1267235990369356, 0.5121585334271673, 6.6666666666666865));
#637 = CARTESIAN_POINT('', (0.10680587176784799, 0.549660996256329, 6.666666666666645));
#638 = CARTESIAN_POINT('', (0.08849774073872517, 0.587975000417859, 6.666666666666684));
#639 = CARTESIAN_POINT('', (0.07183219833132487, 0.6270315014727152, 6.66666666666665));
#640 = CARTESIAN_POINT('', (0.056839277088437126, 0.666760116950839, 6.666666666666675));
#641 = CARTESIAN_POINT('', (0.04354599505801584, 0.707089253238881, 6.666666666666666));
#642 = CARTESIAN_POINT('', (0.03197630814233921, 0.747946234482628, 6.666666666666652));
#643 = CARTESIAN_POINT('', (0.02215106475283968, 0.7892574336779898, 6.666666666666688));
#644 = CARTESIAN_POINT('', (0.014087972356768362, 0.8309484051630716, 6.666666666666634));
#645 = CARTESIAN_POINT('', (7.8015578851E-3, 0.8729440191387748, 6.666666666666697));
#646 = CARTESIAN_POINT('', (3.3031561841E-3, 0.9151685964129547, 6.666666666666634));
#647 = CARTESIAN_POINT('', (6.0086161170E-4, 0.9575460459450746, 6.666666666666704));
#648 = CARTESIAN_POINT('', (-5.9125245217E-16, 0.9858486817405866, 6.666666666666666));
#649 = CARTESIAN_POINT('', (0.0, 0.9999999999999998, 6.666666666666668));
#650 = CARTESIAN_POINT('', (1.0, 0.0, 10.0));
#651 = CARTESIAN_POINT('', (0.9858486817405865, 9.9261673506E-24, 10.0));
#652 = CARTESIAN_POINT('', (0.9575460459450716, 6.0086161170E-4, 9.99999999999999));
#653 = CARTESIAN_POINT('', (0.9151685964129557, 3.3031561841E-3, 9.99999999999998));
#654 = CARTESIAN_POINT('', (0.872944019138775, 7.8015578851E-3, 10.000000000000018));
#655 = CARTESIAN_POINT('', (0.8309484051630711, 0.014087972356768782, 9.999999999999966));
#656 = CARTESIAN_POINT('', (0.789257433677989, 0.022151064752840417, 10.00000000000001));
#657 = CARTESIAN_POINT('', (0.7479462344826289, 0.0319763081423398, 9.999999999999988));
#658 = CARTESIAN_POINT('', (0.70708925323888, 0.04354599505801641, 10.000000000000009));
#659 = CARTESIAN_POINT('', (0.6667601169508408, 0.056839277088437765, 10.000000000000016));
#660 = CARTESIAN_POINT('', (0.6270315014727164, 0.07183219833132579, 9.999999999999998));
#661 = CARTESIAN_POINT('', (0.5879750004178576, 0.08849774073872552, 9.999999999999998));
#662 = CARTESIAN_POINT('', (0.5496609962563305, 0.106805871767849, 10.000000000000002));
#663 = CARTESIAN_POINT('', (0.5121585334271657, 0.12672359903693567, 10.0));
#664 = CARTESIAN_POINT('', (0.47553519390664506, 0.14821502941100587, 9.999999999999995));
#665 = CARTESIAN_POINT('', (0.43985697541822694, 0.17124143388092078, 10.000000000000004));
#666 = CARTESIAN_POINT('', (0.4051881724907705, 0.19576131725617948, 9.999999999999988));
#667 = CARTESIAN_POINT('', (0.37159126068691284, 0.22173049311334805, 9.999999999999993));
#668 = CARTESIAN_POINT('', (0.33912678391868517, 0.24910216324055184, 10.000000000000036));
#669 = CARTESIAN_POINT('', (0.30785324537235864, 0.2778270020414023, 9.999999999999961));
#670 = CARTESIAN_POINT('', (0.2778270020414028, 0.30785324537235953, 10.00000000000003));
#671 = CARTESIAN_POINT('', (0.24910216324055112, 0.3391267839186841, 9.999999999999964));
#672 = CARTESIAN_POINT('', (0.22173049311334858, 0.37159126068691367, 10.000000000000036));
#673 = CARTESIAN_POINT('', (0.1957613172561791, 0.4051881724907696, 9.999999999999964));
#674 = CARTESIAN_POINT('', (0.1712414338809215, 0.4398569754182283, 10.000000000000025));
#675 = CARTESIAN_POINT('', (0.14821502941100523, 0.47553519390664395, 9.99999999999998));
#676 = CARTESIAN_POINT('', (0.12672359903693625, 0.5121585334271673, 10.000000000000018));
#677 = CARTESIAN_POINT('', (0.10680587176784857, 0.549660996256329, 9.999999999999984));
#678 = CARTESIAN_POINT('', (0.08849774073872578, 0.587975000417859, 10.000000000000016));
#679 = CARTESIAN_POINT('', (0.07183219833132544, 0.6270315014727152, 9.999999999999988));
#680 = CARTESIAN_POINT('', (0.05683927708843773, 0.6667601169508389, 10.0));
#681 = CARTESIAN_POINT('', (0.04354599505801642, 0.707089253238881, 10.000000000000007));
#682 = CARTESIAN_POINT('', (0.03197630814233981, 0.747946234482628, 9.999999999999982));
#683 = CARTESIAN_POINT('', (0.022151064752840278, 0.7892574336779898, 10.000000000000027));
#684 = CARTESIAN_POINT('', (0.01408797235676895, 0.8309484051630716, 9.999999999999963));
#685 = CARTESIAN_POINT('', (7.8015578851E-3, 0.8729440191387748, 10.000000000000028));
#686 = CARTESIAN_POINT('', (3.3031561841E-3, 0.9151685964129547, 9.999999999999964));
#687 = CARTESIAN_POINT('', (6.0086161170E-4, 0.9575460459450746, 10.000000000000046));
#688 = CARTESIAN_POINT('', (8.6649650707E-19, 0.9858486817405866, 10.0));
#689 = CARTESIAN_POINT('', (0.0, 0.9999999999999998, 10.0));
#690 = CARTESIAN_POINT('', (1.0, 0.0, 10.000053333333334));
#691 = CARTESIAN_POINT('', (0.9858486817405865, 9.9261673506E-24, 10.000053333333334));
#692 = CARTESIAN_POINT('', (0.9575460459450716, 6.0086161170E-4, 10.000053333333323));
#693 = CARTESIAN_POINT('', (0.9151685964129557, 3.3031561841E-3, 10.000053333333314));
#694 = CARTESIAN_POINT('', (0.8729440191387751, 7.8015578851E-3, 10.000053333333351));
#695 = CARTESIAN_POINT('', (0.8309484051630712, 0.014087972356768784, 10.0000533333333));
#696 = CARTESIAN_POINT('', (0.7892574336779891, 0.022151064752840417, 10.000053333333344));
#697 = CARTESIAN_POINT('', (0.7479462344826289, 0.0319763081423398, 10.000053333333321));
#698 = CARTESIAN_POINT('', (0.70708925323888, 0.043545995058016415, 10.000053333333343));
#699 = CARTESIAN_POINT('', (0.6667601169508408, 0.056839277088437765, 10.00005333333335));
#700 = CARTESIAN_POINT('', (0.6270315014727165, 0.07183219833132579, 10.000053333333332));
#701 = CARTESIAN_POINT('', (0.5879750004178576, 0.08849774073872553, 10.000053333333332));
#702 = CARTESIAN_POINT('', (0.5496609962563305, 0.10680587176784902, 10.000053333333335));
#703 = CARTESIAN_POINT('', (0.5121585334271657, 0.12672359903693567, 10.000053333333334));
#704 = CARTESIAN_POINT('', (0.47553519390664506, 0.14821502941100587, 10.000053333333328));
#705 = CARTESIAN_POINT('', (0.43985697541822694, 0.17124143388092078, 10.000053333333337));
#706 = CARTESIAN_POINT('', (0.4051881724907705, 0.1957613172561795, 10.000053333333321));
#707 = CARTESIAN_POINT('', (0.37159126068691284, 0.22173049311334805, 10.000053333333327));
#708 = CARTESIAN_POINT('', (0.33912678391868517, 0.24910216324055187, 10.00005333333337));
#709 = CARTESIAN_POINT('', (0.3078532453723587, 0.2778270020414023, 10.000053333333295));
#710 = CARTESIAN_POINT('', (0.2778270020414028, 0.3078532453723596, 10.000053333333364));
#711 = CARTESIAN_POINT('', (0.24910216324055115, 0.3391267839186841, 10.000053333333298));
#712 = CARTESIAN_POINT('', (0.22173049311334858, 0.37159126068691367, 10.00005333333337));
#713 = CARTESIAN_POINT('', (0.19576131725617912, 0.4051881724907696, 10.000053333333298));
#714 = CARTESIAN_POINT('', (0.1712414338809215, 0.4398569754182283, 10.000053333333359));
#715 = CARTESIAN_POINT('', (0.14821502941100523, 0.47553519390664395, 10.000053333333314));
#716 = CARTESIAN_POINT('', (0.12672359903693625, 0.5121585334271673, 10.000053333333351));
#717 = CARTESIAN_POINT('', (0.10680587176784859, 0.549660996256329, 10.000053333333318));
#718 = CARTESIAN_POINT('', (0.0884977407387258, 0.587975000417859, 10.00005333333335));
#719 = CARTESIAN_POINT('', (0.07183219833132544, 0.6270315014727154, 10.000053333333321));
#720 = CARTESIAN_POINT('', (0.05683927708843773, 0.6667601169508389, 10.000053333333334));
#721 = CARTESIAN_POINT('', (0.04354599505801643, 0.707089253238881, 10.00005333333334));
#722 = CARTESIAN_POINT('', (0.03197630814233981, 0.747946234482628, 10.000053333333316));
#723 = CARTESIAN_POINT('', (0.022151064752840278, 0.78925743367799, 10.00005333333336));
#724 = CARTESIAN_POINT('', (0.014087972356768952, 0.8309484051630717, 10.000053333333296));
#725 = CARTESIAN_POINT('', (7.8015578851E-3, 0.872944019138775, 10.000053333333362));
#726 = CARTESIAN_POINT('', (3.3031561841E-3, 0.9151685964129547, 10.000053333333298));
#727 = CARTESIAN_POINT('', (6.0086161170E-4, 0.9575460459450746, 10.00005333333338));
#728 = CARTESIAN_POINT('', (8.7597041025E-19, 0.9858486817405866, 10.000053333333334));
#729 = CARTESIAN_POINT('', (0.0, 0.9999999999999998, 10.000053333333334));
#730 = CARTESIAN_POINT('', (1.0, 0.0, 10.000106666666667));
#731 = CARTESIAN_POINT('', (0.9858486817405865, 9.9261673506E-24, 10.000106666666667));
#732 = CARTESIAN_POINT('', (0.9575460459450716, 6.0086161170E-4, 10.000106666666657));
#733 = CARTESIAN_POINT('', (0.9151685964129557, 3.3031561841E-3, 10.000106666666648));
#734 = CARTESIAN_POINT('', (0.8729440191387752, 7.8015578851E-3, 10.000106666666685));
#735 = CARTESIAN_POINT('', (0.8309484051630713, 0.014087972356768785, 10.000106666666634));
#736 = CARTESIAN_POINT('', (0.7892574336779892, 0.022151064752840417, 10.000106666666678));
#737 = CARTESIAN_POINT('', (0.7479462344826289, 0.0319763081423398, 10.000106666666655));
#738 = CARTESIAN_POINT('', (0.70708925323888, 0.04354599505801642, 10.000106666666676));
#739 = CARTESIAN_POINT('', (0.6667601169508408, 0.056839277088437765, 10.000106666666683));
#740 = CARTESIAN_POINT('', (0.6270315014727166, 0.07183219833132579, 10.000106666666666));
#741 = CARTESIAN_POINT('', (0.5879750004178576, 0.08849774073872554, 10.000106666666666));
#742 = CARTESIAN_POINT('', (0.5496609962563305, 0.10680587176784903, 10.00010666666667));
#743 = CARTESIAN_POINT('', (0.5121585334271657, 0.12672359903693567, 10.000106666666667));
#744 = CARTESIAN_POINT('', (0.47553519390664506, 0.14821502941100587, 10.000106666666662));
#745 = CARTESIAN_POINT('', (0.43985697541822694, 0.17124143388092078, 10.000106666666671));
#746 = CARTESIAN_POINT('', (0.4051881724907705, 0.19576131725617954, 10.000106666666655));
#747 = CARTESIAN_POINT('', (0.37159126068691284, 0.22173049311334805, 10.00010666666666));
#748 = CARTESIAN_POINT('', (0.33912678391868517, 0.2491021632405519, 10.000106666666703));
#749 = CARTESIAN_POINT('', (0.30785324537235875, 0.2778270020414023, 10.000106666666628));
#750 = CARTESIAN_POINT('', (0.2778270020414028, 0.30785324537235964, 10.000106666666698));
#751 = CARTESIAN_POINT('', (0.24910216324055118, 0.3391267839186841, 10.000106666666632));
#752 = CARTESIAN_POINT('', (0.22173049311334858, 0.37159126068691367, 10.000106666666703));
#753 = CARTESIAN_POINT('', (0.19576131725617915, 0.4051881724907696, 10.000106666666632));
#754 = CARTESIAN_POINT('', (0.1712414338809215, 0.4398569754182283, 10.000106666666692));
#755 = CARTESIAN_POINT('', (0.14821502941100523, 0.47553519390664395, 10.000106666666648));
#756 = CARTESIAN_POINT('', (0.12672359903693625, 0.5121585334271673, 10.000106666666685));
#757 = CARTESIAN_POINT('', (0.1068058717678486, 0.549660996256329, 10.000106666666651));
#758 = CARTESIAN_POINT('', (0.08849774073872581, 0.587975000417859, 10.000106666666683));
#759 = CARTESIAN_POINT('', (0.07183219833132544, 0.6270315014727155, 10.000106666666655));
#760 = CARTESIAN_POINT('', (0.05683927708843773, 0.6667601169508389, 10.000106666666667));
#761 = CARTESIAN_POINT('', (0.043545995058016436, 0.707089253238881, 10.000106666666674));
#762 = CARTESIAN_POINT('', (0.03197630814233981, 0.747946234482628, 10.00010666666665));
#763 = CARTESIAN_POINT('', (0.022151064752840278, 0.7892574336779901, 10.000106666666694));
#764 = CARTESIAN_POINT('', (0.014087972356768954, 0.8309484051630718, 10.00010666666663));
#765 = CARTESIAN_POINT('', (7.8015578851E-3, 0.8729440191387751, 10.000106666666696));
#766 = CARTESIAN_POINT('', (3.3031561841E-3, 0.9151685964129547, 10.000106666666632));
#767 = CARTESIAN_POINT('', (6.0086161170E-4, 0.9575460459450746, 10.000106666666714));
#768 = CARTESIAN_POINT('', (8.8544456606E-19, 0.9858486817405866, 10.000106666666667));
#769 = CARTESIAN_POINT('', (0.0, 0.9999999999999998, 10.000106666666667));
#770 = CARTESIAN_POINT('', (1.0, 0.0, 10.000160000000001));
#771 = CARTESIAN_POINT('', (0.9858486817405865, 9.9261673506E-24, 10.000160000000001));
#772 = CARTESIAN_POINT('', (0.9575460459450716, 6.0086161170E-4, 10.00015999999999));
#773 = CARTESIAN_POINT('', (0.9151685964129557, 3.3031561841E-3, 10.000159999999982));
#774 = CARTESIAN_POINT('', (0.8729440191387753, 7.8015578851E-3, 10.000160000000019));
#775 = CARTESIAN_POINT('', (0.8309484051630714, 0.014087972356768787, 10.000159999999967));
#776 = CARTESIAN_POINT('', (0.7892574336779893, 0.022151064752840417, 10.000160000000012));
#777 = CARTESIAN_POINT('', (0.7479462344826289, 0.0319763081423398, 10.000159999999989));
#778 = CARTESIAN_POINT('', (0.70708925323888, 0.04354599505801643, 10.00016000000001));
#779 = CARTESIAN_POINT('', (0.6667601169508408, 0.056839277088437765, 10.000160000000017));
#780 = CARTESIAN_POINT('', (0.6270315014727167, 0.07183219833132579, 10.00016));
#781 = CARTESIAN_POINT('', (0.5879750004178576, 0.08849774073872556, 10.00016));
#782 = CARTESIAN_POINT('', (0.5496609962563305, 0.10680587176784904, 10.000160000000003));
#783 = CARTESIAN_POINT('', (0.5121585334271657, 0.12672359903693567, 10.000160000000001));
#784 = CARTESIAN_POINT('', (0.47553519390664506, 0.14821502941100587, 10.000159999999996));
#785 = CARTESIAN_POINT('', (0.43985697541822694, 0.17124143388092078, 10.000160000000005));
#786 = CARTESIAN_POINT('', (0.4051881724907705, 0.19576131725617957, 10.000159999999989));
#787 = CARTESIAN_POINT('', (0.37159126068691284, 0.22173049311334805, 10.000159999999994));
#788 = CARTESIAN_POINT('', (0.33912678391868517, 0.24910216324055193, 10.000160000000037));
#789 = CARTESIAN_POINT('', (0.3078532453723588, 0.2778270020414023, 10.000159999999962));
#790 = CARTESIAN_POINT('', (0.2778270020414028, 0.3078532453723597, 10.000160000000031));
#791 = CARTESIAN_POINT('', (0.2491021632405512, 0.3391267839186841, 10.000159999999966));
#792 = CARTESIAN_POINT('', (0.22173049311334858, 0.37159126068691367, 10.000160000000037));
#793 = CARTESIAN_POINT('', (0.19576131725617918, 0.4051881724907696, 10.000159999999966));
#794 = CARTESIAN_POINT('', (0.1712414338809215, 0.4398569754182283, 10.000160000000026));
#795 = CARTESIAN_POINT('', (0.14821502941100523, 0.47553519390664395, 10.000159999999982));
#796 = CARTESIAN_POINT('', (0.12672359903693625, 0.5121585334271673, 10.000160000000019));
#797 = CARTESIAN_POINT('', (0.10680587176784861, 0.549660996256329, 10.000159999999985));
#798 = CARTESIAN_POINT('', (0.08849774073872582, 0.587975000417859, 10.000160000000017));
#799 = CARTESIAN_POINT('', (0.07183219833132544, 0.6270315014727156, 10.000159999999989));
#800 = CARTESIAN_POINT('', (0.05683927708843773, 0.6667601169508389, 10.000160000000001));
#801 = CARTESIAN_POINT('', (0.04354599505801644, 0.707089253238881, 10.000160000000008));
#802 = CARTESIAN_POINT('', (0.03197630814233981, 0.747946234482628, 10.000159999999983));
#803 = CARTESIAN_POINT('', (0.022151064752840278, 0.7892574336779902, 10.000160000000028));
#804 = CARTESIAN_POINT('', (0.014087972356768955, 0.8309484051630719, 10.000159999999964));
#805 = CARTESIAN_POINT('', (7.8015578851E-3, 0.8729440191387752, 10.00016000000003));
#806 = CARTESIAN_POINT('', (3.3031561841E-3, 0.9151685964129547, 10.000159999999966));
#807 = CARTESIAN_POINT('', (6.0086161170E-4, 0.9575460459450746, 10.000160000000047));
#808 = CARTESIAN_POINT('', (8.9491897452E-19, 0.9858486817405866, 10.000160000000001));
#809 = CARTESIAN_POINT('', (0.0, 0.9999999999999998, 10.000160000000001));
#810 = DEFINITIONAL_REPRESENTATION('', (#812), #811);
#811 = (
    GEOMETRIC_REPRESENTATION_CONTEXT(2)
    PARAMETRIC_REPRESENTATION_CONTEXT()
    REPRESENTATION_CONTEXT('2D SPACE', '')
);
#812 = (
    BOUNDED_CURVE()
    B_SPLINE_CURVE(1, (#813, #814), .UNSPECIFIED., .U., .U.)
    B_SPLINE_CURVE_WITH_KNOTS((2, 2), (5.0, 14.999999999999998), .UNSPECIFIED.)
    CURVE()
    GEOMETRIC_REPRESENTATION_ITEM()
    RATIONAL_B_SPLINE_CURVE((1.0, 1.0))
    REPRESENTATION_ITEM('')
);
#813 = CARTESIAN_POINT('', (5.0, 1.0));
#814 = CARTESIAN_POINT('', (15.0, 1.0));
#815 = SURFACE_CURVE('', #816, (#819, #830), .CURVE_3D.);
#816 = (
    BOUNDED_CURVE()
    B_SPLINE_CURVE(1, (#817, #818), .UNSPECIFIED., .U., .U.)
    B_SPLINE_CURVE_WITH_KNOTS((2, 2), (0.9999999999999998, 10.0), .UNSPECIFIED.)
    CURVE()
    GEOMETRIC_REPRESENTATION_ITEM()
    RATIONAL_B_SPLINE_CURVE((1.0, 1.0))
    REPRESENTATION_ITEM('')
);
#817 = CARTESIAN_POINT('', (0.0, 0.9999999999999998, 10.0));
#818 = CARTESIAN_POINT('', (0.0, 10.0, 10.0));
#819 = PCURVE('', #820, #825);
#820 = (
    BOUNDED_SURFACE()
    B_SPLINE_SURFACE(1, 1, ((#821, #822), (#823, #824)), .UNSPECIFIED., .U., .U., .U.)
    B_SPLINE_SURFACE_WITH_KNOTS((2, 2), (2, 2), (0.0, 1.0), (0.0, 1.0), .UNSPECIFIED.)
    GEOMETRIC_REPRESENTATION_ITEM()
    RATIONAL_B_SPLINE_SURFACE(((1.0, 1.0), (1.0, 1.0)))
    REPRESENTATION_ITEM('')
    SURFACE()
);
#821 = CARTESIAN_POINT('', (0.0, 10.0, 0.0));
#822 = CARTESIAN_POINT('', (0.0, 10.0, 10.0));
#823 = CARTESIAN_POINT('', (0.0, 0.0, 0.0));
#824 = CARTESIAN_POINT('', (0.0, 0.0, 10.0));
#825 = DEFINITIONAL_REPRESENTATION('', (#827), #826);
#826 = (
    GEOMETRIC_REPRESENTATION_CONTEXT(2)
    PARAMETRIC_REPRESENTATION_CONTEXT()
    REPRESENTATION_CONTEXT('2D SPACE', '')
);
#827 = (
    BOUNDED_CURVE()
    B_SPLINE_CURVE(1, (#828, #829), .UNSPECIFIED., .U., .U.)
    B_SPLINE_CURVE_WITH_KNOTS((2, 2), (0.9999999999999998, 10.0), .UNSPECIFIED.)
    CURVE()
    GEOMETRIC_REPRESENTATION_ITEM()
    RATIONAL_B_SPLINE_CURVE((1.0, 1.0))
    REPRESENTATION_ITEM('')
);
#828 = CARTESIAN_POINT('', (0.9, 1.0));
#829 = CARTESIAN_POINT('', (0.0, 1.0));
#830 = PCURVE('', #831, #836);
#831 = (
    BOUNDED_SURFACE()
    B_SPLINE_SURFACE(1, 1, ((#832, #833), (#834, #835)), .UNSPECIFIED., .U., .U., .U.)
    B_SPLINE_SURFACE_WITH_KNOTS((2, 2), (2, 2), (0.0, 1.0), (0.0, 1.0), .UNSPECIFIED.)
    GEOMETRIC_REPRESENTATION_ITEM()
    RATIONAL_B_SPLINE_SURFACE(((1.0, 1.0), (1.0, 1.0)))
    REPRESENTATION_ITEM('')
    SURFACE()
);
#832 = CARTESIAN_POINT('', (0.0, 0.0, 10.0));
#833 = CARTESIAN_POINT('', (0.0, 10.0, 10.0));
#834 = CARTESIAN_POINT('', (10.0, 0.0, 10.0));
#835 = CARTESIAN_POINT('', (10.0, 10.0, 10.0));
#836 = DEFINITIONAL_REPRESENTATION('', (#838), #837);
#837 = (
    GEOMETRIC_REPRESENTATION_CONTEXT(2)
    PARAMETRIC_REPRESENTATION_CONTEXT()
    REPRESENTATION_CONTEXT('2D SPACE', '')
);
#838 = (
    BOUNDED_CURVE()
    B_SPLINE_CURVE(1, (#839, #840), .UNSPECIFIED., .U., .U.)
    B_SPLINE_CURVE_WITH_KNOTS((2, 2), (0.9999999999999998, 10.0), .UNSPECIFIED.)
    CURVE()
    GEOMETRIC_REPRESENTATION_ITEM()
    RATIONAL_B_SPLINE_CURVE((1.0, 1.0))
    REPRESENTATION_ITEM('')
);
#839 = CARTESIAN_POINT('', (0.0, 0.09999999999999998));
#840 = CARTESIAN_POINT('', (0.0, 1.0));
#841 = SURFACE_CURVE('', #842, (#845, #856), .CURVE_3D.);
#842 = (
    BOUNDED_CURVE()
    B_SPLINE_CURVE(1, (#843, #844), .UNSPECIFIED., .U., .U.)
    B_SPLINE_CURVE_WITH_KNOTS((2, 2), (0.9999999999999998, 10.0), .UNSPECIFIED.)
    CURVE()
    GEOMETRIC_REPRESENTATION_ITEM()
    RATIONAL_B_SPLINE_CURVE((1.0, 1.0))
    REPRESENTATION_ITEM('')
);
#843 = CARTESIAN_POINT('', (0.0, 0.9999999999999998, 0.0));
#844 = CARTESIAN_POINT('', (0.0, 10.0, 0.0));
#845 = PCURVE('', #846, #851);
#846 = (
    BOUNDED_SURFACE()
    B_SPLINE_SURFACE(1, 1, ((#847, #848), (#849, #850)), .UNSPECIFIED., .U., .U., .U.)
    B_SPLINE_SURFACE_WITH_KNOTS((2, 2), (2, 2), (0.0, 1.0), (0.0, 1.0), .UNSPECIFIED.)
    GEOMETRIC_REPRESENTATION_ITEM()
    RATIONAL_B_SPLINE_SURFACE(((1.0, 1.0), (1.0, 1.0)))
    REPRESENTATION_ITEM('')
    SURFACE()
);
#847 = CARTESIAN_POINT('', (0.0, 10.0, 0.0));
#848 = CARTESIAN_POINT('', (0.0, 10.0, 10.0));
#849 = CARTESIAN_POINT('', (0.0, 0.0, 0.0));
#850 = CARTESIAN_POINT('', (0.0, 0.0, 10.0));
#851 = DEFINITIONAL_REPRESENTATION('', (#853), #852);
#852 = (
    GEOMETRIC_REPRESENTATION_CONTEXT(2)
    PARAMETRIC_REPRESENTATION_CONTEXT()
    REPRESENTATION_CONTEXT('2D SPACE', '')
);
#853 = (
    BOUNDED_CURVE()
    B_SPLINE_CURVE(1, (#854, #855), .UNSPECIFIED., .U., .U.)
    B_SPLINE_CURVE_WITH_KNOTS((2, 2), (0.9999999999999998, 10.0), .UNSPECIFIED.)
    CURVE()
    GEOMETRIC_REPRESENTATION_ITEM()
    RATIONAL_B_SPLINE_CURVE((1.0, 1.0))
    REPRESENTATION_ITEM('')
);
#854 = CARTESIAN_POINT('', (0.9, 0.0));
#855 = CARTESIAN_POINT('', (0.0, 0.0));
#856 = PCURVE('', #857, #862);
#857 = (
    BOUNDED_SURFACE()
    B_SPLINE_SURFACE(1, 1, ((#858, #859), (#860, #861)), .UNSPECIFIED., .U., .U., .U.)
    B_SPLINE_SURFACE_WITH_KNOTS((2, 2), (2, 2), (0.0, 1.0), (0.0, 1.0), .UNSPECIFIED.)
    GEOMETRIC_REPRESENTATION_ITEM()
    RATIONAL_B_SPLINE_SURFACE(((1.0, 1.0), (1.0, 1.0)))
    REPRESENTATION_ITEM('')
    SURFACE()
);
#858 = CARTESIAN_POINT('', (0.0, 0.0, 0.0));
#859 = CARTESIAN_POINT('', (10.0, 0.0, 0.0));
#860 = CARTESIAN_POINT('', (0.0, 10.0, 0.0));
#861 = CARTESIAN_POINT('', (10.0, 10.0, 0.0));
#862 = DEFINITIONAL_REPRESENTATION('', (#864), #863);
#863 = (
    GEOMETRIC_REPRESENTATION_CONTEXT(2)
    PARAMETRIC_REPRESENTATION_CONTEXT()
    REPRESENTATION_CONTEXT('2D SPACE', '')
);
#864 = (
    BOUNDED_CURVE()
    B_SPLINE_CURVE(1, (#865, #866), .UNSPECIFIED., .U., .U.)
    B_SPLINE_CURVE_WITH_KNOTS((2, 2), (0.9999999999999998, 10.0), .UNSPECIFIED.)
    CURVE()
    GEOMETRIC_REPRESENTATION_ITEM()
    RATIONAL_B_SPLINE_CURVE((1.0, 1.0))
    REPRESENTATION_ITEM('')
);
#865 = CARTESIAN_POINT('', (0.09999999999999998, 0.0));
#866 = CARTESIAN_POINT('', (1.0, 0.0));
#867 = SURFACE_CURVE('', #868, (#871, #882), .CURVE_3D.);
#868 = (
    BOUNDED_CURVE()
    B_SPLINE_CURVE(1, (#869, #870), .UNSPECIFIED., .U., .U.)
    B_SPLINE_CURVE_WITH_KNOTS((2, 2), (0.0, 10.0), .UNSPECIFIED.)
    CURVE()
    GEOMETRIC_REPRESENTATION_ITEM()
    RATIONAL_B_SPLINE_CURVE((1.0, 1.0))
    REPRESENTATION_ITEM('')
);
#869 = CARTESIAN_POINT('', (10.0, 0.0, 0.0));
#870 = CARTESIAN_POINT('', (10.0, 10.0, 0.0));
#871 = PCURVE('', #872, #877);
#872 = (
    BOUNDED_SURFACE()
    B_SPLINE_SURFACE(1, 1, ((#873, #874), (#875, #876)), .UNSPECIFIED., .U., .U., .U.)
    B_SPLINE_SURFACE_WITH_KNOTS((2, 2), (2, 2), (0.0, 1.0), (0.0, 1.0), .UNSPECIFIED.)
    GEOMETRIC_REPRESENTATION_ITEM()
    RATIONAL_B_SPLINE_SURFACE(((1.0, 1.0), (1.0, 1.0)))
    REPRESENTATION_ITEM('')
    SURFACE()
);
#873 = CARTESIAN_POINT('', (10.0, 0.0, 0.0));
#874 = CARTESIAN_POINT('', (10.0, 0.0, 10.0));
#875 = CARTESIAN_POINT('', (10.0, 10.0, 0.0));
#876 = CARTESIAN_POINT('', (10.0, 10.0, 10.0));
#877 = DEFINITIONAL_REPRESENTATION('', (#879), #878);
#878 = (
    GEOMETRIC_REPRESENTATION_CONTEXT(2)
    PARAMETRIC_REPRESENTATION_CONTEXT()
    REPRESENTATION_CONTEXT('2D SPACE', '')
);
#879 = (
    BOUNDED_CURVE()
    B_SPLINE_CURVE(1, (#880, #881), .UNSPECIFIED., .U., .U.)
    B_SPLINE_CURVE_WITH_KNOTS((2, 2), (0.0, 10.0), .UNSPECIFIED.)
    CURVE()
    GEOMETRIC_REPRESENTATION_ITEM()
    RATIONAL_B_SPLINE_CURVE((1.0, 1.0))
    REPRESENTATION_ITEM('')
);
#880 = CARTESIAN_POINT('', (0.0, 0.0));
#881 = CARTESIAN_POINT('', (1.0, 0.0));
#882 = PCURVE('', #883, #888);
#883 = (
    BOUNDED_SURFACE()
    B_SPLINE_SURFACE(1, 1, ((#884, #885), (#886, #887)), .UNSPECIFIED., .U., .U., .U.)
    B_SPLINE_SURFACE_WITH_KNOTS((2, 2), (2, 2), (0.0, 1.0), (0.0, 1.0), .UNSPECIFIED.)
    GEOMETRIC_REPRESENTATION_ITEM()
    RATIONAL_B_SPLINE_SURFACE(((1.0, 1.0), (1.0, 1.0)))
    REPRESENTATION_ITEM('')
    SURFACE()
);
#884 = CARTESIAN_POINT('', (0.0, 0.0, 0.0));
#885 = CARTESIAN_POINT('', (10.0, 0.0, 0.0));
#886 = CARTESIAN_POINT('', (0.0, 10.0, 0.0));
#887 = CARTESIAN_POINT('', (10.0, 10.0, 0.0));
#888 = DEFINITIONAL_REPRESENTATION('', (#890), #889);
#889 = (
    GEOMETRIC_REPRESENTATION_CONTEXT(2)
    PARAMETRIC_REPRESENTATION_CONTEXT()
    REPRESENTATION_CONTEXT('2D SPACE', '')
);
#890 = (
    BOUNDED_CURVE()
    B_SPLINE_CURVE(1, (#891, #892), .UNSPECIFIED., .U., .U.)
    B_SPLINE_CURVE_WITH_KNOTS((2, 2), (0.0, 10.0), .UNSPECIFIED.)
    CURVE()
    GEOMETRIC_REPRESENTATION_ITEM()
    RATIONAL_B_SPLINE_CURVE((1.0, 1.0))
    REPRESENTATION_ITEM('')
);
#891 = CARTESIAN_POINT('', (0.0, 1.0));
#892 = CARTESIAN_POINT('', (1.0, 1.0));
#893 = SURFACE_CURVE('', #894, (#897, #908), .CURVE_3D.);
#894 = (
    BOUNDED_CURVE()
    B_SPLINE_CURVE(1, (#895, #896), .UNSPECIFIED., .U., .U.)
    B_SPLINE_CURVE_WITH_KNOTS((2, 2), (0.0, 10.0), .UNSPECIFIED.)
    CURVE()
    GEOMETRIC_REPRESENTATION_ITEM()
    RATIONAL_B_SPLINE_CURVE((1.0, 1.0))
    REPRESENTATION_ITEM('')
);
#895 = CARTESIAN_POINT('', (10.0, 0.0, 10.0));
#896 = CARTESIAN_POINT('', (10.0, 10.0, 10.0));
#897 = PCURVE('', #898, #903);
#898 = (
    BOUNDED_SURFACE()
    B_SPLINE_SURFACE(1, 1, ((#899, #900), (#901, #902)), .UNSPECIFIED., .U., .U., .U.)
    B_SPLINE_SURFACE_WITH_KNOTS((2, 2), (2, 2), (0.0, 1.0), (0.0, 1.0), .UNSPECIFIED.)
    GEOMETRIC_REPRESENTATION_ITEM()
    RATIONAL_B_SPLINE_SURFACE(((1.0, 1.0), (1.0, 1.0)))
    REPRESENTATION_ITEM('')
    SURFACE()
);
#899 = CARTESIAN_POINT('', (10.0, 0.0, 0.0));
#900 = CARTESIAN_POINT('', (10.0, 0.0, 10.0));
#901 = CARTESIAN_POINT('', (10.0, 10.0, 0.0));
#902 = CARTESIAN_POINT('', (10.0, 10.0, 10.0));
#903 = DEFINITIONAL_REPRESENTATION('', (#905), #904);
#904 = (
    GEOMETRIC_REPRESENTATION_CONTEXT(2)
    PARAMETRIC_REPRESENTATION_CONTEXT()
    REPRESENTATION_CONTEXT('2D SPACE', '')
);
#905 = (
    BOUNDED_CURVE()
    B_SPLINE_CURVE(1, (#906, #907), .UNSPECIFIED., .U., .U.)
    B_SPLINE_CURVE_WITH_KNOTS((2, 2), (0.0, 10.0), .UNSPECIFIED.)
    CURVE()
    GEOMETRIC_REPRESENTATION_ITEM()
    RATIONAL_B_SPLINE_CURVE((1.0, 1.0))
    REPRESENTATION_ITEM('')
);
#906 = CARTESIAN_POINT('', (0.0, 1.0));
#907 = CARTESIAN_POINT('', (1.0, 1.0));
#908 = PCURVE('', #909, #914);
#909 = (
    BOUNDED_SURFACE()
    B_SPLINE_SURFACE(1, 1, ((#910, #911), (#912, #913)), .UNSPECIFIED., .U., .U., .U.)
    B_SPLINE_SURFACE_WITH_KNOTS((2, 2), (2, 2), (0.0, 1.0), (0.0, 1.0), .UNSPECIFIED.)
    GEOMETRIC_REPRESENTATION_ITEM()
    RATIONAL_B_SPLINE_SURFACE(((1.0, 1.0), (1.0, 1.0)))
    REPRESENTATION_ITEM('')
    SURFACE()
);
#910 = CARTESIAN_POINT('', (0.0, 0.0, 10.0));
#911 = CARTESIAN_POINT('', (0.0, 10.0, 10.0));
#912 = CARTESIAN_POINT('', (10.0, 0.0, 10.0));
#913 = CARTESIAN_POINT('', (10.0, 10.0, 10.0));
#914 = DEFINITIONAL_REPRESENTATION('', (#916), #915);
#915 = (
    GEOMETRIC_REPRESENTATION_CONTEXT(2)
    PARAMETRIC_REPRESENTATION_CONTEXT()
    REPRESENTATION_CONTEXT('2D SPACE', '')
);
#916 = (
    BOUNDED_CURVE()
    B_SPLINE_CURVE(1, (#917, #918), .UNSPECIFIED., .U., .U.)
    B_SPLINE_CURVE_WITH_KNOTS((2, 2), (0.0, 10.0), .UNSPECIFIED.)
    CURVE()
    GEOMETRIC_REPRESENTATION_ITEM()
    RATIONAL_B_SPLINE_CURVE((1.0, 1.0))
    REPRESENTATION_ITEM('')
);
#917 = CARTESIAN_POINT('', (1.0, 0.0));
#918 = CARTESIAN_POINT('', (1.0, 1.0));
#919 = SURFACE_CURVE('', #920, (#923, #934), .CURVE_3D.);
#920 = (
    BOUNDED_CURVE()
    B_SPLINE_CURVE(1, (#921, #922), .UNSPECIFIED., .U., .U.)
    B_SPLINE_CURVE_WITH_KNOTS((2, 2), (0.0, 10.0), .UNSPECIFIED.)
    CURVE()
    GEOMETRIC_REPRESENTATION_ITEM()
    RATIONAL_B_SPLINE_CURVE((1.0, 1.0))
    REPRESENTATION_ITEM('')
);
#921 = CARTESIAN_POINT('', (10.0, 0.0, 0.0));
#922 = CARTESIAN_POINT('', (10.0, 0.0, 10.0));
#923 = PCURVE('', #924, #929);
#924 = (
    BOUNDED_SURFACE()
    B_SPLINE_SURFACE(1, 1, ((#925, #926), (#927, #928)), .UNSPECIFIED., .U., .U., .U.)
    B_SPLINE_SURFACE_WITH_KNOTS((2, 2), (2, 2), (0.0, 1.0), (0.0, 1.0), .UNSPECIFIED.)
    GEOMETRIC_REPRESENTATION_ITEM()
    RATIONAL_B_SPLINE_SURFACE(((1.0, 1.0), (1.0, 1.0)))
    REPRESENTATION_ITEM('')
    SURFACE()
);
#925 = CARTESIAN_POINT('', (10.0, 0.0, 0.0));
#926 = CARTESIAN_POINT('', (10.0, 0.0, 10.0));
#927 = CARTESIAN_POINT('', (10.0, 10.0, 0.0));
#928 = CARTESIAN_POINT('', (10.0, 10.0, 10.0));
#929 = DEFINITIONAL_REPRESENTATION('', (#931), #930);
#930 = (
    GEOMETRIC_REPRESENTATION_CONTEXT(2)
    PARAMETRIC_REPRESENTATION_CONTEXT()
    REPRESENTATION_CONTEXT('2D SPACE', '')
);
#931 = (
    BOUNDED_CURVE()
    B_SPLINE_CURVE(1, (#932, #933), .UNSPECIFIED., .U., .U.)
    B_SPLINE_CURVE_WITH_KNOTS((2, 2), (0.0, 10.0), .UNSPECIFIED.)
    CURVE()
    GEOMETRIC_REPRESENTATION_ITEM()
    RATIONAL_B_SPLINE_CURVE((1.0, 1.0))
    REPRESENTATION_ITEM('')
);
#932 = CARTESIAN_POINT('', (0.0, 0.0));
#933 = CARTESIAN_POINT('', (0.0, 1.0));
#934 = PCURVE('', #935, #940);
#935 = (
    BOUNDED_SURFACE()
    B_SPLINE_SURFACE(1, 1, ((#936, #937), (#938, #939)), .UNSPECIFIED., .U., .U., .U.)
    B_SPLINE_SURFACE_WITH_KNOTS((2, 2), (2, 2), (0.0, 1.0), (0.0, 1.0), .UNSPECIFIED.)
    GEOMETRIC_REPRESENTATION_ITEM()
    RATIONAL_B_SPLINE_SURFACE(((1.0, 1.0), (1.0, 1.0)))
    REPRESENTATION_ITEM('')
    SURFACE()
);
#936 = CARTESIAN_POINT('', (0.0, 0.0, 0.0));
#937 = CARTESIAN_POINT('', (0.0, 0.0, 10.0));
#938 = CARTESIAN_POINT('', (10.0, 0.0, 0.0));
#939 = CARTESIAN_POINT('', (10.0, 0.0, 10.0));
#940 = DEFINITIONAL_REPRESENTATION('', (#942), #941);
#941 = (
    GEOMETRIC_REPRESENTATION_CONTEXT(2)
    PARAMETRIC_REPRESENTATION_CONTEXT()
    REPRESENTATION_CONTEXT('2D SPACE', '')
);
#942 = (
    BOUNDED_CURVE()
    B_SPLINE_CURVE(1, (#943, #944), .UNSPECIFIED., .U., .U.)
    B_SPLINE_CURVE_WITH_KNOTS((2, 2), (0.0, 10.0), .UNSPECIFIED.)
    CURVE()
    GEOMETRIC_REPRESENTATION_ITEM()
    RATIONAL_B_SPLINE_CURVE((1.0, 1.0))
    REPRESENTATION_ITEM('')
);
#943 = CARTESIAN_POINT('', (1.0, 0.0));
#944 = CARTESIAN_POINT('', (1.0, 1.0));
#945 = SURFACE_CURVE('', #946, (#951, #964), .CURVE_3D.);
#946 = (
    BOUNDED_CURVE()
    B_SPLINE_CURVE(3, (#947, #948, #949, #950), .UNSPECIFIED., .U., .U.)
    B_SPLINE_CURVE_WITH_KNOTS((4, 4), (5.0, 14.999999999999998), .UNSPECIFIED.)
    CURVE()
    GEOMETRIC_REPRESENTATION_ITEM()
    RATIONAL_B_SPLINE_CURVE((1.0, 1.0, 1.0, 1.0))
    REPRESENTATION_ITEM('')
);
#947 = CARTESIAN_POINT('', (1.0, 0.0, 0.0));
#948 = CARTESIAN_POINT('', (1.0, 0.0, 3.3333333333333326));
#949 = CARTESIAN_POINT('', (1.0, 0.0, 6.666666666666668));
#950 = CARTESIAN_POINT('', (1.0, 0.0, 10.0));
#951 = PCURVE('', #952, #957);
#952 = (
    BOUNDED_SURFACE()
    B_SPLINE_SURFACE(1, 1, ((#953, #954), (#955, #956)), .UNSPECIFIED., .U., .U., .U.)
    B_SPLINE_SURFACE_WITH_KNOTS((2, 2), (2, 2), (0.0, 1.0), (0.0, 1.0), .UNSPECIFIED.)
    GEOMETRIC_REPRESENTATION_ITEM()
    RATIONAL_B_SPLINE_SURFACE(((1.0, 1.0), (1.0, 1.0)))
    REPRESENTATION_ITEM('')
    SURFACE()
);
#953 = CARTESIAN_POINT('', (0.0, 0.0, 0.0));
#954 = CARTESIAN_POINT('', (0.0, 0.0, 10.0));
#955 = CARTESIAN_POINT('', (10.0, 0.0, 0.0));
#956 = CARTESIAN_POINT('', (10.0, 0.0, 10.0));
#957 = DEFINITIONAL_REPRESENTATION('', (#959), #958);
#958 = (
    GEOMETRIC_REPRESENTATION_CONTEXT(2)
    PARAMETRIC_REPRESENTATION_CONTEXT()
    REPRESENTATION_CONTEXT('2D SPACE', '')
);
#959 = (
    BOUNDED_CURVE()
    B_SPLINE_CURVE(3, (#960, #961, #962, #963), .UNSPECIFIED., .U., .U.)
    B_SPLINE_CURVE_WITH_KNOTS((4, 4), (5.0, 14.999999999999998), .UNSPECIFIED.)
    CURVE()
    GEOMETRIC_REPRESENTATION_ITEM()
    RATIONAL_B_SPLINE_CURVE((1.0, 1.0, 1.0, 1.0))
    REPRESENTATION_ITEM('')
);
#960 = CARTESIAN_POINT('', (0.1, 0.0));
#961 = CARTESIAN_POINT('', (0.1, 0.33333333333333326));
#962 = CARTESIAN_POINT('', (0.1, 0.6666666666666667));
#963 = CARTESIAN_POINT('', (0.1, 1.0));
#964 = PCURVE('', #965, #1246);
#965 = (
    BOUNDED_SURFACE()
    B_SPLINE_SURFACE(3, 3, ((#966, #967, #968, #969, #970, #971, #972, #973, #974, #975, #976, #977, #978, #979, #980, #981, #982, #983, #984, #985, #986, #987, #988, #989, #990, #991, #992, #993, #994, #995, #996, #997, #998, #999, #1000, #1001, #1002, #1003, #1004, #1005), (#1006, #1007, #1008, #1009, #1010, #1011, #1012, #1013, #1014, #1015, #1016, #1017, #1018, #1019, #1020, #1021, #1022, #1023, #1024, #1025, #1026, #1027, #1028, #1029, #1030, #1031, #1032, #1033, #1034, #1035, #1036, #1037, #1038, #1039, #1040, #1041, #1042, #1043, #1044, #1045), (#1046, #1047, #1048, #1049, #1050, #1051, #1052, #1053, #1054, #1055, #1056, #1057, #1058, #1059, #1060, #1061, #1062, #1063, #1064, #1065, #1066, #1067, #1068, #1069, #1070, #1071, #1072, #1073, #1074, #1075, #1076, #1077, #1078, #1079, #1080, #1081, #1082, #1083, #1084, #1085), (#1086, #1087, #1088, #1089, #1090, #1091, #1092, #1093, #1094, #1095, #1096, #1097, #1098, #1099, #1100, #1101, #1102, #1103, #1104, #1105, #1106, #1107, #1108, #1109, #1110, #1111, #1112, #1113, #1114, #1115, #1116, #1117, #1118, #1119, #1120, #1121, #1122, #1123, #1124, #1125), (#1126, #1127, #1128, #1129, #1130, #1131, #1132, #1133, #1134, #1135, #1136, #1137, #1138, #1139, #1140, #1141, #1142, #1143, #1144, #1145, #1146, #1147, #1148, #1149, #1150, #1151, #1152, #1153, #1154, #1155, #1156, #1157, #1158, #1159, #1160, #1161, #1162, #1163, #1164, #1165), (#1166, #1167, #1168, #1169, #1170, #1171, #1172, #1173, #1174, #1175, #1176, #1177, #1178, #1179, #1180, #1181, #1182, #1183, #1184, #1185, #1186, #1187, #1188, #1189, #1190, #1191, #1192, #1193, #1194, #1195, #1196, #1197, #1198, #1199, #1200, #1201, #1202, #1203, #1204, #1205), (#1206, #1207, #1208, #1209, #1210, #1211, #1212, #1213, #1214, #1215, #1216, #1217, #1218, #1219, #1220, #1221, #1222, #1223, #1224, #1225, #1226, #1227, #1228, #1229, #1230, #1231, #1232, #1233, #1234, #1235, #1236, #1237, #1238, #1239, #1240, #1241, #1242, #1243, #1244, #1245)), .UNSPECIFIED., .U., .U., .U.)
    B_SPLINE_SURFACE_WITH_KNOTS((4, 3, 4), (4, 1, 1, 1, 1, 1, 1, 1, 1, 1, 1, 1, 1, 1, 1, 1, 1, 1, 1, 1, 1, 1, 1, 1, 1, 1, 1, 1, 1, 1, 1, 1, 1, 1, 1, 1, 1, 4), (5.0, 14.999999999999998, 15.000159999999997), (0.0, 0.02702702702702703, 0.05405405405405406, 0.08108108108108109, 0.10810810810810811, 0.13513513513513514, 0.16216216216216217, 0.1891891891891892, 0.21621621621621623, 0.24324324324324326, 0.2702702702702703, 0.2972972972972973, 0.32432432432432434, 0.35135135135135137, 0.3783783783783784, 0.40540540540540543, 0.43243243243243246, 0.4594594594594595, 0.4864864864864865, 0.5135135135135136, 0.5405405405405406, 0.5675675675675675, 0.5945945945945946, 0.6216216216216217, 0.6486486486486487, 0.6756756756756757, 0.7027027027027027, 0.7297297297297298, 0.7567567567567568, 0.7837837837837838, 0.8108108108108109, 0.8378378378378379, 0.8648648648648649, 0.8918918918918919, 0.918918918918919, 0.945945945945946, 0.972972972972973, 1.0), .UNSPECIFIED.)
    GEOMETRIC_REPRESENTATION_ITEM()
    RATIONAL_B_SPLINE_SURFACE(((1.0, 1.0, 1.0, 1.0, 1.0, 1.0, 1.0, 1.0, 1.0, 1.0, 1.0, 1.0, 1.0, 1.0, 1.0, 1.0, 1.0, 1.0, 1.0, 1.0, 1.0, 1.0, 1.0, 1.0, 1.0, 1.0, 1.0, 1.0, 1.0, 1.0, 1.0, 1.0, 1.0, 1.0, 1.0, 1.0, 1.0, 1.0, 1.0, 1.0), (1.0, 1.0, 1.0, 1.0, 1.0, 1.0, 1.0, 1.0, 1.0, 1.0, 1.0, 1.0, 1.0, 1.0, 1.0, 1.0, 1.0, 1.0, 1.0, 1.0, 1.0, 1.0, 1.0, 1.0, 1.0, 1.0, 1.0, 1.0, 1.0, 1.0, 1.0, 1.0, 1.0, 1.0, 1.0, 1.0, 1.0, 1.0, 1.0, 1.0), (1.0, 1.0, 1.0, 1.0, 1.0, 1.0, 1.0, 1.0, 1.0, 1.0, 1.0, 1.0, 1.0, 1.0, 1.0, 1.0, 1.0, 1.0, 1.0, 1.0, 1.0, 1.0, 1.0, 1.0, 1.0, 1.0, 1.0, 1.0, 1.0, 1.0, 1.0, 1.0, 1.0, 1.0, 1.0, 1.0, 1.0, 1.0, 1.0, 1.0), (1.0, 1.0, 1.0, 1.0, 1.0, 1.0, 1.0, 1.0, 1.0, 1.0, 1.0, 1.0, 1.0, 1.0, 1.0, 1.0, 1.0, 1.0, 1.0, 1.0, 1.0, 1.0, 1.0, 1.0, 1.0, 1.0, 1.0, 1.0, 1.0, 1.0, 1.0, 1.0, 1.0, 1.0, 1.0, 1.0, 1.0, 1.0, 1.0, 1.0), (1.0, 1.0, 1.0, 1.0, 1.0, 1.0, 1.0, 1.0, 1.0, 1.0, 1.0, 1.0, 1.0, 1.0, 1.0, 1.0, 1.0, 1.0, 1.0, 1.0, 1.0, 1.0, 1.0, 1.0, 1.0, 1.0, 1.0, 1.0, 1.0, 1.0, 1.0, 1.0, 1.0, 1.0, 1.0, 1.0, 1.0, 1.0, 1.0, 1.0), (1.0, 1.0, 1.0, 1.0, 1.0, 1.0, 1.0, 1.0, 1.0, 1.0, 1.0, 1.0, 1.0, 1.0, 1.0, 1.0, 1.0, 1.0, 1.0, 1.0, 1.0, 1.0, 1.0, 1.0, 1.0, 1.0, 1.0, 1.0, 1.0, 1.0, 1.0, 1.0, 1.0, 1.0, 1.0, 1.0, 1.0, 1.0, 1.0, 1.0), (1.0, 1.0, 1.0, 1.0, 1.0, 1.0, 1.0, 1.0, 1.0, 1.0, 1.0, 1.0, 1.0, 1.0, 1.0, 1.0, 1.0, 1.0, 1.0, 1.0, 1.0, 1.0, 1.0, 1.0, 1.0, 1.0, 1.0, 1.0, 1.0, 1.0, 1.0, 1.0, 1.0, 1.0, 1.0, 1.0, 1.0, 1.0, 1.0, 1.0)))
    REPRESENTATION_ITEM('')
    SURFACE()
);
#966 = CARTESIAN_POINT('', (1.0, 0.0, 0.0));
#967 = CARTESIAN_POINT('', (0.9858486817405863, 9.9261673506E-24, -7.6482030585E-16));
#968 = CARTESIAN_POINT('', (0.9575460459450713, 6.0086161170E-4, -6.1679056924E-16));
#969 = CARTESIAN_POINT('', (0.9151685964129554, 3.3031561841E-3, -6.9080543754E-16));
#970 = CARTESIAN_POINT('', (0.8729440191387748, 7.8015578851E-3, -1.7270135939E-16));
#971 = CARTESIAN_POINT('', (0.8309484051630708, 0.014087972356768777, -3.2073109600E-16));
#972 = CARTESIAN_POINT('', (0.7892574336779887, 0.02215106475284041, -4.6876083262E-16));
#973 = CARTESIAN_POINT('', (0.7479462344826288, 0.031976308142339795, -7.6482030585E-16));
#974 = CARTESIAN_POINT('', (0.7070892532388797, 0.0435459950580164, -3.2073109600E-16));
#975 = CARTESIAN_POINT('', (0.6667601169508406, 0.056839277088437744, 1.2335811385E-16));
#976 = CARTESIAN_POINT('', (0.627031501472716, 0.07183219833132577, -6.1679056924E-16));
#977 = CARTESIAN_POINT('', (0.5879750004178573, 0.08849774073872549, -7.6482030585E-16));
#978 = CARTESIAN_POINT('', (0.5496609962563302, 0.10680587176784896, -3.2073109600E-16));
#979 = CARTESIAN_POINT('', (0.5121585334271656, 0.12672359903693564, -5.4277570093E-16));
#980 = CARTESIAN_POINT('', (0.47553519390664484, 0.1482150294110058, -6.9080543754E-16));
#981 = CARTESIAN_POINT('', (0.4398569754182269, 0.17124143388092072, -9.8686491078E-17));
#982 = CARTESIAN_POINT('', (0.40518817249077044, 0.19576131725617943, -6.1679056924E-16));
#983 = CARTESIAN_POINT('', (0.3715912606869128, 0.22173049311334797, -2.4671622769E-16));
#984 = CARTESIAN_POINT('', (0.3391267839186851, 0.2491021632405518, -2.4671622769E-17));
#985 = CARTESIAN_POINT('', (0.3078532453723586, 0.27782700204140226, -3.2073109600E-16));
#986 = CARTESIAN_POINT('', (0.27782700204140276, 0.3078532453723594, -1.7270135939E-16));
#987 = CARTESIAN_POINT('', (0.24910216324055098, 0.339126783918684, -6.1679056924E-16));
#988 = CARTESIAN_POINT('', (0.2217304931133485, 0.3715912606869136, -2.4671622769E-17));
#989 = CARTESIAN_POINT('', (0.19576131725617907, 0.4051881724907695, -6.1679056924E-16));
#990 = CARTESIAN_POINT('', (0.17124143388092142, 0.43985697541822805, 4.9343245539E-17));
#991 = CARTESIAN_POINT('', (0.14821502941100517, 0.47553519390664384, -2.4671622769E-16));
#992 = CARTESIAN_POINT('', (0.12672359903693622, 0.5121585334271672, -3.9474596431E-16));
#993 = CARTESIAN_POINT('', (0.10680587176784853, 0.5496609962563289, -6.1679056924E-16));
#994 = CARTESIAN_POINT('', (0.08849774073872574, 0.5879750004178589, -2.4671622769E-17));
#995 = CARTESIAN_POINT('', (0.07183219833132541, 0.6270315014727151, 4.9343245539E-17));
#996 = CARTESIAN_POINT('', (0.05683927708843772, 0.6667601169508389, -1.7270135939E-16));
#997 = CARTESIAN_POINT('', (0.04354599505801641, 0.7070892532388809, -9.1285004247E-16));
#998 = CARTESIAN_POINT('', (0.03197630814233981, 0.7479462344826278, -2.4671622769E-16));
#999 = CARTESIAN_POINT('', (0.02215106475284027, 0.7892574336779897, -6.1679056924E-16));
#1000 = CARTESIAN_POINT('', (0.014087972356768945, 0.8309484051630714, -2.4671622769E-16));
#1001 = CARTESIAN_POINT('', (7.8015578851E-3, 0.8729440191387746, -2.4671622769E-17));
#1002 = CARTESIAN_POINT('', (3.3031561841E-3, 0.9151685964129543, -5.4277570093E-16));
#1003 = CARTESIAN_POINT('', (6.0086161170E-4, 0.9575460459450743, -9.8686491078E-17));
#1004 = CARTESIAN_POINT('', (8.6649650707E-19, 0.9858486817405864, -1.7270135939E-16));
#1005 = CARTESIAN_POINT('', (0.0, 0.9999999999999998, 0.0));
#1006 = CARTESIAN_POINT('', (1.0, 0.0, 3.3333333333333326));
#1007 = CARTESIAN_POINT('', (0.9858486817405859, 9.9261673506E-24, 3.333333333333332));
#1008 = CARTESIAN_POINT('', (0.9575460459450714, 6.0086161170E-4, 3.3333333333333313));
#1009 = CARTESIAN_POINT('', (0.9151685964129551, 3.3031561841E-3, 3.3333333333333224));
#1010 = CARTESIAN_POINT('', (0.8729440191387748, 7.8015578851E-3, 3.333333333333342));
#1011 = CARTESIAN_POINT('', (0.8309484051630704, 0.014087972356768778, 3.333333333333316));
#1012 = CARTESIAN_POINT('', (0.7892574336779887, 0.02215106475284041, 3.3333333333333384));
#1013 = CARTESIAN_POINT('', (0.7479462344826284, 0.031976308142339795, 3.333333333333324));
#1014 = CARTESIAN_POINT('', (0.7070892532388794, 0.0435459950580164, 3.3333333333333375));
#1015 = CARTESIAN_POINT('', (0.6667601169508405, 0.05683927708843775, 3.333333333333339));
#1016 = CARTESIAN_POINT('', (0.6270315014727158, 0.07183219833132577, 3.33333333333333));
#1017 = CARTESIAN_POINT('', (0.5879750004178572, 0.08849774073872549, 3.333333333333335));
#1018 = CARTESIAN_POINT('', (0.5496609962563301, 0.10680587176784898, 3.333333333333331));
#1019 = CARTESIAN_POINT('', (0.5121585334271653, 0.12672359903693564, 3.333333333333336));
#1020 = CARTESIAN_POINT('', (0.47553519390664467, 0.1482150294110058, 3.3333333333333264));
#1021 = CARTESIAN_POINT('', (0.43985697541822666, 0.17124143388092072, 3.333333333333336));
#1022 = CARTESIAN_POINT('', (0.40518817249077027, 0.19576131725617943, 3.3333333333333286));
#1023 = CARTESIAN_POINT('', (0.3715912606869125, 0.22173049311334797, 3.333333333333329));
#1024 = CARTESIAN_POINT('', (0.3391267839186849, 0.24910216324055176, 3.333333333333345));
#1025 = CARTESIAN_POINT('', (0.3078532453723584, 0.27782700204140226, 3.333333333333316));
#1026 = CARTESIAN_POINT('', (0.27782700204140254, 0.3078532453723595, 3.3333333333333446));
#1027 = CARTESIAN_POINT('', (0.24910216324055084, 0.339126783918684, 3.333333333333318));
#1028 = CARTESIAN_POINT('', (0.2217304931133483, 0.3715912606869136, 3.3333333333333464));
#1029 = CARTESIAN_POINT('', (0.19576131725617887, 0.4051881724907695, 3.333333333333318));
#1030 = CARTESIAN_POINT('', (0.1712414338809212, 0.4398569754182281, 3.3333333333333433));
#1031 = CARTESIAN_POINT('', (0.14821502941100503, 0.47553519390664384, 3.333333333333321));
#1032 = CARTESIAN_POINT('', (0.126723599036936, 0.5121585334271672, 3.333333333333342));
#1033 = CARTESIAN_POINT('', (0.10680587176784834, 0.5496609962563289, 3.333333333333322));
#1034 = CARTESIAN_POINT('', (0.08849774073872554, 0.5879750004178589, 3.3333333333333397));
#1035 = CARTESIAN_POINT('', (0.07183219833132523, 0.6270315014727151, 3.333333333333326));
#1036 = CARTESIAN_POINT('', (0.05683927708843752, 0.6667601169508389, 3.333333333333334));
#1037 = CARTESIAN_POINT('', (0.043545995058016214, 0.7070892532388809, 3.3333333333333344));
#1038 = CARTESIAN_POINT('', (0.03197630814233961, 0.7479462344826278, 3.333333333333325));
#1039 = CARTESIAN_POINT('', (0.022151064752840073, 0.7892574336779897, 3.333333333333342));
#1040 = CARTESIAN_POINT('', (0.014087972356768749, 0.8309484051630714, 3.3333333333333184));
#1041 = CARTESIAN_POINT('', (7.8015578851E-3, 0.8729440191387746, 3.3333333333333437));
#1042 = CARTESIAN_POINT('', (3.3031561841E-3, 0.9151685964129544, 3.333333333333319));
#1043 = CARTESIAN_POINT('', (6.0086161170E-4, 0.9575460459450744, 3.333333333333348));
#1044 = CARTESIAN_POINT('', (-1.9650648638E-16, 0.9858486817405864, 3.3333333333333326));
#1045 = CARTESIAN_POINT('', (0.0, 0.9999999999999998, 3.3333333333333326));
#1046 = CARTESIAN_POINT('', (1.0, 0.0, 6.666666666666668));
#1047 = CARTESIAN_POINT('', (0.9858486817405858, 9.9261673506E-24, 6.666666666666666));
#1048 = CARTESIAN_POINT('', (0.9575460459450716, 6.0086161170E-4, 6.666666666666661));
#1049 = CARTESIAN_POINT('', (0.9151685964129547, 3.3031561841E-3, 6.6666666666666465));
#1050 = CARTESIAN_POINT('', (0.8729440191387748, 7.8015578851E-3, 6.666666666666683));
#1051 = CARTESIAN_POINT('', (0.8309484051630701, 0.014087972356768784, 6.666666666666633));
#1052 = CARTESIAN_POINT('', (0.7892574336779888, 0.022151064752840417, 6.666666666666677));
#1053 = CARTESIAN_POINT('', (0.7479462344826281, 0.0319763081423398, 6.666666666666651));
#1054 = CARTESIAN_POINT('', (0.707089253238879, 0.043545995058016415, 6.666666666666676));
#1055 = CARTESIAN_POINT('', (0.6667601169508405, 0.056839277088437765, 6.666666666666683));
#1056 = CARTESIAN_POINT('', (0.6270315014727156, 0.07183219833132579, 6.666666666666658));
#1057 = CARTESIAN_POINT('', (0.5879750004178571, 0.08849774073872552, 6.666666666666675));
#1058 = CARTESIAN_POINT('', (0.54966099625633, 0.106805871767849, 6.666666666666659));
#1059 = CARTESIAN_POINT('', (0.512158533427165, 0.12672359903693567, 6.6666666666666785));
#1060 = CARTESIAN_POINT('', (0.4755351939066445, 0.14821502941100584, 6.666666666666649));
#1061 = CARTESIAN_POINT('', (0.43985697541822627, 0.17124143388092078, 6.66666666666668));
#1062 = CARTESIAN_POINT('', (0.4051881724907701, 0.19576131725617948, 6.6666666666666545));
#1063 = CARTESIAN_POINT('', (0.3715912606869121, 0.22173049311334803, 6.666666666666663));
#1064 = CARTESIAN_POINT('', (0.33912678391868456, 0.24910216324055184, 6.666666666666691));
#1065 = CARTESIAN_POINT('', (0.30785324537235814, 0.2778270020414023, 6.666666666666627));
#1066 = CARTESIAN_POINT('', (0.27782700204140215, 0.30785324537235953, 6.666666666666698));
#1067 = CARTESIAN_POINT('', (0.2491021632405506, 0.33912678391868406, 6.666666666666628));
#1068 = CARTESIAN_POINT('', (0.22173049311334792, 0.3715912606869137, 6.6666666666667));
#1069 = CARTESIAN_POINT('', (0.19576131725617854, 0.4051881724907696, 6.666666666666635));
#1070 = CARTESIAN_POINT('', (0.17124143388092083, 0.43985697541822827, 6.666666666666688));
#1071 = CARTESIAN_POINT('', (0.14821502941100476, 0.47553519390664395, 6.666666666666644));
#1072 = CARTESIAN_POINT('', (0.1267235990369356, 0.5121585334271673, 6.6666666666666865));
#1073 = CARTESIAN_POINT('', (0.10680587176784799, 0.549660996256329, 6.666666666666645));
#1074 = CARTESIAN_POINT('', (0.08849774073872517, 0.587975000417859, 6.666666666666684));
#1075 = CARTESIAN_POINT('', (0.07183219833132487, 0.6270315014727152, 6.66666666666665));
#1076 = CARTESIAN_POINT('', (0.056839277088437126, 0.666760116950839, 6.666666666666675));
#1077 = CARTESIAN_POINT('', (0.04354599505801584, 0.707089253238881, 6.666666666666666));
#1078 = CARTESIAN_POINT('', (0.03197630814233921, 0.747946234482628, 6.666666666666652));
#1079 = CARTESIAN_POINT('', (0.02215106475283968, 0.7892574336779898, 6.666666666666688));
#1080 = CARTESIAN_POINT('', (0.014087972356768362, 0.8309484051630716, 6.666666666666634));
#1081 = CARTESIAN_POINT('', (7.8015578851E-3, 0.8729440191387748, 6.666666666666697));
#1082 = CARTESIAN_POINT('', (3.3031561841E-3, 0.9151685964129547, 6.666666666666634));
#1083 = CARTESIAN_POINT('', (6.0086161170E-4, 0.9575460459450746, 6.666666666666704));
#1084 = CARTESIAN_POINT('', (-5.9125245217E-16, 0.9858486817405866, 6.666666666666666));
#1085 = CARTESIAN_POINT('', (0.0, 0.9999999999999998, 6.666666666666668));
#1086 = CARTESIAN_POINT('', (1.0, 0.0, 10.0));
#1087 = CARTESIAN_POINT('', (0.9858486817405865, 9.9261673506E-24, 10.0));
#1088 = CARTESIAN_POINT('', (0.9575460459450716, 6.0086161170E-4, 9.99999999999999));
#1089 = CARTESIAN_POINT('', (0.9151685964129557, 3.3031561841E-3, 9.99999999999998));
#1090 = CARTESIAN_POINT('', (0.872944019138775, 7.8015578851E-3, 10.000000000000018));
#1091 = CARTESIAN_POINT('', (0.8309484051630711, 0.014087972356768782, 9.999999999999966));
#1092 = CARTESIAN_POINT('', (0.789257433677989, 0.022151064752840417, 10.00000000000001));
#1093 = CARTESIAN_POINT('', (0.7479462344826289, 0.0319763081423398, 9.999999999999988));
#1094 = CARTESIAN_POINT('', (0.70708925323888, 0.04354599505801641, 10.000000000000009));
#1095 = CARTESIAN_POINT('', (0.6667601169508408, 0.056839277088437765, 10.000000000000016));
#1096 = CARTESIAN_POINT('', (0.6270315014727164, 0.07183219833132579, 9.999999999999998));
#1097 = CARTESIAN_POINT('', (0.5879750004178576, 0.08849774073872552, 9.999999999999998));
#1098 = CARTESIAN_POINT('', (0.5496609962563305, 0.106805871767849, 10.000000000000002));
#1099 = CARTESIAN_POINT('', (0.5121585334271657, 0.12672359903693567, 10.0));
#1100 = CARTESIAN_POINT('', (0.47553519390664506, 0.14821502941100587, 9.999999999999995));
#1101 = CARTESIAN_POINT('', (0.43985697541822694, 0.17124143388092078, 10.000000000000004));
#1102 = CARTESIAN_POINT('', (0.4051881724907705, 0.19576131725617948, 9.999999999999988));
#1103 = CARTESIAN_POINT('', (0.37159126068691284, 0.22173049311334805, 9.999999999999993));
#1104 = CARTESIAN_POINT('', (0.33912678391868517, 0.24910216324055184, 10.000000000000036));
#1105 = CARTESIAN_POINT('', (0.30785324537235864, 0.2778270020414023, 9.999999999999961));
#1106 = CARTESIAN_POINT('', (0.2778270020414028, 0.30785324537235953, 10.00000000000003));
#1107 = CARTESIAN_POINT('', (0.24910216324055112, 0.3391267839186841, 9.999999999999964));
#1108 = CARTESIAN_POINT('', (0.22173049311334858, 0.37159126068691367, 10.000000000000036));
#1109 = CARTESIAN_POINT('', (0.1957613172561791, 0.4051881724907696, 9.999999999999964));
#1110 = CARTESIAN_POINT('', (0.1712414338809215, 0.4398569754182283, 10.000000000000025));
#1111 = CARTESIAN_POINT('', (0.14821502941100523, 0.47553519390664395, 9.99999999999998));
#1112 = CARTESIAN_POINT('', (0.12672359903693625, 0.5121585334271673, 10.000000000000018));
#1113 = CARTESIAN_POINT('', (0.10680587176784857, 0.549660996256329, 9.999999999999984));
#1114 = CARTESIAN_POINT('', (0.08849774073872578, 0.587975000417859, 10.000000000000016));
#1115 = CARTESIAN_POINT('', (0.07183219833132544, 0.6270315014727152, 9.999999999999988));
#1116 = CARTESIAN_POINT('', (0.05683927708843773, 0.6667601169508389, 10.0));
#1117 = CARTESIAN_POINT('', (0.04354599505801642, 0.707089253238881, 10.000000000000007));
#1118 = CARTESIAN_POINT('', (0.03197630814233981, 0.747946234482628, 9.999999999999982));
#1119 = CARTESIAN_POINT('', (0.022151064752840278, 0.7892574336779898, 10.000000000000027));
#1120 = CARTESIAN_POINT('', (0.01408797235676895, 0.8309484051630716, 9.999999999999963));
#1121 = CARTESIAN_POINT('', (7.8015578851E-3, 0.8729440191387748, 10.000000000000028));
#1122 = CARTESIAN_POINT('', (3.3031561841E-3, 0.9151685964129547, 9.999999999999964));
#1123 = CARTESIAN_POINT('', (6.0086161170E-4, 0.9575460459450746, 10.000000000000046));
#1124 = CARTESIAN_POINT('', (8.6649650707E-19, 0.9858486817405866, 10.0));
#1125 = CARTESIAN_POINT('', (0.0, 0.9999999999999998, 10.0));
#1126 = CARTESIAN_POINT('', (1.0, 0.0, 10.000053333333334));
#1127 = CARTESIAN_POINT('', (0.9858486817405865, 9.9261673506E-24, 10.000053333333334));
#1128 = CARTESIAN_POINT('', (0.9575460459450716, 6.0086161170E-4, 10.000053333333323));
#1129 = CARTESIAN_POINT('', (0.9151685964129557, 3.3031561841E-3, 10.000053333333314));
#1130 = CARTESIAN_POINT('', (0.8729440191387751, 7.8015578851E-3, 10.000053333333351));
#1131 = CARTESIAN_POINT('', (0.8309484051630712, 0.014087972356768784, 10.0000533333333));
#1132 = CARTESIAN_POINT('', (0.7892574336779891, 0.022151064752840417, 10.000053333333344));
#1133 = CARTESIAN_POINT('', (0.7479462344826289, 0.0319763081423398, 10.000053333333321));
#1134 = CARTESIAN_POINT('', (0.70708925323888, 0.043545995058016415, 10.000053333333343));
#1135 = CARTESIAN_POINT('', (0.6667601169508408, 0.056839277088437765, 10.00005333333335));
#1136 = CARTESIAN_POINT('', (0.6270315014727165, 0.07183219833132579, 10.000053333333332));
#1137 = CARTESIAN_POINT('', (0.5879750004178576, 0.08849774073872553, 10.000053333333332));
#1138 = CARTESIAN_POINT('', (0.5496609962563305, 0.10680587176784902, 10.000053333333335));
#1139 = CARTESIAN_POINT('', (0.5121585334271657, 0.12672359903693567, 10.000053333333334));
#1140 = CARTESIAN_POINT('', (0.47553519390664506, 0.14821502941100587, 10.000053333333328));
#1141 = CARTESIAN_POINT('', (0.43985697541822694, 0.17124143388092078, 10.000053333333337));
#1142 = CARTESIAN_POINT('', (0.4051881724907705, 0.1957613172561795, 10.000053333333321));
#1143 = CARTESIAN_POINT('', (0.37159126068691284, 0.22173049311334805, 10.000053333333327));
#1144 = CARTESIAN_POINT('', (0.33912678391868517, 0.24910216324055187, 10.00005333333337));
#1145 = CARTESIAN_POINT('', (0.3078532453723587, 0.2778270020414023, 10.000053333333295));
#1146 = CARTESIAN_POINT('', (0.2778270020414028, 0.3078532453723596, 10.000053333333364));
#1147 = CARTESIAN_POINT('', (0.24910216324055115, 0.3391267839186841, 10.000053333333298));
#1148 = CARTESIAN_POINT('', (0.22173049311334858, 0.37159126068691367, 10.00005333333337));
#1149 = CARTESIAN_POINT('', (0.19576131725617912, 0.4051881724907696, 10.000053333333298));
#1150 = CARTESIAN_POINT('', (0.1712414338809215, 0.4398569754182283, 10.000053333333359));
#1151 = CARTESIAN_POINT('', (0.14821502941100523, 0.47553519390664395, 10.000053333333314));
#1152 = CARTESIAN_POINT('', (0.12672359903693625, 0.5121585334271673, 10.000053333333351));
#1153 = CARTESIAN_POINT('', (0.10680587176784859, 0.549660996256329, 10.000053333333318));
#1154 = CARTESIAN_POINT('', (0.0884977407387258, 0.587975000417859, 10.00005333333335));
#1155 = CARTESIAN_POINT('', (0.07183219833132544, 0.6270315014727154, 10.000053333333321));
#1156 = CARTESIAN_POINT('', (0.05683927708843773, 0.6667601169508389, 10.000053333333334));
#1157 = CARTESIAN_POINT('', (0.04354599505801643, 0.707089253238881, 10.00005333333334));
#1158 = CARTESIAN_POINT('', (0.03197630814233981, 0.747946234482628, 10.000053333333316));
#1159 = CARTESIAN_POINT('', (0.022151064752840278, 0.78925743367799, 10.00005333333336));
#1160 = CARTESIAN_POINT('', (0.014087972356768952, 0.8309484051630717, 10.000053333333296));
#1161 = CARTESIAN_POINT('', (7.8015578851E-3, 0.872944019138775, 10.000053333333362));
#1162 = CARTESIAN_POINT('', (3.3031561841E-3, 0.9151685964129547, 10.000053333333298));
#1163 = CARTESIAN_POINT('', (6.0086161170E-4, 0.9575460459450746, 10.00005333333338));
#1164 = CARTESIAN_POINT('', (8.7597041025E-19, 0.9858486817405866, 10.000053333333334));
#1165 = CARTESIAN_POINT('', (0.0, 0.9999999999999998, 10.000053333333334));
#1166 = CARTESIAN_POINT('', (1.0, 0.0, 10.000106666666667));
#1167 = CARTESIAN_POINT('', (0.9858486817405865, 9.9261673506E-24, 10.000106666666667));
#1168 = CARTESIAN_POINT('', (0.9575460459450716, 6.0086161170E-4, 10.000106666666657));
#1169 = CARTESIAN_POINT('', (0.9151685964129557, 3.3031561841E-3, 10.000106666666648));
#1170 = CARTESIAN_POINT('', (0.8729440191387752, 7.8015578851E-3, 10.000106666666685));
#1171 = CARTESIAN_POINT('', (0.8309484051630713, 0.014087972356768785, 10.000106666666634));
#1172 = CARTESIAN_POINT('', (0.7892574336779892, 0.022151064752840417, 10.000106666666678));
#1173 = CARTESIAN_POINT('', (0.7479462344826289, 0.0319763081423398, 10.000106666666655));
#1174 = CARTESIAN_POINT('', (0.70708925323888, 0.04354599505801642, 10.000106666666676));
#1175 = CARTESIAN_POINT('', (0.6667601169508408, 0.056839277088437765, 10.000106666666683));
#1176 = CARTESIAN_POINT('', (0.6270315014727166, 0.07183219833132579, 10.000106666666666));
#1177 = CARTESIAN_POINT('', (0.5879750004178576, 0.08849774073872554, 10.000106666666666));
#1178 = CARTESIAN_POINT('', (0.5496609962563305, 0.10680587176784903, 10.00010666666667));
#1179 = CARTESIAN_POINT('', (0.5121585334271657, 0.12672359903693567, 10.000106666666667));
#1180 = CARTESIAN_POINT('', (0.47553519390664506, 0.14821502941100587, 10.000106666666662));
#1181 = CARTESIAN_POINT('', (0.43985697541822694, 0.17124143388092078, 10.000106666666671));
#1182 = CARTESIAN_POINT('', (0.4051881724907705, 0.19576131725617954, 10.000106666666655));
#1183 = CARTESIAN_POINT('', (0.37159126068691284, 0.22173049311334805, 10.00010666666666));
#1184 = CARTESIAN_POINT('', (0.33912678391868517, 0.2491021632405519, 10.000106666666703));
#1185 = CARTESIAN_POINT('', (0.30785324537235875, 0.2778270020414023, 10.000106666666628));
#1186 = CARTESIAN_POINT('', (0.2778270020414028, 0.30785324537235964, 10.000106666666698));
#1187 = CARTESIAN_POINT('', (0.24910216324055118, 0.3391267839186841, 10.000106666666632));
#1188 = CARTESIAN_POINT('', (0.22173049311334858, 0.37159126068691367, 10.000106666666703));
#1189 = CARTESIAN_POINT('', (0.19576131725617915, 0.4051881724907696, 10.000106666666632));
#1190 = CARTESIAN_POINT('', (0.1712414338809215, 0.4398569754182283, 10.000106666666692));
#1191 = CARTESIAN_POINT('', (0.14821502941100523, 0.47553519390664395, 10.000106666666648));
#1192 = CARTESIAN_POINT('', (0.12672359903693625, 0.5121585334271673, 10.000106666666685));
#1193 = CARTESIAN_POINT('', (0.1068058717678486, 0.549660996256329, 10.000106666666651));
#1194 = CARTESIAN_POINT('', (0.08849774073872581, 0.587975000417859, 10.000106666666683));
#1195 = CARTESIAN_POINT('', (0.07183219833132544, 0.6270315014727155, 10.000106666666655));
#1196 = CARTESIAN_POINT('', (0.05683927708843773, 0.6667601169508389, 10.000106666666667));
#1197 = CARTESIAN_POINT('', (0.043545995058016436, 0.707089253238881, 10.000106666666674));
#1198 = CARTESIAN_POINT('', (0.03197630814233981, 0.747946234482628, 10.00010666666665));
#1199 = CARTESIAN_POINT('', (0.022151064752840278, 0.7892574336779901, 10.000106666666694));
#1200 = CARTESIAN_POINT('', (0.014087972356768954, 0.8309484051630718, 10.00010666666663));
#1201 = CARTESIAN_POINT('', (7.8015578851E-3, 0.8729440191387751, 10.000106666666696));
#1202 = CARTESIAN_POINT('', (3.3031561841E-3, 0.9151685964129547, 10.000106666666632));
#1203 = CARTESIAN_POINT('', (6.0086161170E-4, 0.9575460459450746, 10.000106666666714));
#1204 = CARTESIAN_POINT('', (8.8544456606E-19, 0.9858486817405866, 10.000106666666667));
#1205 = CARTESIAN_POINT('', (0.0, 0.9999999999999998, 10.000106666666667));
#1206 = CARTESIAN_POINT('', (1.0, 0.0, 10.000160000000001));
#1207 = CARTESIAN_POINT('', (0.9858486817405865, 9.9261673506E-24, 10.000160000000001));
#1208 = CARTESIAN_POINT('', (0.9575460459450716, 6.0086161170E-4, 10.00015999999999));
#1209 = CARTESIAN_POINT('', (0.9151685964129557, 3.3031561841E-3, 10.000159999999982));
#1210 = CARTESIAN_POINT('', (0.8729440191387753, 7.8015578851E-3, 10.000160000000019));
#1211 = CARTESIAN_POINT('', (0.8309484051630714, 0.014087972356768787, 10.000159999999967));
#1212 = CARTESIAN_POINT('', (0.7892574336779893, 0.022151064752840417, 10.000160000000012));
#1213 = CARTESIAN_POINT('', (0.7479462344826289, 0.0319763081423398, 10.000159999999989));
#1214 = CARTESIAN_POINT('', (0.70708925323888, 0.04354599505801643, 10.00016000000001));
#1215 = CARTESIAN_POINT('', (0.6667601169508408, 0.056839277088437765, 10.000160000000017));
#1216 = CARTESIAN_POINT('', (0.6270315014727167, 0.07183219833132579, 10.00016));
#1217 = CARTESIAN_POINT('', (0.5879750004178576, 0.08849774073872556, 10.00016));
#1218 = CARTESIAN_POINT('', (0.5496609962563305, 0.10680587176784904, 10.000160000000003));
#1219 = CARTESIAN_POINT('', (0.5121585334271657, 0.12672359903693567, 10.000160000000001));
#1220 = CARTESIAN_POINT('', (0.47553519390664506, 0.14821502941100587, 10.000159999999996));
#1221 = CARTESIAN_POINT('', (0.43985697541822694, 0.17124143388092078, 10.000160000000005));
#1222 = CARTESIAN_POINT('', (0.4051881724907705, 0.19576131725617957, 10.000159999999989));
#1223 = CARTESIAN_POINT('', (0.37159126068691284, 0.22173049311334805, 10.000159999999994));
#1224 = CARTESIAN_POINT('', (0.33912678391868517, 0.24910216324055193, 10.000160000000037));
#1225 = CARTESIAN_POINT('', (0.3078532453723588, 0.2778270020414023, 10.000159999999962));
#1226 = CARTESIAN_POINT('', (0.2778270020414028, 0.3078532453723597, 10.000160000000031));
#1227 = CARTESIAN_POINT('', (0.2491021632405512, 0.3391267839186841, 10.000159999999966));
#1228 = CARTESIAN_POINT('', (0.22173049311334858, 0.37159126068691367, 10.000160000000037));
#1229 = CARTESIAN_POINT('', (0.19576131725617918, 0.4051881724907696, 10.000159999999966));
#1230 = CARTESIAN_POINT('', (0.1712414338809215, 0.4398569754182283, 10.000160000000026));
#1231 = CARTESIAN_POINT('', (0.14821502941100523, 0.47553519390664395, 10.000159999999982));
#1232 = CARTESIAN_POINT('', (0.12672359903693625, 0.5121585334271673, 10.000160000000019));
#1233 = CARTESIAN_POINT('', (0.10680587176784861, 0.549660996256329, 10.000159999999985));
#1234 = CARTESIAN_POINT('', (0.08849774073872582, 0.587975000417859, 10.000160000000017));
#1235 = CARTESIAN_POINT('', (0.07183219833132544, 0.6270315014727156, 10.000159999999989));
#1236 = CARTESIAN_POINT('', (0.05683927708843773, 0.6667601169508389, 10.000160000000001));
#1237 = CARTESIAN_POINT('', (0.04354599505801644, 0.707089253238881, 10.000160000000008));
#1238 = CARTESIAN_POINT('', (0.03197630814233981, 0.747946234482628, 10.000159999999983));
#1239 = CARTESIAN_POINT('', (0.022151064752840278, 0.7892574336779902, 10.000160000000028));
#1240 = CARTESIAN_POINT('', (0.014087972356768955, 0.8309484051630719, 10.000159999999964));
#1241 = CARTESIAN_POINT('', (7.8015578851E-3, 0.8729440191387752, 10.00016000000003));
#1242 = CARTESIAN_POINT('', (3.3031561841E-3, 0.9151685964129547, 10.000159999999966));
#1243 = CARTESIAN_POINT('', (6.0086161170E-4, 0.9575460459450746, 10.000160000000047));
#1244 = CARTESIAN_POINT('', (8.9491897452E-19, 0.9858486817405866, 10.000160000000001));
#1245 = CARTESIAN_POINT('', (0.0, 0.9999999999999998, 10.000160000000001));
#1246 = DEFINITIONAL_REPRESENTATION('', (#1248), #1247);
#1247 = (
    GEOMETRIC_REPRESENTATION_CONTEXT(2)
    PARAMETRIC_REPRESENTATION_CONTEXT()
    REPRESENTATION_CONTEXT('2D SPACE', '')
);
#1248 = (
    BOUNDED_CURVE()
    B_SPLINE_CURVE(1, (#1249, #1250), .UNSPECIFIED., .U., .U.)
    B_SPLINE_CURVE_WITH_KNOTS((2, 2), (5.0, 14.999999999999998), .UNSPECIFIED.)
    CURVE()
    GEOMETRIC_REPRESENTATION_ITEM()
    RATIONAL_B_SPLINE_CURVE((1.0, 1.0))
    REPRESENTATION_ITEM('')
);
#1249 = CARTESIAN_POINT('', (5.0, 0.0));
#1250 = CARTESIAN_POINT('', (14.999999999999998, 0.0));
#1251 = SURFACE_CURVE('', #1252, (#1255, #1266), .CURVE_3D.);
#1252 = (
    BOUNDED_CURVE()
    B_SPLINE_CURVE(1, (#1253, #1254), .UNSPECIFIED., .U., .U.)
    B_SPLINE_CURVE_WITH_KNOTS((2, 2), (1.0, 10.0), .UNSPECIFIED.)
    CURVE()
    GEOMETRIC_REPRESENTATION_ITEM()
    RATIONAL_B_SPLINE_CURVE((1.0, 1.0))
    REPRESENTATION_ITEM('')
);
#1253 = CARTESIAN_POINT('', (1.0, 0.0, 0.0));
#1254 = CARTESIAN_POINT('', (10.0, 0.0, 0.0));
#1255 = PCURVE('', #1256, #1261);
#1256 = (
    BOUNDED_SURFACE()
    B_SPLINE_SURFACE(1, 1, ((#1257, #1258), (#1259, #1260)), .UNSPECIFIED., .U., .U., .U.)
    B_SPLINE_SURFACE_WITH_KNOTS((2, 2), (2, 2), (0.0, 1.0), (0.0, 1.0), .UNSPECIFIED.)
    GEOMETRIC_REPRESENTATION_ITEM()
    RATIONAL_B_SPLINE_SURFACE(((1.0, 1.0), (1.0, 1.0)))
    REPRESENTATION_ITEM('')
    SURFACE()
);
#1257 = CARTESIAN_POINT('', (0.0, 0.0, 0.0));
#1258 = CARTESIAN_POINT('', (0.0, 0.0, 10.0));
#1259 = CARTESIAN_POINT('', (10.0, 0.0, 0.0));
#1260 = CARTESIAN_POINT('', (10.0, 0.0, 10.0));
#1261 = DEFINITIONAL_REPRESENTATION('', (#1263), #1262);
#1262 = (
    GEOMETRIC_REPRESENTATION_CONTEXT(2)
    PARAMETRIC_REPRESENTATION_CONTEXT()
    REPRESENTATION_CONTEXT('2D SPACE', '')
);
#1263 = (
    BOUNDED_CURVE()
    B_SPLINE_CURVE(1, (#1264, #1265), .UNSPECIFIED., .U., .U.)
    B_SPLINE_CURVE_WITH_KNOTS((2, 2), (1.0, 10.0), .UNSPECIFIED.)
    CURVE()
    GEOMETRIC_REPRESENTATION_ITEM()
    RATIONAL_B_SPLINE_CURVE((1.0, 1.0))
    REPRESENTATION_ITEM('')
);
#1264 = CARTESIAN_POINT('', (0.1, 0.0));
#1265 = CARTESIAN_POINT('', (1.0, 0.0));
#1266 = PCURVE('', #1267, #1272);
#1267 = (
    BOUNDED_SURFACE()
    B_SPLINE_SURFACE(1, 1, ((#1268, #1269), (#1270, #1271)), .UNSPECIFIED., .U., .U., .U.)
    B_SPLINE_SURFACE_WITH_KNOTS((2, 2), (2, 2), (0.0, 1.0), (0.0, 1.0), .UNSPECIFIED.)
    GEOMETRIC_REPRESENTATION_ITEM()
    RATIONAL_B_SPLINE_SURFACE(((1.0, 1.0), (1.0, 1.0)))
    REPRESENTATION_ITEM('')
    SURFACE()
);
#1268 = CARTESIAN_POINT('', (0.0, 0.0, 0.0));
#1269 = CARTESIAN_POINT('', (10.0, 0.0, 0.0));
#1270 = CARTESIAN_POINT('', (0.0, 10.0, 0.0));
#1271 = CARTESIAN_POINT('', (10.0, 10.0, 0.0));
#1272 = DEFINITIONAL_REPRESENTATION('', (#1274), #1273);
#1273 = (
    GEOMETRIC_REPRESENTATION_CONTEXT(2)
    PARAMETRIC_REPRESENTATION_CONTEXT()
    REPRESENTATION_CONTEXT('2D SPACE', '')
);
#1274 = (
    BOUNDED_CURVE()
    B_SPLINE_CURVE(1, (#1275, #1276), .UNSPECIFIED., .U., .U.)
    B_SPLINE_CURVE_WITH_KNOTS((2, 2), (1.0, 10.0), .UNSPECIFIED.)
    CURVE()
    GEOMETRIC_REPRESENTATION_ITEM()
    RATIONAL_B_SPLINE_CURVE((1.0, 1.0))
    REPRESENTATION_ITEM('')
);
#1275 = CARTESIAN_POINT('', (0.0, 0.1));
#1276 = CARTESIAN_POINT('', (0.0, 1.0));
#1277 = SURFACE_CURVE('', #1278, (#1281, #1292), .CURVE_3D.);
#1278 = (
    BOUNDED_CURVE()
    B_SPLINE_CURVE(1, (#1279, #1280), .UNSPECIFIED., .U., .U.)
    B_SPLINE_CURVE_WITH_KNOTS((2, 2), (1.0, 10.0), .UNSPECIFIED.)
    CURVE()
    GEOMETRIC_REPRESENTATION_ITEM()
    RATIONAL_B_SPLINE_CURVE((1.0, 1.0))
    REPRESENTATION_ITEM('')
);
#1279 = CARTESIAN_POINT('', (1.0, 0.0, 10.0));
#1280 = CARTESIAN_POINT('', (10.0, 0.0, 10.0));
#1281 = PCURVE('', #1282, #1287);
#1282 = (
    BOUNDED_SURFACE()
    B_SPLINE_SURFACE(1, 1, ((#1283, #1284), (#1285, #1286)), .UNSPECIFIED., .U., .U., .U.)
    B_SPLINE_SURFACE_WITH_KNOTS((2, 2), (2, 2), (0.0, 1.0), (0.0, 1.0), .UNSPECIFIED.)
    GEOMETRIC_REPRESENTATION_ITEM()
    RATIONAL_B_SPLINE_SURFACE(((1.0, 1.0), (1.0, 1.0)))
    REPRESENTATION_ITEM('')
    SURFACE()
);
#1283 = CARTESIAN_POINT('', (0.0, 0.0, 0.0));
#1284 = CARTESIAN_POINT('', (0.0, 0.0, 10.0));
#1285 = CARTESIAN_POINT('', (10.0, 0.0, 0.0));
#1286 = CARTESIAN_POINT('', (10.0, 0.0, 10.0));
#1287 = DEFINITIONAL_REPRESENTATION('', (#1289), #1288);
#1288 = (
    GEOMETRIC_REPRESENTATION_CONTEXT(2)
    PARAMETRIC_REPRESENTATION_CONTEXT()
    REPRESENTATION_CONTEXT('2D SPACE', '')
);
#1289 = (
    BOUNDED_CURVE()
    B_SPLINE_CURVE(1, (#1290, #1291), .UNSPECIFIED., .U., .U.)
    B_SPLINE_CURVE_WITH_KNOTS((2, 2), (1.0, 10.0), .UNSPECIFIED.)
    CURVE()
    GEOMETRIC_REPRESENTATION_ITEM()
    RATIONAL_B_SPLINE_CURVE((1.0, 1.0))
    REPRESENTATION_ITEM('')
);
#1290 = CARTESIAN_POINT('', (0.1, 1.0));
#1291 = CARTESIAN_POINT('', (1.0, 1.0));
#1292 = PCURVE('', #1293, #1298);
#1293 = (
    BOUNDED_SURFACE()
    B_SPLINE_SURFACE(1, 1, ((#1294, #1295), (#1296, #1297)), .UNSPECIFIED., .U., .U., .U.)
    B_SPLINE_SURFACE_WITH_KNOTS((2, 2), (2, 2), (0.0, 1.0), (0.0, 1.0), .UNSPECIFIED.)
    GEOMETRIC_REPRESENTATION_ITEM()
    RATIONAL_B_SPLINE_SURFACE(((1.0, 1.0), (1.0, 1.0)))
    REPRESENTATION_ITEM('')
    SURFACE()
);
#1294 = CARTESIAN_POINT('', (0.0, 0.0, 10.0));
#1295 = CARTESIAN_POINT('', (0.0, 10.0, 10.0));
#1296 = CARTESIAN_POINT('', (10.0, 0.0, 10.0));
#1297 = CARTESIAN_POINT('', (10.0, 10.0, 10.0));
#1298 = DEFINITIONAL_REPRESENTATION('', (#1300), #1299);
#1299 = (
    GEOMETRIC_REPRESENTATION_CONTEXT(2)
    PARAMETRIC_REPRESENTATION_CONTEXT()
    REPRESENTATION_CONTEXT('2D SPACE', '')
);
#1300 = (
    BOUNDED_CURVE()
    B_SPLINE_CURVE(1, (#1301, #1302), .UNSPECIFIED., .U., .U.)
    B_SPLINE_CURVE_WITH_KNOTS((2, 2), (1.0, 10.0), .UNSPECIFIED.)
    CURVE()
    GEOMETRIC_REPRESENTATION_ITEM()
    RATIONAL_B_SPLINE_CURVE((1.0, 1.0))
    REPRESENTATION_ITEM('')
);
#1301 = CARTESIAN_POINT('', (0.1, 0.0));
#1302 = CARTESIAN_POINT('', (1.0, 0.0));
#1303 = SURFACE_CURVE('', #1304, (#1513, #1730), .CURVE_3D.);
#1304 = (
    BOUNDED_CURVE()
    B_SPLINE_CURVE(3, (#1305, #1306, #1307, #1308, #1309, #1310, #1311, #1312, #1313, #1314, #1315, #1316, #1317, #1318, #1319, #1320, #1321, #1322, #1323, #1324, #1325, #1326, #1327, #1328, #1329, #1330, #1331, #1332, #1333, #1334, #1335, #1336, #1337, #1338, #1339, #1340, #1341, #1342, #1343, #1344, #1345, #1346, #1347, #1348, #1349, #1350, #1351, #1352, #1353, #1354, #1355, #1356, #1357, #1358, #1359, #1360, #1361, #1362, #1363, #1364, #1365, #1366, #1367, #1368, #1369, #1370, #1371, #1372, #1373, #1374, #1375, #1376, #1377, #1378, #1379, #1380, #1381, #1382, #1383, #1384, #1385, #1386, #1387, #1388, #1389, #1390, #1391, #1392, #1393, #1394, #1395, #1396, #1397, #1398, #1399, #1400, #1401, #1402, #1403, #1404, #1405, #1406, #1407, #1408, #1409, #1410, #1411, #1412, #1413, #1414, #1415, #1416, #1417, #1418, #1419, #1420, #1421, #1422, #1423, #1424, #1425, #1426, #1427, #1428, #1429, #1430, #1431, #1432, #1433, #1434, #1435, #1436, #1437, #1438, #1439, #1440, #1441, #1442, #1443, #1444, #1445, #1446, #1447, #1448, #1449, #1450, #1451, #1452, #1453, #1454, #1455, #1456, #1457, #1458, #1459, #1460, #1461, #1462, #1463, #1464, #1465, #1466, #1467, #1468, #1469, #1470, #1471, #1472, #1473, #1474, #1475, #1476, #1477, #1478, #1479, #1480, #1481, #1482, #1483, #1484, #1485, #1486, #1487, #1488, #1489, #1490, #1491, #1492, #1493, #1494, #1495, #1496, #1497, #1498, #1499, #1500, #1501, #1502, #1503, #1504, #1505, #1506, #1507, #1508, #1509, #1510, #1511, #1512), .UNSPECIFIED., .U., .U.)
    B_SPLINE_CURVE_WITH_KNOTS((4, 3, 3, 3, 3, 3, 3, 3, 3, 3, 3, 3, 3, 3, 3, 3, 3, 3, 3, 3, 3, 3, 3, 3, 3, 3, 3, 3, 3, 3, 3, 3, 3, 3, 3, 3, 3, 3, 3, 3, 3, 3, 3, 3, 3, 3, 3, 3, 3, 3, 3, 3, 3, 3, 3, 3, 3, 3, 3, 3, 3, 3, 3, 3, 3, 3, 3, 3, 3, 4), (0.0, 0.02272751903935618, 0.04545405952044792, 0.06818060048269692, 0.09090714097528911, 0.11363368175820268, 0.13636022234171274, 0.15908676312140835, 0.18181330374294438, 0.2045398444080393, 0.22726638516542544, 0.24999292577071738, 0.27271946659605434, 0.2954460071326435, 0.31817254803750944, 0.34089908853649903, 0.36362562943359755, 0.38635216992802385, 0.40907871079123065, 0.43180525131641045, 0.45453179211447464, 0.47725833270736434, 0.4999848734302927, 0.5227114141136013, 0.545437954756744, 0.5681644955403129, 0.5908910361120064, 0.613617576980021, 0.6363441174979803, 0.6590706584056789, 0.6817971988981921, 0.7045237397857231, 0.7272502802885275, 0.749976821125735, 0.7727033616758127, 0.7954299024431961, 0.8181564430721694, 0.8408829837608903, 0.8636095244871723, 0.8863360650986264, 0.9090626059215328, 0.9317891464674652, 0.9545156873597036, 0.9772422278628665, 0.9999687687665475, 1.022695309258698, 1.0454218501279955, 1.0681483906470093, 1.0908749314563906, 1.113601472036029, 1.1363280127706485, 1.1590545534406438, 1.1817810940950682, 1.2045076348617847, 1.2272341754449647, 1.249960716305614, 1.2726872568266594, 1.295413797728585, 1.318140338229735, 1.3408668791262877, 1.3635934196117774, 1.3863199604562395, 1.4090465010201176, 1.4317730417952683, 1.454499582374822, 1.4772261230912163, 1.4999526638514469, 1.5226792044340771, 1.5454057451885264, 1.5707623871705882), .UNSPECIFIED.)
    CURVE()
    GEOMETRIC_REPRESENTATION_ITEM()
    RATIONAL_B_SPLINE_CURVE((1.0, 1.0, 1.0, 1.0, 1.0, 1.0, 1.0, 1.0, 1.0, 1.0, 1.0, 1.0, 1.0, 1.0, 1.0, 1.0, 1.0, 1.0, 1.0, 1.0, 1.0, 1.0, 1.0, 1.0, 1.0, 1.0, 1.0, 1.0, 1.0, 1.0, 1.0, 1.0, 1.0, 1.0, 1.0, 1.0, 1.0, 1.0, 1.0, 1.0, 1.0, 1.0, 1.0, 1.0, 1.0, 1.0, 1.0, 1.0, 1.0, 1.0, 1.0, 1.0, 1.0, 1.0, 1.0, 1.0, 1.0, 1.0, 1.0, 1.0, 1.0, 1.0, 1.0, 1.0, 1.0, 1.0, 1.0, 1.0, 1.0, 1.0, 1.0, 1.0, 1.0, 1.0, 1.0, 1.0, 1.0, 1.0, 1.0, 1.0, 1.0, 1.0, 1.0, 1.0, 1.0, 1.0, 1.0, 1.0, 1.0, 1.0, 1.0, 1.0, 1.0, 1.0, 1.0, 1.0, 1.0, 1.0, 1.0, 1.0, 1.0, 1.0, 1.0, 1.0, 1.0, 1.0, 1.0, 1.0, 1.0, 1.0, 1.0, 1.0, 1.0, 1.0, 1.0, 1.0, 1.0, 1.0, 1.0, 1.0, 1.0, 1.0, 1.0, 1.0, 1.0, 1.0, 1.0, 1.0, 1.0, 1.0, 1.0, 1.0, 1.0, 1.0, 1.0, 1.0, 1.0, 1.0, 1.0, 1.0, 1.0, 1.0, 1.0, 1.0, 1.0, 1.0, 1.0, 1.0, 1.0, 1.0, 1.0, 1.0, 1.0, 1.0, 1.0, 1.0, 1.0, 1.0, 1.0, 1.0, 1.0, 1.0, 1.0, 1.0, 1.0, 1.0, 1.0, 1.0, 1.0, 1.0, 1.0, 1.0, 1.0, 1.0, 1.0, 1.0, 1.0, 1.0, 1.0, 1.0, 1.0, 1.0, 1.0, 1.0, 1.0, 1.0, 1.0, 1.0, 1.0, 1.0, 1.0, 1.0, 1.0, 1.0, 1.0, 1.0, 1.0, 1.0, 1.0, 1.0, 1.0, 1.0, 1.0, 1.0, 1.0, 1.0, 1.0, 1.0))
    REPRESENTATION_ITEM('')
);
#1305 = CARTESIAN_POINT('', (0.0, 0.9999999999999998, 0.0));
#1306 = CARTESIAN_POINT('', (4.6387470766E-19, 0.9924241603202144, 0.0));
#1307 = CARTESIAN_POINT('', (8.6109209057E-5, 0.984847831650212, -7.1715706688E-17));
#1308 = CARTESIAN_POINT('', (2.5827603628E-4, 0.9772739485353616, -7.1715706688E-17));
#1309 = CARTESIAN_POINT('', (4.3043545067E-4, 0.9697003915223574, -7.1715706688E-17));
#1310 = CARTESIAN_POINT('', (6.8866859067E-4, 0.9621283017865973, -1.0213751332E-16));
#1311 = CARTESIAN_POINT('', (1.0328976028E-3, 0.9545606131645401, -1.0213751332E-16));
#1312 = CARTESIAN_POINT('', (1.3771266222E-3, 0.9469929243822629, -1.0213751332E-16));
#1313 = CARTESIAN_POINT('', (1.8073875235E-3, 0.9394286594609009, -1.6889004150E-16));
#1314 = CARTESIAN_POINT('', (2.3234996055E-3, 0.93187074735226, -1.6889004150E-16));
#1315 = CARTESIAN_POINT('', (2.8396116769E-3, 0.9243128353998077, -1.6889004150E-16));
#1316 = CARTESIAN_POINT('', (3.4416457821E-3, 0.9167603005516545, -1.8418351128E-16));
#1317 = CARTESIAN_POINT('', (4.1293849122E-3, 0.9092160696670553, -1.8418351128E-16));
#1318 = CARTESIAN_POINT('', (4.8171240512E-3, 0.9016718386860818, -1.8418351128E-16));
#1319 = CARTESIAN_POINT('', (5.5906452989E-3, 0.8941349367000739, -1.1249197661E-16));
#1320 = CARTESIAN_POINT('', (6.4496418587E-3, 0.8866082819898058, -1.1249197661E-16));
#1321 = CARTESIAN_POINT('', (7.3086384111E-3, 0.8790816273455768, -1.1249197661E-16));
#1322 = CARTESIAN_POINT('', (8.2532290593E-3, 0.8715642490079197, -6.6169823213E-17));
#1323 = CARTESIAN_POINT('', (9.2830561153E-3, 0.8640590600399373, -6.6169823213E-17));
#1324 = CARTESIAN_POINT('', (0.010312883180243235, 0.8565538710071666, -6.6169823213E-17));
#1325 = CARTESIAN_POINT('', (0.011428067646926724, 0.8490599007568459, -1.0145325334E-16));
#1326 = CARTESIAN_POINT('', (0.01262817578526789, 0.8415800513828593, -1.0145325334E-16));
#1327 = CARTESIAN_POINT('', (0.01382828391525721, 0.8341002020609267, -1.0145325334E-16));
#1328 = CARTESIAN_POINT('', (0.015113481431804788, 0.8266335096139626, -1.7882611423E-16));
#1329 = CARTESIAN_POINT('', (0.01648326824502035, 0.8191828660519056, -1.7882611423E-16));
#1330 = CARTESIAN_POINT('', (0.01785305506086132, 0.8117322224755683, -1.7882611423E-16));
#1331 = CARTESIAN_POINT('', (0.019307598447995695, 0.8042966640233268, 2.0305440598E-16));
#1332 = CARTESIAN_POINT('', (0.020846339257469024, 0.7968790712639655, 2.0305440598E-16));
#1333 = CARTESIAN_POINT('', (0.022385080073191094, 0.7894614784744818, 2.0305440598E-16));
#1334 = CARTESIAN_POINT('', (0.024008229031017177, 0.7820608962828969, 2.1394596211E-16));
#1335 = CARTESIAN_POINT('', (0.02571514549810846, 0.7746801888464148, 2.1394596211E-16));
#1336 = CARTESIAN_POINT('', (0.02742206195377644, 0.7672994814593269, 2.1394596211E-16));
#1337 = CARTESIAN_POINT('', (0.02921296014204767, 0.7599376943346438, -2.0447574603E-16));
#1338 = CARTESIAN_POINT('', (0.031087156172508096, 0.75259768108126, -2.0447574603E-16));
#1339 = CARTESIAN_POINT('', (0.032961352221115035, 0.7452576677568081, -2.0447574603E-16));
#1340 = CARTESIAN_POINT('', (0.03491909854552941, 0.7379384834737144, 1.7193678343E-16));
#1341 = CARTESIAN_POINT('', (0.036959618198614076, 0.7306429584085035, 1.7193678343E-16));
#1342 = CARTESIAN_POINT('', (0.03900013782577331, 0.7233474334359845, 1.7193678343E-16));
#1343 = CARTESIAN_POINT('', (0.041123691550330195, 0.7160746247754646, 1.0466939881E-16));
#1344 = CARTESIAN_POINT('', (0.043329472190722015, 0.7088273537897802, 1.0466939881E-16));
#1345 = CARTESIAN_POINT('', (0.04553525286685785, 0.701580082686656, 1.0466939881E-16));
#1346 = CARTESIAN_POINT('', (0.047823550343858254, 0.6943574153344325, 1.8063090259E-16));
#1347 = CARTESIAN_POINT('', (0.05019345793677088, 0.6871621429396966, 1.8063090259E-16));
#1348 = CARTESIAN_POINT('', (0.05256336548735901, 0.679966870673462, 1.8063090259E-16));
#1349 = CARTESIAN_POINT('', (0.055015189027458875, 0.6727980640654638, -1.2241923494E-16));
#1350 = CARTESIAN_POINT('', (0.057547998766261516, 0.6656585066834824, -1.2241923494E-16));
#1351 = CARTESIAN_POINT('', (0.06008080854943229, 0.6585189491764347, -1.2241923494E-16));
#1352 = CARTESIAN_POINT('', (0.06269492756096193, 0.6514077179217136, -3.1586388674E-17));
#1353 = CARTESIAN_POINT('', (0.06538932752593643, 0.644327561452898, -3.1586388674E-17));
#1354 = CARTESIAN_POINT('', (0.06808372744317116, 0.6372474051095297, -3.1586388674E-17));
#1355 = CARTESIAN_POINT('', (0.07085875850053193, 0.6301974100651121, 2.9570943925E-18));
#1356 = CARTESIAN_POINT('', (0.07371336434156858, 0.6231803144940904, 2.9570943925E-18));
#1357 = CARTESIAN_POINT('', (0.07656797022892654, 0.6161632188092032, 2.9570943925E-18));
#1358 = CARTESIAN_POINT('', (0.07950250985046968, 0.6091781128992207, -1.1164508717E-17));
#1359 = CARTESIAN_POINT('', (0.08251583655897766, 0.6022276978921299, -1.1164508717E-17));
#1360 = CARTESIAN_POINT('', (0.08552916322266643, 0.5952772829884173, -1.1164508717E-17));
#1361 = CARTESIAN_POINT('', (0.08862167139730082, 0.5883606637801846, -8.7293523549E-17));
#1362 = CARTESIAN_POINT('', (0.09179217542052798, 0.5814805250348867, -8.7293523549E-17));
#1363 = CARTESIAN_POINT('', (0.09496267948182432, 0.5746003862069768, -8.7293523549E-17));
#1364 = CARTESIAN_POINT('', (0.09821157752718991, 0.5677558344932624, -1.9870346279E-16));
#1365 = CARTESIAN_POINT('', (0.10153760669943954, 0.5609495185852728, -1.9870346279E-16));
#1366 = CARTESIAN_POINT('', (0.10486363584166188, 0.5541432027387303, -1.9870346279E-16));
#1367 = CARTESIAN_POINT('', (0.10826723392449569, 0.5473742479659629, 1.9202237853E-16));
#1368 = CARTESIAN_POINT('', (0.11174708589787095, 0.5406452780967181, 1.9202237853E-16));
#1369 = CARTESIAN_POINT('', (0.11522693789115752, 0.5339163081889711, 1.9202237853E-16));
#1370 = CARTESIAN_POINT('', (0.11878348303503082, 0.5272264492342099, 2.1984987020E-16));
#1371 = CARTESIAN_POINT('', (0.1224153446157088, 0.520578292544319, 2.1984987020E-16));
#1372 = CARTESIAN_POINT('', (0.12604720619005527, 0.5139301358660179, 2.1984987020E-16));
#1373 = CARTESIAN_POINT('', (0.12975486344336074, 0.5073228287941535, -1.7585416481E-16));
#1374 = CARTESIAN_POINT('', (0.1335368743380519, 0.5007589275679853, -1.7585416481E-16));
#1375 = CARTESIAN_POINT('', (0.13731888522605887, 0.49419502635341805, -1.7585416481E-16));
#1376 = CARTESIAN_POINT('', (0.14117573081761756, 0.48767367924990435, -1.2710460099E-16));
#1377 = CARTESIAN_POINT('', (0.14510592311440482, 0.4811974153561246, -1.2710460099E-16));
#1378 = CARTESIAN_POINT('', (0.14903611543547657, 0.47472115142232824, -1.2710460099E-16));
#1379 = CARTESIAN_POINT('', (0.15304017216911966, 0.46828914093053503, -6.8234159005E-17));
#1380 = CARTESIAN_POINT('', (0.15711652900035222, 0.4619038671536899, -6.8234159005E-17));
#1381 = CARTESIAN_POINT('', (0.16119288579358165, 0.4555185934363735, -6.8234159005E-17));
#1382 = CARTESIAN_POINT('', (0.1653420650326618, 0.44917922929799525, -4.9529484229E-17));
#1383 = CARTESIAN_POINT('', (0.16956247020274767, 0.4428882369000447, -4.9529484229E-17));
#1384 = CARTESIAN_POINT('', (0.17378287542786147, 0.43659724442006875, -4.9529484229E-17));
#1385 = CARTESIAN_POINT('', (0.17807505891585157, 0.43035381666530065, -1.2978640064E-16));
#1386 = CARTESIAN_POINT('', (0.18243734086557017, 0.4241603602120396, -1.2978640064E-16));
#1387 = CARTESIAN_POINT('', (0.1867996227480969, 0.41796690385417595, -1.2978640064E-16));
#1388 = CARTESIAN_POINT('', (0.19123256511719372, 0.4118226180191723, -2.0330873882E-16));
#1389 = CARTESIAN_POINT('', (0.1957344659126973, 0.40572989333256226, -2.0330873882E-16));
#1390 = CARTESIAN_POINT('', (0.20023636678540435, 0.3996371685414676, -2.0330873882E-16));
#1391 = CARTESIAN_POINT('', (0.20480780847328914, 0.3935952193864005, -1.5605014097E-16));
#1392 = CARTESIAN_POINT('', (0.20944700428312368, 0.38760637399803777, -1.5605014097E-16));
#1393 = CARTESIAN_POINT('', (0.21408620000820594, 0.3816175287190837, -1.5605014097E-16));
#1394 = CARTESIAN_POINT('', (0.21879374968897955, 0.37568101432629364, -1.1204922201E-16));
#1395 = CARTESIAN_POINT('', (0.22356784662563983, 0.36979914360430033, -1.1204922201E-16));
#1396 = CARTESIAN_POINT('', (0.22834194364528035, 0.3639172727800722, -1.1204922201E-16));
#1397 = CARTESIAN_POINT('', (0.2331831984765459, 0.3580892817474468, -1.7691458371E-16));
#1398 = CARTESIAN_POINT('', (0.23808972502473158, 0.35231741861863, -1.7691458371E-16));
#1399 = CARTESIAN_POINT('', (0.24299625148985704, 0.3465455555875222, -1.7691458371E-16));
#1400 = CARTESIAN_POINT('', (0.2479686861369012, 0.3408290775257535, 2.2133000859E-16));
#1401 = CARTESIAN_POINT('', (0.2530051162018009, 0.33517021041260975, 2.2133000859E-16));
#1402 = CARTESIAN_POINT('', (0.2580415463408077, 0.32951134321620024, 2.2133000859E-16));
#1403 = CARTESIAN_POINT('', (0.2631426133972261, 0.3239093487560514, -1.7186838612E-16));
#1404 = CARTESIAN_POINT('', (0.26830633548326116, 0.3183663909977882, -1.7186838612E-16));
#1405 = CARTESIAN_POINT('', (0.2734700575040571, 0.3128234333095554, -1.7186838612E-16));
#1406 = CARTESIAN_POINT('', (0.27869710668975517, 0.30733880158705684, -1.2608712603E-16));
#1407 = CARTESIAN_POINT('', (0.2839854651878268, 0.30191462704732597, -1.2608712603E-16));
#1408 = CARTESIAN_POINT('', (0.2892738237364645, 0.2964904524557304, -1.2608712603E-16));
#1409 = CARTESIAN_POINT('', (0.29462416562271104, 0.29112602628492185, -1.2698156635E-16));
#1410 = CARTESIAN_POINT('', (0.30003441687283494, 0.2858234243246015, -1.2698156635E-16));
#1411 = CARTESIAN_POINT('', (0.3054446680900091, 0.28052082239657533, -1.2698156635E-16));
#1412 = CARTESIAN_POINT('', (0.31091553459140997, 0.2752793675846782, -1.0668909658E-16));
#1413 = CARTESIAN_POINT('', (0.3164448966549406, 0.27010108981978087, -1.0668909658E-16));
#1414 = CARTESIAN_POINT('', (0.3219742587330078, 0.26492281204126994, -1.0668909658E-16));
#1415 = CARTESIAN_POINT('', (0.327562823308371, 0.25980703526268684, -6.3308778982E-17));
#1416 = CARTESIAN_POINT('', (0.3332084281928573, 0.25475574322697436, -6.3308778982E-17));
#1417 = CARTESIAN_POINT('', (0.3388540330866743, 0.2497044511829134, -6.3308778982E-17));
#1418 = CARTESIAN_POINT('', (0.3445574153104601, 0.2447170008931314, -6.3140729100E-17));
#1419 = CARTESIAN_POINT('', (0.35031635844981923, 0.2397953162375371, -6.3140729100E-17));
#1420 = CARTESIAN_POINT('', (0.35607530156008077, 0.23487363160681007, -6.3140729100E-17));
#1421 = CARTESIAN_POINT('', (0.3618905447425946, 0.23001707184882053, -1.1824589075E-16));
#1422 = CARTESIAN_POINT('', (0.36775984162455394, 0.2252275249534467, -1.1824589075E-16));
#1423 = CARTESIAN_POINT('', (0.37362913856112245, 0.22043797801350995, -1.1824589075E-16));
#1424 = CARTESIAN_POINT('', (0.37955325400078, 0.215714834402785, -1.9710905289E-16));
#1425 = CARTESIAN_POINT('', (0.38552988166350055, 0.21105990924756782, -1.9710905289E-16));
#1426 = CARTESIAN_POINT('', (0.3915065092533825, 0.20640498414908134, -1.9710905289E-16));
#1427 = CARTESIAN_POINT('', (0.3975364188259905, 0.20181767374753581, 2.0838303611E-16));
#1428 = CARTESIAN_POINT('', (0.4036172840099601, 0.1972997667503696, 2.0838303611E-16));
#1429 = CARTESIAN_POINT('', (0.4096981492865896, 0.1927818596843597, 2.0838303611E-16));
#1430 = CARTESIAN_POINT('', (0.41583075899367306, 0.18833277806598858, -1.8333028169E-16));
#1431 = CARTESIAN_POINT('', (0.4220127251130843, 0.1839542278872112, -1.8333028169E-16));
#1432 = CARTESIAN_POINT('', (0.4281946911266611, 0.179575677783394, -1.8333028169E-16));
#1433 = CARTESIAN_POINT('', (0.43442681158340374, 0.1752670931703015, -1.4232324281E-16));
#1434 = CARTESIAN_POINT('', (0.4407066842651387, 0.17103015985647005, -1.4232324281E-16));
#1435 = CARTESIAN_POINT('', (0.44698655705754614, 0.16679322646796957, -1.4232324281E-16));
#1436 = CARTESIAN_POINT('', (0.4533149911296142, 0.16262739515688146, -2.1121011963E-16));
#1437 = CARTESIAN_POINT('', (0.4596895255971862, 0.15853426467409126, -2.1121011963E-16));
#1438 = CARTESIAN_POINT('', (0.46606405994932854, 0.1544411342654192, -2.1121011963E-16));
#1439 = CARTESIAN_POINT('', (0.4724855189718469, 0.1504201777348365, 1.5182898934E-16));
#1440 = CARTESIAN_POINT('', (0.4789514261741059, 0.14647297001281154, 1.5182898934E-16));
#1441 = CARTESIAN_POINT('', (0.4854173334836668, 0.1425257622252826, 1.5182898934E-16));
#1442 = CARTESIAN_POINT('', (0.49192851859378073, 0.13865178546556928, 1.4972467670E-16));
#1443 = CARTESIAN_POINT('', (0.4984824536326524, 0.13485252999113595, 1.4972467670E-16));
#1444 = CARTESIAN_POINT('', (0.5050363885705084, 0.13105327457526048, 1.4972467670E-16));
#1445 = CARTESIAN_POINT('', (0.5116339223894232, 0.12732825437268583, 1.9395923488E-16));
#1446 = CARTESIAN_POINT('', (0.5182725066441608, 0.12367892512233616, 1.9395923488E-16));
#1447 = CARTESIAN_POINT('', (0.5249110909837169, 0.12002959582536053, 1.9395923488E-16));
#1448 = CARTESIAN_POINT('', (0.5315915768829752, 0.11645547566562205, -2.1265775426E-16));
#1449 = CARTESIAN_POINT('', (0.5383113742072458, 0.11295794363976591, -2.1265775426E-16));
#1450 = CARTESIAN_POINT('', (0.5450311714635859, 0.10946041164926637, -2.1265775426E-16));
#1451 = CARTESIAN_POINT('', (0.5517911518755968, 0.1060390240108618, 2.0775259260E-16));
#1452 = CARTESIAN_POINT('', (0.5585886992390787, 0.10269511087919952, 2.0775259260E-16));
#1453 = CARTESIAN_POINT('', (0.5653862466489158, 0.0993511977247338, 2.0775259260E-16));
#1454 = CARTESIAN_POINT('', (0.5722222335083862, 0.09608431696348414, 1.3501501152E-16));
#1455 = CARTESIAN_POINT('', (0.5790940122539718, 0.0928957337600364, 1.3501501152E-16));
#1456 = CARTESIAN_POINT('', (0.5859657909800171, 0.08970715056565559, 1.3501501152E-16));
#1457 = CARTESIAN_POINT('', (0.5928742536409907, 0.08659646371814061, 1.0217130596E-16));
#1458 = CARTESIAN_POINT('', (0.5998167219899309, 0.08356487356259837, 1.0217130596E-16));
#1459 = CARTESIAN_POINT('', (0.6067591903341144, 0.0805332834091332, 1.0217130596E-16));
#1460 = CARTESIAN_POINT('', (0.61373655721132, 0.077580390346968, 1.5284155616E-16));
#1461 = CARTESIAN_POINT('', (0.6207461225727855, 0.07470734335606771, 1.5284155616E-16));
#1462 = CARTESIAN_POINT('', (0.6277556879688854, 0.07183429635097166, 1.5284155616E-16));
#1463 = CARTESIAN_POINT('', (0.634798361393267, 0.06904073584509897, -1.6339589852E-16));
#1464 = CARTESIAN_POINT('', (0.6418714094094968, 0.06632773051967122, -1.6339589852E-16));
#1465 = CARTESIAN_POINT('', (0.6489444573686056, 0.06361472521615336, -1.6339589852E-16));
#1466 = CARTESIAN_POINT('', (0.6560487913615441, 0.060981919767953474, -4.6202494297E-17));
#1467 = CARTESIAN_POINT('', (0.663181663885178, 0.05843034480915642, -4.6202494297E-17));
#1468 = CARTESIAN_POINT('', (0.6703145364958972, 0.055878769819207086, -4.6202494297E-17));
#1469 = CARTESIAN_POINT('', (0.6774768716907393, 0.053408105165241325, -5.3789147204E-17));
#1470 = CARTESIAN_POINT('', (0.6846658884445003, 0.051019288570308116, -5.3789147204E-17));
#1471 = CARTESIAN_POINT('', (0.6918549050908355, 0.048630472011071096, -5.3789147204E-17));
#1472 = CARTESIAN_POINT('', (0.6990715310558238, 0.04632319308407471, -1.5563838102E-16));
#1473 = CARTESIAN_POINT('', (0.7063129765109774, 0.04409836216577896, -1.5563838102E-16));
#1474 = CARTESIAN_POINT('', (0.7135544220874922, 0.04187353121019669, -1.5563838102E-16));
#1475 = CARTESIAN_POINT('', (0.7208216227867931, 0.03973086399592362, 1.7796161015E-16));
#1476 = CARTESIAN_POINT('', (0.7281117578957943, 0.03767117059372709, 1.7796161015E-16));
#1477 = CARTESIAN_POINT('', (0.7354018928762363, 0.035611477227852614, 1.7796161015E-16));
#1478 = CARTESIAN_POINT('', (0.7427159038917985, 0.03363449216746475, 1.2197308785E-16));
#1479 = CARTESIAN_POINT('', (0.7500509634801624, 0.031741001837507665, 1.2197308785E-16));
#1480 = CARTESIAN_POINT('', (0.7573860231961438, 0.029847511474607114, 1.2197308785E-16));
#1481 = CARTESIAN_POINT('', (0.7647430767378536, 0.028037265317983034, 1.5018492924E-16));
#1482 = CARTESIAN_POINT('', (0.7721192709783399, 0.026310949785403152, 1.5018492924E-16));
#1483 = CARTESIAN_POINT('', (0.7794954650854103, 0.024584634284047748, 1.5018492924E-16));
#1484 = CARTESIAN_POINT('', (0.7868917531792504, 0.02294202963375524, 2.1018827440E-16));
#1485 = CARTESIAN_POINT('', (0.7943052742683452, 0.021383790314219282, 2.1018827440E-16));
#1486 = CARTESIAN_POINT('', (0.8017187954745387, 0.01982555097007048, 2.1018827440E-16));
#1487 = CARTESIAN_POINT('', (0.8091505043730582, 0.01835146481645039, -1.8637785609E-16));
#1488 = CARTESIAN_POINT('', (0.8165975208209395, 0.016962093536583234, -1.8637785609E-16));
#1489 = CARTESIAN_POINT('', (0.8240445371768792, 0.015572722273869383, -1.8637785609E-16));
#1490 = CARTESIAN_POINT('', (0.8315078239359438, 0.014267893134895331, -1.4663532755E-16));
#1491 = CARTESIAN_POINT('', (0.8389844919446461, 0.013048122419171873, -1.4663532755E-16));
#1492 = CARTESIAN_POINT('', (0.8464611600228537, 0.01182835169210907, -1.4663532755E-16));
#1493 = CARTESIAN_POINT('', (0.853952172618033, 0.010693469842631387, -1.2787307030E-16));
#1494 = CARTESIAN_POINT('', (0.8614546280100489, 9.6439131414E-3, -1.2787307030E-16));
#1495 = CARTESIAN_POINT('', (0.8689570833374946, 8.5943564492E-3, -1.2787307030E-16));
#1496 = CARTESIAN_POINT('', (0.8764719515514631, 7.6299994896E-3, -1.7554868890E-16));
#1497 = CARTESIAN_POINT('', (0.8839963216913729, 6.7512167018E-3, -1.7554868890E-16));
#1498 = CARTESIAN_POINT('', (0.8915206918765883, 5.8724339088E-3, -1.7554868890E-16));
#1499 = CARTESIAN_POINT('', (0.899055534235669, 5.0791012115E-3, 1.7583628039E-16));
#1500 = CARTESIAN_POINT('', (0.9065979308024371, 4.3715279565E-3, 1.7583628039E-16));
#1501 = CARTESIAN_POINT('', (0.9141403273837535, 3.6639547002E-3, 1.7583628039E-16));
#1502 = CARTESIAN_POINT('', (0.921691253031761, 3.0420614878E-3, 1.2477664351E-16));
#1503 = CARTESIAN_POINT('', (0.92924778201028, 2.5060802384E-3, 1.2477664351E-16));
#1504 = CARTESIAN_POINT('', (0.9368043109297473, 1.9700989932E-3, 1.2477664351E-16));
#1505 = CARTESIAN_POINT('', (0.9443674183997899, 1.5199531683E-3, 1.1480116874E-16));
#1506 = CARTESIAN_POINT('', (0.9519341757388009, 1.1558260222E-3, 1.1480116874E-16));
#1507 = CARTESIAN_POINT('', (0.9595009331350187, 7.9169887333E-4, 1.1480116874E-16));
#1508 = CARTESIAN_POINT('', (0.967072317773757, 5.1355527580E-4, 1.1311895913E-16));
#1509 = CARTESIAN_POINT('', (0.974645396074261, 3.2148464251E-4, 1.1311895913E-16));
#1510 = CARTESIAN_POINT('', (0.9830948929529449, 1.0718602415E-4, 1.1311895913E-16));
#1511 = CARTESIAN_POINT('', (0.9915477860059794, 5.9286413499E-24, 0.0));
#1512 = CARTESIAN_POINT('', (1.0, 0.0, 0.0));
#1513 = PCURVE('', #1514, #1519);
#1514 = (
    BOUNDED_SURFACE()
    B_SPLINE_SURFACE(1, 1, ((#1515, #1516), (#1517, #1518)), .UNSPECIFIED., .U., .U., .U.)
    B_SPLINE_SURFACE_WITH_KNOTS((2, 2), (2, 2), (0.0, 1.0), (0.0, 1.0), .UNSPECIFIED.)
    GEOMETRIC_REPRESENTATION_ITEM()
    RATIONAL_B_SPLINE_SURFACE(((1.0, 1.0), (1.0, 1.0)))
    REPRESENTATION_ITEM('')
    SURFACE()
);
#1515 = CARTESIAN_POINT('', (0.0, 0.0, 0.0));
#1516 = CARTESIAN_POINT('', (10.0, 0.0, 0.0));
#1517 = CARTESIAN_POINT('', (0.0, 10.0, 0.0));
#1518 = CARTESIAN_POINT('', (10.0, 10.0, 0.0));
#1519 = DEFINITIONAL_REPRESENTATION('', (#1521), #1520);
#1520 = (
    GEOMETRIC_REPRESENTATION_CONTEXT(2)
    PARAMETRIC_REPRESENTATION_CONTEXT()
    REPRESENTATION_CONTEXT('2D SPACE', '')
);
#1521 = (
    BOUNDED_CURVE()
    B_SPLINE_CURVE(3, (#1522, #1523, #1524, #1525, #1526, #1527, #1528, #1529, #1530, #1531, #1532, #1533, #1534, #1535, #1536, #1537, #1538, #1539, #1540, #1541, #1542, #1543, #1544, #1545, #1546, #1547, #1548, #1549, #1550, #1551, #1552, #1553, #1554, #1555, #1556, #1557, #1558, #1559, #1560, #1561, #1562, #1563, #1564, #1565, #1566, #1567, #1568, #1569, #1570, #1571, #1572, #1573, #1574, #1575, #1576, #1577, #1578, #1579, #1580, #1581, #1582, #1583, #1584, #1585, #1586, #1587, #1588, #1589, #1590, #1591, #1592, #1593, #1594, #1595, #1596, #1597, #1598, #1599, #1600, #1601, #1602, #1603, #1604, #1605, #1606, #1607, #1608, #1609, #1610, #1611, #1612, #1613, #1614, #1615, #1616, #1617, #1618, #1619, #1620, #1621, #1622, #1623, #1624, #1625, #1626, #1627, #1628, #1629, #1630, #1631, #1632, #1633, #1634, #1635, #1636, #1637, #1638, #1639, #1640, #1641, #1642, #1643, #1644, #1645, #1646, #1647, #1648, #1649, #1650, #1651, #1652, #1653, #1654, #1655, #1656, #1657, #1658, #1659, #1660, #1661, #1662, #1663, #1664, #1665, #1666, #1667, #1668, #1669, #1670, #1671, #1672, #1673, #1674, #1675, #1676, #1677, #1678, #1679, #1680, #1681, #1682, #1683, #1684, #1685, #1686, #1687, #1688, #1689, #1690, #1691, #1692, #1693, #1694, #1695, #1696, #1697, #1698, #1699, #1700, #1701, #1702, #1703, #1704, #1705, #1706, #1707, #1708, #1709, #1710, #1711, #1712, #1713, #1714, #1715, #1716, #1717, #1718, #1719, #1720, #1721, #1722, #1723, #1724, #1725, #1726, #1727, #1728, #1729), .UNSPECIFIED., .U., .U.)
    B_SPLINE_CURVE_WITH_KNOTS((4, 3, 3, 3, 3, 3, 3, 3, 3, 3, 3, 3, 3, 3, 3, 3, 3, 3, 3, 3, 3, 3, 3, 3, 3, 3, 3, 3, 3, 3, 3, 3, 3, 3, 3, 3, 3, 3, 3, 3, 3, 3, 3, 3, 3, 3, 3, 3, 3, 3, 3, 3, 3, 3, 3, 3, 3, 3, 3, 3, 3, 3, 3, 3, 3, 3, 3, 3, 3, 4), (0.0, 0.02272751903935618, 0.04545405952044792, 0.06818060048269692, 0.09090714097528911, 0.11363368175820268, 0.13636022234171274, 0.15908676312140835, 0.18181330374294438, 0.2045398444080393, 0.22726638516542544, 0.24999292577071738, 0.27271946659605434, 0.2954460071326435, 0.31817254803750944, 0.34089908853649903, 0.36362562943359755, 0.38635216992802385, 0.40907871079123065, 0.43180525131641045, 0.45453179211447464, 0.47725833270736434, 0.4999848734302927, 0.5227114141136013, 0.545437954756744, 0.5681644955403129, 0.5908910361120064, 0.613617576980021, 0.6363441174979803, 0.6590706584056789, 0.6817971988981921, 0.7045237397857231, 0.7272502802885275, 0.749976821125735, 0.7727033616758127, 0.7954299024431961, 0.8181564430721694, 0.8408829837608903, 0.8636095244871723, 0.8863360650986264, 0.9090626059215328, 0.9317891464674652, 0.9545156873597036, 0.9772422278628665, 0.9999687687665475, 1.022695309258698, 1.0454218501279955, 1.0681483906470093, 1.0908749314563906, 1.113601472036029, 1.1363280127706485, 1.1590545534406438, 1.1817810940950682, 1.2045076348617847, 1.2272341754449647, 1.249960716305614, 1.2726872568266594, 1.295413797728585, 1.318140338229735, 1.3408668791262877, 1.3635934196117774, 1.3863199604562395, 1.4090465010201176, 1.4317730417952683, 1.454499582374822, 1.4772261230912163, 1.4999526638514469, 1.5226792044340771, 1.5454057451885264, 1.5707623871705882), .UNSPECIFIED.)
    CURVE()
    GEOMETRIC_REPRESENTATION_ITEM()
    RATIONAL_B_SPLINE_CURVE((1.0, 1.0, 1.0, 1.0, 1.0, 1.0, 1.0, 1.0, 1.0, 1.0, 1.0, 1.0, 1.0, 1.0, 1.0, 1.0, 1.0, 1.0, 1.0, 1.0, 1.0, 1.0, 1.0, 1.0, 1.0, 1.0, 1.0, 1.0, 1.0, 1.0, 1.0, 1.0, 1.0, 1.0, 1.0, 1.0, 1.0, 1.0, 1.0, 1.0, 1.0, 1.0, 1.0, 1.0, 1.0, 1.0, 1.0, 1.0, 1.0, 1.0, 1.0, 1.0, 1.0, 1.0, 1.0, 1.0, 1.0, 1.0, 1.0, 1.0, 1.0, 1.0, 1.0, 1.0, 1.0, 1.0, 1.0, 1.0, 1.0, 1.0, 1.0, 1.0, 1.0, 1.0, 1.0, 1.0, 1.0, 1.0, 1.0, 1.0, 1.0, 1.0, 1.0, 1.0, 1.0, 1.0, 1.0, 1.0, 1.0, 1.0, 1.0, 1.0, 1.0, 1.0, 1.0, 1.0, 1.0, 1.0, 1.0, 1.0, 1.0, 1.0, 1.0, 1.0, 1.0, 1.0, 1.0, 1.0, 1.0, 1.0, 1.0, 1.0, 1.0, 1.0, 1.0, 1.0, 1.0, 1.0, 1.0, 1.0, 1.0, 1.0, 1.0, 1.0, 1.0, 1.0, 1.0, 1.0, 1.0, 1.0, 1.0, 1.0, 1.0, 1.0, 1.0, 1.0, 1.0, 1.0, 1.0, 1.0, 1.0, 1.0, 1.0, 1.0, 1.0, 1.0, 1.0, 1.0, 1.0, 1.0, 1.0, 1.0, 1.0, 1.0, 1.0, 1.0, 1.0, 1.0, 1.0, 1.0, 1.0, 1.0, 1.0, 1.0, 1.0, 1.0, 1.0, 1.0, 1.0, 1.0, 1.0, 1.0, 1.0, 1.0, 1.0, 1.0, 1.0, 1.0, 1.0, 1.0, 1.0, 1.0, 1.0, 1.0, 1.0, 1.0, 1.0, 1.0, 1.0, 1.0, 1.0, 1.0, 1.0, 1.0, 1.0, 1.0, 1.0, 1.0, 1.0, 1.0, 1.0, 1.0, 1.0, 1.0, 1.0, 1.0, 1.0, 1.0))
    REPRESENTATION_ITEM('')
);
#1522 = CARTESIAN_POINT('', (0.09999999999999998, 0.0));
#1523 = CARTESIAN_POINT('', (0.09924241603202144, 0.0));
#1524 = CARTESIAN_POINT('', (0.0984847831650212, 8.6109209057E-6));
#1525 = CARTESIAN_POINT('', (0.09772739485353617, 2.5827603628E-5));
#1526 = CARTESIAN_POINT('', (0.09697003915223575, 4.3043545067E-5));
#1527 = CARTESIAN_POINT('', (0.09621283017865973, 6.8866859067E-5));
#1528 = CARTESIAN_POINT('', (0.09545606131645401, 1.0328976028E-4));
#1529 = CARTESIAN_POINT('', (0.09469929243822629, 1.3771266222E-4));
#1530 = CARTESIAN_POINT('', (0.0939428659460901, 1.8073875235E-4));
#1531 = CARTESIAN_POINT('', (0.093187074735226, 2.3234996055E-4));
#1532 = CARTESIAN_POINT('', (0.09243128353998077, 2.8396116769E-4));
#1533 = CARTESIAN_POINT('', (0.09167603005516545, 3.4416457821E-4));
#1534 = CARTESIAN_POINT('', (0.09092160696670552, 4.1293849122E-4));
#1535 = CARTESIAN_POINT('', (0.09016718386860818, 4.8171240512E-4));
#1536 = CARTESIAN_POINT('', (0.0894134936700074, 5.5906452989E-4));
#1537 = CARTESIAN_POINT('', (0.08866082819898058, 6.4496418587E-4));
#1538 = CARTESIAN_POINT('', (0.08790816273455768, 7.3086384111E-4));
#1539 = CARTESIAN_POINT('', (0.08715642490079198, 8.2532290593E-4));
#1540 = CARTESIAN_POINT('', (0.08640590600399373, 9.2830561153E-4));
#1541 = CARTESIAN_POINT('', (0.08565538710071666, 1.0312883180E-3));
#1542 = CARTESIAN_POINT('', (0.08490599007568458, 1.1428067647E-3));
#1543 = CARTESIAN_POINT('', (0.08415800513828593, 1.2628175785E-3));
#1544 = CARTESIAN_POINT('', (0.08341002020609267, 1.3828283915E-3));
#1545 = CARTESIAN_POINT('', (0.08266335096139626, 1.5113481432E-3));
#1546 = CARTESIAN_POINT('', (0.08191828660519056, 1.6483268245E-3));
#1547 = CARTESIAN_POINT('', (0.08117322224755683, 1.7853055061E-3));
#1548 = CARTESIAN_POINT('', (0.08042966640233268, 1.9307598448E-3));
#1549 = CARTESIAN_POINT('', (0.07968790712639655, 2.0846339257E-3));
#1550 = CARTESIAN_POINT('', (0.07894614784744818, 2.2385080073E-3));
#1551 = CARTESIAN_POINT('', (0.07820608962828969, 2.4008229031E-3));
#1552 = CARTESIAN_POINT('', (0.07746801888464147, 2.5715145498E-3));
#1553 = CARTESIAN_POINT('', (0.07672994814593269, 2.7422061954E-3));
#1554 = CARTESIAN_POINT('', (0.07599376943346438, 2.9212960142E-3));
#1555 = CARTESIAN_POINT('', (0.075259768108126, 3.1087156173E-3));
#1556 = CARTESIAN_POINT('', (0.07452576677568082, 3.2961352221E-3));
#1557 = CARTESIAN_POINT('', (0.07379384834737143, 3.4919098546E-3));
#1558 = CARTESIAN_POINT('', (0.07306429584085035, 3.6959618199E-3));
#1559 = CARTESIAN_POINT('', (0.07233474334359845, 3.9000137826E-3));
#1560 = CARTESIAN_POINT('', (0.07160746247754646, 4.1123691550E-3));
#1561 = CARTESIAN_POINT('', (0.07088273537897802, 4.3329472191E-3));
#1562 = CARTESIAN_POINT('', (0.0701580082686656, 4.5535252867E-3));
#1563 = CARTESIAN_POINT('', (0.06943574153344326, 4.7823550344E-3));
#1564 = CARTESIAN_POINT('', (0.06871621429396965, 5.0193457937E-3));
#1565 = CARTESIAN_POINT('', (0.0679966870673462, 5.2563365487E-3));
#1566 = CARTESIAN_POINT('', (0.06727980640654638, 5.5015189027E-3));
#1567 = CARTESIAN_POINT('', (0.06656585066834823, 5.7547998766E-3));
#1568 = CARTESIAN_POINT('', (0.06585189491764347, 6.0080808549E-3));
#1569 = CARTESIAN_POINT('', (0.06514077179217136, 6.2694927561E-3));
#1570 = CARTESIAN_POINT('', (0.0644327561452898, 6.5389327526E-3));
#1571 = CARTESIAN_POINT('', (0.06372474051095298, 6.8083727443E-3));
#1572 = CARTESIAN_POINT('', (0.06301974100651121, 7.0858758501E-3));
#1573 = CARTESIAN_POINT('', (0.06231803144940904, 7.3713364342E-3));
#1574 = CARTESIAN_POINT('', (0.061616321880920324, 7.6567970229E-3));
#1575 = CARTESIAN_POINT('', (0.060917811289922075, 7.9502509850E-3));
#1576 = CARTESIAN_POINT('', (0.060222769789212996, 8.2515836559E-3));
#1577 = CARTESIAN_POINT('', (0.05952772829884173, 8.5529163223E-3));
#1578 = CARTESIAN_POINT('', (0.058836066378018456, 8.8621671397E-3));
#1579 = CARTESIAN_POINT('', (0.058148052503488666, 9.1792175421E-3));
#1580 = CARTESIAN_POINT('', (0.057460038620697686, 9.4962679482E-3));
#1581 = CARTESIAN_POINT('', (0.05677558344932624, 9.8211577527E-3));
#1582 = CARTESIAN_POINT('', (0.056094951858527274, 0.010153760669943954));
#1583 = CARTESIAN_POINT('', (0.05541432027387303, 0.010486363584166188));
#1584 = CARTESIAN_POINT('', (0.05473742479659629, 0.01082672339244957));
#1585 = CARTESIAN_POINT('', (0.05406452780967182, 0.011174708589787096));
#1586 = CARTESIAN_POINT('', (0.053391630818897105, 0.011522693789115752));
#1587 = CARTESIAN_POINT('', (0.05272264492342099, 0.011878348303503082));
#1588 = CARTESIAN_POINT('', (0.0520578292544319, 0.01224153446157088));
#1589 = CARTESIAN_POINT('', (0.05139301358660179, 0.012604720619005527));
#1590 = CARTESIAN_POINT('', (0.05073228287941535, 0.012975486344336073));
#1591 = CARTESIAN_POINT('', (0.05007589275679854, 0.01335368743380519));
#1592 = CARTESIAN_POINT('', (0.049419502635341804, 0.013731888522605887));
#1593 = CARTESIAN_POINT('', (0.04876736792499044, 0.014117573081761755));
#1594 = CARTESIAN_POINT('', (0.04811974153561246, 0.014510592311440482));
#1595 = CARTESIAN_POINT('', (0.047472115142232825, 0.014903611543547657));
#1596 = CARTESIAN_POINT('', (0.0468289140930535, 0.015304017216911967));
#1597 = CARTESIAN_POINT('', (0.04619038671536899, 0.015711652900035223));
#1598 = CARTESIAN_POINT('', (0.045551859343637355, 0.016119288579358165));
#1599 = CARTESIAN_POINT('', (0.04491792292979953, 0.01653420650326618));
#1600 = CARTESIAN_POINT('', (0.04428882369000447, 0.01695624702027477));
#1601 = CARTESIAN_POINT('', (0.04365972444200687, 0.01737828754278615));
#1602 = CARTESIAN_POINT('', (0.043035381666530065, 0.017807505891585158));
#1603 = CARTESIAN_POINT('', (0.04241603602120396, 0.018243734086557016));
#1604 = CARTESIAN_POINT('', (0.0417966903854176, 0.01867996227480969));
#1605 = CARTESIAN_POINT('', (0.04118226180191723, 0.019123256511719373));
#1606 = CARTESIAN_POINT('', (0.040572989333256225, 0.01957344659126973));
#1607 = CARTESIAN_POINT('', (0.03996371685414676, 0.020023636678540437));
#1608 = CARTESIAN_POINT('', (0.03935952193864005, 0.020480780847328912));
#1609 = CARTESIAN_POINT('', (0.038760637399803774, 0.02094470042831237));
#1610 = CARTESIAN_POINT('', (0.03816175287190837, 0.021408620000820593));
#1611 = CARTESIAN_POINT('', (0.03756810143262936, 0.021879374968897955));
#1612 = CARTESIAN_POINT('', (0.036979914360430036, 0.022356784662563984));
#1613 = CARTESIAN_POINT('', (0.03639172727800722, 0.022834194364528035));
#1614 = CARTESIAN_POINT('', (0.03580892817474468, 0.02331831984765459));
#1615 = CARTESIAN_POINT('', (0.035231741861862995, 0.023808972502473158));
#1616 = CARTESIAN_POINT('', (0.03465455555875222, 0.024299625148985704));
#1617 = CARTESIAN_POINT('', (0.034082907752575345, 0.02479686861369012));
#1618 = CARTESIAN_POINT('', (0.033517021041260975, 0.02530051162018009));
#1619 = CARTESIAN_POINT('', (0.03295113432162002, 0.025804154634080773));
#1620 = CARTESIAN_POINT('', (0.03239093487560514, 0.02631426133972261));
#1621 = CARTESIAN_POINT('', (0.03183663909977882, 0.026830633548326117));
#1622 = CARTESIAN_POINT('', (0.031282343330955545, 0.02734700575040571));
#1623 = CARTESIAN_POINT('', (0.030733880158705686, 0.027869710668975516));
#1624 = CARTESIAN_POINT('', (0.030191462704732597, 0.02839854651878268));
#1625 = CARTESIAN_POINT('', (0.02964904524557304, 0.02892738237364645));
#1626 = CARTESIAN_POINT('', (0.029112602628492183, 0.029462416562271103));
#1627 = CARTESIAN_POINT('', (0.02858234243246015, 0.030003441687283493));
#1628 = CARTESIAN_POINT('', (0.028052082239657532, 0.030544466809000907));
#1629 = CARTESIAN_POINT('', (0.02752793675846782, 0.031091553459140997));
#1630 = CARTESIAN_POINT('', (0.027010108981978087, 0.03164448966549406));
#1631 = CARTESIAN_POINT('', (0.026492281204126993, 0.03219742587330078));
#1632 = CARTESIAN_POINT('', (0.025980703526268682, 0.0327562823308371));
#1633 = CARTESIAN_POINT('', (0.025475574322697436, 0.033320842819285726));
#1634 = CARTESIAN_POINT('', (0.02497044511829134, 0.033885403308667426));
#1635 = CARTESIAN_POINT('', (0.02447170008931314, 0.03445574153104601));
#1636 = CARTESIAN_POINT('', (0.02397953162375371, 0.03503163584498192));
#1637 = CARTESIAN_POINT('', (0.023487363160681007, 0.03560753015600808));
#1638 = CARTESIAN_POINT('', (0.023001707184882054, 0.036189054474259456));
#1639 = CARTESIAN_POINT('', (0.022522752495344668, 0.036775984162455394));
#1640 = CARTESIAN_POINT('', (0.022043797801350996, 0.03736291385611225));
#1641 = CARTESIAN_POINT('', (0.0215714834402785, 0.037955325400078));
#1642 = CARTESIAN_POINT('', (0.021105990924756783, 0.038552988166350055));
#1643 = CARTESIAN_POINT('', (0.020640498414908136, 0.039150650925338246));
#1644 = CARTESIAN_POINT('', (0.020181767374753582, 0.03975364188259905));
#1645 = CARTESIAN_POINT('', (0.01972997667503696, 0.040361728400996014));
#1646 = CARTESIAN_POINT('', (0.01927818596843597, 0.04096981492865896));
#1647 = CARTESIAN_POINT('', (0.01883327780659886, 0.04158307589936731));
#1648 = CARTESIAN_POINT('', (0.018395422788721118, 0.04220127251130843));
#1649 = CARTESIAN_POINT('', (0.0179575677783394, 0.04281946911266611));
#1650 = CARTESIAN_POINT('', (0.01752670931703015, 0.04344268115834037));
#1651 = CARTESIAN_POINT('', (0.017103015985647004, 0.04407066842651387));
#1652 = CARTESIAN_POINT('', (0.016679322646796956, 0.04469865570575461));
#1653 = CARTESIAN_POINT('', (0.016262739515688147, 0.04533149911296142));
#1654 = CARTESIAN_POINT('', (0.015853426467409126, 0.04596895255971862));
#1655 = CARTESIAN_POINT('', (0.015444113426541919, 0.046606405994932855));
#1656 = CARTESIAN_POINT('', (0.015042017773483652, 0.04724855189718469));
#1657 = CARTESIAN_POINT('', (0.014647297001281154, 0.04789514261741059));
#1658 = CARTESIAN_POINT('', (0.01425257622252826, 0.04854173334836668));
#1659 = CARTESIAN_POINT('', (0.013865178546556927, 0.04919285185937807));
#1660 = CARTESIAN_POINT('', (0.013485252999113595, 0.049848245363265244));
#1661 = CARTESIAN_POINT('', (0.013105327457526048, 0.05050363885705084));
#1662 = CARTESIAN_POINT('', (0.012732825437268582, 0.05116339223894232));
#1663 = CARTESIAN_POINT('', (0.012367892512233617, 0.05182725066441608));
#1664 = CARTESIAN_POINT('', (0.012002959582536053, 0.052491109098371694));
#1665 = CARTESIAN_POINT('', (0.011645547566562204, 0.05315915768829752));
#1666 = CARTESIAN_POINT('', (0.011295794363976592, 0.05383113742072458));
#1667 = CARTESIAN_POINT('', (0.010946041164926637, 0.054503117146358596));
#1668 = CARTESIAN_POINT('', (0.01060390240108618, 0.05517911518755968));
#1669 = CARTESIAN_POINT('', (0.010269511087919953, 0.05585886992390787));
#1670 = CARTESIAN_POINT('', (9.9351197725E-3, 0.05653862466489158));
#1671 = CARTESIAN_POINT('', (9.6084316963E-3, 0.05722222335083862));
#1672 = CARTESIAN_POINT('', (9.2895733760E-3, 0.057909401225397186));
#1673 = CARTESIAN_POINT('', (8.9707150566E-3, 0.058596579098001714));
#1674 = CARTESIAN_POINT('', (8.6596463718E-3, 0.05928742536409907));
#1675 = CARTESIAN_POINT('', (8.3564873563E-3, 0.059981672198993086));
#1676 = CARTESIAN_POINT('', (8.0533283409E-3, 0.06067591903341144));
#1677 = CARTESIAN_POINT('', (7.7580390347E-3, 0.061373655721132));
#1678 = CARTESIAN_POINT('', (7.4707343356E-3, 0.06207461225727855));
#1679 = CARTESIAN_POINT('', (7.1834296351E-3, 0.06277556879688853));
#1680 = CARTESIAN_POINT('', (6.9040735845E-3, 0.0634798361393267));
#1681 = CARTESIAN_POINT('', (6.6327730520E-3, 0.06418714094094968));
#1682 = CARTESIAN_POINT('', (6.3614725216E-3, 0.06489444573686057));
#1683 = CARTESIAN_POINT('', (6.0981919768E-3, 0.06560487913615441));
#1684 = CARTESIAN_POINT('', (5.8430344809E-3, 0.0663181663885178));
#1685 = CARTESIAN_POINT('', (5.5878769819E-3, 0.06703145364958972));
#1686 = CARTESIAN_POINT('', (5.3408105165E-3, 0.06774768716907394));
#1687 = CARTESIAN_POINT('', (5.1019288570E-3, 0.06846658884445003));
#1688 = CARTESIAN_POINT('', (4.8630472011E-3, 0.06918549050908354));
#1689 = CARTESIAN_POINT('', (4.6323193084E-3, 0.06990715310558238));
#1690 = CARTESIAN_POINT('', (4.4098362166E-3, 0.07063129765109774));
#1691 = CARTESIAN_POINT('', (4.1873531210E-3, 0.07135544220874922));
#1692 = CARTESIAN_POINT('', (3.9730863996E-3, 0.07208216227867931));
#1693 = CARTESIAN_POINT('', (3.7671170594E-3, 0.07281117578957944));
#1694 = CARTESIAN_POINT('', (3.5611477228E-3, 0.07354018928762363));
#1695 = CARTESIAN_POINT('', (3.3634492167E-3, 0.07427159038917985));
#1696 = CARTESIAN_POINT('', (3.1741001838E-3, 0.07500509634801625));
#1697 = CARTESIAN_POINT('', (2.9847511475E-3, 0.07573860231961438));
#1698 = CARTESIAN_POINT('', (2.8037265318E-3, 0.07647430767378535));
#1699 = CARTESIAN_POINT('', (2.6310949785E-3, 0.07721192709783399));
#1700 = CARTESIAN_POINT('', (2.4584634284E-3, 0.07794954650854104));
#1701 = CARTESIAN_POINT('', (2.2942029634E-3, 0.07868917531792505));
#1702 = CARTESIAN_POINT('', (2.1383790314E-3, 0.07943052742683451));
#1703 = CARTESIAN_POINT('', (1.9825550970E-3, 0.08017187954745388));
#1704 = CARTESIAN_POINT('', (1.8351464816E-3, 0.08091505043730582));
#1705 = CARTESIAN_POINT('', (1.6962093537E-3, 0.08165975208209394));
#1706 = CARTESIAN_POINT('', (1.5572722274E-3, 0.08240445371768793));
#1707 = CARTESIAN_POINT('', (1.4267893135E-3, 0.08315078239359439));
#1708 = CARTESIAN_POINT('', (1.3048122419E-3, 0.08389844919446461));
#1709 = CARTESIAN_POINT('', (1.1828351692E-3, 0.08464611600228536));
#1710 = CARTESIAN_POINT('', (1.0693469843E-3, 0.0853952172618033));
#1711 = CARTESIAN_POINT('', (9.6439131414E-4, 0.0861454628010049));
#1712 = CARTESIAN_POINT('', (8.5943564492E-4, 0.08689570833374946));
#1713 = CARTESIAN_POINT('', (7.6299994896E-4, 0.08764719515514631));
#1714 = CARTESIAN_POINT('', (6.7512167018E-4, 0.0883996321691373));
#1715 = CARTESIAN_POINT('', (5.8724339088E-4, 0.08915206918765883));
#1716 = CARTESIAN_POINT('', (5.0791012115E-4, 0.0899055534235669));
#1717 = CARTESIAN_POINT('', (4.3715279565E-4, 0.09065979308024372));
#1718 = CARTESIAN_POINT('', (3.6639547002E-4, 0.09141403273837535));
#1719 = CARTESIAN_POINT('', (3.0420614878E-4, 0.0921691253031761));
#1720 = CARTESIAN_POINT('', (2.5060802384E-4, 0.092924778201028));
#1721 = CARTESIAN_POINT('', (1.9700989932E-4, 0.09368043109297472));
#1722 = CARTESIAN_POINT('', (1.5199531683E-4, 0.094436741839979));
#1723 = CARTESIAN_POINT('', (1.1558260222E-4, 0.09519341757388008));
#1724 = CARTESIAN_POINT('', (7.9169887333E-5, 0.09595009331350188));
#1725 = CARTESIAN_POINT('', (5.1355527580E-5, 0.0967072317773757));
#1726 = CARTESIAN_POINT('', (3.2148464251E-5, 0.0974645396074261));
#1727 = CARTESIAN_POINT('', (1.0718602415E-5, 0.0983094892952945));
#1728 = CARTESIAN_POINT('', (0.0, 0.09915477860059793));
#1729 = CARTESIAN_POINT('', (0.0, 0.1));
#1730 = PCURVE('', #1731, #2012);
#1731 = (
    BOUNDED_SURFACE()
    B_SPLINE_SURFACE(3, 3, ((#1732, #1733, #1734, #1735, #1736, #1737, #1738, #1739, #1740, #1741, #1742, #1743, #1744, #1745, #1746, #1747, #1748, #1749, #1750, #1751, #1752, #1753, #1754, #1755, #1756, #1757, #1758, #1759, #1760, #1761, #1762, #1763, #1764, #1765, #1766, #1767, #1768, #1769, #1770, #1771), (#1772, #1773, #1774, #1775, #1776, #1777, #1778, #1779, #1780, #1781, #1782, #1783, #1784, #1785, #1786, #1787, #1788, #1789, #1790, #1791, #1792, #1793, #1794, #1795, #1796, #1797, #1798, #1799, #1800, #1801, #1802, #1803, #1804, #1805, #1806, #1807, #1808, #1809, #1810, #1811), (#1812, #1813, #1814, #1815, #1816, #1817, #1818, #1819, #1820, #1821, #1822, #1823, #1824, #1825, #1826, #1827, #1828, #1829, #1830, #1831, #1832, #1833, #1834, #1835, #1836, #1837, #1838, #1839, #1840, #1841, #1842, #1843, #1844, #1845, #1846, #1847, #1848, #1849, #1850, #1851), (#1852, #1853, #1854, #1855, #1856, #1857, #1858, #1859, #1860, #1861, #1862, #1863, #1864, #1865, #1866, #1867, #1868, #1869, #1870, #1871, #1872, #1873, #1874, #1875, #1876, #1877, #1878, #1879, #1880, #1881, #1882, #1883, #1884, #1885, #1886, #1887, #1888, #1889, #1890, #1891), (#1892, #1893, #1894, #1895, #1896, #1897, #1898, #1899, #1900, #1901, #1902, #1903, #1904, #1905, #1906, #1907, #1908, #1909, #1910, #1911, #1912, #1913, #1914, #1915, #1916, #1917, #1918, #1919, #1920, #1921, #1922, #1923, #1924, #1925, #1926, #1927, #1928, #1929, #1930, #1931), (#1932, #1933, #1934, #1935, #1936, #1937, #1938, #1939, #1940, #1941, #1942, #1943, #1944, #1945, #1946, #1947, #1948, #1949, #1950, #1951, #1952, #1953, #1954, #1955, #1956, #1957, #1958, #1959, #1960, #1961, #1962, #1963, #1964, #1965, #1966, #1967, #1968, #1969, #1970, #1971), (#1972, #1973, #1974, #1975, #1976, #1977, #1978, #1979, #1980, #1981, #1982, #1983, #1984, #1985, #1986, #1987, #1988, #1989, #1990, #1991, #1992, #1993, #1994, #1995, #1996, #1997, #1998, #1999, #2000, #2001, #2002, #2003, #2004, #2005, #2006, #2007, #2008, #2009, #2010, #2011)), .UNSPECIFIED., .U., .U., .U.)
    B_SPLINE_SURFACE_WITH_KNOTS((4, 3, 4), (4, 1, 1, 1, 1, 1, 1, 1, 1, 1, 1, 1, 1, 1, 1, 1, 1, 1, 1, 1, 1, 1, 1, 1, 1, 1, 1, 1, 1, 1, 1, 1, 1, 1, 1, 1, 1, 4), (5.0, 14.999999999999998, 15.000159999999997), (0.0, 0.02702702702702703, 0.05405405405405406, 0.08108108108108109, 0.10810810810810811, 0.13513513513513514, 0.16216216216216217, 0.1891891891891892, 0.21621621621621623, 0.24324324324324326, 0.2702702702702703, 0.2972972972972973, 0.32432432432432434, 0.35135135135135137, 0.3783783783783784, 0.40540540540540543, 0.43243243243243246, 0.4594594594594595, 0.4864864864864865, 0.5135135135135136, 0.5405405405405406, 0.5675675675675675, 0.5945945945945946, 0.6216216216216217, 0.6486486486486487, 0.6756756756756757, 0.7027027027027027, 0.7297297297297298, 0.7567567567567568, 0.7837837837837838, 0.8108108108108109, 0.8378378378378379, 0.8648648648648649, 0.8918918918918919, 0.918918918918919, 0.945945945945946, 0.972972972972973, 1.0), .UNSPECIFIED.)
    GEOMETRIC_REPRESENTATION_ITEM()
    RATIONAL_B_SPLINE_SURFACE(((1.0, 1.0, 1.0, 1.0, 1.0, 1.0, 1.0, 1.0, 1.0, 1.0, 1.0, 1.0, 1.0, 1.0, 1.0, 1.0, 1.0, 1.0, 1.0, 1.0, 1.0, 1.0, 1.0, 1.0, 1.0, 1.0, 1.0, 1.0, 1.0, 1.0, 1.0, 1.0, 1.0, 1.0, 1.0, 1.0, 1.0, 1.0, 1.0, 1.0), (1.0, 1.0, 1.0, 1.0, 1.0, 1.0, 1.0, 1.0, 1.0, 1.0, 1.0, 1.0, 1.0, 1.0, 1.0, 1.0, 1.0, 1.0, 1.0, 1.0, 1.0, 1.0, 1.0, 1.0, 1.0, 1.0, 1.0, 1.0, 1.0, 1.0, 1.0, 1.0, 1.0, 1.0, 1.0, 1.0, 1.0, 1.0, 1.0, 1.0), (1.0, 1.0, 1.0, 1.0, 1.0, 1.0, 1.0, 1.0, 1.0, 1.0, 1.0, 1.0, 1.0, 1.0, 1.0, 1.0, 1.0, 1.0, 1.0, 1.0, 1.0, 1.0, 1.0, 1.0, 1.0, 1.0, 1.0, 1.0, 1.0, 1.0, 1.0, 1.0, 1.0, 1.0, 1.0, 1.0, 1.0, 1.0, 1.0, 1.0), (1.0, 1.0, 1.0, 1.0, 1.0, 1.0, 1.0, 1.0, 1.0, 1.0, 1.0, 1.0, 1.0, 1.0, 1.0, 1.0, 1.0, 1.0, 1.0, 1.0, 1.0, 1.0, 1.0, 1.0, 1.0, 1.0, 1.0, 1.0, 1.0, 1.0, 1.0, 1.0, 1.0, 1.0, 1.0, 1.0, 1.0, 1.0, 1.0, 1.0), (1.0, 1.0, 1.0, 1.0, 1.0, 1.0, 1.0, 1.0, 1.0, 1.0, 1.0, 1.0, 1.0, 1.0, 1.0, 1.0, 1.0, 1.0, 1.0, 1.0, 1.0, 1.0, 1.0, 1.0, 1.0, 1.0, 1.0, 1.0, 1.0, 1.0, 1.0, 1.0, 1.0, 1.0, 1.0, 1.0, 1.0, 1.0, 1.0, 1.0), (1.0, 1.0, 1.0, 1.0, 1.0, 1.0, 1.0, 1.0, 1.0, 1.0, 1.0, 1.0, 1.0, 1.0, 1.0, 1.0, 1.0, 1.0, 1.0, 1.0, 1.0, 1.0, 1.0, 1.0, 1.0, 1.0, 1.0, 1.0, 1.0, 1.0, 1.0, 1.0, 1.0, 1.0, 1.0, 1.0, 1.0, 1.0, 1.0, 1.0), (1.0, 1.0, 1.0, 1.0, 1.0, 1.0, 1.0, 1.0, 1.0, 1.0, 1.0, 1.0, 1.0, 1.0, 1.0, 1.0, 1.0, 1.0, 1.0, 1.0, 1.0, 1.0, 1.0, 1.0, 1.0, 1.0, 1.0, 1.0, 1.0, 1.0, 1.0, 1.0, 1.0, 1.0, 1.0, 1.0, 1.0, 1.0, 1.0, 1.0)))
    REPRESENTATION_ITEM('')
    SURFACE()
);
#1732 = CARTESIAN_POINT('', (1.0, 0.0, 0.0));
#1733 = CARTESIAN_POINT('', (0.9858486817405863, 9.9261673506E-24, -7.6482030585E-16));
#1734 = CARTESIAN_POINT('', (0.9575460459450713, 6.0086161170E-4, -6.1679056924E-16));
#1735 = CARTESIAN_POINT('', (0.9151685964129554, 3.3031561841E-3, -6.9080543754E-16));
#1736 = CARTESIAN_POINT('', (0.8729440191387748, 7.8015578851E-3, -1.7270135939E-16));
#1737 = CARTESIAN_POINT('', (0.8309484051630708, 0.014087972356768777, -3.2073109600E-16));
#1738 = CARTESIAN_POINT('', (0.7892574336779887, 0.02215106475284041, -4.6876083262E-16));
#1739 = CARTESIAN_POINT('', (0.7479462344826288, 0.031976308142339795, -7.6482030585E-16));
#1740 = CARTESIAN_POINT('', (0.7070892532388797, 0.0435459950580164, -3.2073109600E-16));
#1741 = CARTESIAN_POINT('', (0.6667601169508406, 0.056839277088437744, 1.2335811385E-16));
#1742 = CARTESIAN_POINT('', (0.627031501472716, 0.07183219833132577, -6.1679056924E-16));
#1743 = CARTESIAN_POINT('', (0.5879750004178573, 0.08849774073872549, -7.6482030585E-16));
#1744 = CARTESIAN_POINT('', (0.5496609962563302, 0.10680587176784896, -3.2073109600E-16));
#1745 = CARTESIAN_POINT('', (0.5121585334271656, 0.12672359903693564, -5.4277570093E-16));
#1746 = CARTESIAN_POINT('', (0.47553519390664484, 0.1482150294110058, -6.9080543754E-16));
#1747 = CARTESIAN_POINT('', (0.4398569754182269, 0.17124143388092072, -9.8686491078E-17));
#1748 = CARTESIAN_POINT('', (0.40518817249077044, 0.19576131725617943, -6.1679056924E-16));
#1749 = CARTESIAN_POINT('', (0.3715912606869128, 0.22173049311334797, -2.4671622769E-16));
#1750 = CARTESIAN_POINT('', (0.3391267839186851, 0.2491021632405518, -2.4671622769E-17));
#1751 = CARTESIAN_POINT('', (0.3078532453723586, 0.27782700204140226, -3.2073109600E-16));
#1752 = CARTESIAN_POINT('', (0.27782700204140276, 0.3078532453723594, -1.7270135939E-16));
#1753 = CARTESIAN_POINT('', (0.24910216324055098, 0.339126783918684, -6.1679056924E-16));
#1754 = CARTESIAN_POINT('', (0.2217304931133485, 0.3715912606869136, -2.4671622769E-17));
#1755 = CARTESIAN_POINT('', (0.19576131725617907, 0.4051881724907695, -6.1679056924E-16));
#1756 = CARTESIAN_POINT('', (0.17124143388092142, 0.43985697541822805, 4.9343245539E-17));
#1757 = CARTESIAN_POINT('', (0.14821502941100517, 0.47553519390664384, -2.4671622769E-16));
#1758 = CARTESIAN_POINT('', (0.12672359903693622, 0.5121585334271672, -3.9474596431E-16));
#1759 = CARTESIAN_POINT('', (0.10680587176784853, 0.5496609962563289, -6.1679056924E-16));
#1760 = CARTESIAN_POINT('', (0.08849774073872574, 0.5879750004178589, -2.4671622769E-17));
#1761 = CARTESIAN_POINT('', (0.07183219833132541, 0.6270315014727151, 4.9343245539E-17));
#1762 = CARTESIAN_POINT('', (0.05683927708843772, 0.6667601169508389, -1.7270135939E-16));
#1763 = CARTESIAN_POINT('', (0.04354599505801641, 0.7070892532388809, -9.1285004247E-16));
#1764 = CARTESIAN_POINT('', (0.03197630814233981, 0.7479462344826278, -2.4671622769E-16));
#1765 = CARTESIAN_POINT('', (0.02215106475284027, 0.7892574336779897, -6.1679056924E-16));
#1766 = CARTESIAN_POINT('', (0.014087972356768945, 0.8309484051630714, -2.4671622769E-16));
#1767 = CARTESIAN_POINT('', (7.8015578851E-3, 0.8729440191387746, -2.4671622769E-17));
#1768 = CARTESIAN_POINT('', (3.3031561841E-3, 0.9151685964129543, -5.4277570093E-16));
#1769 = CARTESIAN_POINT('', (6.0086161170E-4, 0.9575460459450743, -9.8686491078E-17));
#1770 = CARTESIAN_POINT('', (8.6649650707E-19, 0.9858486817405864, -1.7270135939E-16));
#1771 = CARTESIAN_POINT('', (0.0, 0.9999999999999998, 0.0));
#1772 = CARTESIAN_POINT('', (1.0, 0.0, 3.3333333333333326));
#1773 = CARTESIAN_POINT('', (0.9858486817405859, 9.9261673506E-24, 3.333333333333332));
#1774 = CARTESIAN_POINT('', (0.9575460459450714, 6.0086161170E-4, 3.3333333333333313));
#1775 = CARTESIAN_POINT('', (0.9151685964129551, 3.3031561841E-3, 3.3333333333333224));
#1776 = CARTESIAN_POINT('', (0.8729440191387748, 7.8015578851E-3, 3.333333333333342));
#1777 = CARTESIAN_POINT('', (0.8309484051630704, 0.014087972356768778, 3.333333333333316));
#1778 = CARTESIAN_POINT('', (0.7892574336779887, 0.02215106475284041, 3.3333333333333384));
#1779 = CARTESIAN_POINT('', (0.7479462344826284, 0.031976308142339795, 3.333333333333324));
#1780 = CARTESIAN_POINT('', (0.7070892532388794, 0.0435459950580164, 3.3333333333333375));
#1781 = CARTESIAN_POINT('', (0.6667601169508405, 0.05683927708843775, 3.333333333333339));
#1782 = CARTESIAN_POINT('', (0.6270315014727158, 0.07183219833132577, 3.33333333333333));
#1783 = CARTESIAN_POINT('', (0.5879750004178572, 0.08849774073872549, 3.333333333333335));
#1784 = CARTESIAN_POINT('', (0.5496609962563301, 0.10680587176784898, 3.333333333333331));
#1785 = CARTESIAN_POINT('', (0.5121585334271653, 0.12672359903693564, 3.333333333333336));
#1786 = CARTESIAN_POINT('', (0.47553519390664467, 0.1482150294110058, 3.3333333333333264));
#1787 = CARTESIAN_POINT('', (0.43985697541822666, 0.17124143388092072, 3.333333333333336));
#1788 = CARTESIAN_POINT('', (0.40518817249077027, 0.19576131725617943, 3.3333333333333286));
#1789 = CARTESIAN_POINT('', (0.3715912606869125, 0.22173049311334797, 3.333333333333329));
#1790 = CARTESIAN_POINT('', (0.3391267839186849, 0.24910216324055176, 3.333333333333345));
#1791 = CARTESIAN_POINT('', (0.3078532453723584, 0.27782700204140226, 3.333333333333316));
#1792 = CARTESIAN_POINT('', (0.27782700204140254, 0.3078532453723595, 3.3333333333333446));
#1793 = CARTESIAN_POINT('', (0.24910216324055084, 0.339126783918684, 3.333333333333318));
#1794 = CARTESIAN_POINT('', (0.2217304931133483, 0.3715912606869136, 3.3333333333333464));
#1795 = CARTESIAN_POINT('', (0.19576131725617887, 0.4051881724907695, 3.333333333333318));
#1796 = CARTESIAN_POINT('', (0.1712414338809212, 0.4398569754182281, 3.3333333333333433));
#1797 = CARTESIAN_POINT('', (0.14821502941100503, 0.47553519390664384, 3.333333333333321));
#1798 = CARTESIAN_POINT('', (0.126723599036936, 0.5121585334271672, 3.333333333333342));
#1799 = CARTESIAN_POINT('', (0.10680587176784834, 0.5496609962563289, 3.333333333333322));
#1800 = CARTESIAN_POINT('', (0.08849774073872554, 0.5879750004178589, 3.3333333333333397));
#1801 = CARTESIAN_POINT('', (0.07183219833132523, 0.6270315014727151, 3.333333333333326));
#1802 = CARTESIAN_POINT('', (0.05683927708843752, 0.6667601169508389, 3.333333333333334));
#1803 = CARTESIAN_POINT('', (0.043545995058016214, 0.7070892532388809, 3.3333333333333344));
#1804 = CARTESIAN_POINT('', (0.03197630814233961, 0.7479462344826278, 3.333333333333325));
#1805 = CARTESIAN_POINT('', (0.022151064752840073, 0.7892574336779897, 3.333333333333342));
#1806 = CARTESIAN_POINT('', (0.014087972356768749, 0.8309484051630714, 3.3333333333333184));
#1807 = CARTESIAN_POINT('', (7.8015578851E-3, 0.8729440191387746, 3.3333333333333437));
#1808 = CARTESIAN_POINT('', (3.3031561841E-3, 0.9151685964129544, 3.333333333333319));
#1809 = CARTESIAN_POINT('', (6.0086161170E-4, 0.9575460459450744, 3.333333333333348));
#1810 = CARTESIAN_POINT('', (-1.9650648638E-16, 0.9858486817405864, 3.3333333333333326));
#1811 = CARTESIAN_POINT('', (0.0, 0.9999999999999998, 3.3333333333333326));
#1812 = CARTESIAN_POINT('', (1.0, 0.0, 6.666666666666668));
#1813 = CARTESIAN_POINT('', (0.9858486817405858, 9.9261673506E-24, 6.666666666666666));
#1814 = CARTESIAN_POINT('', (0.9575460459450716, 6.0086161170E-4, 6.666666666666661));
#1815 = CARTESIAN_POINT('', (0.9151685964129547, 3.3031561841E-3, 6.6666666666666465));
#1816 = CARTESIAN_POINT('', (0.8729440191387748, 7.8015578851E-3, 6.666666666666683));
#1817 = CARTESIAN_POINT('', (0.8309484051630701, 0.014087972356768784, 6.666666666666633));
#1818 = CARTESIAN_POINT('', (0.7892574336779888, 0.022151064752840417, 6.666666666666677));
#1819 = CARTESIAN_POINT('', (0.7479462344826281, 0.0319763081423398, 6.666666666666651));
#1820 = CARTESIAN_POINT('', (0.707089253238879, 0.043545995058016415, 6.666666666666676));
#1821 = CARTESIAN_POINT('', (0.6667601169508405, 0.056839277088437765, 6.666666666666683));
#1822 = CARTESIAN_POINT('', (0.6270315014727156, 0.07183219833132579, 6.666666666666658));
#1823 = CARTESIAN_POINT('', (0.5879750004178571, 0.08849774073872552, 6.666666666666675));
#1824 = CARTESIAN_POINT('', (0.54966099625633, 0.106805871767849, 6.666666666666659));
#1825 = CARTESIAN_POINT('', (0.512158533427165, 0.12672359903693567, 6.6666666666666785));
#1826 = CARTESIAN_POINT('', (0.4755351939066445, 0.14821502941100584, 6.666666666666649));
#1827 = CARTESIAN_POINT('', (0.43985697541822627, 0.17124143388092078, 6.66666666666668));
#1828 = CARTESIAN_POINT('', (0.4051881724907701, 0.19576131725617948, 6.6666666666666545));
#1829 = CARTESIAN_POINT('', (0.3715912606869121, 0.22173049311334803, 6.666666666666663));
#1830 = CARTESIAN_POINT('', (0.33912678391868456, 0.24910216324055184, 6.666666666666691));
#1831 = CARTESIAN_POINT('', (0.30785324537235814, 0.2778270020414023, 6.666666666666627));
#1832 = CARTESIAN_POINT('', (0.27782700204140215, 0.30785324537235953, 6.666666666666698));
#1833 = CARTESIAN_POINT('', (0.2491021632405506, 0.33912678391868406, 6.666666666666628));
#1834 = CARTESIAN_POINT('', (0.22173049311334792, 0.3715912606869137, 6.6666666666667));
#1835 = CARTESIAN_POINT('', (0.19576131725617854, 0.4051881724907696, 6.666666666666635));
#1836 = CARTESIAN_POINT('', (0.17124143388092083, 0.43985697541822827, 6.666666666666688));
#1837 = CARTESIAN_POINT('', (0.14821502941100476, 0.47553519390664395, 6.666666666666644));
#1838 = CARTESIAN_POINT('', (0.1267235990369356, 0.5121585334271673, 6.6666666666666865));
#1839 = CARTESIAN_POINT('', (0.10680587176784799, 0.549660996256329, 6.666666666666645));
#1840 = CARTESIAN_POINT('', (0.08849774073872517, 0.587975000417859, 6.666666666666684));
#1841 = CARTESIAN_POINT('', (0.07183219833132487, 0.6270315014727152, 6.66666666666665));
#1842 = CARTESIAN_POINT('', (0.056839277088437126, 0.666760116950839, 6.666666666666675));
#1843 = CARTESIAN_POINT('', (0.04354599505801584, 0.707089253238881, 6.666666666666666));
#1844 = CARTESIAN_POINT('', (0.03197630814233921, 0.747946234482628, 6.666666666666652));
#1845 = CARTESIAN_POINT('', (0.02215106475283968, 0.7892574336779898, 6.666666666666688));
#1846 = CARTESIAN_POINT('', (0.014087972356768362, 0.8309484051630716, 6.666666666666634));
#1847 = CARTESIAN_POINT('', (7.8015578851E-3, 0.8729440191387748, 6.666666666666697));
#1848 = CARTESIAN_POINT('', (3.3031561841E-3, 0.9151685964129547, 6.666666666666634));
#1849 = CARTESIAN_POINT('', (6.0086161170E-4, 0.9575460459450746, 6.666666666666704));
#1850 = CARTESIAN_POINT('', (-5.9125245217E-16, 0.9858486817405866, 6.666666666666666));
#1851 = CARTESIAN_POINT('', (0.0, 0.9999999999999998, 6.666666666666668));
#1852 = CARTESIAN_POINT('', (1.0, 0.0, 10.0));
#1853 = CARTESIAN_POINT('', (0.9858486817405865, 9.9261673506E-24, 10.0));
#1854 = CARTESIAN_POINT('', (0.9575460459450716, 6.0086161170E-4, 9.99999999999999));
#1855 = CARTESIAN_POINT('', (0.9151685964129557, 3.3031561841E-3, 9.99999999999998));
#1856 = CARTESIAN_POINT('', (0.872944019138775, 7.8015578851E-3, 10.000000000000018));
#1857 = CARTESIAN_POINT('', (0.8309484051630711, 0.014087972356768782, 9.999999999999966));
#1858 = CARTESIAN_POINT('', (0.789257433677989, 0.022151064752840417, 10.00000000000001));
#1859 = CARTESIAN_POINT('', (0.7479462344826289, 0.0319763081423398, 9.999999999999988));
#1860 = CARTESIAN_POINT('', (0.70708925323888, 0.04354599505801641, 10.000000000000009));
#1861 = CARTESIAN_POINT('', (0.6667601169508408, 0.056839277088437765, 10.000000000000016));
#1862 = CARTESIAN_POINT('', (0.6270315014727164, 0.07183219833132579, 9.999999999999998));
#1863 = CARTESIAN_POINT('', (0.5879750004178576, 0.08849774073872552, 9.999999999999998));
#1864 = CARTESIAN_POINT('', (0.5496609962563305, 0.106805871767849, 10.000000000000002));
#1865 = CARTESIAN_POINT('', (0.5121585334271657, 0.12672359903693567, 10.0));
#1866 = CARTESIAN_POINT('', (0.47553519390664506, 0.14821502941100587, 9.999999999999995));
#1867 = CARTESIAN_POINT('', (0.43985697541822694, 0.17124143388092078, 10.000000000000004));
#1868 = CARTESIAN_POINT('', (0.4051881724907705, 0.19576131725617948, 9.999999999999988));
#1869 = CARTESIAN_POINT('', (0.37159126068691284, 0.22173049311334805, 9.999999999999993));
#1870 = CARTESIAN_POINT('', (0.33912678391868517, 0.24910216324055184, 10.000000000000036));
#1871 = CARTESIAN_POINT('', (0.30785324537235864, 0.2778270020414023, 9.999999999999961));
#1872 = CARTESIAN_POINT('', (0.2778270020414028, 0.30785324537235953, 10.00000000000003));
#1873 = CARTESIAN_POINT('', (0.24910216324055112, 0.3391267839186841, 9.999999999999964));
#1874 = CARTESIAN_POINT('', (0.22173049311334858, 0.37159126068691367, 10.000000000000036));
#1875 = CARTESIAN_POINT('', (0.1957613172561791, 0.4051881724907696, 9.999999999999964));
#1876 = CARTESIAN_POINT('', (0.1712414338809215, 0.4398569754182283, 10.000000000000025));
#1877 = CARTESIAN_POINT('', (0.14821502941100523, 0.47553519390664395, 9.99999999999998));
#1878 = CARTESIAN_POINT('', (0.12672359903693625, 0.5121585334271673, 10.000000000000018));
#1879 = CARTESIAN_POINT('', (0.10680587176784857, 0.549660996256329, 9.999999999999984));
#1880 = CARTESIAN_POINT('', (0.08849774073872578, 0.587975000417859, 10.000000000000016));
#1881 = CARTESIAN_POINT('', (0.07183219833132544, 0.6270315014727152, 9.999999999999988));
#1882 = CARTESIAN_POINT('', (0.05683927708843773, 0.6667601169508389, 10.0));
#1883 = CARTESIAN_POINT('', (0.04354599505801642, 0.707089253238881, 10.000000000000007));
#1884 = CARTESIAN_POINT('', (0.03197630814233981, 0.747946234482628, 9.999999999999982));
#1885 = CARTESIAN_POINT('', (0.022151064752840278, 0.7892574336779898, 10.000000000000027));
#1886 = CARTESIAN_POINT('', (0.01408797235676895, 0.8309484051630716, 9.999999999999963));
#1887 = CARTESIAN_POINT('', (7.8015578851E-3, 0.8729440191387748, 10.000000000000028));
#1888 = CARTESIAN_POINT('', (3.3031561841E-3, 0.9151685964129547, 9.999999999999964));
#1889 = CARTESIAN_POINT('', (6.0086161170E-4, 0.9575460459450746, 10.000000000000046));
#1890 = CARTESIAN_POINT('', (8.6649650707E-19, 0.9858486817405866, 10.0));
#1891 = CARTESIAN_POINT('', (0.0, 0.9999999999999998, 10.0));
#1892 = CARTESIAN_POINT('', (1.0, 0.0, 10.000053333333334));
#1893 = CARTESIAN_POINT('', (0.9858486817405865, 9.9261673506E-24, 10.000053333333334));
#1894 = CARTESIAN_POINT('', (0.9575460459450716, 6.0086161170E-4, 10.000053333333323));
#1895 = CARTESIAN_POINT('', (0.9151685964129557, 3.3031561841E-3, 10.000053333333314));
#1896 = CARTESIAN_POINT('', (0.8729440191387751, 7.8015578851E-3, 10.000053333333351));
#1897 = CARTESIAN_POINT('', (0.8309484051630712, 0.014087972356768784, 10.0000533333333));
#1898 = CARTESIAN_POINT('', (0.7892574336779891, 0.022151064752840417, 10.000053333333344));
#1899 = CARTESIAN_POINT('', (0.7479462344826289, 0.0319763081423398, 10.000053333333321));
#1900 = CARTESIAN_POINT('', (0.70708925323888, 0.043545995058016415, 10.000053333333343));
#1901 = CARTESIAN_POINT('', (0.6667601169508408, 0.056839277088437765, 10.00005333333335));
#1902 = CARTESIAN_POINT('', (0.6270315014727165, 0.07183219833132579, 10.000053333333332));
#1903 = CARTESIAN_POINT('', (0.5879750004178576, 0.08849774073872553, 10.000053333333332));
#1904 = CARTESIAN_POINT('', (0.5496609962563305, 0.10680587176784902, 10.000053333333335));
#1905 = CARTESIAN_POINT('', (0.5121585334271657, 0.12672359903693567, 10.000053333333334));
#1906 = CARTESIAN_POINT('', (0.47553519390664506, 0.14821502941100587, 10.000053333333328));
#1907 = CARTESIAN_POINT('', (0.43985697541822694, 0.17124143388092078, 10.000053333333337));
#1908 = CARTESIAN_POINT('', (0.4051881724907705, 0.1957613172561795, 10.000053333333321));
#1909 = CARTESIAN_POINT('', (0.37159126068691284, 0.22173049311334805, 10.000053333333327));
#1910 = CARTESIAN_POINT('', (0.33912678391868517, 0.24910216324055187, 10.00005333333337));
#1911 = CARTESIAN_POINT('', (0.3078532453723587, 0.2778270020414023, 10.000053333333295));
#1912 = CARTESIAN_POINT('', (0.2778270020414028, 0.3078532453723596, 10.000053333333364));
#1913 = CARTESIAN_POINT('', (0.24910216324055115, 0.3391267839186841, 10.000053333333298));
#1914 = CARTESIAN_POINT('', (0.22173049311334858, 0.37159126068691367, 10.00005333333337));
#1915 = CARTESIAN_POINT('', (0.19576131725617912, 0.4051881724907696, 10.000053333333298));
#1916 = CARTESIAN_POINT('', (0.1712414338809215, 0.4398569754182283, 10.000053333333359));
#1917 = CARTESIAN_POINT('', (0.14821502941100523, 0.47553519390664395, 10.000053333333314));
#1918 = CARTESIAN_POINT('', (0.12672359903693625, 0.5121585334271673, 10.000053333333351));
#1919 = CARTESIAN_POINT('', (0.10680587176784859, 0.549660996256329, 10.000053333333318));
#1920 = CARTESIAN_POINT('', (0.0884977407387258, 0.587975000417859, 10.00005333333335));
#1921 = CARTESIAN_POINT('', (0.07183219833132544, 0.6270315014727154, 10.000053333333321));
#1922 = CARTESIAN_POINT('', (0.05683927708843773, 0.6667601169508389, 10.000053333333334));
#1923 = CARTESIAN_POINT('', (0.04354599505801643, 0.707089253238881, 10.00005333333334));
#1924 = CARTESIAN_POINT('', (0.03197630814233981, 0.747946234482628, 10.000053333333316));
#1925 = CARTESIAN_POINT('', (0.022151064752840278, 0.78925743367799, 10.00005333333336));
#1926 = CARTESIAN_POINT('', (0.014087972356768952, 0.8309484051630717, 10.000053333333296));
#1927 = CARTESIAN_POINT('', (7.8015578851E-3, 0.872944019138775, 10.000053333333362));
#1928 = CARTESIAN_POINT('', (3.3031561841E-3, 0.9151685964129547, 10.000053333333298));
#1929 = CARTESIAN_POINT('', (6.0086161170E-4, 0.9575460459450746, 10.00005333333338));
#1930 = CARTESIAN_POINT('', (8.7597041025E-19, 0.9858486817405866, 10.000053333333334));
#1931 = CARTESIAN_POINT('', (0.0, 0.9999999999999998, 10.000053333333334));
#1932 = CARTESIAN_POINT('', (1.0, 0.0, 10.000106666666667));
#1933 = CARTESIAN_POINT('', (0.9858486817405865, 9.9261673506E-24, 10.000106666666667));
#1934 = CARTESIAN_POINT('', (0.9575460459450716, 6.0086161170E-4, 10.000106666666657));
#1935 = CARTESIAN_POINT('', (0.9151685964129557, 3.3031561841E-3, 10.000106666666648));
#1936 = CARTESIAN_POINT('', (0.8729440191387752, 7.8015578851E-3, 10.000106666666685));
#1937 = CARTESIAN_POINT('', (0.8309484051630713, 0.014087972356768785, 10.000106666666634));
#1938 = CARTESIAN_POINT('', (0.7892574336779892, 0.022151064752840417, 10.000106666666678));
#1939 = CARTESIAN_POINT('', (0.7479462344826289, 0.0319763081423398, 10.000106666666655));
#1940 = CARTESIAN_POINT('', (0.70708925323888, 0.04354599505801642, 10.000106666666676));
#1941 = CARTESIAN_POINT('', (0.6667601169508408, 0.056839277088437765, 10.000106666666683));
#1942 = CARTESIAN_POINT('', (0.6270315014727166, 0.07183219833132579, 10.000106666666666));
#1943 = CARTESIAN_POINT('', (0.5879750004178576, 0.08849774073872554, 10.000106666666666));
#1944 = CARTESIAN_POINT('', (0.5496609962563305, 0.10680587176784903, 10.00010666666667));
#1945 = CARTESIAN_POINT('', (0.5121585334271657, 0.12672359903693567, 10.000106666666667));
#1946 = CARTESIAN_POINT('', (0.47553519390664506, 0.14821502941100587, 10.000106666666662));
#1947 = CARTESIAN_POINT('', (0.43985697541822694, 0.17124143388092078, 10.000106666666671));
#1948 = CARTESIAN_POINT('', (0.4051881724907705, 0.19576131725617954, 10.000106666666655));
#1949 = CARTESIAN_POINT('', (0.37159126068691284, 0.22173049311334805, 10.00010666666666));
#1950 = CARTESIAN_POINT('', (0.33912678391868517, 0.2491021632405519, 10.000106666666703));
#1951 = CARTESIAN_POINT('', (0.30785324537235875, 0.2778270020414023, 10.000106666666628));
#1952 = CARTESIAN_POINT('', (0.2778270020414028, 0.30785324537235964, 10.000106666666698));
#1953 = CARTESIAN_POINT('', (0.24910216324055118, 0.3391267839186841, 10.000106666666632));
#1954 = CARTESIAN_POINT('', (0.22173049311334858, 0.37159126068691367, 10.000106666666703));
#1955 = CARTESIAN_POINT('', (0.19576131725617915, 0.4051881724907696, 10.000106666666632));
#1956 = CARTESIAN_POINT('', (0.1712414338809215, 0.4398569754182283, 10.000106666666692));
#1957 = CARTESIAN_POINT('', (0.14821502941100523, 0.47553519390664395, 10.000106666666648));
#1958 = CARTESIAN_POINT('', (0.12672359903693625, 0.5121585334271673, 10.000106666666685));
#1959 = CARTESIAN_POINT('', (0.1068058717678486, 0.549660996256329, 10.000106666666651));
#1960 = CARTESIAN_POINT('', (0.08849774073872581, 0.587975000417859, 10.000106666666683));
#1961 = CARTESIAN_POINT('', (0.07183219833132544, 0.6270315014727155, 10.000106666666655));
#1962 = CARTESIAN_POINT('', (0.05683927708843773, 0.6667601169508389, 10.000106666666667));
#1963 = CARTESIAN_POINT('', (0.043545995058016436, 0.707089253238881, 10.000106666666674));
#1964 = CARTESIAN_POINT('', (0.03197630814233981, 0.747946234482628, 10.00010666666665));
#1965 = CARTESIAN_POINT('', (0.022151064752840278, 0.7892574336779901, 10.000106666666694));
#1966 = CARTESIAN_POINT('', (0.014087972356768954, 0.8309484051630718, 10.00010666666663));
#1967 = CARTESIAN_POINT('', (7.8015578851E-3, 0.8729440191387751, 10.000106666666696));
#1968 = CARTESIAN_POINT('', (3.3031561841E-3, 0.9151685964129547, 10.000106666666632));
#1969 = CARTESIAN_POINT('', (6.0086161170E-4, 0.9575460459450746, 10.000106666666714));
#1970 = CARTESIAN_POINT('', (8.8544456606E-19, 0.9858486817405866, 10.000106666666667));
#1971 = CARTESIAN_POINT('', (0.0, 0.9999999999999998, 10.000106666666667));
#1972 = CARTESIAN_POINT('', (1.0, 0.0, 10.000160000000001));
#1973 = CARTESIAN_POINT('', (0.9858486817405865, 9.9261673506E-24, 10.000160000000001));
#1974 = CARTESIAN_POINT('', (0.9575460459450716, 6.0086161170E-4, 10.00015999999999));
#1975 = CARTESIAN_POINT('', (0.9151685964129557, 3.3031561841E-3, 10.000159999999982));
#1976 = CARTESIAN_POINT('', (0.8729440191387753, 7.8015578851E-3, 10.000160000000019));
#1977 = CARTESIAN_POINT('', (0.8309484051630714, 0.014087972356768787, 10.000159999999967));
#1978 = CARTESIAN_POINT('', (0.7892574336779893, 0.022151064752840417, 10.000160000000012));
#1979 = CARTESIAN_POINT('', (0.7479462344826289, 0.0319763081423398, 10.000159999999989));
#1980 = CARTESIAN_POINT('', (0.70708925323888, 0.04354599505801643, 10.00016000000001));
#1981 = CARTESIAN_POINT('', (0.6667601169508408, 0.056839277088437765, 10.000160000000017));
#1982 = CARTESIAN_POINT('', (0.6270315014727167, 0.07183219833132579, 10.00016));
#1983 = CARTESIAN_POINT('', (0.5879750004178576, 0.08849774073872556, 10.00016));
#1984 = CARTESIAN_POINT('', (0.5496609962563305, 0.10680587176784904, 10.000160000000003));
#1985 = CARTESIAN_POINT('', (0.5121585334271657, 0.12672359903693567, 10.000160000000001));
#1986 = CARTESIAN_POINT('', (0.47553519390664506, 0.14821502941100587, 10.000159999999996));
#1987 = CARTESIAN_POINT('', (0.43985697541822694, 0.17124143388092078, 10.000160000000005));
#1988 = CARTESIAN_POINT('', (0.4051881724907705, 0.19576131725617957, 10.000159999999989));
#1989 = CARTESIAN_POINT('', (0.37159126068691284, 0.22173049311334805, 10.000159999999994));
#1990 = CARTESIAN_POINT('', (0.33912678391868517, 0.24910216324055193, 10.000160000000037));
#1991 = CARTESIAN_POINT('', (0.3078532453723588, 0.2778270020414023, 10.000159999999962));
#1992 = CARTESIAN_POINT('', (0.2778270020414028, 0.3078532453723597, 10.000160000000031));
#1993 = CARTESIAN_POINT('', (0.2491021632405512, 0.3391267839186841, 10.000159999999966));
#1994 = CARTESIAN_POINT('', (0.22173049311334858, 0.37159126068691367, 10.000160000000037));
#1995 = CARTESIAN_POINT('', (0.19576131725617918, 0.4051881724907696, 10.000159999999966));
#1996 = CARTESIAN_POINT('', (0.1712414338809215, 0.4398569754182283, 10.000160000000026));
#1997 = CARTESIAN_POINT('', (0.14821502941100523, 0.47553519390664395, 10.000159999999982));
#1998 = CARTESIAN_POINT('', (0.12672359903693625, 0.5121585334271673, 10.000160000000019));
#1999 = CARTESIAN_POINT('', (0.10680587176784861, 0.549660996256329, 10.000159999999985));
#2000 = CARTESIAN_POINT('', (0.08849774073872582, 0.587975000417859, 10.000160000000017));
#2001 = CARTESIAN_POINT('', (0.07183219833132544, 0.6270315014727156, 10.000159999999989));
#2002 = CARTESIAN_POINT('', (0.05683927708843773, 0.6667601169508389, 10.000160000000001));
#2003 = CARTESIAN_POINT('', (0.04354599505801644, 0.707089253238881, 10.000160000000008));
#2004 = CARTESIAN_POINT('', (0.03197630814233981, 0.747946234482628, 10.000159999999983));
#2005 = CARTESIAN_POINT('', (0.022151064752840278, 0.7892574336779902, 10.000160000000028));
#2006 = CARTESIAN_POINT('', (0.014087972356768955, 0.8309484051630719, 10.000159999999964));
#2007 = CARTESIAN_POINT('', (7.8015578851E-3, 0.8729440191387752, 10.00016000000003));
#2008 = CARTESIAN_POINT('', (3.3031561841E-3, 0.9151685964129547, 10.000159999999966));
#2009 = CARTESIAN_POINT('', (6.0086161170E-4, 0.9575460459450746, 10.000160000000047));
#2010 = CARTESIAN_POINT('', (8.9491897452E-19, 0.9858486817405866, 10.000160000000001));
#2011 = CARTESIAN_POINT('', (0.0, 0.9999999999999998, 10.000160000000001));
#2012 = DEFINITIONAL_REPRESENTATION('', (#2014), #2013);
#2013 = (
    GEOMETRIC_REPRESENTATION_CONTEXT(2)
    PARAMETRIC_REPRESENTATION_CONTEXT()
    REPRESENTATION_CONTEXT('2D SPACE', '')
);
#2014 = (
    BOUNDED_CURVE()
    B_SPLINE_CURVE(3, (#2015, #2016, #2017, #2018, #2019, #2020, #2021, #2022, #2023, #2024, #2025, #2026, #2027, #2028, #2029, #2030, #2031, #2032, #2033, #2034, #2035, #2036, #2037, #2038, #2039, #2040, #2041, #2042, #2043, #2044, #2045, #2046, #2047, #2048, #2049, #2050, #2051, #2052, #2053, #2054, #2055, #2056, #2057, #2058, #2059, #2060, #2061, #2062, #2063, #2064, #2065, #2066, #2067, #2068, #2069, #2070, #2071, #2072, #2073, #2074, #2075, #2076, #2077, #2078, #2079, #2080, #2081, #2082, #2083, #2084, #2085, #2086, #2087, #2088, #2089, #2090, #2091, #2092, #2093, #2094, #2095, #2096, #2097, #2098, #2099, #2100, #2101, #2102, #2103, #2104, #2105, #2106, #2107, #2108, #2109, #2110, #2111, #2112, #2113, #2114, #2115, #2116, #2117, #2118, #2119, #2120, #2121, #2122, #2123, #2124, #2125, #2126, #2127, #2128, #2129, #2130, #2131, #2132, #2133, #2134, #2135, #2136, #2137, #2138, #2139, #2140, #2141, #2142, #2143, #2144, #2145, #2146, #2147, #2148, #2149, #2150, #2151, #2152, #2153, #2154, #2155, #2156, #2157, #2158, #2159, #2160, #2161, #2162, #2163, #2164, #2165, #2166, #2167, #2168, #2169, #2170, #2171, #2172, #2173, #2174, #2175, #2176, #2177, #2178, #2179, #2180, #2181, #2182, #2183, #2184, #2185, #2186, #2187, #2188, #2189, #2190, #2191, #2192, #2193, #2194, #2195, #2196, #2197, #2198, #2199, #2200, #2201, #2202, #2203, #2204, #2205, #2206, #2207, #2208, #2209, #2210, #2211, #2212, #2213, #2214, #2215, #2216, #2217, #2218, #2219, #2220, #2221, #2222), .UNSPECIFIED., .U., .U.)
    B_SPLINE_CURVE_WITH_KNOTS((4, 3, 3, 3, 3, 3, 3, 3, 3, 3, 3, 3, 3, 3, 3, 3, 3, 3, 3, 3, 3, 3, 3, 3, 3, 3, 3, 3, 3, 3, 3, 3, 3, 3, 3, 3, 3, 3, 3, 3, 3, 3, 3, 3, 3, 3, 3, 3, 3, 3, 3, 3, 3, 3, 3, 3, 3, 3, 3, 3, 3, 3, 3, 3, 3, 3, 3, 3, 3, 4), (0.0, 0.02272751903935618, 0.04545405952044792, 0.06818060048269692, 0.09090714097528911, 0.11363368175820268, 0.13636022234171274, 0.15908676312140835, 0.18181330374294438, 0.2045398444080393, 0.22726638516542544, 0.24999292577071738, 0.27271946659605434, 0.2954460071326435, 0.31817254803750944, 0.34089908853649903, 0.36362562943359755, 0.38635216992802385, 0.40907871079123065, 0.43180525131641045, 0.45453179211447464, 0.47725833270736434, 0.4999848734302927, 0.5227114141136013, 0.545437954756744, 0.5681644955403129, 0.5908910361120064, 0.613617576980021, 0.6363441174979803, 0.6590706584056789, 0.6817971988981921, 0.7045237397857231, 0.7272502802885275, 0.749976821125735, 0.7727033616758127, 0.7954299024431961, 0.8181564430721694, 0.8408829837608903, 0.8636095244871723, 0.8863360650986264, 0.9090626059215328, 0.9317891464674652, 0.9545156873597036, 0.9772422278628665, 0.9999687687665475, 1.022695309258698, 1.0454218501279955, 1.0681483906470093, 1.0908749314563906, 1.113601472036029, 1.1363280127706485, 1.1590545534406438, 1.1817810940950682, 1.2045076348617847, 1.2272341754449647, 1.249960716305614, 1.2726872568266594, 1.295413797728585, 1.318140338229735, 1.3408668791262877, 1.3635934196117774, 1.3863199604562395, 1.4090465010201176, 1.4317730417952683, 1.454499582374822, 1.4772261230912163, 1.4999526638514469, 1.5226792044340771, 1.5454057451885264, 1.5707623871705882), .UNSPECIFIED.)
    CURVE()
    GEOMETRIC_REPRESENTATION_ITEM()
    RATIONAL_B_SPLINE_CURVE((1.0, 1.0, 1.0, 1.0, 1.0, 1.0, 1.0, 1.0, 1.0, 1.0, 1.0, 1.0, 1.0, 1.0, 1.0, 1.0, 1.0, 1.0, 1.0, 1.0, 1.0, 1.0, 1.0, 1.0, 1.0, 1.0, 1.0, 1.0, 1.0, 1.0, 1.0, 1.0, 1.0, 1.0, 1.0, 1.0, 1.0, 1.0, 1.0, 1.0, 1.0, 1.0, 1.0, 1.0, 1.0, 1.0, 1.0, 1.0, 1.0, 1.0, 1.0, 1.0, 1.0, 1.0, 1.0, 1.0, 1.0, 1.0, 1.0, 1.0, 1.0, 1.0, 1.0, 1.0, 1.0, 1.0, 1.0, 1.0, 1.0, 1.0, 1.0, 1.0, 1.0, 1.0, 1.0, 1.0, 1.0, 1.0, 1.0, 1.0, 1.0, 1.0, 1.0, 1.0, 1.0, 1.0, 1.0, 1.0, 1.0, 1.0, 1.0, 1.0, 1.0, 1.0, 1.0, 1.0, 1.0, 1.0, 1.0, 1.0, 1.0, 1.0, 1.0, 1.0, 1.0, 1.0, 1.0, 1.0, 1.0, 1.0, 1.0, 1.0, 1.0, 1.0, 1.0, 1.0, 1.0, 1.0, 1.0, 1.0, 1.0, 1.0, 1.0, 1.0, 1.0, 1.0, 1.0, 1.0, 1.0, 1.0, 1.0, 1.0, 1.0, 1.0, 1.0, 1.0, 1.0, 1.0, 1.0, 1.0, 1.0, 1.0, 1.0, 1.0, 1.0, 1.0, 1.0, 1.0, 1.0, 1.0, 1.0, 1.0, 1.0, 1.0, 1.0, 1.0, 1.0, 1.0, 1.0, 1.0, 1.0, 1.0, 1.0, 1.0, 1.0, 1.0, 1.0, 1.0, 1.0, 1.0, 1.0, 1.0, 1.0, 1.0, 1.0, 1.0, 1.0, 1.0, 1.0, 1.0, 1.0, 1.0, 1.0, 1.0, 1.0, 1.0, 1.0, 1.0, 1.0, 1.0, 1.0, 1.0, 1.0, 1.0, 1.0, 1.0, 1.0, 1.0, 1.0, 1.0, 1.0, 1.0, 1.0, 1.0, 1.0, 1.0, 1.0, 1.0))
    REPRESENTATION_ITEM('')
);
#2015 = CARTESIAN_POINT('', (5.0, 1.0));
#2016 = CARTESIAN_POINT('', (5.0, 0.9951770706675618));
#2017 = CARTESIAN_POINT('', (5.0, 0.9903538299414848));
#2018 = CARTESIAN_POINT('', (5.0, 0.9855309006275086));
#2019 = CARTESIAN_POINT('', (5.0, 0.9807081789700448));
#2020 = CARTESIAN_POINT('', (5.0, 0.9758851457933964));
#2021 = CARTESIAN_POINT('', (5.0, 0.9710624240384033));
#2022 = CARTESIAN_POINT('', (5.0, 0.9662397021813055));
#2023 = CARTESIAN_POINT('', (5.0, 0.9614166691275685));
#2024 = CARTESIAN_POINT('', (5.0, 0.9565939474269434));
#2025 = CARTESIAN_POINT('', (5.0, 0.9517712258259825));
#2026 = CARTESIAN_POINT('', (5.0, 0.9469481926906592));
#2027 = CARTESIAN_POINT('', (5.0, 0.9421254709804974));
#2028 = CARTESIAN_POINT('', (5.0, 0.9373027492087275));
#2029 = CARTESIAN_POINT('', (5.0, 0.9324797161983733));
#2030 = CARTESIAN_POINT('', (5.0, 0.9276569944636176));
#2031 = CARTESIAN_POINT('', (5.0, 0.9228342727711766));
#2032 = CARTESIAN_POINT('', (5.0, 0.918011239510256));
#2033 = CARTESIAN_POINT('', (5.0, 0.9131885178039337));
#2034 = CARTESIAN_POINT('', (5.0, 0.9083657960559796));
#2035 = CARTESIAN_POINT('', (5.0, 0.903542763102398));
#2036 = CARTESIAN_POINT('', (5.0, 0.8987200413830194));
#2037 = CARTESIAN_POINT('', (5.0, 0.8938973196972033));
#2038 = CARTESIAN_POINT('', (5.0, 0.8890742864479484));
#2039 = CARTESIAN_POINT('', (5.0, 0.8842515647535657));
#2040 = CARTESIAN_POINT('', (5.0, 0.8794288430499395));
#2041 = CARTESIAN_POINT('', (5.000000000000001, 0.8746058100858667));
#2042 = CARTESIAN_POINT('', (5.000000000000001, 0.8697830883397243));
#2043 = CARTESIAN_POINT('', (5.000000000000001, 0.8649603665739971));
#2044 = CARTESIAN_POINT('', (5.000000000000001, 0.8601373333096535));
#2045 = CARTESIAN_POINT('', (5.000000000000001, 0.8553146116157474));
#2046 = CARTESIAN_POINT('', (5.000000000000001, 0.8504918899541167));
#2047 = CARTESIAN_POINT('', (5.0, 0.8456688569951466));
#2048 = CARTESIAN_POINT('', (5.0, 0.8408461352517123));
#2049 = CARTESIAN_POINT('', (5.0, 0.8360234134615829));
#2050 = CARTESIAN_POINT('', (5.000000000000001, 0.8312003802419305));
#2051 = CARTESIAN_POINT('', (5.000000000000001, 0.8263776585416334));
#2052 = CARTESIAN_POINT('', (5.000000000000001, 0.8215549369026104));
#2053 = CARTESIAN_POINT('', (5.000000000000001, 0.816731903894441));
#2054 = CARTESIAN_POINT('', (5.000000000000001, 0.8119091821421691));
#2055 = CARTESIAN_POINT('', (5.000000000000001, 0.8070864603117466));
#2056 = CARTESIAN_POINT('', (5.000000000000001, 0.8022634271505656));
#2057 = CARTESIAN_POINT('', (5.000000000000001, 0.7974407054439557));
#2058 = CARTESIAN_POINT('', (5.000000000000001, 0.7926179838234755));
#2059 = CARTESIAN_POINT('', (5.0, 0.787794950761926));
#2060 = CARTESIAN_POINT('', (5.0, 0.7829722290194964));
#2061 = CARTESIAN_POINT('', (5.0, 0.7781495071925855));
#2062 = CARTESIAN_POINT('', (5.0, 0.7733264741026304));
#2063 = CARTESIAN_POINT('', (5.0, 0.7685037523900115));
#2064 = CARTESIAN_POINT('', (5.0, 0.7636810307628421));
#2065 = CARTESIAN_POINT('', (5.0, 0.7588579976222716));
#2066 = CARTESIAN_POINT('', (5.0, 0.7540352758939379));
#2067 = CARTESIAN_POINT('', (5.0, 0.7492125540873467));
#2068 = CARTESIAN_POINT('', (5.0, 0.7443895210597716));
#2069 = CARTESIAN_POINT('', (5.0, 0.7395667993431427));
#2070 = CARTESIAN_POINT('', (5.0, 0.7347440776982455));
#2071 = CARTESIAN_POINT('', (5.0, 0.7299210444934046));
#2072 = CARTESIAN_POINT('', (5.0, 0.7250983227823252));
#2073 = CARTESIAN_POINT('', (5.0, 0.720275601013338));
#2074 = CARTESIAN_POINT('', (5.0, 0.7154525680303531));
#2075 = CARTESIAN_POINT('', (5.0, 0.7106298463056069));
#2076 = CARTESIAN_POINT('', (5.0, 0.7058071246244001));
#2077 = CARTESIAN_POINT('', (5.000000000000001, 0.7009840913734223));
#2078 = CARTESIAN_POINT('', (5.000000000000001, 0.6961613696745508));
#2079 = CARTESIAN_POINT('', (5.000000000000001, 0.6913386479480842));
#2080 = CARTESIAN_POINT('', (5.000000000000001, 0.6865156149905407));
#2081 = CARTESIAN_POINT('', (5.000000000000001, 0.6816928932570209));
#2082 = CARTESIAN_POINT('', (5.000000000000001, 0.6768701715319086));
#2083 = CARTESIAN_POINT('', (5.0, 0.6720471382672133));
#2084 = CARTESIAN_POINT('', (5.0, 0.6672244165735491));
#2085 = CARTESIAN_POINT('', (5.0, 0.6624016948884085));
#2086 = CARTESIAN_POINT('', (5.0, 0.6575786619321529));
#2087 = CARTESIAN_POINT('', (5.0, 0.652755940188948));
#2088 = CARTESIAN_POINT('', (5.0, 0.6479332184159438));
#2089 = CARTESIAN_POINT('', (5.0, 0.6431101851695062));
#2090 = CARTESIAN_POINT('', (5.0, 0.6382874634735193));
#2091 = CARTESIAN_POINT('', (5.0, 0.6334647418224937));
#2092 = CARTESIAN_POINT('', (5.0, 0.6286417088435493));
#2093 = CARTESIAN_POINT('', (5.0, 0.6238189870940138));
#2094 = CARTESIAN_POINT('', (5.0, 0.6189962652815971));
#2095 = CARTESIAN_POINT('', (5.0, 0.6141732320832457));
#2096 = CARTESIAN_POINT('', (5.0, 0.6093505103801656));
#2097 = CARTESIAN_POINT('', (5.0, 0.6045277887513696));
#2098 = CARTESIAN_POINT('', (5.0, 0.5997047557246257));
#2099 = CARTESIAN_POINT('', (5.0, 0.594882033975768));
#2100 = CARTESIAN_POINT('', (5.0, 0.590059312144205));
#2101 = CARTESIAN_POINT('', (5.0, 0.5852362790134947));
#2102 = CARTESIAN_POINT('', (5.0, 0.5804135573036732));
#2103 = CARTESIAN_POINT('', (5.0, 0.5755908356819567));
#2104 = CARTESIAN_POINT('', (5.0, 0.5707678025862549));
#2105 = CARTESIAN_POINT('', (5.0, 0.565945080848965));
#2106 = CARTESIAN_POINT('', (5.0, 0.5611223590278497));
#2107 = CARTESIAN_POINT('', (5.0, 0.5562993259662448));
#2108 = CARTESIAN_POINT('', (5.0, 0.5514766042525118));
#2109 = CARTESIAN_POINT('', (5.0, 0.5466538826204203));
#2110 = CARTESIAN_POINT('', (5.000000000000001, 0.5418308494513998));
#2111 = CARTESIAN_POINT('', (5.000000000000001, 0.5370081277308891));
#2112 = CARTESIAN_POINT('', (5.000000000000001, 0.5321854059394159));
#2113 = CARTESIAN_POINT('', (5.0, 0.527362372933044));
#2114 = CARTESIAN_POINT('', (5.0, 0.5225396512131611));
#2115 = CARTESIAN_POINT('', (5.0, 0.5177169295542091));
#2116 = CARTESIAN_POINT('', (5.0, 0.5128938963261412));
#2117 = CARTESIAN_POINT('', (5.0, 0.5080711746208341));
#2118 = CARTESIAN_POINT('', (5.0, 0.5032484528694131));
#2119 = CARTESIAN_POINT('', (5.0, 0.49842541989982037));
#2120 = CARTESIAN_POINT('', (5.0, 0.49360269817142927));
#2121 = CARTESIAN_POINT('', (5.0, 0.4887799764724097));
#2122 = CARTESIAN_POINT('', (5.0, 0.4839569432116229));
#2123 = CARTESIAN_POINT('', (5.0, 0.4791342215158262));
#2124 = CARTESIAN_POINT('', (5.0, 0.4743114998073506));
#2125 = CARTESIAN_POINT('', (5.0, 0.4694884668531478));
#2126 = CARTESIAN_POINT('', (5.0, 0.4646657451152734));
#2127 = CARTESIAN_POINT('', (5.0, 0.4598430233694283));
#2128 = CARTESIAN_POINT('', (5.0, 0.45501999010843414));
#2129 = CARTESIAN_POINT('', (5.0, 0.450197268414627));
#2130 = CARTESIAN_POINT('', (5.0, 0.44537454674518706));
#2131 = CARTESIAN_POINT('', (5.0, 0.4405515137824517));
#2132 = CARTESIAN_POINT('', (5.0, 0.43572879203614096));
#2133 = CARTESIAN_POINT('', (5.0, 0.43090607024495864));
#2134 = CARTESIAN_POINT('', (5.0, 0.4260830370159846));
#2135 = CARTESIAN_POINT('', (5.0, 0.42126031531752134));
#2136 = CARTESIAN_POINT('', (5.0, 0.4164375936778338));
#2137 = CARTESIAN_POINT('', (5.000000000000001, 0.41161456068175833));
#2138 = CARTESIAN_POINT('', (5.000000000000001, 0.40679183893141035));
#2139 = CARTESIAN_POINT('', (5.000000000000001, 0.401969117107574));
#2140 = CARTESIAN_POINT('', (5.0, 0.39714608393625495));
#2141 = CARTESIAN_POINT('', (5.0, 0.3923233622298425));
#2142 = CARTESIAN_POINT('', (5.0, 0.38750064060599443));
#2143 = CARTESIAN_POINT('', (5.0, 0.3826776075518083));
#2144 = CARTESIAN_POINT('', (5.0, 0.37785488580658466));
#2145 = CARTESIAN_POINT('', (5.0, 0.37303216397636846));
#2146 = CARTESIAN_POINT('', (5.0, 0.3682091308762593));
#2147 = CARTESIAN_POINT('', (5.0, 0.36338640916483966));
#2148 = CARTESIAN_POINT('', (5.0, 0.3585636875407496));
#2149 = CARTESIAN_POINT('', (5.000000000000001, 0.35374065441307506));
#2150 = CARTESIAN_POINT('', (5.000000000000001, 0.3489179326825344));
#2151 = CARTESIAN_POINT('', (5.000000000000001, 0.3440952108719606));
#2152 = CARTESIAN_POINT('', (5.000000000000001, 0.3392721778355539));
#2153 = CARTESIAN_POINT('', (5.000000000000001, 0.3344494561194278));
#2154 = CARTESIAN_POINT('', (5.000000000000001, 0.3296267344776342));
#2155 = CARTESIAN_POINT('', (5.000000000000001, 0.3248037012809742));
#2156 = CARTESIAN_POINT('', (5.000000000000001, 0.3199809795676682));
#2157 = CARTESIAN_POINT('', (5.000000000000001, 0.3151582577927443));
#2158 = CARTESIAN_POINT('', (5.0, 0.31033522480492176));
#2159 = CARTESIAN_POINT('', (5.0, 0.30551250308192146));
#2160 = CARTESIAN_POINT('', (5.0, 0.3006897814076741));
#2161 = CARTESIAN_POINT('', (5.000000000000001, 0.2958667481620571));
#2162 = CARTESIAN_POINT('', (5.000000000000001, 0.2910440264614816));
#2163 = CARTESIAN_POINT('', (5.000000000000001, 0.28622130472801804));
#2164 = CARTESIAN_POINT('', (5.000000000000001, 0.28139827176728016));
#2165 = CARTESIAN_POINT('', (5.000000000000001, 0.2765755500348264));
#2166 = CARTESIAN_POINT('', (5.000000000000001, 0.2717528283160864));
#2167 = CARTESIAN_POINT('', (5.000000000000001, 0.2669297950514603));
#2168 = CARTESIAN_POINT('', (5.000000000000001, 0.26210707335791533));
#2169 = CARTESIAN_POINT('', (5.000000000000001, 0.2572843516676746));
#2170 = CARTESIAN_POINT('', (5.000000000000001, 0.25246131871370137));
#2171 = CARTESIAN_POINT('', (5.000000000000001, 0.24763859697189103));
#2172 = CARTESIAN_POINT('', (5.000000000000001, 0.24281587520625156));
#2173 = CARTESIAN_POINT('', (5.0, 0.23799284195408996));
#2174 = CARTESIAN_POINT('', (5.0, 0.23317012025788017));
#2175 = CARTESIAN_POINT('', (5.0, 0.22834739860061803));
#2176 = CARTESIAN_POINT('', (5.0, 0.22352436562508377));
#2177 = CARTESIAN_POINT('', (5.0, 0.2187016438763536));
#2178 = CARTESIAN_POINT('', (5.0, 0.21387892206874268));
#2179 = CARTESIAN_POINT('', (5.0, 0.2090558888637669));
#2180 = CARTESIAN_POINT('', (5.0, 0.2042331671636151));
#2181 = CARTESIAN_POINT('', (5.0, 0.19941044553552942));
#2182 = CARTESIAN_POINT('', (5.0, 0.1945874125200538));
#2183 = CARTESIAN_POINT('', (5.0, 0.18976469076968056));
#2184 = CARTESIAN_POINT('', (5.0, 0.18494196893848205));
#2185 = CARTESIAN_POINT('', (5.000000000000001, 0.18011893579271596));
#2186 = CARTESIAN_POINT('', (5.000000000000001, 0.17529621408113244));
#2187 = CARTESIAN_POINT('', (5.000000000000001, 0.17047349245459611));
#2188 = CARTESIAN_POINT('', (5.000000000000001, 0.165650459367117));
#2189 = CARTESIAN_POINT('', (5.000000000000001, 0.1608277376300099));
#2190 = CARTESIAN_POINT('', (5.000000000000001, 0.15600501580899576));
#2191 = CARTESIAN_POINT('', (5.000000000000001, 0.15118198274526828));
#2192 = CARTESIAN_POINT('', (5.000000000000001, 0.1463592610359935));
#2193 = CARTESIAN_POINT('', (5.000000000000001, 0.14153653941394898));
#2194 = CARTESIAN_POINT('', (5.000000000000001, 0.13671350625798445));
#2195 = CARTESIAN_POINT('', (5.000000000000001, 0.13189078452945902));
#2196 = CARTESIAN_POINT('', (5.000000000000001, 0.12706806272475726));
#2197 = CARTESIAN_POINT('', (5.0, 0.12224502969824581));
#2198 = CARTESIAN_POINT('', (5.0, 0.117422307974107));
#2199 = CARTESIAN_POINT('', (5.0, 0.11259958630950997));
#2200 = CARTESIAN_POINT('', (5.0, 0.10777655308901658));
#2201 = CARTESIAN_POINT('', (5.0, 0.10295383139134241));
#2202 = CARTESIAN_POINT('', (5.0, 0.09813110964883481));
#2203 = CARTESIAN_POINT('', (5.0, 0.09330807669478798));
#2204 = CARTESIAN_POINT('', (5.0, 0.0884853549738972));
#2205 = CARTESIAN_POINT('', (5.0, 0.08366263329451341));
#2206 = CARTESIAN_POINT('', (5.0, 0.07883960002895349));
#2207 = CARTESIAN_POINT('', (5.0, 0.07401687831683637));
#2208 = CARTESIAN_POINT('', (5.0, 0.06919415657568073));
#2209 = CARTESIAN_POINT('', (5.000000000000001, 0.06437112359335825));
#2210 = CARTESIAN_POINT('', (5.000000000000001, 0.059548401852715614));
#2211 = CARTESIAN_POINT('', (5.000000000000001, 0.05472568010277063));
#2212 = CARTESIAN_POINT('', (5.000000000000001, 0.04990264686360464));
#2213 = CARTESIAN_POINT('', (5.000000000000001, 0.045079925192264524));
#2214 = CARTESIAN_POINT('', (5.000000000000001, 0.04025720355861238));
#2215 = CARTESIAN_POINT('', (5.000000000000001, 0.03543417063026129));
#2216 = CARTESIAN_POINT('', (5.000000000000001, 0.03061144887991486));
#2217 = CARTESIAN_POINT('', (5.000000000000001, 0.025788727093107307));
#2218 = CARTESIAN_POINT('', (5.000000000000001, 0.020965693801498233));
#2219 = CARTESIAN_POINT('', (5.000000000000001, 0.01614297207225862));
#2220 = CARTESIAN_POINT('', (5.000000000000001, 0.010762125528620051));
#2221 = CARTESIAN_POINT('', (5.0, 5.3808465489E-3));
#2222 = CARTESIAN_POINT('', (5.0, 0.0));
#2223 = SURFACE_CURVE('', #2224, (#2433, #2650), .CURVE_3D.);
#2224 = (
    BOUNDED_CURVE()
    B_SPLINE_CURVE(3, (#2225, #2226, #2227, #2228, #2229, #2230, #2231, #2232, #2233, #2234, #2235, #2236, #2237, #2238, #2239, #2240, #2241, #2242, #2243, #2244, #2245, #2246, #2247, #2248, #2249, #2250, #2251, #2252, #2253, #2254, #2255, #2256, #2257, #2258, #2259, #2260, #2261, #2262, #2263, #2264, #2265, #2266, #2267, #2268, #2269, #2270, #2271, #2272, #2273, #2274, #2275, #2276, #2277, #2278, #2279, #2280, #2281, #2282, #2283, #2284, #2285, #2286, #2287, #2288, #2289, #2290, #2291, #2292, #2293, #2294, #2295, #2296, #2297, #2298, #2299, #2300, #2301, #2302, #2303, #2304, #2305, #2306, #2307, #2308, #2309, #2310, #2311, #2312, #2313, #2314, #2315, #2316, #2317, #2318, #2319, #2320, #2321, #2322, #2323, #2324, #2325, #2326, #2327, #2328, #2329, #2330, #2331, #2332, #2333, #2334, #2335, #2336, #2337, #2338, #2339, #2340, #2341, #2342, #2343, #2344, #2345, #2346, #2347, #2348, #2349, #2350, #2351, #2352, #2353, #2354, #2355, #2356, #2357, #2358, #2359, #2360, #2361, #2362, #2363, #2364, #2365, #2366, #2367, #2368, #2369, #2370, #2371, #2372, #2373, #2374, #2375, #2376, #2377, #2378, #2379, #2380, #2381, #2382, #2383, #2384, #2385, #2386, #2387, #2388, #2389, #2390, #2391, #2392, #2393, #2394, #2395, #2396, #2397, #2398, #2399, #2400, #2401, #2402, #2403, #2404, #2405, #2406, #2407, #2408, #2409, #2410, #2411, #2412, #2413, #2414, #2415, #2416, #2417, #2418, #2419, #2420, #2421, #2422, #2423, #2424, #2425, #2426, #2427, #2428, #2429, #2430, #2431, #2432), .UNSPECIFIED., .U., .U.)
    B_SPLINE_CURVE_WITH_KNOTS((4, 3, 3, 3, 3, 3, 3, 3, 3, 3, 3, 3, 3, 3, 3, 3, 3, 3, 3, 3, 3, 3, 3, 3, 3, 3, 3, 3, 3, 3, 3, 3, 3, 3, 3, 3, 3, 3, 3, 3, 3, 3, 3, 3, 3, 3, 3, 3, 3, 3, 3, 3, 3, 3, 3, 3, 3, 3, 3, 3, 3, 3, 3, 3, 3, 3, 3, 3, 3, 4), (0.0, 0.02272751903935629, 0.045454059520447475, 0.06818060048269625, 0.09090714097528878, 0.11363368175820246, 0.1363602223417125, 0.1590867631214081, 0.1818133037429439, 0.20453984440803907, 0.22726638516542522, 0.24999292577071708, 0.27271946659605434, 0.2954460071326435, 0.31817254803750916, 0.34089908853649853, 0.36362562943359716, 0.3863521699280238, 0.4090787107912305, 0.43180525131640995, 0.4545317921144739, 0.47725833270736373, 0.4999848734302924, 0.5227114141136006, 0.545437954756743, 0.568164495540312, 0.5908910361120056, 0.6136175769800201, 0.6363441174979795, 0.6590706584056782, 0.6817971988981913, 0.7045237397857221, 0.7272502802885266, 0.7499768211257342, 0.7727033616758119, 0.7954299024431952, 0.8181564430721685, 0.8408829837608894, 0.8636095244871715, 0.8863360650986256, 0.9090626059215319, 0.9317891464674645, 0.9545156873597029, 0.9772422278628657, 0.9999687687665466, 1.0226953092586972, 1.045421850127995, 1.0681483906470088, 1.0908749314563901, 1.1136014720360286, 1.136328012770648, 1.1590545534406431, 1.1817810940950673, 1.204507634861784, 1.2272341754449643, 1.249960716305614, 1.2726872568266592, 1.2954137977285844, 1.3181403382297345, 1.340866879126287, 1.3635934196117767, 1.3863199604562388, 1.409046501020117, 1.4317730417952674, 1.4544995823748212, 1.4772261230912156, 1.4999526638514464, 1.5226792044340767, 1.5454057451885252, 1.5707623871705878), .UNSPECIFIED.)
    CURVE()
    GEOMETRIC_REPRESENTATION_ITEM()
    RATIONAL_B_SPLINE_CURVE((1.0, 1.0, 1.0, 1.0, 1.0, 1.0, 1.0, 1.0, 1.0, 1.0, 1.0, 1.0, 1.0, 1.0, 1.0, 1.0, 1.0, 1.0, 1.0, 1.0, 1.0, 1.0, 1.0, 1.0, 1.0, 1.0, 1.0, 1.0, 1.0, 1.0, 1.0, 1.0, 1.0, 1.0, 1.0, 1.0, 1.0, 1.0, 1.0, 1.0, 1.0, 1.0, 1.0, 1.0, 1.0, 1.0, 1.0, 1.0, 1.0, 1.0, 1.0, 1.0, 1.0, 1.0, 1.0, 1.0, 1.0, 1.0, 1.0, 1.0, 1.0, 1.0, 1.0, 1.0, 1.0, 1.0, 1.0, 1.0, 1.0, 1.0, 1.0, 1.0, 1.0, 1.0, 1.0, 1.0, 1.0, 1.0, 1.0, 1.0, 1.0, 1.0, 1.0, 1.0, 1.0, 1.0, 1.0, 1.0, 1.0, 1.0, 1.0, 1.0, 1.0, 1.0, 1.0, 1.0, 1.0, 1.0, 1.0, 1.0, 1.0, 1.0, 1.0, 1.0, 1.0, 1.0, 1.0, 1.0, 1.0, 1.0, 1.0, 1.0, 1.0, 1.0, 1.0, 1.0, 1.0, 1.0, 1.0, 1.0, 1.0, 1.0, 1.0, 1.0, 1.0, 1.0, 1.0, 1.0, 1.0, 1.0, 1.0, 1.0, 1.0, 1.0, 1.0, 1.0, 1.0, 1.0, 1.0, 1.0, 1.0, 1.0, 1.0, 1.0, 1.0, 1.0, 1.0, 1.0, 1.0, 1.0, 1.0, 1.0, 1.0, 1.0, 1.0, 1.0, 1.0, 1.0, 1.0, 1.0, 1.0, 1.0, 1.0, 1.0, 1.0, 1.0, 1.0, 1.0, 1.0, 1.0, 1.0, 1.0, 1.0, 1.0, 1.0, 1.0, 1.0, 1.0, 1.0, 1.0, 1.0, 1.0, 1.0, 1.0, 1.0, 1.0, 1.0, 1.0, 1.0, 1.0, 1.0, 1.0, 1.0, 1.0, 1.0, 1.0, 1.0, 1.0, 1.0, 1.0, 1.0, 1.0, 1.0, 1.0, 1.0, 1.0, 1.0, 1.0))
    REPRESENTATION_ITEM('')
);
#2225 = CARTESIAN_POINT('', (1.0, 0.0, 10.0));
#2226 = CARTESIAN_POINT('', (0.9924241603202145, 5.3139256078E-24, 10.0));
#2227 = CARTESIAN_POINT('', (0.9848478316502122, 8.6109209057E-5, 10.0));
#2228 = CARTESIAN_POINT('', (0.9772739485353618, 2.5827603628E-4, 10.0));
#2229 = CARTESIAN_POINT('', (0.9697003915223578, 4.3043545067E-4, 10.0));
#2230 = CARTESIAN_POINT('', (0.9621283017865977, 6.8866859067E-4, 10.0));
#2231 = CARTESIAN_POINT('', (0.9545606131645408, 1.0328976028E-3, 10.0));
#2232 = CARTESIAN_POINT('', (0.9469929243822637, 1.3771266222E-3, 10.0));
#2233 = CARTESIAN_POINT('', (0.9394286594609017, 1.8073875235E-3, 10.0));
#2234 = CARTESIAN_POINT('', (0.9318707473522609, 2.3234996055E-3, 10.0));
#2235 = CARTESIAN_POINT('', (0.9243128353998085, 2.8396116769E-3, 10.0));
#2236 = CARTESIAN_POINT('', (0.9167603005516551, 3.4416457821E-3, 10.0));
#2237 = CARTESIAN_POINT('', (0.9092160696670558, 4.1293849122E-3, 10.0));
#2238 = CARTESIAN_POINT('', (0.9016718386860824, 4.8171240512E-3, 10.0));
#2239 = CARTESIAN_POINT('', (0.8941349367000744, 5.5906452989E-3, 10.0));
#2240 = CARTESIAN_POINT('', (0.8866082819898062, 6.4496418587E-3, 10.0));
#2241 = CARTESIAN_POINT('', (0.8790816273455773, 7.3086384111E-3, 10.0));
#2242 = CARTESIAN_POINT('', (0.8715642490079202, 8.2532290593E-3, 10.0));
#2243 = CARTESIAN_POINT('', (0.8640590600399377, 9.2830561153E-3, 10.0));
#2244 = CARTESIAN_POINT('', (0.8565538710071671, 0.01031288318024317, 10.0));
#2245 = CARTESIAN_POINT('', (0.8490599007568463, 0.011428067646926617, 10.0));
#2246 = CARTESIAN_POINT('', (0.8415800513828597, 0.012628175785267745, 10.0));
#2247 = CARTESIAN_POINT('', (0.8341002020609273, 0.013828283915257015, 10.0));
#2248 = CARTESIAN_POINT('', (0.8266335096139632, 0.015113481431804607, 10.0));
#2249 = CARTESIAN_POINT('', (0.8191828660519063, 0.01648326824502016, 10.0));
#2250 = CARTESIAN_POINT('', (0.8117322224755689, 0.017853055060861146, 10.0));
#2251 = CARTESIAN_POINT('', (0.8042966640233273, 0.0193075984479955, 10.0));
#2252 = CARTESIAN_POINT('', (0.796879071263966, 0.020846339257468878, 10.0));
#2253 = CARTESIAN_POINT('', (0.7894614784744822, 0.02238508007319098, 10.0));
#2254 = CARTESIAN_POINT('', (0.7820608962828973, 0.024008229031017063, 10.0));
#2255 = CARTESIAN_POINT('', (0.7746801888464152, 0.025715145498108376, 10.0));
#2256 = CARTESIAN_POINT('', (0.7672994814593275, 0.027422061953776382, 10.0));
#2257 = CARTESIAN_POINT('', (0.7599376943346443, 0.029212960142047665, 10.0));
#2258 = CARTESIAN_POINT('', (0.7525976810812606, 0.031087156172508082, 10.0));
#2259 = CARTESIAN_POINT('', (0.7452576677568086, 0.03296135222111504, 10.0));
#2260 = CARTESIAN_POINT('', (0.7379384834737147, 0.034919098545529374, 10.0));
#2261 = CARTESIAN_POINT('', (0.7306429584085037, 0.03695961819861403, 10.0));
#2262 = CARTESIAN_POINT('', (0.7233474334359847, 0.03900013782577322, 10.0));
#2263 = CARTESIAN_POINT('', (0.7160746247754648, 0.04112369155033005, 10.0));
#2264 = CARTESIAN_POINT('', (0.7088273537897805, 0.04332947219072188, 10.0));
#2265 = CARTESIAN_POINT('', (0.7015800826866563, 0.04553525286685769, 10.0));
#2266 = CARTESIAN_POINT('', (0.694357415334433, 0.04782355034385814, 9.999999999999998));
#2267 = CARTESIAN_POINT('', (0.6871621429396971, 0.05019345793677084, 9.999999999999998));
#2268 = CARTESIAN_POINT('', (0.6799668706734626, 0.05256336548735904, 9.999999999999998));
#2269 = CARTESIAN_POINT('', (0.6727980640654646, 0.05501518902745906, 9.999999999999996));
#2270 = CARTESIAN_POINT('', (0.6656585066834833, 0.057547998766261765, 9.999999999999996));
#2271 = CARTESIAN_POINT('', (0.6585189491764356, 0.06008080854943264, 9.999999999999996));
#2272 = CARTESIAN_POINT('', (0.6514077179217146, 0.06269492756096243, 10.0));
#2273 = CARTESIAN_POINT('', (0.6443275614528989, 0.06538932752593696, 10.0));
#2274 = CARTESIAN_POINT('', (0.6372474051095305, 0.06808372744317173, 10.0));
#2275 = CARTESIAN_POINT('', (0.6301974100651128, 0.07085875850053236, 10.0));
#2276 = CARTESIAN_POINT('', (0.6231803144940908, 0.07371336434156892, 10.0));
#2277 = CARTESIAN_POINT('', (0.6161632188092037, 0.07656797022892672, 10.0));
#2278 = CARTESIAN_POINT('', (0.6091781128992211, 0.0795025098504696, 10.0));
#2279 = CARTESIAN_POINT('', (0.6022276978921303, 0.08251583655897743, 10.0));
#2280 = CARTESIAN_POINT('', (0.5952772829884176, 0.08552916322266602, 10.0));
#2281 = CARTESIAN_POINT('', (0.5883606637801851, 0.08862167139730044, 10.000000000000002));
#2282 = CARTESIAN_POINT('', (0.5814805250348873, 0.09179217542052764, 10.000000000000002));
#2283 = CARTESIAN_POINT('', (0.5746003862069776, 0.09496267948182405, 10.000000000000002));
#2284 = CARTESIAN_POINT('', (0.5677558344932633, 0.09821157752718974, 10.0));
#2285 = CARTESIAN_POINT('', (0.5609495185852738, 0.10153760669943944, 10.0));
#2286 = CARTESIAN_POINT('', (0.5541432027387313, 0.1048636358416619, 10.0));
#2287 = CARTESIAN_POINT('', (0.5473742479659639, 0.10826723392449569, 10.0));
#2288 = CARTESIAN_POINT('', (0.540645278096719, 0.11174708589787083, 10.0));
#2289 = CARTESIAN_POINT('', (0.5339163081889717, 0.1152269378911573, 10.0));
#2290 = CARTESIAN_POINT('', (0.5272264492342104, 0.11878348303503027, 10.000000000000002));
#2291 = CARTESIAN_POINT('', (0.5205782925443192, 0.12241534461570816, 10.000000000000002));
#2292 = CARTESIAN_POINT('', (0.5139301358660182, 0.1260472061900544, 10.000000000000002));
#2293 = CARTESIAN_POINT('', (0.5073228287941539, 0.12975486344335993, 10.000000000000004));
#2294 = CARTESIAN_POINT('', (0.500758927567986, 0.13353687433805117, 10.000000000000004));
#2295 = CARTESIAN_POINT('', (0.4941950263534189, 0.13731888522605826, 10.000000000000004));
#2296 = CARTESIAN_POINT('', (0.48767367924990535, 0.1411757308176172, 9.999999999999998));
#2297 = CARTESIAN_POINT('', (0.4811974153561257, 0.1451059231144045, 9.999999999999998));
#2298 = CARTESIAN_POINT('', (0.4747211514223294, 0.14903611543547637, 9.999999999999998));
#2299 = CARTESIAN_POINT('', (0.4682891409305362, 0.1530401721691194, 10.000000000000004));
#2300 = CARTESIAN_POINT('', (0.4619038671536909, 0.1571165290003518, 10.000000000000004));
#2301 = CARTESIAN_POINT('', (0.4555185934363744, 0.16119288579358107, 10.000000000000004));
#2302 = CARTESIAN_POINT('', (0.449179229297996, 0.16534206503266102, 10.0));
#2303 = CARTESIAN_POINT('', (0.44288823690004536, 0.1695624702027468, 10.0));
#2304 = CARTESIAN_POINT('', (0.43659724442006936, 0.17378287542786053, 10.0));
#2305 = CARTESIAN_POINT('', (0.4303538166653013, 0.17807505891585076, 10.0));
#2306 = CARTESIAN_POINT('', (0.4241603602120404, 0.1824373408655695, 10.0));
#2307 = CARTESIAN_POINT('', (0.4179669038541768, 0.1867996227480964, 10.0));
#2308 = CARTESIAN_POINT('', (0.41182261801917325, 0.19123256511719336, 9.999999999999996));
#2309 = CARTESIAN_POINT('', (0.4057298933325632, 0.195734465912697, 9.999999999999996));
#2310 = CARTESIAN_POINT('', (0.3996371685414685, 0.2002363667854041, 9.999999999999996));
#2311 = CARTESIAN_POINT('', (0.3935952193864013, 0.20480780847328878, 9.999999999999998));
#2312 = CARTESIAN_POINT('', (0.38760637399803843, 0.20944700428312324, 9.999999999999998));
#2313 = CARTESIAN_POINT('', (0.38161752871908433, 0.21408620000820536, 9.999999999999998));
#2314 = CARTESIAN_POINT('', (0.3756810143262942, 0.21879374968897877, 10.0));
#2315 = CARTESIAN_POINT('', (0.36979914360430094, 0.2235678466256391, 10.0));
#2316 = CARTESIAN_POINT('', (0.3639172727800729, 0.22834194364527963, 10.0));
#2317 = CARTESIAN_POINT('', (0.35808928174744775, 0.23318319847654534, 10.0));
#2318 = CARTESIAN_POINT('', (0.3523174186186311, 0.23808972502473114, 10.0));
#2319 = CARTESIAN_POINT('', (0.3465455555875234, 0.24299625148985676, 10.0));
#2320 = CARTESIAN_POINT('', (0.3408290775257548, 0.24796868613690115, 10.0));
#2321 = CARTESIAN_POINT('', (0.33517021041261097, 0.2530051162018008, 10.0));
#2322 = CARTESIAN_POINT('', (0.32951134321620135, 0.2580415463408075, 10.0));
#2323 = CARTESIAN_POINT('', (0.32390934875605215, 0.26314261339722556, 10.0));
#2324 = CARTESIAN_POINT('', (0.31836639099778885, 0.26830633548326044, 10.0));
#2325 = CARTESIAN_POINT('', (0.3128234333095559, 0.27347005750405623, 10.0));
#2326 = CARTESIAN_POINT('', (0.30733880158705723, 0.2786971066897542, 10.0));
#2327 = CARTESIAN_POINT('', (0.3019146270473264, 0.28398546518782597, 10.0));
#2328 = CARTESIAN_POINT('', (0.29649045245573097, 0.2892738237364637, 10.0));
#2329 = CARTESIAN_POINT('', (0.29112602628492257, 0.29462416562271043, 10.0));
#2330 = CARTESIAN_POINT('', (0.28582342432460234, 0.3000344168728344, 10.0));
#2331 = CARTESIAN_POINT('', (0.2805208223965762, 0.30544466809000864, 10.0));
#2332 = CARTESIAN_POINT('', (0.275279367584679, 0.3109155345914094, 10.0));
#2333 = CARTESIAN_POINT('', (0.2701010898197816, 0.3164448966549399, 10.0));
#2334 = CARTESIAN_POINT('', (0.26492281204127055, 0.321974258733007, 10.0));
#2335 = CARTESIAN_POINT('', (0.2598070352626874, 0.32756282330837017, 9.999999999999996));
#2336 = CARTESIAN_POINT('', (0.2547557432269748, 0.33320842819285634, 9.999999999999996));
#2337 = CARTESIAN_POINT('', (0.24970445118291373, 0.3388540330866733, 9.999999999999996));
#2338 = CARTESIAN_POINT('', (0.24471700089313164, 0.3445574153104591, 10.0));
#2339 = CARTESIAN_POINT('', (0.23979531623753747, 0.35031635844981834, 10.0));
#2340 = CARTESIAN_POINT('', (0.23487363160681057, 0.35607530156008, 10.0));
#2341 = CARTESIAN_POINT('', (0.2300170718488213, 0.3618905447425939, 9.999999999999998));
#2342 = CARTESIAN_POINT('', (0.22522752495344753, 0.3677598416245534, 9.999999999999998));
#2343 = CARTESIAN_POINT('', (0.22043797801351087, 0.3736291385611219, 9.999999999999998));
#2344 = CARTESIAN_POINT('', (0.21571483440278583, 0.3795532540007793, 9.999999999999998));
#2345 = CARTESIAN_POINT('', (0.21105990924756857, 0.3855298816634998, 9.999999999999998));
#2346 = CARTESIAN_POINT('', (0.20640498414908198, 0.39150650925338165, 9.999999999999998));
#2347 = CARTESIAN_POINT('', (0.2018176737475363, 0.39753641882598967, 10.0));
#2348 = CARTESIAN_POINT('', (0.19729976675037006, 0.4036172840099593, 10.0));
#2349 = CARTESIAN_POINT('', (0.19278185968436015, 0.4096981492865888, 10.0));
#2350 = CARTESIAN_POINT('', (0.18833277806598908, 0.4158307589936724, 9.999999999999998));
#2351 = CARTESIAN_POINT('', (0.18395422788721183, 0.4220127251130838, 9.999999999999998));
#2352 = CARTESIAN_POINT('', (0.17957567778339484, 0.4281946911266607, 9.999999999999998));
#2353 = CARTESIAN_POINT('', (0.17526709317030253, 0.43442681158340346, 10.0));
#2354 = CARTESIAN_POINT('', (0.17103015985647108, 0.44070668426513837, 10.0));
#2355 = CARTESIAN_POINT('', (0.1667932264679706, 0.44698655705754575, 10.0));
#2356 = CARTESIAN_POINT('', (0.16262739515688224, 0.4533149911296135, 10.0));
#2357 = CARTESIAN_POINT('', (0.15853426467409187, 0.45968952559718534, 10.0));
#2358 = CARTESIAN_POINT('', (0.15444113426541958, 0.46606405994932765, 10.0));
#2359 = CARTESIAN_POINT('', (0.15042017773483685, 0.47248551897184593, 9.999999999999998));
#2360 = CARTESIAN_POINT('', (0.14647297001281187, 0.4789514261741051, 9.999999999999998));
#2361 = CARTESIAN_POINT('', (0.14252576222528296, 0.485417333483666, 9.999999999999998));
#2362 = CARTESIAN_POINT('', (0.13865178546556964, 0.4919285185937801, 10.0));
#2363 = CARTESIAN_POINT('', (0.13485252999113645, 0.498482453632652, 10.0));
#2364 = CARTESIAN_POINT('', (0.13105327457526117, 0.505036388570508, 10.0));
#2365 = CARTESIAN_POINT('', (0.12732825437268672, 0.5116339223894227, 10.0));
#2366 = CARTESIAN_POINT('', (0.12367892512233694, 0.5182725066441604, 10.0));
#2367 = CARTESIAN_POINT('', (0.1200295958253612, 0.5249110909837164, 10.0));
#2368 = CARTESIAN_POINT('', (0.11645547566562245, 0.5315915768829746, 10.000000000000002));
#2369 = CARTESIAN_POINT('', (0.11295794363976615, 0.5383113742072452, 10.000000000000002));
#2370 = CARTESIAN_POINT('', (0.10946041164926645, 0.5450311714635852, 10.000000000000002));
#2371 = CARTESIAN_POINT('', (0.10603902401086175, 0.5517911518755961, 10.0));
#2372 = CARTESIAN_POINT('', (0.10269511087919958, 0.5585886992390781, 10.0));
#2373 = CARTESIAN_POINT('', (0.09935119772473396, 0.5653862466489151, 10.0));
#2374 = CARTESIAN_POINT('', (0.0960843169634844, 0.5722222335083857, 10.0));
#2375 = CARTESIAN_POINT('', (0.09289573376003678, 0.5790940122539714, 10.0));
#2376 = CARTESIAN_POINT('', (0.08970715056565612, 0.5859657909800167, 10.0));
#2377 = CARTESIAN_POINT('', (0.08659646371814109, 0.5928742536409901, 10.000000000000002));
#2378 = CARTESIAN_POINT('', (0.08356487356259876, 0.5998167219899302, 10.000000000000002));
#2379 = CARTESIAN_POINT('', (0.08053328340913349, 0.6067591903341136, 10.000000000000002));
#2380 = CARTESIAN_POINT('', (0.07758039034696818, 0.6137365572113193, 10.0));
#2381 = CARTESIAN_POINT('', (0.07470734335606777, 0.6207461225727846, 10.0));
#2382 = CARTESIAN_POINT('', (0.07183429635097154, 0.6277556879688845, 10.0));
#2383 = CARTESIAN_POINT('', (0.06904073584509869, 0.6347983613932661, 10.0));
#2384 = CARTESIAN_POINT('', (0.06632773051967089, 0.6418714094094959, 10.0));
#2385 = CARTESIAN_POINT('', (0.06361472521615295, 0.6489444573686048, 10.0));
#2386 = CARTESIAN_POINT('', (0.06098191976795313, 0.6560487913615435, 10.0));
#2387 = CARTESIAN_POINT('', (0.05843034480915611, 0.6631816638851773, 10.0));
#2388 = CARTESIAN_POINT('', (0.0558787698192068, 0.6703145364958968, 10.0));
#2389 = CARTESIAN_POINT('', (0.053408105165241214, 0.6774768716907389, 10.0));
#2390 = CARTESIAN_POINT('', (0.051019288570308075, 0.6846658884445, 10.0));
#2391 = CARTESIAN_POINT('', (0.048630472011071194, 0.6918549050908351, 10.0));
#2392 = CARTESIAN_POINT('', (0.04632319308407485, 0.6990715310558235, 10.0));
#2393 = CARTESIAN_POINT('', (0.04409836216577914, 0.706312976510977, 10.0));
#2394 = CARTESIAN_POINT('', (0.04187353121019692, 0.7135544220874918, 10.0));
#2395 = CARTESIAN_POINT('', (0.03973086399592387, 0.7208216227867925, 10.0));
#2396 = CARTESIAN_POINT('', (0.03767117059372731, 0.7281117578957936, 10.0));
#2397 = CARTESIAN_POINT('', (0.035611477227852774, 0.7354018928762356, 10.0));
#2398 = CARTESIAN_POINT('', (0.033634492167464884, 0.742715903891798, 10.0));
#2399 = CARTESIAN_POINT('', (0.03174100183750779, 0.7500509634801619, 10.0));
#2400 = CARTESIAN_POINT('', (0.02984751147460725, 0.7573860231961431, 10.0));
#2401 = CARTESIAN_POINT('', (0.02803726531798305, 0.7647430767378529, 10.000000000000004));
#2402 = CARTESIAN_POINT('', (0.02631094978540321, 0.7721192709783391, 10.000000000000004));
#2403 = CARTESIAN_POINT('', (0.024584634284047835, 0.7794954650854096, 10.000000000000004));
#2404 = CARTESIAN_POINT('', (0.02294202963375537, 0.7868917531792498, 10.0));
#2405 = CARTESIAN_POINT('', (0.02138379031421945, 0.7943052742683445, 10.0));
#2406 = CARTESIAN_POINT('', (0.019825550970070677, 0.8017187954745381, 10.0));
#2407 = CARTESIAN_POINT('', (0.018351464816450665, 0.8091505043730576, 10.0));
#2408 = CARTESIAN_POINT('', (0.01696209353658351, 0.8165975208209388, 10.0));
#2409 = CARTESIAN_POINT('', (0.015572722273869664, 0.8240445371768785, 10.0));
#2410 = CARTESIAN_POINT('', (0.014267893134895631, 0.8315078239359431, 10.0));
#2411 = CARTESIAN_POINT('', (0.013048122419172126, 0.8389844919446454, 10.0));
#2412 = CARTESIAN_POINT('', (0.011828351692109289, 0.8464611600228529, 10.0));
#2413 = CARTESIAN_POINT('', (0.010693469842631477, 0.8539521726180324, 9.999999999999996));
#2414 = CARTESIAN_POINT('', (9.6439131414E-3, 0.8614546280100481, 9.999999999999996));
#2415 = CARTESIAN_POINT('', (8.5943564492E-3, 0.8689570833374938, 9.999999999999996));
#2416 = CARTESIAN_POINT('', (7.6299994896E-3, 0.8764719515514624, 10.0));
#2417 = CARTESIAN_POINT('', (6.7512167018E-3, 0.8839963216913723, 10.0));
#2418 = CARTESIAN_POINT('', (5.8724339088E-3, 0.8915206918765878, 10.0));
#2419 = CARTESIAN_POINT('', (5.0791012115E-3, 0.8990555342356684, 10.0));
#2420 = CARTESIAN_POINT('', (4.3715279565E-3, 0.9065979308024366, 10.0));
#2421 = CARTESIAN_POINT('', (3.6639547002E-3, 0.914140327383753, 10.0));
#2422 = CARTESIAN_POINT('', (3.0420614878E-3, 0.9216912530317606, 9.999999999999996));
#2423 = CARTESIAN_POINT('', (2.5060802384E-3, 0.9292477820102797, 9.999999999999996));
#2424 = CARTESIAN_POINT('', (1.9700989932E-3, 0.9368043109297469, 9.999999999999996));
#2425 = CARTESIAN_POINT('', (1.5199531683E-3, 0.9443674183997895, 10.0));
#2426 = CARTESIAN_POINT('', (1.1558260222E-3, 0.9519341757388006, 10.0));
#2427 = CARTESIAN_POINT('', (7.9169887333E-4, 0.9595009331350182, 10.0));
#2428 = CARTESIAN_POINT('', (5.1355527580E-4, 0.9670723177737564, 10.0));
#2429 = CARTESIAN_POINT('', (3.2148464251E-4, 0.9746453960742602, 10.0));
#2430 = CARTESIAN_POINT('', (1.0718602415E-4, 0.9830948929529443, 10.0));
#2431 = CARTESIAN_POINT('', (5.1753580610E-19, 0.9915477860059789, 10.0));
#2432 = CARTESIAN_POINT('', (0.0, 0.9999999999999998, 10.0));
#2433 = PCURVE('', #2434, #2439);
#2434 = (
    BOUNDED_SURFACE()
    B_SPLINE_SURFACE(1, 1, ((#2435, #2436), (#2437, #2438)), .UNSPECIFIED., .U., .U., .U.)
    B_SPLINE_SURFACE_WITH_KNOTS((2, 2), (2, 2), (0.0, 1.0), (0.0, 1.0), .UNSPECIFIED.)
    GEOMETRIC_REPRESENTATION_ITEM()
    RATIONAL_B_SPLINE_SURFACE(((1.0, 1.0), (1.0, 1.0)))
    REPRESENTATION_ITEM('')
    SURFACE()
);
#2435 = CARTESIAN_POINT('', (0.0, 0.0, 10.0));
#2436 = CARTESIAN_POINT('', (0.0, 10.0, 10.0));
#2437 = CARTESIAN_POINT('', (10.0, 0.0, 10.0));
#2438 = CARTESIAN_POINT('', (10.0, 10.0, 10.0));
#2439 = DEFINITIONAL_REPRESENTATION('', (#2441), #2440);
#2440 = (
    GEOMETRIC_REPRESENTATION_CONTEXT(2)
    PARAMETRIC_REPRESENTATION_CONTEXT()
    REPRESENTATION_CONTEXT('2D SPACE', '')
);
#2441 = (
    BOUNDED_CURVE()
    B_SPLINE_CURVE(3, (#2442, #2443, #2444, #2445, #2446, #2447, #2448, #2449, #2450, #2451, #2452, #2453, #2454, #2455, #2456, #2457, #2458, #2459, #2460, #2461, #2462, #2463, #2464, #2465, #2466, #2467, #2468, #2469, #2470, #2471, #2472, #2473, #2474, #2475, #2476, #2477, #2478, #2479, #2480, #2481, #2482, #2483, #2484, #2485, #2486, #2487, #2488, #2489, #2490, #2491, #2492, #2493, #2494, #2495, #2496, #2497, #2498, #2499, #2500, #2501, #2502, #2503, #2504, #2505, #2506, #2507, #2508, #2509, #2510, #2511, #2512, #2513, #2514, #2515, #2516, #2517, #2518, #2519, #2520, #2521, #2522, #2523, #2524, #2525, #2526, #2527, #2528, #2529, #2530, #2531, #2532, #2533, #2534, #2535, #2536, #2537, #2538, #2539, #2540, #2541, #2542, #2543, #2544, #2545, #2546, #2547, #2548, #2549, #2550, #2551, #2552, #2553, #2554, #2555, #2556, #2557, #2558, #2559, #2560, #2561, #2562, #2563, #2564, #2565, #2566, #2567, #2568, #2569, #2570, #2571, #2572, #2573, #2574, #2575, #2576, #2577, #2578, #2579, #2580, #2581, #2582, #2583, #2584, #2585, #2586, #2587, #2588, #2589, #2590, #2591, #2592, #2593, #2594, #2595, #2596, #2597, #2598, #2599, #2600, #2601, #2602, #2603, #2604, #2605, #2606, #2607, #2608, #2609, #2610, #2611, #2612, #2613, #2614, #2615, #2616, #2617, #2618, #2619, #2620, #2621, #2622, #2623, #2624, #2625, #2626, #2627, #2628, #2629, #2630, #2631, #2632, #2633, #2634, #2635, #2636, #2637, #2638, #2639, #2640, #2641, #2642, #2643, #2644, #2645, #2646, #2647, #2648, #2649), .UNSPECIFIED., .U., .U.)
    B_SPLINE_CURVE_WITH_KNOTS((4, 3, 3, 3, 3, 3, 3, 3, 3, 3, 3, 3, 3, 3, 3, 3, 3, 3, 3, 3, 3, 3, 3, 3, 3, 3, 3, 3, 3, 3, 3, 3, 3, 3, 3, 3, 3, 3, 3, 3, 3, 3, 3, 3, 3, 3, 3, 3, 3, 3, 3, 3, 3, 3, 3, 3, 3, 3, 3, 3, 3, 3, 3, 3, 3, 3, 3, 3, 3, 4), (0.0, 0.02272751903935629, 0.045454059520447475, 0.06818060048269625, 0.09090714097528878, 0.11363368175820246, 0.1363602223417125, 0.1590867631214081, 0.1818133037429439, 0.20453984440803907, 0.22726638516542522, 0.24999292577071708, 0.27271946659605434, 0.2954460071326435, 0.31817254803750916, 0.34089908853649853, 0.36362562943359716, 0.3863521699280238, 0.4090787107912305, 0.43180525131640995, 0.4545317921144739, 0.47725833270736373, 0.4999848734302924, 0.5227114141136006, 0.545437954756743, 0.568164495540312, 0.5908910361120056, 0.6136175769800201, 0.6363441174979795, 0.6590706584056782, 0.6817971988981913, 0.7045237397857221, 0.7272502802885266, 0.7499768211257342, 0.7727033616758119, 0.7954299024431952, 0.8181564430721685, 0.8408829837608894, 0.8636095244871715, 0.8863360650986256, 0.9090626059215319, 0.9317891464674645, 0.9545156873597029, 0.9772422278628657, 0.9999687687665466, 1.0226953092586972, 1.045421850127995, 1.0681483906470088, 1.0908749314563901, 1.1136014720360286, 1.136328012770648, 1.1590545534406431, 1.1817810940950673, 1.204507634861784, 1.2272341754449643, 1.249960716305614, 1.2726872568266592, 1.2954137977285844, 1.3181403382297345, 1.340866879126287, 1.3635934196117767, 1.3863199604562388, 1.409046501020117, 1.4317730417952674, 1.4544995823748212, 1.4772261230912156, 1.4999526638514464, 1.5226792044340767, 1.5454057451885252, 1.5707623871705878), .UNSPECIFIED.)
    CURVE()
    GEOMETRIC_REPRESENTATION_ITEM()
    RATIONAL_B_SPLINE_CURVE((1.0, 1.0, 1.0, 1.0, 1.0, 1.0, 1.0, 1.0, 1.0, 1.0, 1.0, 1.0, 1.0, 1.0, 1.0, 1.0, 1.0, 1.0, 1.0, 1.0, 1.0, 1.0, 1.0, 1.0, 1.0, 1.0, 1.0, 1.0, 1.0, 1.0, 1.0, 1.0, 1.0, 1.0, 1.0, 1.0, 1.0, 1.0, 1.0, 1.0, 1.0, 1.0, 1.0, 1.0, 1.0, 1.0, 1.0, 1.0, 1.0, 1.0, 1.0, 1.0, 1.0, 1.0, 1.0, 1.0, 1.0, 1.0, 1.0, 1.0, 1.0, 1.0, 1.0, 1.0, 1.0, 1.0, 1.0, 1.0, 1.0, 1.0, 1.0, 1.0, 1.0, 1.0, 1.0, 1.0, 1.0, 1.0, 1.0, 1.0, 1.0, 1.0, 1.0, 1.0, 1.0, 1.0, 1.0, 1.0, 1.0, 1.0, 1.0, 1.0, 1.0, 1.0, 1.0, 1.0, 1.0, 1.0, 1.0, 1.0, 1.0, 1.0, 1.0, 1.0, 1.0, 1.0, 1.0, 1.0, 1.0, 1.0, 1.0, 1.0, 1.0, 1.0, 1.0, 1.0, 1.0, 1.0, 1.0, 1.0, 1.0, 1.0, 1.0, 1.0, 1.0, 1.0, 1.0, 1.0, 1.0, 1.0, 1.0, 1.0, 1.0, 1.0, 1.0, 1.0, 1.0, 1.0, 1.0, 1.0, 1.0, 1.0, 1.0, 1.0, 1.0, 1.0, 1.0, 1.0, 1.0, 1.0, 1.0, 1.0, 1.0, 1.0, 1.0, 1.0, 1.0, 1.0, 1.0, 1.0, 1.0, 1.0, 1.0, 1.0, 1.0, 1.0, 1.0, 1.0, 1.0, 1.0, 1.0, 1.0, 1.0, 1.0, 1.0, 1.0, 1.0, 1.0, 1.0, 1.0, 1.0, 1.0, 1.0, 1.0, 1.0, 1.0, 1.0, 1.0, 1.0, 1.0, 1.0, 1.0, 1.0, 1.0, 1.0, 1.0, 1.0, 1.0, 1.0, 1.0, 1.0, 1.0, 1.0, 1.0, 1.0, 1.0, 1.0, 1.0))
    REPRESENTATION_ITEM('')
);
#2442 = CARTESIAN_POINT('', (0.1, 0.0));
#2443 = CARTESIAN_POINT('', (0.09924241603202145, 0.0));
#2444 = CARTESIAN_POINT('', (0.09848478316502121, 8.6109209057E-6));
#2445 = CARTESIAN_POINT('', (0.09772739485353618, 2.5827603628E-5));
#2446 = CARTESIAN_POINT('', (0.09697003915223577, 4.3043545067E-5));
#2447 = CARTESIAN_POINT('', (0.09621283017865977, 6.8866859067E-5));
#2448 = CARTESIAN_POINT('', (0.09545606131645408, 1.0328976028E-4));
#2449 = CARTESIAN_POINT('', (0.09469929243822636, 1.3771266222E-4));
#2450 = CARTESIAN_POINT('', (0.09394286594609016, 1.8073875235E-4));
#2451 = CARTESIAN_POINT('', (0.0931870747352261, 2.3234996055E-4));
#2452 = CARTESIAN_POINT('', (0.09243128353998084, 2.8396116769E-4));
#2453 = CARTESIAN_POINT('', (0.09167603005516552, 3.4416457821E-4));
#2454 = CARTESIAN_POINT('', (0.09092160696670558, 4.1293849122E-4));
#2455 = CARTESIAN_POINT('', (0.09016718386860824, 4.8171240512E-4));
#2456 = CARTESIAN_POINT('', (0.08941349367000744, 5.5906452989E-4));
#2457 = CARTESIAN_POINT('', (0.08866082819898062, 6.4496418587E-4));
#2458 = CARTESIAN_POINT('', (0.08790816273455773, 7.3086384111E-4));
#2459 = CARTESIAN_POINT('', (0.08715642490079202, 8.2532290593E-4));
#2460 = CARTESIAN_POINT('', (0.08640590600399377, 9.2830561153E-4));
#2461 = CARTESIAN_POINT('', (0.08565538710071671, 1.0312883180E-3));
#2462 = CARTESIAN_POINT('', (0.08490599007568464, 1.1428067647E-3));
#2463 = CARTESIAN_POINT('', (0.08415800513828597, 1.2628175785E-3));
#2464 = CARTESIAN_POINT('', (0.08341002020609273, 1.3828283915E-3));
#2465 = CARTESIAN_POINT('', (0.08266335096139632, 1.5113481432E-3));
#2466 = CARTESIAN_POINT('', (0.08191828660519063, 1.6483268245E-3));
#2467 = CARTESIAN_POINT('', (0.08117322224755688, 1.7853055061E-3));
#2468 = CARTESIAN_POINT('', (0.08042966640233273, 1.9307598448E-3));
#2469 = CARTESIAN_POINT('', (0.07968790712639659, 2.0846339257E-3));
#2470 = CARTESIAN_POINT('', (0.07894614784744822, 2.2385080073E-3));
#2471 = CARTESIAN_POINT('', (0.07820608962828973, 2.4008229031E-3));
#2472 = CARTESIAN_POINT('', (0.07746801888464153, 2.5715145498E-3));
#2473 = CARTESIAN_POINT('', (0.07672994814593274, 2.7422061954E-3));
#2474 = CARTESIAN_POINT('', (0.07599376943346443, 2.9212960142E-3));
#2475 = CARTESIAN_POINT('', (0.07525976810812605, 3.1087156173E-3));
#2476 = CARTESIAN_POINT('', (0.07452576677568086, 3.2961352221E-3));
#2477 = CARTESIAN_POINT('', (0.07379384834737147, 3.4919098546E-3));
#2478 = CARTESIAN_POINT('', (0.07306429584085036, 3.6959618199E-3));
#2479 = CARTESIAN_POINT('', (0.07233474334359848, 3.9000137826E-3));
#2480 = CARTESIAN_POINT('', (0.07160746247754649, 4.1123691550E-3));
#2481 = CARTESIAN_POINT('', (0.07088273537897805, 4.3329472191E-3));
#2482 = CARTESIAN_POINT('', (0.07015800826866563, 4.5535252867E-3));
#2483 = CARTESIAN_POINT('', (0.0694357415334433, 4.7823550344E-3));
#2484 = CARTESIAN_POINT('', (0.06871621429396971, 5.0193457937E-3));
#2485 = CARTESIAN_POINT('', (0.06799668706734627, 5.2563365487E-3));
#2486 = CARTESIAN_POINT('', (0.06727980640654646, 5.5015189027E-3));
#2487 = CARTESIAN_POINT('', (0.06656585066834833, 5.7547998766E-3));
#2488 = CARTESIAN_POINT('', (0.06585189491764357, 6.0080808549E-3));
#2489 = CARTESIAN_POINT('', (0.06514077179217145, 6.2694927561E-3));
#2490 = CARTESIAN_POINT('', (0.0644327561452899, 6.5389327526E-3));
#2491 = CARTESIAN_POINT('', (0.06372474051095305, 6.8083727443E-3));
#2492 = CARTESIAN_POINT('', (0.06301974100651128, 7.0858758501E-3));
#2493 = CARTESIAN_POINT('', (0.06231803144940908, 7.3713364342E-3));
#2494 = CARTESIAN_POINT('', (0.061616321880920366, 7.6567970229E-3));
#2495 = CARTESIAN_POINT('', (0.06091781128992211, 7.9502509850E-3));
#2496 = CARTESIAN_POINT('', (0.060222769789213024, 8.2515836559E-3));
#2497 = CARTESIAN_POINT('', (0.059527728298841766, 8.5529163223E-3));
#2498 = CARTESIAN_POINT('', (0.05883606637801851, 8.8621671397E-3));
#2499 = CARTESIAN_POINT('', (0.058148052503488735, 9.1792175421E-3));
#2500 = CARTESIAN_POINT('', (0.05746003862069776, 9.4962679482E-3));
#2501 = CARTESIAN_POINT('', (0.05677558344932633, 9.8211577527E-3));
#2502 = CARTESIAN_POINT('', (0.05609495185852738, 0.010153760669943944));
#2503 = CARTESIAN_POINT('', (0.05541432027387313, 0.01048636358416619));
#2504 = CARTESIAN_POINT('', (0.05473742479659639, 0.01082672339244957));
#2505 = CARTESIAN_POINT('', (0.0540645278096719, 0.011174708589787082));
#2506 = CARTESIAN_POINT('', (0.053391630818897175, 0.01152269378911573));
#2507 = CARTESIAN_POINT('', (0.05272264492342103, 0.011878348303503027));
#2508 = CARTESIAN_POINT('', (0.05205782925443192, 0.012241534461570816));
#2509 = CARTESIAN_POINT('', (0.051393013586601824, 0.01260472061900544));
#2510 = CARTESIAN_POINT('', (0.05073228287941539, 0.012975486344335993));
#2511 = CARTESIAN_POINT('', (0.0500758927567986, 0.013353687433805116));
#2512 = CARTESIAN_POINT('', (0.04941950263534189, 0.013731888522605826));
#2513 = CARTESIAN_POINT('', (0.048767367924990535, 0.01411757308176172));
#2514 = CARTESIAN_POINT('', (0.04811974153561257, 0.01451059231144045));
#2515 = CARTESIAN_POINT('', (0.04747211514223294, 0.014903611543547638));
#2516 = CARTESIAN_POINT('', (0.04682891409305362, 0.01530401721691194));
#2517 = CARTESIAN_POINT('', (0.04619038671536909, 0.01571165290003518));
#2518 = CARTESIAN_POINT('', (0.04555185934363744, 0.016119288579358106));
#2519 = CARTESIAN_POINT('', (0.0449179229297996, 0.0165342065032661));
#2520 = CARTESIAN_POINT('', (0.04428882369000454, 0.016956247020274682));
#2521 = CARTESIAN_POINT('', (0.043659724442006935, 0.01737828754278605));
#2522 = CARTESIAN_POINT('', (0.043035381666530134, 0.017807505891585078));
#2523 = CARTESIAN_POINT('', (0.04241603602120404, 0.01824373408655695));
#2524 = CARTESIAN_POINT('', (0.04179669038541768, 0.018679962274809638));
#2525 = CARTESIAN_POINT('', (0.04118226180191732, 0.019123256511719335));
#2526 = CARTESIAN_POINT('', (0.04057298933325632, 0.0195734465912697));
#2527 = CARTESIAN_POINT('', (0.039963716854146854, 0.02002363667854041));
#2528 = CARTESIAN_POINT('', (0.03935952193864013, 0.020480780847328878));
#2529 = CARTESIAN_POINT('', (0.03876063739980384, 0.020944700428312323));
#2530 = CARTESIAN_POINT('', (0.038161752871908435, 0.021408620000820534));
#2531 = CARTESIAN_POINT('', (0.03756810143262942, 0.02187937496889788));
#2532 = CARTESIAN_POINT('', (0.03697991436043009, 0.02235678466256391));
#2533 = CARTESIAN_POINT('', (0.03639172727800729, 0.022834194364527962));
#2534 = CARTESIAN_POINT('', (0.03580892817474478, 0.023318319847654534));
#2535 = CARTESIAN_POINT('', (0.035231741861863106, 0.023808972502473113));
#2536 = CARTESIAN_POINT('', (0.03465455555875234, 0.024299625148985676));
#2537 = CARTESIAN_POINT('', (0.034082907752575484, 0.024796868613690116));
#2538 = CARTESIAN_POINT('', (0.0335170210412611, 0.02530051162018008));
#2539 = CARTESIAN_POINT('', (0.03295113432162013, 0.02580415463408075));
#2540 = CARTESIAN_POINT('', (0.032390934875605217, 0.026314261339722554));
#2541 = CARTESIAN_POINT('', (0.031836639099778886, 0.026830633548326044));
#2542 = CARTESIAN_POINT('', (0.03128234333095559, 0.027347005750405624));
#2543 = CARTESIAN_POINT('', (0.030733880158705724, 0.027869710668975423));
#2544 = CARTESIAN_POINT('', (0.030191462704732643, 0.028398546518782597));
#2545 = CARTESIAN_POINT('', (0.029649045245573095, 0.028927382373646372));
#2546 = CARTESIAN_POINT('', (0.029112602628492256, 0.029462416562271044));
#2547 = CARTESIAN_POINT('', (0.028582342432460234, 0.030003441687283437));
#2548 = CARTESIAN_POINT('', (0.028052082239657623, 0.030544466809000866));
#2549 = CARTESIAN_POINT('', (0.027527936758467902, 0.03109155345914094));
#2550 = CARTESIAN_POINT('', (0.02701010898197816, 0.03164448966549399));
#2551 = CARTESIAN_POINT('', (0.026492281204127055, 0.0321974258733007));
#2552 = CARTESIAN_POINT('', (0.025980703526268738, 0.032756282330837015));
#2553 = CARTESIAN_POINT('', (0.02547557432269748, 0.033320842819285636));
#2554 = CARTESIAN_POINT('', (0.024970445118291374, 0.03388540330866733));
#2555 = CARTESIAN_POINT('', (0.024471700089313164, 0.03445574153104591));
#2556 = CARTESIAN_POINT('', (0.02397953162375375, 0.03503163584498183));
#2557 = CARTESIAN_POINT('', (0.023487363160681056, 0.035607530156008));
#2558 = CARTESIAN_POINT('', (0.02300170718488213, 0.036189054474259394));
#2559 = CARTESIAN_POINT('', (0.02252275249534475, 0.03677598416245534));
#2560 = CARTESIAN_POINT('', (0.022043797801351087, 0.03736291385611219));
#2561 = CARTESIAN_POINT('', (0.021571483440278583, 0.037955325400077934));
#2562 = CARTESIAN_POINT('', (0.021105990924756856, 0.03855298816634998));
#2563 = CARTESIAN_POINT('', (0.020640498414908198, 0.03915065092533816));
#2564 = CARTESIAN_POINT('', (0.02018176737475363, 0.039753641882598965));
#2565 = CARTESIAN_POINT('', (0.019729976675037005, 0.04036172840099593));
#2566 = CARTESIAN_POINT('', (0.019278185968436015, 0.04096981492865888));
#2567 = CARTESIAN_POINT('', (0.018833277806598908, 0.04158307589936724));
#2568 = CARTESIAN_POINT('', (0.018395422788721184, 0.04220127251130838));
#2569 = CARTESIAN_POINT('', (0.017957567778339484, 0.04281946911266607));
#2570 = CARTESIAN_POINT('', (0.017526709317030254, 0.043442681158340345));
#2571 = CARTESIAN_POINT('', (0.017103015985647108, 0.04407066842651384));
#2572 = CARTESIAN_POINT('', (0.01667932264679706, 0.04469865570575458));
#2573 = CARTESIAN_POINT('', (0.016262739515688223, 0.045331499112961346));
#2574 = CARTESIAN_POINT('', (0.015853426467409188, 0.045968952559718536));
#2575 = CARTESIAN_POINT('', (0.015444113426541959, 0.046606405994932765));
#2576 = CARTESIAN_POINT('', (0.015042017773483685, 0.04724855189718459));
#2577 = CARTESIAN_POINT('', (0.014647297001281187, 0.047895142617410506));
#2578 = CARTESIAN_POINT('', (0.014252576222528296, 0.0485417333483666));
#2579 = CARTESIAN_POINT('', (0.013865178546556963, 0.04919285185937801));
#2580 = CARTESIAN_POINT('', (0.013485252999113646, 0.049848245363265195));
#2581 = CARTESIAN_POINT('', (0.013105327457526118, 0.0505036388570508));
#2582 = CARTESIAN_POINT('', (0.012732825437268672, 0.05116339223894227));
#2583 = CARTESIAN_POINT('', (0.012367892512233695, 0.051827250664416034));
#2584 = CARTESIAN_POINT('', (0.01200295958253612, 0.05249110909837164));
#2585 = CARTESIAN_POINT('', (0.011645547566562244, 0.053159157688297466));
#2586 = CARTESIAN_POINT('', (0.011295794363976614, 0.05383113742072452));
#2587 = CARTESIAN_POINT('', (0.010946041164926645, 0.05450311714635851));
#2588 = CARTESIAN_POINT('', (0.010603902401086175, 0.055179115187559614));
#2589 = CARTESIAN_POINT('', (0.010269511087919958, 0.0558588699239078));
#2590 = CARTESIAN_POINT('', (9.9351197725E-3, 0.05653862466489151));
#2591 = CARTESIAN_POINT('', (9.6084316963E-3, 0.057222223350838576));
#2592 = CARTESIAN_POINT('', (9.2895733760E-3, 0.05790940122539714));
#2593 = CARTESIAN_POINT('', (8.9707150566E-3, 0.058596579098001665));
#2594 = CARTESIAN_POINT('', (8.6596463718E-3, 0.05928742536409901));
#2595 = CARTESIAN_POINT('', (8.3564873563E-3, 0.059981672198993016));
#2596 = CARTESIAN_POINT('', (8.0533283409E-3, 0.060675919033411366));
#2597 = CARTESIAN_POINT('', (7.7580390347E-3, 0.061373655721131924));
#2598 = CARTESIAN_POINT('', (7.4707343356E-3, 0.062074612257278464));
#2599 = CARTESIAN_POINT('', (7.1834296351E-3, 0.06277556879688845));
#2600 = CARTESIAN_POINT('', (6.9040735845E-3, 0.0634798361393266));
#2601 = CARTESIAN_POINT('', (6.6327730520E-3, 0.0641871409409496));
#2602 = CARTESIAN_POINT('', (6.3614725216E-3, 0.06489444573686048));
#2603 = CARTESIAN_POINT('', (6.0981919768E-3, 0.06560487913615434));
#2604 = CARTESIAN_POINT('', (5.8430344809E-3, 0.06631816638851773));
#2605 = CARTESIAN_POINT('', (5.5878769819E-3, 0.06703145364958968));
#2606 = CARTESIAN_POINT('', (5.3408105165E-3, 0.0677476871690739));
#2607 = CARTESIAN_POINT('', (5.1019288570E-3, 0.06846658884445));
#2608 = CARTESIAN_POINT('', (4.8630472011E-3, 0.06918549050908351));
#2609 = CARTESIAN_POINT('', (4.6323193084E-3, 0.06990715310558235));
#2610 = CARTESIAN_POINT('', (4.4098362166E-3, 0.0706312976510977));
#2611 = CARTESIAN_POINT('', (4.1873531210E-3, 0.07135544220874918));
#2612 = CARTESIAN_POINT('', (3.9730863996E-3, 0.07208216227867925));
#2613 = CARTESIAN_POINT('', (3.7671170594E-3, 0.07281117578957937));
#2614 = CARTESIAN_POINT('', (3.5611477228E-3, 0.07354018928762356));
#2615 = CARTESIAN_POINT('', (3.3634492167E-3, 0.0742715903891798));
#2616 = CARTESIAN_POINT('', (3.1741001838E-3, 0.07500509634801619));
#2617 = CARTESIAN_POINT('', (2.9847511475E-3, 0.07573860231961431));
#2618 = CARTESIAN_POINT('', (2.8037265318E-3, 0.0764743076737853));
#2619 = CARTESIAN_POINT('', (2.6310949785E-3, 0.07721192709783391));
#2620 = CARTESIAN_POINT('', (2.4584634284E-3, 0.07794954650854095));
#2621 = CARTESIAN_POINT('', (2.2942029634E-3, 0.07868917531792498));
#2622 = CARTESIAN_POINT('', (2.1383790314E-3, 0.07943052742683446));
#2623 = CARTESIAN_POINT('', (1.9825550970E-3, 0.0801718795474538));
#2624 = CARTESIAN_POINT('', (1.8351464816E-3, 0.08091505043730576));
#2625 = CARTESIAN_POINT('', (1.6962093537E-3, 0.08165975208209389));
#2626 = CARTESIAN_POINT('', (1.5572722274E-3, 0.08240445371768786));
#2627 = CARTESIAN_POINT('', (1.4267893135E-3, 0.08315078239359432));
#2628 = CARTESIAN_POINT('', (1.3048122419E-3, 0.08389844919446454));
#2629 = CARTESIAN_POINT('', (1.1828351692E-3, 0.08464611600228529));
#2630 = CARTESIAN_POINT('', (1.0693469843E-3, 0.08539521726180324));
#2631 = CARTESIAN_POINT('', (9.6439131414E-4, 0.08614546280100481));
#2632 = CARTESIAN_POINT('', (8.5943564492E-4, 0.08689570833374938));
#2633 = CARTESIAN_POINT('', (7.6299994896E-4, 0.08764719515514624));
#2634 = CARTESIAN_POINT('', (6.7512167018E-4, 0.08839963216913724));
#2635 = CARTESIAN_POINT('', (5.8724339088E-4, 0.08915206918765878));
#2636 = CARTESIAN_POINT('', (5.0791012115E-4, 0.08990555342356685));
#2637 = CARTESIAN_POINT('', (4.3715279565E-4, 0.09065979308024366));
#2638 = CARTESIAN_POINT('', (3.6639547002E-4, 0.0914140327383753));
#2639 = CARTESIAN_POINT('', (3.0420614878E-4, 0.09216912530317606));
#2640 = CARTESIAN_POINT('', (2.5060802384E-4, 0.09292477820102797));
#2641 = CARTESIAN_POINT('', (1.9700989932E-4, 0.09368043109297469));
#2642 = CARTESIAN_POINT('', (1.5199531683E-4, 0.09443674183997895));
#2643 = CARTESIAN_POINT('', (1.1558260222E-4, 0.09519341757388006));
#2644 = CARTESIAN_POINT('', (7.9169887333E-5, 0.09595009331350182));
#2645 = CARTESIAN_POINT('', (5.1355527580E-5, 0.09670723177737564));
#2646 = CARTESIAN_POINT('', (3.2148464251E-5, 0.09746453960742602));
#2647 = CARTESIAN_POINT('', (1.0718602415E-5, 0.09830948929529443));
#2648 = CARTESIAN_POINT('', (0.0, 0.09915477860059789));
#2649 = CARTESIAN_POINT('', (0.0, 0.09999999999999998));
#2650 = PCURVE('', #2651, #2932);
#2651 = (
    BOUNDED_SURFACE()
    B_SPLINE_SURFACE(3, 3, ((#2652, #2653, #2654, #2655, #2656, #2657, #2658, #2659, #2660, #2661, #2662, #2663, #2664, #2665, #2666, #2667, #2668, #2669, #2670, #2671, #2672, #2673, #2674, #2675, #2676, #2677, #2678, #2679, #2680, #2681, #2682, #2683, #2684, #2685, #2686, #2687, #2688, #2689, #2690, #2691), (#2692, #2693, #2694, #2695, #2696, #2697, #2698, #2699, #2700, #2701, #2702, #2703, #2704, #2705, #2706, #2707, #2708, #2709, #2710, #2711, #2712, #2713, #2714, #2715, #2716, #2717, #2718, #2719, #2720, #2721, #2722, #2723, #2724, #2725, #2726, #2727, #2728, #2729, #2730, #2731), (#2732, #2733, #2734, #2735, #2736, #2737, #2738, #2739, #2740, #2741, #2742, #2743, #2744, #2745, #2746, #2747, #2748, #2749, #2750, #2751, #2752, #2753, #2754, #2755, #2756, #2757, #2758, #2759, #2760, #2761, #2762, #2763, #2764, #2765, #2766, #2767, #2768, #2769, #2770, #2771), (#2772, #2773, #2774, #2775, #2776, #2777, #2778, #2779, #2780, #2781, #2782, #2783, #2784, #2785, #2786, #2787, #2788, #2789, #2790, #2791, #2792, #2793, #2794, #2795, #2796, #2797, #2798, #2799, #2800, #2801, #2802, #2803, #2804, #2805, #2806, #2807, #2808, #2809, #2810, #2811), (#2812, #2813, #2814, #2815, #2816, #2817, #2818, #2819, #2820, #2821, #2822, #2823, #2824, #2825, #2826, #2827, #2828, #2829, #2830, #2831, #2832, #2833, #2834, #2835, #2836, #2837, #2838, #2839, #2840, #2841, #2842, #2843, #2844, #2845, #2846, #2847, #2848, #2849, #2850, #2851), (#2852, #2853, #2854, #2855, #2856, #2857, #2858, #2859, #2860, #2861, #2862, #2863, #2864, #2865, #2866, #2867, #2868, #2869, #2870, #2871, #2872, #2873, #2874, #2875, #2876, #2877, #2878, #2879, #2880, #2881, #2882, #2883, #2884, #2885, #2886, #2887, #2888, #2889, #2890, #2891), (#2892, #2893, #2894, #2895, #2896, #2897, #2898, #2899, #2900, #2901, #2902, #2903, #2904, #2905, #2906, #2907, #2908, #2909, #2910, #2911, #2912, #2913, #2914, #2915, #2916, #2917, #2918, #2919, #2920, #2921, #2922, #2923, #2924, #2925, #2926, #2927, #2928, #2929, #2930, #2931)), .UNSPECIFIED., .U., .U., .U.)
    B_SPLINE_SURFACE_WITH_KNOTS((4, 3, 4), (4, 1, 1, 1, 1, 1, 1, 1, 1, 1, 1, 1, 1, 1, 1, 1, 1, 1, 1, 1, 1, 1, 1, 1, 1, 1, 1, 1, 1, 1, 1, 1, 1, 1, 1, 1, 1, 4), (5.0, 14.999999999999998, 15.000159999999997), (0.0, 0.02702702702702703, 0.05405405405405406, 0.08108108108108109, 0.10810810810810811, 0.13513513513513514, 0.16216216216216217, 0.1891891891891892, 0.21621621621621623, 0.24324324324324326, 0.2702702702702703, 0.2972972972972973, 0.32432432432432434, 0.35135135135135137, 0.3783783783783784, 0.40540540540540543, 0.43243243243243246, 0.4594594594594595, 0.4864864864864865, 0.5135135135135136, 0.5405405405405406, 0.5675675675675675, 0.5945945945945946, 0.6216216216216217, 0.6486486486486487, 0.6756756756756757, 0.7027027027027027, 0.7297297297297298, 0.7567567567567568, 0.7837837837837838, 0.8108108108108109, 0.8378378378378379, 0.8648648648648649, 0.8918918918918919, 0.918918918918919, 0.945945945945946, 0.972972972972973, 1.0), .UNSPECIFIED.)
    GEOMETRIC_REPRESENTATION_ITEM()
    RATIONAL_B_SPLINE_SURFACE(((1.0, 1.0, 1.0, 1.0, 1.0, 1.0, 1.0, 1.0, 1.0, 1.0, 1.0, 1.0, 1.0, 1.0, 1.0, 1.0, 1.0, 1.0, 1.0, 1.0, 1.0, 1.0, 1.0, 1.0, 1.0, 1.0, 1.0, 1.0, 1.0, 1.0, 1.0, 1.0, 1.0, 1.0, 1.0, 1.0, 1.0, 1.0, 1.0, 1.0), (1.0, 1.0, 1.0, 1.0, 1.0, 1.0, 1.0, 1.0, 1.0, 1.0, 1.0, 1.0, 1.0, 1.0, 1.0, 1.0, 1.0, 1.0, 1.0, 1.0, 1.0, 1.0, 1.0, 1.0, 1.0, 1.0, 1.0, 1.0, 1.0, 1.0, 1.0, 1.0, 1.0, 1.0, 1.0, 1.0, 1.0, 1.0, 1.0, 1.0), (1.0, 1.0, 1.0, 1.0, 1.0, 1.0, 1.0, 1.0, 1.0, 1.0, 1.0, 1.0, 1.0, 1.0, 1.0, 1.0, 1.0, 1.0, 1.0, 1.0, 1.0, 1.0, 1.0, 1.0, 1.0, 1.0, 1.0, 1.0, 1.0, 1.0, 1.0, 1.0, 1.0, 1.0, 1.0, 1.0, 1.0, 1.0, 1.0, 1.0), (1.0, 1.0, 1.0, 1.0, 1.0, 1.0, 1.0, 1.0, 1.0, 1.0, 1.0, 1.0, 1.0, 1.0, 1.0, 1.0, 1.0, 1.0, 1.0, 1.0, 1.0, 1.0, 1.0, 1.0, 1.0, 1.0, 1.0, 1.0, 1.0, 1.0, 1.0, 1.0, 1.0, 1.0, 1.0, 1.0, 1.0, 1.0, 1.0, 1.0), (1.0, 1.0, 1.0, 1.0, 1.0, 1.0, 1.0, 1.0, 1.0, 1.0, 1.0, 1.0, 1.0, 1.0, 1.0, 1.0, 1.0, 1.0, 1.0, 1.0, 1.0, 1.0, 1.0, 1.0, 1.0, 1.0, 1.0, 1.0, 1.0, 1.0, 1.0, 1.0, 1.0, 1.0, 1.0, 1.0, 1.0, 1.0, 1.0, 1.0), (1.0, 1.0, 1.0, 1.0, 1.0, 1.0, 1.0, 1.0, 1.0, 1.0, 1.0, 1.0, 1.0, 1.0, 1.0, 1.0, 1.0, 1.0, 1.0, 1.0, 1.0, 1.0, 1.0, 1.0, 1.0, 1.0, 1.0, 1.0, 1.0, 1.0, 1.0, 1.0, 1.0, 1.0, 1.0, 1.0, 1.0, 1.0, 1.0, 1.0), (1.0, 1.0, 1.0, 1.0, 1.0, 1.0, 1.0, 1.0, 1.0, 1.0, 1.0, 1.0, 1.0, 1.0, 1.0, 1.0, 1.0, 1.0, 1.0, 1.0, 1.0, 1.0, 1.0, 1.0, 1.0, 1.0, 1.0, 1.0, 1.0, 1.0, 1.0, 1.0, 1.0, 1.0, 1.0, 1.0, 1.0, 1.0, 1.0, 1.0)))
    REPRESENTATION_ITEM('')
    SURFACE()
);
#2652 = CARTESIAN_POINT('', (1.0, 0.0, 0.0));
#2653 = CARTESIAN_POINT('', (0.9858486817405863, 9.9261673506E-24, -7.6482030585E-16));
#2654 = CARTESIAN_POINT('', (0.9575460459450713, 6.0086161170E-4, -6.1679056924E-16));
#2655 = CARTESIAN_POINT('', (0.9151685964129554, 3.3031561841E-3, -6.9080543754E-16));
#2656 = CARTESIAN_POINT('', (0.8729440191387748, 7.8015578851E-3, -1.7270135939E-16));
#2657 = CARTESIAN_POINT('', (0.8309484051630708, 0.014087972356768777, -3.2073109600E-16));
#2658 = CARTESIAN_POINT('', (0.7892574336779887, 0.02215106475284041, -4.6876083262E-16));
#2659 = CARTESIAN_POINT('', (0.7479462344826288, 0.031976308142339795, -7.6482030585E-16));
#2660 = CARTESIAN_POINT('', (0.7070892532388797, 0.0435459950580164, -3.2073109600E-16));
#2661 = CARTESIAN_POINT('', (0.6667601169508406, 0.056839277088437744, 1.2335811385E-16));
#2662 = CARTESIAN_POINT('', (0.627031501472716, 0.07183219833132577, -6.1679056924E-16));
#2663 = CARTESIAN_POINT('', (0.5879750004178573, 0.08849774073872549, -7.6482030585E-16));
#2664 = CARTESIAN_POINT('', (0.5496609962563302, 0.10680587176784896, -3.2073109600E-16));
#2665 = CARTESIAN_POINT('', (0.5121585334271656, 0.12672359903693564, -5.4277570093E-16));
#2666 = CARTESIAN_POINT('', (0.47553519390664484, 0.1482150294110058, -6.9080543754E-16));
#2667 = CARTESIAN_POINT('', (0.4398569754182269, 0.17124143388092072, -9.8686491078E-17));
#2668 = CARTESIAN_POINT('', (0.40518817249077044, 0.19576131725617943, -6.1679056924E-16));
#2669 = CARTESIAN_POINT('', (0.3715912606869128, 0.22173049311334797, -2.4671622769E-16));
#2670 = CARTESIAN_POINT('', (0.3391267839186851, 0.2491021632405518, -2.4671622769E-17));
#2671 = CARTESIAN_POINT('', (0.3078532453723586, 0.27782700204140226, -3.2073109600E-16));
#2672 = CARTESIAN_POINT('', (0.27782700204140276, 0.3078532453723594, -1.7270135939E-16));
#2673 = CARTESIAN_POINT('', (0.24910216324055098, 0.339126783918684, -6.1679056924E-16));
#2674 = CARTESIAN_POINT('', (0.2217304931133485, 0.3715912606869136, -2.4671622769E-17));
#2675 = CARTESIAN_POINT('', (0.19576131725617907, 0.4051881724907695, -6.1679056924E-16));
#2676 = CARTESIAN_POINT('', (0.17124143388092142, 0.43985697541822805, 4.9343245539E-17));
#2677 = CARTESIAN_POINT('', (0.14821502941100517, 0.47553519390664384, -2.4671622769E-16));
#2678 = CARTESIAN_POINT('', (0.12672359903693622, 0.5121585334271672, -3.9474596431E-16));
#2679 = CARTESIAN_POINT('', (0.10680587176784853, 0.5496609962563289, -6.1679056924E-16));
#2680 = CARTESIAN_POINT('', (0.08849774073872574, 0.5879750004178589, -2.4671622769E-17));
#2681 = CARTESIAN_POINT('', (0.07183219833132541, 0.6270315014727151, 4.9343245539E-17));
#2682 = CARTESIAN_POINT('', (0.05683927708843772, 0.6667601169508389, -1.7270135939E-16));
#2683 = CARTESIAN_POINT('', (0.04354599505801641, 0.7070892532388809, -9.1285004247E-16));
#2684 = CARTESIAN_POINT('', (0.03197630814233981, 0.7479462344826278, -2.4671622769E-16));
#2685 = CARTESIAN_POINT('', (0.02215106475284027, 0.7892574336779897, -6.1679056924E-16));
#2686 = CARTESIAN_POINT('', (0.014087972356768945, 0.8309484051630714, -2.4671622769E-16));
#2687 = CARTESIAN_POINT('', (7.8015578851E-3, 0.8729440191387746, -2.4671622769E-17));
#2688 = CARTESIAN_POINT('', (3.3031561841E-3, 0.9151685964129543, -5.4277570093E-16));
#2689 = CARTESIAN_POINT('', (6.0086161170E-4, 0.9575460459450743, -9.8686491078E-17));
#2690 = CARTESIAN_POINT('', (8.6649650707E-19, 0.9858486817405864, -1.7270135939E-16));
#2691 = CARTESIAN_POINT('', (0.0, 0.9999999999999998, 0.0));
#2692 = CARTESIAN_POINT('', (1.0, 0.0, 3.3333333333333326));
#2693 = CARTESIAN_POINT('', (0.9858486817405859, 9.9261673506E-24, 3.333333333333332));
#2694 = CARTESIAN_POINT('', (0.9575460459450714, 6.0086161170E-4, 3.3333333333333313));
#2695 = CARTESIAN_POINT('', (0.9151685964129551, 3.3031561841E-3, 3.3333333333333224));
#2696 = CARTESIAN_POINT('', (0.8729440191387748, 7.8015578851E-3, 3.333333333333342));
#2697 = CARTESIAN_POINT('', (0.8309484051630704, 0.014087972356768778, 3.333333333333316));
#2698 = CARTESIAN_POINT('', (0.7892574336779887, 0.02215106475284041, 3.3333333333333384));
#2699 = CARTESIAN_POINT('', (0.7479462344826284, 0.031976308142339795, 3.333333333333324));
#2700 = CARTESIAN_POINT('', (0.7070892532388794, 0.0435459950580164, 3.3333333333333375));
#2701 = CARTESIAN_POINT('', (0.6667601169508405, 0.05683927708843775, 3.333333333333339));
#2702 = CARTESIAN_POINT('', (0.6270315014727158, 0.07183219833132577, 3.33333333333333));
#2703 = CARTESIAN_POINT('', (0.5879750004178572, 0.08849774073872549, 3.333333333333335));
#2704 = CARTESIAN_POINT('', (0.5496609962563301, 0.10680587176784898, 3.333333333333331));
#2705 = CARTESIAN_POINT('', (0.5121585334271653, 0.12672359903693564, 3.333333333333336));
#2706 = CARTESIAN_POINT('', (0.47553519390664467, 0.1482150294110058, 3.3333333333333264));
#2707 = CARTESIAN_POINT('', (0.43985697541822666, 0.17124143388092072, 3.333333333333336));
#2708 = CARTESIAN_POINT('', (0.40518817249077027, 0.19576131725617943, 3.3333333333333286));
#2709 = CARTESIAN_POINT('', (0.3715912606869125, 0.22173049311334797, 3.333333333333329));
#2710 = CARTESIAN_POINT('', (0.3391267839186849, 0.24910216324055176, 3.333333333333345));
#2711 = CARTESIAN_POINT('', (0.3078532453723584, 0.27782700204140226, 3.333333333333316));
#2712 = CARTESIAN_POINT('', (0.27782700204140254, 0.3078532453723595, 3.3333333333333446));
#2713 = CARTESIAN_POINT('', (0.24910216324055084, 0.339126783918684, 3.333333333333318));
#2714 = CARTESIAN_POINT('', (0.2217304931133483, 0.3715912606869136, 3.3333333333333464));
#2715 = CARTESIAN_POINT('', (0.19576131725617887, 0.4051881724907695, 3.333333333333318));
#2716 = CARTESIAN_POINT('', (0.1712414338809212, 0.4398569754182281, 3.3333333333333433));
#2717 = CARTESIAN_POINT('', (0.14821502941100503, 0.47553519390664384, 3.333333333333321));
#2718 = CARTESIAN_POINT('', (0.126723599036936, 0.5121585334271672, 3.333333333333342));
#2719 = CARTESIAN_POINT('', (0.10680587176784834, 0.5496609962563289, 3.333333333333322));
#2720 = CARTESIAN_POINT('', (0.08849774073872554, 0.5879750004178589, 3.3333333333333397));
#2721 = CARTESIAN_POINT('', (0.07183219833132523, 0.6270315014727151, 3.333333333333326));
#2722 = CARTESIAN_POINT('', (0.05683927708843752, 0.6667601169508389, 3.333333333333334));
#2723 = CARTESIAN_POINT('', (0.043545995058016214, 0.7070892532388809, 3.3333333333333344));
#2724 = CARTESIAN_POINT('', (0.03197630814233961, 0.7479462344826278, 3.333333333333325));
#2725 = CARTESIAN_POINT('', (0.022151064752840073, 0.7892574336779897, 3.333333333333342));
#2726 = CARTESIAN_POINT('', (0.014087972356768749, 0.8309484051630714, 3.3333333333333184));
#2727 = CARTESIAN_POINT('', (7.8015578851E-3, 0.8729440191387746, 3.3333333333333437));
#2728 = CARTESIAN_POINT('', (3.3031561841E-3, 0.9151685964129544, 3.333333333333319));
#2729 = CARTESIAN_POINT('', (6.0086161170E-4, 0.9575460459450744, 3.333333333333348));
#2730 = CARTESIAN_POINT('', (-1.9650648638E-16, 0.9858486817405864, 3.3333333333333326));
#2731 = CARTESIAN_POINT('', (0.0, 0.9999999999999998, 3.3333333333333326));
#2732 = CARTESIAN_POINT('', (1.0, 0.0, 6.666666666666668));
#2733 = CARTESIAN_POINT('', (0.9858486817405858, 9.9261673506E-24, 6.666666666666666));
#2734 = CARTESIAN_POINT('', (0.9575460459450716, 6.0086161170E-4, 6.666666666666661));
#2735 = CARTESIAN_POINT('', (0.9151685964129547, 3.3031561841E-3, 6.6666666666666465));
#2736 = CARTESIAN_POINT('', (0.8729440191387748, 7.8015578851E-3, 6.666666666666683));
#2737 = CARTESIAN_POINT('', (0.8309484051630701, 0.014087972356768784, 6.666666666666633));
#2738 = CARTESIAN_POINT('', (0.7892574336779888, 0.022151064752840417, 6.666666666666677));
#2739 = CARTESIAN_POINT('', (0.7479462344826281, 0.0319763081423398, 6.666666666666651));
#2740 = CARTESIAN_POINT('', (0.707089253238879, 0.043545995058016415, 6.666666666666676));
#2741 = CARTESIAN_POINT('', (0.6667601169508405, 0.056839277088437765, 6.666666666666683));
#2742 = CARTESIAN_POINT('', (0.6270315014727156, 0.07183219833132579, 6.666666666666658));
#2743 = CARTESIAN_POINT('', (0.5879750004178571, 0.08849774073872552, 6.666666666666675));
#2744 = CARTESIAN_POINT('', (0.54966099625633, 0.106805871767849, 6.666666666666659));
#2745 = CARTESIAN_POINT('', (0.512158533427165, 0.12672359903693567, 6.6666666666666785));
#2746 = CARTESIAN_POINT('', (0.4755351939066445, 0.14821502941100584, 6.666666666666649));
#2747 = CARTESIAN_POINT('', (0.43985697541822627, 0.17124143388092078, 6.66666666666668));
#2748 = CARTESIAN_POINT('', (0.4051881724907701, 0.19576131725617948, 6.6666666666666545));
#2749 = CARTESIAN_POINT('', (0.3715912606869121, 0.22173049311334803, 6.666666666666663));
#2750 = CARTESIAN_POINT('', (0.33912678391868456, 0.24910216324055184, 6.666666666666691));
#2751 = CARTESIAN_POINT('', (0.30785324537235814, 0.2778270020414023, 6.666666666666627));
#2752 = CARTESIAN_POINT('', (0.27782700204140215, 0.30785324537235953, 6.666666666666698));
#2753 = CARTESIAN_POINT('', (0.2491021632405506, 0.33912678391868406, 6.666666666666628));
#2754 = CARTESIAN_POINT('', (0.22173049311334792, 0.3715912606869137, 6.6666666666667));
#2755 = CARTESIAN_POINT('', (0.19576131725617854, 0.4051881724907696, 6.666666666666635));
#2756 = CARTESIAN_POINT('', (0.17124143388092083, 0.43985697541822827, 6.666666666666688));
#2757 = CARTESIAN_POINT('', (0.14821502941100476, 0.47553519390664395, 6.666666666666644));
#2758 = CARTESIAN_POINT('', (0.1267235990369356, 0.5121585334271673, 6.6666666666666865));
#2759 = CARTESIAN_POINT('', (0.10680587176784799, 0.549660996256329, 6.666666666666645));
#2760 = CARTESIAN_POINT('', (0.08849774073872517, 0.587975000417859, 6.666666666666684));
#2761 = CARTESIAN_POINT('', (0.07183219833132487, 0.6270315014727152, 6.66666666666665));
#2762 = CARTESIAN_POINT('', (0.056839277088437126, 0.666760116950839, 6.666666666666675));
#2763 = CARTESIAN_POINT('', (0.04354599505801584, 0.707089253238881, 6.666666666666666));
#2764 = CARTESIAN_POINT('', (0.03197630814233921, 0.747946234482628, 6.666666666666652));
#2765 = CARTESIAN_POINT('', (0.02215106475283968, 0.7892574336779898, 6.666666666666688));
#2766 = CARTESIAN_POINT('', (0.014087972356768362, 0.8309484051630716, 6.666666666666634));
#2767 = CARTESIAN_POINT('', (7.8015578851E-3, 0.8729440191387748, 6.666666666666697));
#2768 = CARTESIAN_POINT('', (3.3031561841E-3, 0.9151685964129547, 6.666666666666634));
#2769 = CARTESIAN_POINT('', (6.0086161170E-4, 0.9575460459450746, 6.666666666666704));
#2770 = CARTESIAN_POINT('', (-5.9125245217E-16, 0.9858486817405866, 6.666666666666666));
#2771 = CARTESIAN_POINT('', (0.0, 0.9999999999999998, 6.666666666666668));
#2772 = CARTESIAN_POINT('', (1.0, 0.0, 10.0));
#2773 = CARTESIAN_POINT('', (0.9858486817405865, 9.9261673506E-24, 10.0));
#2774 = CARTESIAN_POINT('', (0.9575460459450716, 6.0086161170E-4, 9.99999999999999));
#2775 = CARTESIAN_POINT('', (0.9151685964129557, 3.3031561841E-3, 9.99999999999998));
#2776 = CARTESIAN_POINT('', (0.872944019138775, 7.8015578851E-3, 10.000000000000018));
#2777 = CARTESIAN_POINT('', (0.8309484051630711, 0.014087972356768782, 9.999999999999966));
#2778 = CARTESIAN_POINT('', (0.789257433677989, 0.022151064752840417, 10.00000000000001));
#2779 = CARTESIAN_POINT('', (0.7479462344826289, 0.0319763081423398, 9.999999999999988));
#2780 = CARTESIAN_POINT('', (0.70708925323888, 0.04354599505801641, 10.000000000000009));
#2781 = CARTESIAN_POINT('', (0.6667601169508408, 0.056839277088437765, 10.000000000000016));
#2782 = CARTESIAN_POINT('', (0.6270315014727164, 0.07183219833132579, 9.999999999999998));
#2783 = CARTESIAN_POINT('', (0.5879750004178576, 0.08849774073872552, 9.999999999999998));
#2784 = CARTESIAN_POINT('', (0.5496609962563305, 0.106805871767849, 10.000000000000002));
#2785 = CARTESIAN_POINT('', (0.5121585334271657, 0.12672359903693567, 10.0));
#2786 = CARTESIAN_POINT('', (0.47553519390664506, 0.14821502941100587, 9.999999999999995));
#2787 = CARTESIAN_POINT('', (0.43985697541822694, 0.17124143388092078, 10.000000000000004));
#2788 = CARTESIAN_POINT('', (0.4051881724907705, 0.19576131725617948, 9.999999999999988));
#2789 = CARTESIAN_POINT('', (0.37159126068691284, 0.22173049311334805, 9.999999999999993));
#2790 = CARTESIAN_POINT('', (0.33912678391868517, 0.24910216324055184, 10.000000000000036));
#2791 = CARTESIAN_POINT('', (0.30785324537235864, 0.2778270020414023, 9.999999999999961));
#2792 = CARTESIAN_POINT('', (0.2778270020414028, 0.30785324537235953, 10.00000000000003));
#2793 = CARTESIAN_POINT('', (0.24910216324055112, 0.3391267839186841, 9.999999999999964));
#2794 = CARTESIAN_POINT('', (0.22173049311334858, 0.37159126068691367, 10.000000000000036));
#2795 = CARTESIAN_POINT('', (0.1957613172561791, 0.4051881724907696, 9.999999999999964));
#2796 = CARTESIAN_POINT('', (0.1712414338809215, 0.4398569754182283, 10.000000000000025));
#2797 = CARTESIAN_POINT('', (0.14821502941100523, 0.47553519390664395, 9.99999999999998));
#2798 = CARTESIAN_POINT('', (0.12672359903693625, 0.5121585334271673, 10.000000000000018));
#2799 = CARTESIAN_POINT('', (0.10680587176784857, 0.549660996256329, 9.999999999999984));
#2800 = CARTESIAN_POINT('', (0.08849774073872578, 0.587975000417859, 10.000000000000016));
#2801 = CARTESIAN_POINT('', (0.07183219833132544, 0.6270315014727152, 9.999999999999988));
#2802 = CARTESIAN_POINT('', (0.05683927708843773, 0.6667601169508389, 10.0));
#2803 = CARTESIAN_POINT('', (0.04354599505801642, 0.707089253238881, 10.000000000000007));
#2804 = CARTESIAN_POINT('', (0.03197630814233981, 0.747946234482628, 9.999999999999982));
#2805 = CARTESIAN_POINT('', (0.022151064752840278, 0.7892574336779898, 10.000000000000027));
#2806 = CARTESIAN_POINT('', (0.01408797235676895, 0.8309484051630716, 9.999999999999963));
#2807 = CARTESIAN_POINT('', (7.8015578851E-3, 0.8729440191387748, 10.000000000000028));
#2808 = CARTESIAN_POINT('', (3.3031561841E-3, 0.9151685964129547, 9.999999999999964));
#2809 = CARTESIAN_POINT('', (6.0086161170E-4, 0.9575460459450746, 10.000000000000046));
#2810 = CARTESIAN_POINT('', (8.6649650707E-19, 0.9858486817405866, 10.0));
#2811 = CARTESIAN_POINT('', (0.0, 0.9999999999999998, 10.0));
#2812 = CARTESIAN_POINT('', (1.0, 0.0, 10.000053333333334));
#2813 = CARTESIAN_POINT('', (0.9858486817405865, 9.9261673506E-24, 10.000053333333334));
#2814 = CARTESIAN_POINT('', (0.9575460459450716, 6.0086161170E-4, 10.000053333333323));
#2815 = CARTESIAN_POINT('', (0.9151685964129557, 3.3031561841E-3, 10.000053333333314));
#2816 = CARTESIAN_POINT('', (0.8729440191387751, 7.8015578851E-3, 10.000053333333351));
#2817 = CARTESIAN_POINT('', (0.8309484051630712, 0.014087972356768784, 10.0000533333333));
#2818 = CARTESIAN_POINT('', (0.7892574336779891, 0.022151064752840417, 10.000053333333344));
#2819 = CARTESIAN_POINT('', (0.7479462344826289, 0.0319763081423398, 10.000053333333321));
#2820 = CARTESIAN_POINT('', (0.70708925323888, 0.043545995058016415, 10.000053333333343));
#2821 = CARTESIAN_POINT('', (0.6667601169508408, 0.056839277088437765, 10.00005333333335));
#2822 = CARTESIAN_POINT('', (0.6270315014727165, 0.07183219833132579, 10.000053333333332));
#2823 = CARTESIAN_POINT('', (0.5879750004178576, 0.08849774073872553, 10.000053333333332));
#2824 = CARTESIAN_POINT('', (0.5496609962563305, 0.10680587176784902, 10.000053333333335));
#2825 = CARTESIAN_POINT('', (0.5121585334271657, 0.12672359903693567, 10.000053333333334));
#2826 = CARTESIAN_POINT('', (0.47553519390664506, 0.14821502941100587, 10.000053333333328));
#2827 = CARTESIAN_POINT('', (0.43985697541822694, 0.17124143388092078, 10.000053333333337));
#2828 = CARTESIAN_POINT('', (0.4051881724907705, 0.1957613172561795, 10.000053333333321));
#2829 = CARTESIAN_POINT('', (0.37159126068691284, 0.22173049311334805, 10.000053333333327));
#2830 = CARTESIAN_POINT('', (0.33912678391868517, 0.24910216324055187, 10.00005333333337));
#2831 = CARTESIAN_POINT('', (0.3078532453723587, 0.2778270020414023, 10.000053333333295));
#2832 = CARTESIAN_POINT('', (0.2778270020414028, 0.3078532453723596, 10.000053333333364));
#2833 = CARTESIAN_POINT('', (0.24910216324055115, 0.3391267839186841, 10.000053333333298));
#2834 = CARTESIAN_POINT('', (0.22173049311334858, 0.37159126068691367, 10.00005333333337));
#2835 = CARTESIAN_POINT('', (0.19576131725617912, 0.4051881724907696, 10.000053333333298));
#2836 = CARTESIAN_POINT('', (0.1712414338809215, 0.4398569754182283, 10.000053333333359));
#2837 = CARTESIAN_POINT('', (0.14821502941100523, 0.47553519390664395, 10.000053333333314));
#2838 = CARTESIAN_POINT('', (0.12672359903693625, 0.5121585334271673, 10.000053333333351));
#2839 = CARTESIAN_POINT('', (0.10680587176784859, 0.549660996256329, 10.000053333333318));
#2840 = CARTESIAN_POINT('', (0.0884977407387258, 0.587975000417859, 10.00005333333335));
#2841 = CARTESIAN_POINT('', (0.07183219833132544, 0.6270315014727154, 10.000053333333321));
#2842 = CARTESIAN_POINT('', (0.05683927708843773, 0.6667601169508389, 10.000053333333334));
#2843 = CARTESIAN_POINT('', (0.04354599505801643, 0.707089253238881, 10.00005333333334));
#2844 = CARTESIAN_POINT('', (0.03197630814233981, 0.747946234482628, 10.000053333333316));
#2845 = CARTESIAN_POINT('', (0.022151064752840278, 0.78925743367799, 10.00005333333336));
#2846 = CARTESIAN_POINT('', (0.014087972356768952, 0.8309484051630717, 10.000053333333296));
#2847 = CARTESIAN_POINT('', (7.8015578851E-3, 0.872944019138775, 10.000053333333362));
#2848 = CARTESIAN_POINT('', (3.3031561841E-3, 0.9151685964129547, 10.000053333333298));
#2849 = CARTESIAN_POINT('', (6.0086161170E-4, 0.9575460459450746, 10.00005333333338));
#2850 = CARTESIAN_POINT('', (8.7597041025E-19, 0.9858486817405866, 10.000053333333334));
#2851 = CARTESIAN_POINT('', (0.0, 0.9999999999999998, 10.000053333333334));
#2852 = CARTESIAN_POINT('', (1.0, 0.0, 10.000106666666667));
#2853 = CARTESIAN_POINT('', (0.9858486817405865, 9.9261673506E-24, 10.000106666666667));
#2854 = CARTESIAN_POINT('', (0.9575460459450716, 6.0086161170E-4, 10.000106666666657));
#2855 = CARTESIAN_POINT('', (0.9151685964129557, 3.3031561841E-3, 10.000106666666648));
#2856 = CARTESIAN_POINT('', (0.8729440191387752, 7.8015578851E-3, 10.000106666666685));
#2857 = CARTESIAN_POINT('', (0.8309484051630713, 0.014087972356768785, 10.000106666666634));
#2858 = CARTESIAN_POINT('', (0.7892574336779892, 0.022151064752840417, 10.000106666666678));
#2859 = CARTESIAN_POINT('', (0.7479462344826289, 0.0319763081423398, 10.000106666666655));
#2860 = CARTESIAN_POINT('', (0.70708925323888, 0.04354599505801642, 10.000106666666676));
#2861 = CARTESIAN_POINT('', (0.6667601169508408, 0.056839277088437765, 10.000106666666683));
#2862 = CARTESIAN_POINT('', (0.6270315014727166, 0.07183219833132579, 10.000106666666666));
#2863 = CARTESIAN_POINT('', (0.5879750004178576, 0.08849774073872554, 10.000106666666666));
#2864 = CARTESIAN_POINT('', (0.5496609962563305, 0.10680587176784903, 10.00010666666667));
#2865 = CARTESIAN_POINT('', (0.5121585334271657, 0.12672359903693567, 10.000106666666667));
#2866 = CARTESIAN_POINT('', (0.47553519390664506, 0.14821502941100587, 10.000106666666662));
#2867 = CARTESIAN_POINT('', (0.43985697541822694, 0.17124143388092078, 10.000106666666671));
#2868 = CARTESIAN_POINT('', (0.4051881724907705, 0.19576131725617954, 10.000106666666655));
#2869 = CARTESIAN_POINT('', (0.37159126068691284, 0.22173049311334805, 10.00010666666666));
#2870 = CARTESIAN_POINT('', (0.33912678391868517, 0.2491021632405519, 10.000106666666703));
#2871 = CARTESIAN_POINT('', (0.30785324537235875, 0.2778270020414023, 10.000106666666628));
#2872 = CARTESIAN_POINT('', (0.2778270020414028, 0.30785324537235964, 10.000106666666698));
#2873 = CARTESIAN_POINT('', (0.24910216324055118, 0.3391267839186841, 10.000106666666632));
#2874 = CARTESIAN_POINT('', (0.22173049311334858, 0.37159126068691367, 10.000106666666703));
#2875 = CARTESIAN_POINT('', (0.19576131725617915, 0.4051881724907696, 10.000106666666632));
#2876 = CARTESIAN_POINT('', (0.1712414338809215, 0.4398569754182283, 10.000106666666692));
#2877 = CARTESIAN_POINT('', (0.14821502941100523, 0.47553519390664395, 10.000106666666648));
#2878 = CARTESIAN_POINT('', (0.12672359903693625, 0.5121585334271673, 10.000106666666685));
#2879 = CARTESIAN_POINT('', (0.1068058717678486, 0.549660996256329, 10.000106666666651));
#2880 = CARTESIAN_POINT('', (0.08849774073872581, 0.587975000417859, 10.000106666666683));
#2881 = CARTESIAN_POINT('', (0.07183219833132544, 0.6270315014727155, 10.000106666666655));
#2882 = CARTESIAN_POINT('', (0.05683927708843773, 0.6667601169508389, 10.000106666666667));
#2883 = CARTESIAN_POINT('', (0.043545995058016436, 0.707089253238881, 10.000106666666674));
#2884 = CARTESIAN_POINT('', (0.03197630814233981, 0.747946234482628, 10.00010666666665));
#2885 = CARTESIAN_POINT('', (0.022151064752840278, 0.7892574336779901, 10.000106666666694));
#2886 = CARTESIAN_POINT('', (0.014087972356768954, 0.8309484051630718, 10.00010666666663));
#2887 = CARTESIAN_POINT('', (7.8015578851E-3, 0.8729440191387751, 10.000106666666696));
#2888 = CARTESIAN_POINT('', (3.3031561841E-3, 0.9151685964129547, 10.000106666666632));
#2889 = CARTESIAN_POINT('', (6.0086161170E-4, 0.9575460459450746, 10.000106666666714));
#2890 = CARTESIAN_POINT('', (8.8544456606E-19, 0.9858486817405866, 10.000106666666667));
#2891 = CARTESIAN_POINT('', (0.0, 0.9999999999999998, 10.000106666666667));
#2892 = CARTESIAN_POINT('', (1.0, 0.0, 10.000160000000001));
#2893 = CARTESIAN_POINT('', (0.9858486817405865, 9.9261673506E-24, 10.000160000000001));
#2894 = CARTESIAN_POINT('', (0.9575460459450716, 6.0086161170E-4, 10.00015999999999));
#2895 = CARTESIAN_POINT('', (0.9151685964129557, 3.3031561841E-3, 10.000159999999982));
#2896 = CARTESIAN_POINT('', (0.8729440191387753, 7.8015578851E-3, 10.000160000000019));
#2897 = CARTESIAN_POINT('', (0.8309484051630714, 0.014087972356768787, 10.000159999999967));
#2898 = CARTESIAN_POINT('', (0.7892574336779893, 0.022151064752840417, 10.000160000000012));
#2899 = CARTESIAN_POINT('', (0.7479462344826289, 0.0319763081423398, 10.000159999999989));
#2900 = CARTESIAN_POINT('', (0.70708925323888, 0.04354599505801643, 10.00016000000001));
#2901 = CARTESIAN_POINT('', (0.6667601169508408, 0.056839277088437765, 10.000160000000017));
#2902 = CARTESIAN_POINT('', (0.6270315014727167, 0.07183219833132579, 10.00016));
#2903 = CARTESIAN_POINT('', (0.5879750004178576, 0.08849774073872556, 10.00016));
#2904 = CARTESIAN_POINT('', (0.5496609962563305, 0.10680587176784904, 10.000160000000003));
#2905 = CARTESIAN_POINT('', (0.5121585334271657, 0.12672359903693567, 10.000160000000001));
#2906 = CARTESIAN_POINT('', (0.47553519390664506, 0.14821502941100587, 10.000159999999996));
#2907 = CARTESIAN_POINT('', (0.43985697541822694, 0.17124143388092078, 10.000160000000005));
#2908 = CARTESIAN_POINT('', (0.4051881724907705, 0.19576131725617957, 10.000159999999989));
#2909 = CARTESIAN_POINT('', (0.37159126068691284, 0.22173049311334805, 10.000159999999994));
#2910 = CARTESIAN_POINT('', (0.33912678391868517, 0.24910216324055193, 10.000160000000037));
#2911 = CARTESIAN_POINT('', (0.3078532453723588, 0.2778270020414023, 10.000159999999962));
#2912 = CARTESIAN_POINT('', (0.2778270020414028, 0.3078532453723597, 10.000160000000031));
#2913 = CARTESIAN_POINT('', (0.2491021632405512, 0.3391267839186841, 10.000159999999966));
#2914 = CARTESIAN_POINT('', (0.22173049311334858, 0.37159126068691367, 10.000160000000037));
#2915 = CARTESIAN_POINT('', (0.19576131725617918, 0.4051881724907696, 10.000159999999966));
#2916 = CARTESIAN_POINT('', (0.1712414338809215, 0.4398569754182283, 10.000160000000026));
#2917 = CARTESIAN_POINT('', (0.14821502941100523, 0.47553519390664395, 10.000159999999982));
#2918 = CARTESIAN_POINT('', (0.12672359903693625, 0.5121585334271673, 10.000160000000019));
#2919 = CARTESIAN_POINT('', (0.10680587176784861, 0.549660996256329, 10.000159999999985));
#2920 = CARTESIAN_POINT('', (0.08849774073872582, 0.587975000417859, 10.000160000000017));
#2921 = CARTESIAN_POINT('', (0.07183219833132544, 0.6270315014727156, 10.000159999999989));
#2922 = CARTESIAN_POINT('', (0.05683927708843773, 0.6667601169508389, 10.000160000000001));
#2923 = CARTESIAN_POINT('', (0.04354599505801644, 0.707089253238881, 10.000160000000008));
#2924 = CARTESIAN_POINT('', (0.03197630814233981, 0.747946234482628, 10.000159999999983));
#2925 = CARTESIAN_POINT('', (0.022151064752840278, 0.7892574336779902, 10.000160000000028));
#2926 = CARTESIAN_POINT('', (0.014087972356768955, 0.8309484051630719, 10.000159999999964));
#2927 = CARTESIAN_POINT('', (7.8015578851E-3, 0.8729440191387752, 10.00016000000003));
#2928 = CARTESIAN_POINT('', (3.3031561841E-3, 0.9151685964129547, 10.000159999999966));
#2929 = CARTESIAN_POINT('', (6.0086161170E-4, 0.9575460459450746, 10.000160000000047));
#2930 = CARTESIAN_POINT('', (8.9491897452E-19, 0.9858486817405866, 10.000160000000001));
#2931 = CARTESIAN_POINT('', (0.0, 0.9999999999999998, 10.000160000000001));
#2932 = DEFINITIONAL_REPRESENTATION('', (#2934), #2933);
#2933 = (
    GEOMETRIC_REPRESENTATION_CONTEXT(2)
    PARAMETRIC_REPRESENTATION_CONTEXT()
    REPRESENTATION_CONTEXT('2D SPACE', '')
);
#2934 = (
    BOUNDED_CURVE()
    B_SPLINE_CURVE(3, (#2935, #2936, #2937, #2938, #2939, #2940, #2941, #2942, #2943, #2944, #2945, #2946, #2947, #2948, #2949, #2950, #2951, #2952, #2953, #2954, #2955, #2956, #2957, #2958, #2959, #2960, #2961, #2962, #2963, #2964, #2965, #2966, #2967, #2968, #2969, #2970, #2971, #2972, #2973, #2974, #2975, #2976, #2977, #2978, #2979, #2980, #2981, #2982, #2983, #2984, #2985, #2986, #2987, #2988, #2989, #2990, #2991, #2992, #2993, #2994, #2995, #2996, #2997, #2998, #2999, #3000, #3001, #3002, #3003, #3004, #3005, #3006, #3007, #3008, #3009, #3010, #3011, #3012, #3013, #3014, #3015, #3016, #3017, #3018, #3019, #3020, #3021, #3022, #3023, #3024, #3025, #3026, #3027, #3028, #3029, #3030, #3031, #3032, #3033, #3034, #3035, #3036, #3037, #3038, #3039, #3040, #3041, #3042, #3043, #3044, #3045, #3046, #3047, #3048, #3049, #3050, #3051, #3052, #3053, #3054, #3055, #3056, #3057, #3058, #3059, #3060, #3061, #3062, #3063, #3064, #3065, #3066, #3067, #3068, #3069, #3070, #3071, #3072, #3073, #3074, #3075, #3076, #3077, #3078, #3079, #3080, #3081, #3082, #3083, #3084, #3085, #3086, #3087, #3088, #3089, #3090, #3091, #3092, #3093, #3094, #3095, #3096, #3097, #3098, #3099, #3100, #3101, #3102, #3103, #3104, #3105, #3106, #3107, #3108, #3109, #3110, #3111, #3112, #3113, #3114, #3115, #3116, #3117, #3118, #3119, #3120, #3121, #3122, #3123, #3124, #3125, #3126, #3127, #3128, #3129, #3130, #3131, #3132, #3133, #3134, #3135, #3136, #3137, #3138, #3139, #3140, #3141, #3142), .UNSPECIFIED., .U., .U.)
    B_SPLINE_CURVE_WITH_KNOTS((4, 3, 3, 3, 3, 3, 3, 3, 3, 3, 3, 3, 3, 3, 3, 3, 3, 3, 3, 3, 3, 3, 3, 3, 3, 3, 3, 3, 3, 3, 3, 3, 3, 3, 3, 3, 3, 3, 3, 3, 3, 3, 3, 3, 3, 3, 3, 3, 3, 3, 3, 3, 3, 3, 3, 3, 3, 3, 3, 3, 3, 3, 3, 3, 3, 3, 3, 3, 3, 4), (0.0, 0.02272751903935629, 0.045454059520447475, 0.06818060048269625, 0.09090714097528878, 0.11363368175820246, 0.1363602223417125, 0.1590867631214081, 0.1818133037429439, 0.20453984440803907, 0.22726638516542522, 0.24999292577071708, 0.27271946659605434, 0.2954460071326435, 0.31817254803750916, 0.34089908853649853, 0.36362562943359716, 0.3863521699280238, 0.4090787107912305, 0.43180525131640995, 0.4545317921144739, 0.47725833270736373, 0.4999848734302924, 0.5227114141136006, 0.545437954756743, 0.568164495540312, 0.5908910361120056, 0.6136175769800201, 0.6363441174979795, 0.6590706584056782, 0.6817971988981913, 0.7045237397857221, 0.7272502802885266, 0.7499768211257342, 0.7727033616758119, 0.7954299024431952, 0.8181564430721685, 0.8408829837608894, 0.8636095244871715, 0.8863360650986256, 0.9090626059215319, 0.9317891464674645, 0.9545156873597029, 0.9772422278628657, 0.9999687687665466, 1.0226953092586972, 1.045421850127995, 1.0681483906470088, 1.0908749314563901, 1.1136014720360286, 1.136328012770648, 1.1590545534406431, 1.1817810940950673, 1.204507634861784, 1.2272341754449643, 1.249960716305614, 1.2726872568266592, 1.2954137977285844, 1.3181403382297345, 1.340866879126287, 1.3635934196117767, 1.3863199604562388, 1.409046501020117, 1.4317730417952674, 1.4544995823748212, 1.4772261230912156, 1.4999526638514464, 1.5226792044340767, 1.5454057451885252, 1.5707623871705878), .UNSPECIFIED.)
    CURVE()
    GEOMETRIC_REPRESENTATION_ITEM()
    RATIONAL_B_SPLINE_CURVE((1.0, 1.0, 1.0, 1.0, 1.0, 1.0, 1.0, 1.0, 1.0, 1.0, 1.0, 1.0, 1.0, 1.0, 1.0, 1.0, 1.0, 1.0, 1.0, 1.0, 1.0, 1.0, 1.0, 1.0, 1.0, 1.0, 1.0, 1.0, 1.0, 1.0, 1.0, 1.0, 1.0, 1.0, 1.0, 1.0, 1.0, 1.0, 1.0, 1.0, 1.0, 1.0, 1.0, 1.0, 1.0, 1.0, 1.0, 1.0, 1.0, 1.0, 1.0, 1.0, 1.0, 1.0, 1.0, 1.0, 1.0, 1.0, 1.0, 1.0, 1.0, 1.0, 1.0, 1.0, 1.0, 1.0, 1.0, 1.0, 1.0, 1.0, 1.0, 1.0, 1.0, 1.0, 1.0, 1.0, 1.0, 1.0, 1.0, 1.0, 1.0, 1.0, 1.0, 1.0, 1.0, 1.0, 1.0, 1.0, 1.0, 1.0, 1.0, 1.0, 1.0, 1.0, 1.0, 1.0, 1.0, 1.0, 1.0, 1.0, 1.0, 1.0, 1.0, 1.0, 1.0, 1.0, 1.0, 1.0, 1.0, 1.0, 1.0, 1.0, 1.0, 1.0, 1.0, 1.0, 1.0, 1.0, 1.0, 1.0, 1.0, 1.0, 1.0, 1.0, 1.0, 1.0, 1.0, 1.0, 1.0, 1.0, 1.0, 1.0, 1.0, 1.0, 1.0, 1.0, 1.0, 1.0, 1.0, 1.0, 1.0, 1.0, 1.0, 1.0, 1.0, 1.0, 1.0, 1.0, 1.0, 1.0, 1.0, 1.0, 1.0, 1.0, 1.0, 1.0, 1.0, 1.0, 1.0, 1.0, 1.0, 1.0, 1.0, 1.0, 1.0, 1.0, 1.0, 1.0, 1.0, 1.0, 1.0, 1.0, 1.0, 1.0, 1.0, 1.0, 1.0, 1.0, 1.0, 1.0, 1.0, 1.0, 1.0, 1.0, 1.0, 1.0, 1.0, 1.0, 1.0, 1.0, 1.0, 1.0, 1.0, 1.0, 1.0, 1.0, 1.0, 1.0, 1.0, 1.0, 1.0, 1.0, 1.0, 1.0, 1.0, 1.0, 1.0, 1.0))
    REPRESENTATION_ITEM('')
);
#2935 = CARTESIAN_POINT('', (15.0, 0.0));
#2936 = CARTESIAN_POINT('', (15.0, 4.8229293324E-3));
#2937 = CARTESIAN_POINT('', (15.000000000000004, 9.6461700585E-3));
#2938 = CARTESIAN_POINT('', (15.000000000000004, 0.014469099372490827));
#2939 = CARTESIAN_POINT('', (15.000000000000004, 0.019291821029954408));
#2940 = CARTESIAN_POINT('', (15.000000000000007, 0.024114854206602625));
#2941 = CARTESIAN_POINT('', (15.000000000000007, 0.02893757596159557));
#2942 = CARTESIAN_POINT('', (15.000000000000007, 0.03376029781869333));
#2943 = CARTESIAN_POINT('', (15.000000000000012, 0.03858333087243057));
#2944 = CARTESIAN_POINT('', (15.000000000000012, 0.0434060525730559));
#2945 = CARTESIAN_POINT('', (15.000000000000012, 0.04822877417401708));
#2946 = CARTESIAN_POINT('', (15.000000000000007, 0.05305180730934092));
#2947 = CARTESIAN_POINT('', (15.000000000000007, 0.05787452901950288));
#2948 = CARTESIAN_POINT('', (15.000000000000007, 0.0626972507912729));
#2949 = CARTESIAN_POINT('', (14.999999999999995, 0.06752028380162703));
#2950 = CARTESIAN_POINT('', (14.999999999999995, 0.07234300553638268));
#2951 = CARTESIAN_POINT('', (14.999999999999995, 0.07716572722882355));
#2952 = CARTESIAN_POINT('', (15.0, 0.08198876048974395));
#2953 = CARTESIAN_POINT('', (15.0, 0.08681148219606613));
#2954 = CARTESIAN_POINT('', (15.0, 0.09163420394402018));
#2955 = CARTESIAN_POINT('', (15.000000000000014, 0.09645723689760147));
#2956 = CARTESIAN_POINT('', (15.000000000000014, 0.10127995861697998));
#2957 = CARTESIAN_POINT('', (15.000000000000014, 0.10610268030279596));
#2958 = CARTESIAN_POINT('', (15.000000000000012, 0.11092571355205105));
#2959 = CARTESIAN_POINT('', (15.000000000000012, 0.11574843524643363));
#2960 = CARTESIAN_POINT('', (15.000000000000012, 0.1205711569500598));
#2961 = CARTESIAN_POINT('', (15.000000000000004, 0.12539418991413273));
#2962 = CARTESIAN_POINT('', (15.000000000000004, 0.1302169116602752));
#2963 = CARTESIAN_POINT('', (15.000000000000004, 0.1350396334260024));
#2964 = CARTESIAN_POINT('', (14.999999999999998, 0.13986266669034614));
#2965 = CARTESIAN_POINT('', (14.999999999999998, 0.14468538838425235));
#2966 = CARTESIAN_POINT('', (14.999999999999998, 0.14950811004588313));
#2967 = CARTESIAN_POINT('', (15.000000000000002, 0.15433114300485334));
#2968 = CARTESIAN_POINT('', (15.000000000000002, 0.15915386474828772));
#2969 = CARTESIAN_POINT('', (15.000000000000002, 0.16397658653841718));
#2970 = CARTESIAN_POINT('', (15.000000000000002, 0.1687996197580694));
#2971 = CARTESIAN_POINT('', (15.000000000000002, 0.17362234145836647));
#2972 = CARTESIAN_POINT('', (15.000000000000002, 0.1784450630973893));
#2973 = CARTESIAN_POINT('', (14.999999999999993, 0.18326809610555875));
#2974 = CARTESIAN_POINT('', (14.999999999999993, 0.18809081785783058));
#2975 = CARTESIAN_POINT('', (14.999999999999993, 0.19291353968825312));
#2976 = CARTESIAN_POINT('', (14.999999999999984, 0.19773657284943405));
#2977 = CARTESIAN_POINT('', (14.999999999999984, 0.20255929455604407));
#2978 = CARTESIAN_POINT('', (14.999999999999984, 0.20738201617652446));
#2979 = CARTESIAN_POINT('', (14.999999999999982, 0.21220504923807434));
#2980 = CARTESIAN_POINT('', (14.999999999999982, 0.21702777098050394));
#2981 = CARTESIAN_POINT('', (14.999999999999982, 0.22185049280741495));
#2982 = CARTESIAN_POINT('', (14.999999999999995, 0.2266735258973699));
#2983 = CARTESIAN_POINT('', (14.999999999999995, 0.23149624760998888));
#2984 = CARTESIAN_POINT('', (14.999999999999995, 0.23631896923715823));
#2985 = CARTESIAN_POINT('', (14.999999999999996, 0.2411420023777287));
#2986 = CARTESIAN_POINT('', (14.999999999999996, 0.24596472410606227));
#2987 = CARTESIAN_POINT('', (14.999999999999996, 0.2507874459126534));
#2988 = CARTESIAN_POINT('', (15.000000000000002, 0.2556104789402282));
#2989 = CARTESIAN_POINT('', (15.000000000000002, 0.26043320065685693));
#2990 = CARTESIAN_POINT('', (15.000000000000002, 0.26525592230175404));
#2991 = CARTESIAN_POINT('', (15.0, 0.2700789555065948));
#2992 = CARTESIAN_POINT('', (15.0, 0.2749016772176741));
#2993 = CARTESIAN_POINT('', (15.0, 0.27972439898666135));
#2994 = CARTESIAN_POINT('', (14.999999999999998, 0.2845474319696465));
#2995 = CARTESIAN_POINT('', (14.999999999999998, 0.28937015369439273));
#2996 = CARTESIAN_POINT('', (14.999999999999998, 0.2941928753755997));
#2997 = CARTESIAN_POINT('', (14.999999999999996, 0.2990159086265774));
#2998 = CARTESIAN_POINT('', (14.999999999999996, 0.30383863032544883));
#2999 = CARTESIAN_POINT('', (14.999999999999996, 0.30866135205191536));
#3000 = CARTESIAN_POINT('', (15.0, 0.31348438500945874));
#3001 = CARTESIAN_POINT('', (15.0, 0.31830710674297863));
#3002 = CARTESIAN_POINT('', (15.0, 0.32312982846809074));
#3003 = CARTESIAN_POINT('', (15.000000000000002, 0.327952861732786));
#3004 = CARTESIAN_POINT('', (15.000000000000002, 0.3327755834264501));
#3005 = CARTESIAN_POINT('', (15.000000000000002, 0.3375983051115908));
#3006 = CARTESIAN_POINT('', (15.0, 0.3424213380678465));
#3007 = CARTESIAN_POINT('', (15.0, 0.34724405981105144));
#3008 = CARTESIAN_POINT('', (15.0, 0.3520667815840558));
#3009 = CARTESIAN_POINT('', (15.000000000000004, 0.35688981483049315));
#3010 = CARTESIAN_POINT('', (15.000000000000004, 0.3617125365264801));
#3011 = CARTESIAN_POINT('', (15.000000000000004, 0.3665352581775057));
#3012 = CARTESIAN_POINT('', (15.0, 0.37135829115645));
#3013 = CARTESIAN_POINT('', (15.0, 0.37618101290598543));
#3014 = CARTESIAN_POINT('', (15.0, 0.3810037347184021));
#3015 = CARTESIAN_POINT('', (15.000000000000004, 0.3858267679167537));
#3016 = CARTESIAN_POINT('', (15.000000000000004, 0.3906494896198338));
#3017 = CARTESIAN_POINT('', (15.000000000000004, 0.3954722112486299));
#3018 = CARTESIAN_POINT('', (15.000000000000005, 0.40029524427537383));
#3019 = CARTESIAN_POINT('', (15.000000000000005, 0.4051179660242316));
#3020 = CARTESIAN_POINT('', (15.000000000000005, 0.4099406878557946));
#3021 = CARTESIAN_POINT('', (15.000000000000005, 0.4147637209865049));
#3022 = CARTESIAN_POINT('', (15.000000000000005, 0.41958644269632644));
#3023 = CARTESIAN_POINT('', (15.000000000000005, 0.4244091643180429));
#3024 = CARTESIAN_POINT('', (14.999999999999995, 0.4292321974137445));
#3025 = CARTESIAN_POINT('', (14.999999999999995, 0.43405491915103445));
#3026 = CARTESIAN_POINT('', (14.999999999999995, 0.43887764097214976));
#3027 = CARTESIAN_POINT('', (14.999999999999986, 0.44370067403375457));
#3028 = CARTESIAN_POINT('', (14.999999999999986, 0.4485233957474876));
#3029 = CARTESIAN_POINT('', (14.999999999999986, 0.4533461173795792));
#3030 = CARTESIAN_POINT('', (14.999999999999984, 0.45816915054859964));
#3031 = CARTESIAN_POINT('', (14.999999999999984, 0.4629918722691103));
#3032 = CARTESIAN_POINT('', (14.999999999999984, 0.46781459406058357));
#3033 = CARTESIAN_POINT('', (15.000000000000009, 0.4726376270669554));
#3034 = CARTESIAN_POINT('', (15.000000000000009, 0.47746034878683824));
#3035 = CARTESIAN_POINT('', (15.000000000000009, 0.4822830704457902));
#3036 = CARTESIAN_POINT('', (15.000000000000012, 0.48710610367385815));
#3037 = CARTESIAN_POINT('', (15.000000000000012, 0.4919288253791653));
#3038 = CARTESIAN_POINT('', (15.000000000000012, 0.49675154713058617));
#3039 = CARTESIAN_POINT('', (14.999999999999996, 0.501574580100179));
#3040 = CARTESIAN_POINT('', (14.999999999999996, 0.50639730182857));
#3041 = CARTESIAN_POINT('', (14.999999999999996, 0.5112200235275896));
#3042 = CARTESIAN_POINT('', (14.999999999999995, 0.5160430567883764));
#3043 = CARTESIAN_POINT('', (14.999999999999995, 0.5208657784841731));
#3044 = CARTESIAN_POINT('', (14.999999999999995, 0.5256885001926488));
#3045 = CARTESIAN_POINT('', (15.000000000000007, 0.5305115331468516));
#3046 = CARTESIAN_POINT('', (15.000000000000007, 0.5353342548847261));
#3047 = CARTESIAN_POINT('', (15.000000000000007, 0.5401569766305713));
#3048 = CARTESIAN_POINT('', (15.000000000000007, 0.5449800098915654));
#3049 = CARTESIAN_POINT('', (15.000000000000007, 0.5498027315853725));
#3050 = CARTESIAN_POINT('', (15.000000000000007, 0.5546254532548124));
#3051 = CARTESIAN_POINT('', (14.99999999999999, 0.5594484862175476));
#3052 = CARTESIAN_POINT('', (14.99999999999999, 0.5642712079638584));
#3053 = CARTESIAN_POINT('', (14.99999999999999, 0.5690939297550408));
#3054 = CARTESIAN_POINT('', (14.999999999999998, 0.5739169629840148));
#3055 = CARTESIAN_POINT('', (14.999999999999998, 0.578739684682478));
#3056 = CARTESIAN_POINT('', (14.999999999999998, 0.5835624063221656));
#3057 = CARTESIAN_POINT('', (15.000000000000016, 0.5883854393182414));
#3058 = CARTESIAN_POINT('', (15.000000000000016, 0.5932081610685893));
#3059 = CARTESIAN_POINT('', (15.000000000000016, 0.5980308828924257));
#3060 = CARTESIAN_POINT('', (15.000000000000004, 0.6028539160637446));
#3061 = CARTESIAN_POINT('', (15.000000000000004, 0.607676637770157));
#3062 = CARTESIAN_POINT('', (15.000000000000004, 0.612499359394005));
#3063 = CARTESIAN_POINT('', (14.999999999999991, 0.6173223924481911));
#3064 = CARTESIAN_POINT('', (14.999999999999991, 0.6221451141934147));
#3065 = CARTESIAN_POINT('', (14.999999999999991, 0.6269678360236308));
#3066 = CARTESIAN_POINT('', (15.0, 0.6317908691237402));
#3067 = CARTESIAN_POINT('', (15.0, 0.6366135908351598));
#3068 = CARTESIAN_POINT('', (15.0, 0.64143631245925));
#3069 = CARTESIAN_POINT('', (15.000000000000002, 0.6462593455869244));
#3070 = CARTESIAN_POINT('', (15.000000000000002, 0.6510820673174651));
#3071 = CARTESIAN_POINT('', (15.000000000000002, 0.655904789128039));
#3072 = CARTESIAN_POINT('', (14.999999999999998, 0.6607278221644456));
#3073 = CARTESIAN_POINT('', (14.999999999999998, 0.6655505438805717));
#3074 = CARTESIAN_POINT('', (14.999999999999998, 0.6703732655223652));
#3075 = CARTESIAN_POINT('', (14.999999999999995, 0.675196298719025));
#3076 = CARTESIAN_POINT('', (14.999999999999995, 0.6800190204323311));
#3077 = CARTESIAN_POINT('', (14.999999999999995, 0.684841742207255));
#3078 = CARTESIAN_POINT('', (15.000000000000005, 0.6896647751950779));
#3079 = CARTESIAN_POINT('', (15.000000000000005, 0.6944874969180782));
#3080 = CARTESIAN_POINT('', (15.000000000000005, 0.6993102185923257));
#3081 = CARTESIAN_POINT('', (15.000000000000004, 0.7041332518379428));
#3082 = CARTESIAN_POINT('', (15.000000000000004, 0.7089559735385182));
#3083 = CARTESIAN_POINT('', (15.000000000000004, 0.7137786952719817));
#3084 = CARTESIAN_POINT('', (14.999999999999998, 0.7186017282327194));
#3085 = CARTESIAN_POINT('', (14.999999999999998, 0.7234244499651731));
#3086 = CARTESIAN_POINT('', (14.999999999999998, 0.728247171683913));
#3087 = CARTESIAN_POINT('', (15.0, 0.733070204948539));
#3088 = CARTESIAN_POINT('', (15.0, 0.7378929266420841));
#3089 = CARTESIAN_POINT('', (15.0, 0.7427156483323248));
#3090 = CARTESIAN_POINT('', (15.000000000000004, 0.7475386812862984));
#3091 = CARTESIAN_POINT('', (15.000000000000004, 0.7523614030281088));
#3092 = CARTESIAN_POINT('', (15.000000000000004, 0.7571841247937485));
#3093 = CARTESIAN_POINT('', (15.000000000000005, 0.7620071580459101));
#3094 = CARTESIAN_POINT('', (15.000000000000005, 0.76682987974212));
#3095 = CARTESIAN_POINT('', (15.000000000000005, 0.7716526013993823));
#3096 = CARTESIAN_POINT('', (15.0, 0.7764756343749167));
#3097 = CARTESIAN_POINT('', (15.0, 0.7812983561236468));
#3098 = CARTESIAN_POINT('', (15.0, 0.7861210779312579));
#3099 = CARTESIAN_POINT('', (14.999999999999998, 0.7909441111362334));
#3100 = CARTESIAN_POINT('', (14.999999999999998, 0.7957668328363852));
#3101 = CARTESIAN_POINT('', (14.999999999999998, 0.8005895544644706));
#3102 = CARTESIAN_POINT('', (14.999999999999998, 0.8054125874799459));
#3103 = CARTESIAN_POINT('', (14.999999999999998, 0.8102353092303191));
#3104 = CARTESIAN_POINT('', (14.999999999999998, 0.8150580310615174));
#3105 = CARTESIAN_POINT('', (15.0, 0.8198810642072836));
#3106 = CARTESIAN_POINT('', (15.0, 0.8247037859188672));
#3107 = CARTESIAN_POINT('', (15.0, 0.8295265075454036));
#3108 = CARTESIAN_POINT('', (15.000000000000007, 0.834349540632883));
#3109 = CARTESIAN_POINT('', (15.000000000000007, 0.8391722623699901));
#3110 = CARTESIAN_POINT('', (15.000000000000007, 0.8439949841910042));
#3111 = CARTESIAN_POINT('', (15.0, 0.8488180172547316));
#3112 = CARTESIAN_POINT('', (15.0, 0.8536407389640062));
#3113 = CARTESIAN_POINT('', (15.0, 0.8584634605860505));
#3114 = CARTESIAN_POINT('', (14.999999999999993, 0.8632864937420149));
#3115 = CARTESIAN_POINT('', (14.999999999999993, 0.8681092154705403));
#3116 = CARTESIAN_POINT('', (14.999999999999993, 0.872931937275242));
#3117 = CARTESIAN_POINT('', (15.00000000000001, 0.8777549703017535));
#3118 = CARTESIAN_POINT('', (15.00000000000001, 0.8825776920258923));
#3119 = CARTESIAN_POINT('', (15.00000000000001, 0.8874004136904894));
#3120 = CARTESIAN_POINT('', (15.000000000000012, 0.8922234469109824));
#3121 = CARTESIAN_POINT('', (15.000000000000012, 0.8970461686086567));
#3122 = CARTESIAN_POINT('', (15.000000000000012, 0.9018688903511644));
#3123 = CARTESIAN_POINT('', (14.999999999999993, 0.9066919233052115));
#3124 = CARTESIAN_POINT('', (14.999999999999993, 0.9115146450261024));
#3125 = CARTESIAN_POINT('', (14.999999999999993, 0.9163373667054864));
#3126 = CARTESIAN_POINT('', (14.999999999999995, 0.9211603999710462));
#3127 = CARTESIAN_POINT('', (14.999999999999995, 0.9259831216831634));
#3128 = CARTESIAN_POINT('', (14.999999999999995, 0.9308058434243192));
#3129 = CARTESIAN_POINT('', (15.000000000000007, 0.9356288764066417));
#3130 = CARTESIAN_POINT('', (15.000000000000007, 0.9404515981472843));
#3131 = CARTESIAN_POINT('', (15.000000000000007, 0.9452743198972293));
#3132 = CARTESIAN_POINT('', (14.999999999999998, 0.9500973531363952));
#3133 = CARTESIAN_POINT('', (14.999999999999998, 0.9549200748077351));
#3134 = CARTESIAN_POINT('', (14.999999999999998, 0.9597427964413869));
#3135 = CARTESIAN_POINT('', (14.99999999999998, 0.9645658293697376));
#3136 = CARTESIAN_POINT('', (14.99999999999998, 0.9693885511200839));
#3137 = CARTESIAN_POINT('', (14.99999999999998, 0.9742112729068914));
#3138 = CARTESIAN_POINT('', (14.999999999999986, 0.9790343061985005));
#3139 = CARTESIAN_POINT('', (14.999999999999986, 0.9838570279277402));
#3140 = CARTESIAN_POINT('', (14.999999999999986, 0.9892378744713792));
#3141 = CARTESIAN_POINT('', (15.0, 0.9946191534511242));
#3142 = CARTESIAN_POINT('', (15.0, 1.0));
#3143 = CARTESIAN_POINT('', (0.0E0, 1.0E1, 0.0E0));
#3144 = CARTESIAN_POINT('', (1.0E1, 1.0E1, 0.0E0));
#3145 = CARTESIAN_POINT('', (0.0E0, 1.0E1, 1.0E1));
#3146 = CARTESIAN_POINT('', (1.0E1, 1.0E1, 1.0E1));
#3147 = CARTESIAN_POINT('', (0.0E0, 9.999999999999998E-1, 0.0E0));
#3148 = CARTESIAN_POINT('', (0.0E0, 9.999999999999998E-1, 1.0E1));
#3149 = CARTESIAN_POINT('', (1.0E1, 0.0E0, 0.0E0));
#3150 = CARTESIAN_POINT('', (1.0E1, 0.0E0, 1.0E1));
#3151 = CARTESIAN_POINT('', (1.0E0, 0.0E0, 0.0E0));
#3152 = CARTESIAN_POINT('', (1.0E0, 0.0E0, 1.0E1));
ENDSEC;
END-ISO-10303-21;
