ISO-10303-21;
HEADER;
FILE_DESCRIPTION(('Shape Data from monstertruck'), '2;1');
FILE_NAME('', '2026-10-10 09:58:08.413568551', (''), (''), 'monstertruck', 'Viboceros', '');
FILE_SCHEMA(('AUTOMOTIVE_DESIGN'));
ENDSEC;
DATA;
#1 = APPLICATION_PROTOCOL_DEFINITION('international standard', 'automotive_design', 2000, #2);
#2 = APPLICATION_CONTEXT('core data for automotive mechanical design processes');
#3 = SHAPE_DEFINITION_REPRESENTATION(#4, #10);
#4 = PRODUCT_DEFINITION_SHAPE('','', #5);
#5 = PRODUCT_DEFINITION('design','', #6, #9);
#6 = PRODUCT_DEFINITION_FORMATION('','', #7);
#7 = PRODUCT('','','', (#8));
#8 = PRODUCT_CONTEXT('', #2, 'mechanical');
#9 = PRODUCT_DEFINITION_CONTEXT('part definition', #2, 'design');
#10 = ADVANCED_BREP_SHAPE_REPRESENTATION('', (#16), #11);
#11 = (
    GEOMETRIC_REPRESENTATION_CONTEXT(3)
    GLOBAL_UNCERTAINTY_ASSIGNED_CONTEXT((#15))
    GLOBAL_UNIT_ASSIGNED_CONTEXT((#12, #13, #14))
    REPRESENTATION_CONTEXT('Context #1', '3D Context with UNIT and UNCERTAINTY')
);
#12 = ( LENGTH_UNIT() NAMED_UNIT(*) SI_UNIT(.MILLI.,.METRE.) );
#13 = ( NAMED_UNIT(*) PLANE_ANGLE_UNIT() SI_UNIT($,.RADIAN.) );
#14 = ( NAMED_UNIT(*) SI_UNIT($,.STERADIAN.) SOLID_ANGLE_UNIT() );
#15 = UNCERTAINTY_MEASURE_WITH_UNIT(LENGTH_MEASURE(1.0E-6), #12, 'distance_accuracy_value','confusion accuracy');
#16 = SHELL_BASED_SURFACE_MODEL('', (#17));
#17 = OPEN_SHELL('', (#18, #25, #32, #40, #48, #55, #63, #70, #77, #84));
#18 = ADVANCED_FACE('', (#19), #126, .T.);
#19 = FACE_BOUND('', #20, .T.);
#20 = EDGE_LOOP('', (#21, #22, #23, #24));
#21 = ORIENTED_EDGE('', *, *, #91, .T.);
#22 = ORIENTED_EDGE('', *, *, #92, .T.);
#23 = ORIENTED_EDGE('', *, *, #93, .F.);
#24 = ORIENTED_EDGE('', *, *, #94, .F.);
#25 = ADVANCED_FACE('', (#26), #131, .T.);
#26 = FACE_BOUND('', #27, .T.);
#27 = EDGE_LOOP('', (#28, #29, #30, #31));
#28 = ORIENTED_EDGE('', *, *, #95, .T.);
#29 = ORIENTED_EDGE('', *, *, #96, .T.);
#30 = ORIENTED_EDGE('', *, *, #97, .F.);
#31 = ORIENTED_EDGE('', *, *, #98, .F.);
#32 = ADVANCED_FACE('', (#33), #136, .T.);
#33 = FACE_BOUND('', #34, .T.);
#34 = EDGE_LOOP('', (#35, #36, #37, #38, #39));
#35 = ORIENTED_EDGE('', *, *, #99, .F.);
#36 = ORIENTED_EDGE('', *, *, #93, .T.);
#37 = ORIENTED_EDGE('', *, *, #100, .T.);
#38 = ORIENTED_EDGE('', *, *, #101, .F.);
#39 = ORIENTED_EDGE('', *, *, #102, .F.);
#40 = ADVANCED_FACE('', (#41), #141, .T.);
#41 = FACE_BOUND('', #42, .T.);
#42 = EDGE_LOOP('', (#43, #44, #45, #46, #47));
#43 = ORIENTED_EDGE('', *, *, #103, .F.);
#44 = ORIENTED_EDGE('', *, *, #97, .T.);
#45 = ORIENTED_EDGE('', *, *, #104, .T.);
#46 = ORIENTED_EDGE('', *, *, #100, .F.);
#47 = ORIENTED_EDGE('', *, *, #92, .F.);
#48 = ADVANCED_FACE('', (#49), #146, .T.);
#49 = FACE_BOUND('', #50, .T.);
#50 = EDGE_LOOP('', (#51, #52, #53, #54));
#51 = ORIENTED_EDGE('', *, *, #105, .F.);
#52 = ORIENTED_EDGE('', *, *, #106, .T.);
#53 = ORIENTED_EDGE('', *, *, #102, .T.);
#54 = ORIENTED_EDGE('', *, *, #107, .F.);
#55 = ADVANCED_FACE('', (#56), #151, .T.);
#56 = FACE_BOUND('', #57, .T.);
#57 = EDGE_LOOP('', (#58, #59, #60, #61, #62));
#58 = ORIENTED_EDGE('', *, *, #108, .F.);
#59 = ORIENTED_EDGE('', *, *, #107, .T.);
#60 = ORIENTED_EDGE('', *, *, #101, .T.);
#61 = ORIENTED_EDGE('', *, *, #104, .F.);
#62 = ORIENTED_EDGE('', *, *, #96, .F.);
#63 = ADVANCED_FACE('', (#64), #156, .T.);
#64 = FACE_BOUND('', #65, .T.);
#65 = EDGE_LOOP('', (#66, #67, #68, #69));
#66 = ORIENTED_EDGE('', *, *, #109, .F.);
#67 = ORIENTED_EDGE('', *, *, #110, .T.);
#68 = ORIENTED_EDGE('', *, *, #111, .F.);
#69 = ORIENTED_EDGE('', *, *, #112, .F.);
#70 = ADVANCED_FACE('', (#71), #357, .T.);
#71 = FACE_BOUND('', #72, .T.);
#72 = EDGE_LOOP('', (#73, #74, #75, #76));
#73 = ORIENTED_EDGE('', *, *, #94, .T.);
#74 = ORIENTED_EDGE('', *, *, #99, .T.);
#75 = ORIENTED_EDGE('', *, *, #106, .F.);
#76 = ORIENTED_EDGE('', *, *, #109, .T.);
#77 = ADVANCED_FACE('', (#78), #678, .T.);
#78 = FACE_BOUND('', #79, .T.);
#79 = EDGE_LOOP('', (#80, #81, #82, #83));
#80 = ORIENTED_EDGE('', *, *, #98, .T.);
#81 = ORIENTED_EDGE('', *, *, #103, .T.);
#82 = ORIENTED_EDGE('', *, *, #91, .F.);
#83 = ORIENTED_EDGE('', *, *, #112, .T.);
#84 = ADVANCED_FACE('', (#85), #999, .T.);
#85 = FACE_BOUND('', #86, .T.);
#86 = EDGE_LOOP('', (#87, #88, #89, #90));
#87 = ORIENTED_EDGE('', *, *, #105, .T.);
#88 = ORIENTED_EDGE('', *, *, #108, .T.);
#89 = ORIENTED_EDGE('', *, *, #95, .F.);
#90 = ORIENTED_EDGE('', *, *, #111, .T.);
#91 = EDGE_CURVE('', #113, #114, #1320, .T.);
#92 = EDGE_CURVE('', #114, #115, #1668, .T.);
#93 = EDGE_CURVE('', #116, #115, #1694, .T.);
#94 = EDGE_CURVE('', #113, #116, #1720, .T.);
#95 = EDGE_CURVE('', #117, #118, #2068, .T.);
#96 = EDGE_CURVE('', #118, #119, #2416, .T.);
#97 = EDGE_CURVE('', #120, #119, #2442, .T.);
#98 = EDGE_CURVE('', #117, #120, #2468, .T.);
#99 = EDGE_CURVE('', #116, #121, #2816, .T.);
#100 = EDGE_CURVE('', #115, #122, #3776, .T.);
#101 = EDGE_CURVE('', #123, #122, #3802, .T.);
#102 = EDGE_CURVE('', #121, #123, #3828, .T.);
#103 = EDGE_CURVE('', #120, #114, #3854, .T.);
#104 = EDGE_CURVE('', #119, #122, #4814, .T.);
#105 = EDGE_CURVE('', #124, #125, #4840, .T.);
#106 = EDGE_CURVE('', #124, #121, #5188, .T.);
#107 = EDGE_CURVE('', #125, #123, #5536, .T.);
#108 = EDGE_CURVE('', #125, #118, #5562, .T.);
#109 = EDGE_CURVE('', #124, #113, #6522, .T.);
#110 = EDGE_CURVE('', #124, #124, #7098, .T.);
#111 = EDGE_CURVE('', #117, #124, #7309, .T.);
#112 = EDGE_CURVE('', #113, #117, #7995, .T.);
#113 = VERTEX_POINT('', #8699);
#114 = VERTEX_POINT('', #8700);
#115 = VERTEX_POINT('', #8701);
#116 = VERTEX_POINT('', #8702);
#117 = VERTEX_POINT('', #8703);
#118 = VERTEX_POINT('', #8704);
#119 = VERTEX_POINT('', #8705);
#120 = VERTEX_POINT('', #8706);
#121 = VERTEX_POINT('', #8707);
#122 = VERTEX_POINT('', #8708);
#123 = VERTEX_POINT('', #8709);
#124 = VERTEX_POINT('', #8710);
#125 = VERTEX_POINT('', #8711);
#126 = (
    BOUNDED_SURFACE()
    B_SPLINE_SURFACE(1, 1, ((#127, #128), (#129, #130)), .UNSPECIFIED., .U., .U., .U.)
    B_SPLINE_SURFACE_WITH_KNOTS((2, 2), (2, 2), (0.0, 1.0), (0.0, 1.0), .UNSPECIFIED.)
    GEOMETRIC_REPRESENTATION_ITEM()
    RATIONAL_B_SPLINE_SURFACE(((1.0, 1.0), (1.0, 1.0)))
    REPRESENTATION_ITEM('')
    SURFACE()
);
#127 = CARTESIAN_POINT('', (0.0, 0.0, 0.0));
#128 = CARTESIAN_POINT('', (10.0, 0.0, 0.0));
#129 = CARTESIAN_POINT('', (0.0, 10.0, 0.0));
#130 = CARTESIAN_POINT('', (10.0, 10.0, 0.0));
#131 = (
    BOUNDED_SURFACE()
    B_SPLINE_SURFACE(1, 1, ((#132, #133), (#134, #135)), .UNSPECIFIED., .U., .U., .U.)
    B_SPLINE_SURFACE_WITH_KNOTS((2, 2), (2, 2), (0.0, 1.0), (0.0, 1.0), .UNSPECIFIED.)
    GEOMETRIC_REPRESENTATION_ITEM()
    RATIONAL_B_SPLINE_SURFACE(((1.0, 1.0), (1.0, 1.0)))
    REPRESENTATION_ITEM('')
    SURFACE()
);
#132 = CARTESIAN_POINT('', (0.0, 10.0, 0.0));
#133 = CARTESIAN_POINT('', (0.0, 10.0, 10.0));
#134 = CARTESIAN_POINT('', (0.0, 0.0, 0.0));
#135 = CARTESIAN_POINT('', (0.0, 0.0, 10.0));
#136 = (
    BOUNDED_SURFACE()
    B_SPLINE_SURFACE(1, 1, ((#137, #138), (#139, #140)), .UNSPECIFIED., .U., .U., .U.)
    B_SPLINE_SURFACE_WITH_KNOTS((2, 2), (2, 2), (0.0, 1.0), (0.0, 1.0), .UNSPECIFIED.)
    GEOMETRIC_REPRESENTATION_ITEM()
    RATIONAL_B_SPLINE_SURFACE(((1.0, 1.0), (1.0, 1.0)))
    REPRESENTATION_ITEM('')
    SURFACE()
);
#137 = CARTESIAN_POINT('', (10.0, 0.0, 0.0));
#138 = CARTESIAN_POINT('', (10.0, 0.0, 10.0));
#139 = CARTESIAN_POINT('', (10.0, 10.0, 0.0));
#140 = CARTESIAN_POINT('', (10.0, 10.0, 10.0));
#141 = (
    BOUNDED_SURFACE()
    B_SPLINE_SURFACE(1, 1, ((#142, #143), (#144, #145)), .UNSPECIFIED., .U., .U., .U.)
    B_SPLINE_SURFACE_WITH_KNOTS((2, 2), (2, 2), (0.0, 1.0), (0.0, 1.0), .UNSPECIFIED.)
    GEOMETRIC_REPRESENTATION_ITEM()
    RATIONAL_B_SPLINE_SURFACE(((1.0, 1.0), (1.0, 1.0)))
    REPRESENTATION_ITEM('')
    SURFACE()
);
#142 = CARTESIAN_POINT('', (10.0, 10.0, 0.0));
#143 = CARTESIAN_POINT('', (10.0, 10.0, 10.0));
#144 = CARTESIAN_POINT('', (0.0, 10.0, 0.0));
#145 = CARTESIAN_POINT('', (0.0, 10.0, 10.0));
#146 = (
    BOUNDED_SURFACE()
    B_SPLINE_SURFACE(1, 1, ((#147, #148), (#149, #150)), .UNSPECIFIED., .U., .U., .U.)
    B_SPLINE_SURFACE_WITH_KNOTS((2, 2), (2, 2), (0.0, 1.0), (0.0, 1.0), .UNSPECIFIED.)
    GEOMETRIC_REPRESENTATION_ITEM()
    RATIONAL_B_SPLINE_SURFACE(((1.0, 1.0), (1.0, 1.0)))
    REPRESENTATION_ITEM('')
    SURFACE()
);
#147 = CARTESIAN_POINT('', (0.0, 0.0, 0.0));
#148 = CARTESIAN_POINT('', (0.0, 0.0, 10.0));
#149 = CARTESIAN_POINT('', (10.0, 0.0, 0.0));
#150 = CARTESIAN_POINT('', (10.0, 0.0, 10.0));
#151 = (
    BOUNDED_SURFACE()
    B_SPLINE_SURFACE(1, 1, ((#152, #153), (#154, #155)), .UNSPECIFIED., .U., .U., .U.)
    B_SPLINE_SURFACE_WITH_KNOTS((2, 2), (2, 2), (0.0, 1.0), (0.0, 1.0), .UNSPECIFIED.)
    GEOMETRIC_REPRESENTATION_ITEM()
    RATIONAL_B_SPLINE_SURFACE(((1.0, 1.0), (1.0, 1.0)))
    REPRESENTATION_ITEM('')
    SURFACE()
);
#152 = CARTESIAN_POINT('', (0.0, 0.0, 10.0));
#153 = CARTESIAN_POINT('', (0.0, 10.0, 10.0));
#154 = CARTESIAN_POINT('', (10.0, 0.0, 10.0));
#155 = CARTESIAN_POINT('', (10.0, 10.0, 10.0));
#156 = (
    BOUNDED_SURFACE()
    B_SPLINE_SURFACE(2, 3, ((#157, #158, #159, #160, #161, #162, #163, #164, #165, #166, #167, #168, #169, #170, #171, #172, #173, #174, #175, #176, #177, #178, #179, #180, #181, #182, #183, #184, #185, #186, #187, #188, #189, #190, #191, #192, #193, #194, #195, #196), (#197, #198, #199, #200, #201, #202, #203, #204, #205, #206, #207, #208, #209, #210, #211, #212, #213, #214, #215, #216, #217, #218, #219, #220, #221, #222, #223, #224, #225, #226, #227, #228, #229, #230, #231, #232, #233, #234, #235, #236), (#237, #238, #239, #240, #241, #242, #243, #244, #245, #246, #247, #248, #249, #250, #251, #252, #253, #254, #255, #256, #257, #258, #259, #260, #261, #262, #263, #264, #265, #266, #267, #268, #269, #270, #271, #272, #273, #274, #275, #276), (#277, #278, #279, #280, #281, #282, #283, #284, #285, #286, #287, #288, #289, #290, #291, #292, #293, #294, #295, #296, #297, #298, #299, #300, #301, #302, #303, #304, #305, #306, #307, #308, #309, #310, #311, #312, #313, #314, #315, #316), (#317, #318, #319, #320, #321, #322, #323, #324, #325, #326, #327, #328, #329, #330, #331, #332, #333, #334, #335, #336, #337, #338, #339, #340, #341, #342, #343, #344, #345, #346, #347, #348, #349, #350, #351, #352, #353, #354, #355, #356)), .UNSPECIFIED., .U., .U., .U.)
    B_SPLINE_SURFACE_WITH_KNOTS((3, 2, 3), (4, 1, 1, 1, 1, 1, 1, 1, 1, 1, 1, 1, 1, 1, 1, 1, 1, 1, 1, 1, 1, 1, 1, 1, 1, 1, 1, 1, 1, 1, 1, 1, 1, 1, 1, 1, 1, 4), (0.0, 0.5, 1.0), (0.0, 0.027027027027026973, 0.054054054054053946, 0.08108108108108103, 0.10810810810810811, 0.1351351351351351, 0.16216216216216206, 0.18918918918918914, 0.21621621621621623, 0.2432432432432432, 0.2702702702702702, 0.29729729729729726, 0.32432432432432434, 0.3513513513513513, 0.3783783783783783, 0.4054054054054054, 0.43243243243243246, 0.45945945945945943, 0.4864864864864864, 0.5135135135135135, 0.5405405405405406, 0.5675675675675675, 0.5945945945945945, 0.6216216216216216, 0.6486486486486487, 0.6756756756756757, 0.7027027027027026, 0.7297297297297297, 0.7567567567567568, 0.7837837837837838, 0.8108108108108107, 0.8378378378378378, 0.8648648648648649, 0.8918918918918919, 0.9189189189189189, 0.9459459459459459, 0.972972972972973, 1.0), .UNSPECIFIED.)
    GEOMETRIC_REPRESENTATION_ITEM()
    RATIONAL_B_SPLINE_SURFACE(((1.0, 1.0, 1.0, 1.0, 1.0, 1.0, 1.0, 1.0, 1.0, 1.0, 1.0, 1.0, 1.0, 1.0, 1.0, 1.0, 1.0, 1.0, 1.0, 1.0, 1.0, 1.0, 1.0, 1.0, 1.0, 1.0, 1.0, 1.0, 1.0, 1.0, 1.0, 1.0, 1.0, 1.0, 1.0, 1.0, 1.0, 1.0, 1.0, 1.0), (0.9081431750376247, 0.9081431750376247, 0.9081431750376247, 0.9081431750376247, 0.9081431750376247, 0.9081431750376247, 0.9081431750376247, 0.9081431750376247, 0.9081431750376247, 0.9081431750376247, 0.9081431750376247, 0.9081431750376247, 0.9081431750376247, 0.9081431750376247, 0.9081431750376247, 0.9081431750376247, 0.9081431750376247, 0.9081431750376247, 0.9081431750376247, 0.9081431750376247, 0.9081431750376247, 0.9081431750376247, 0.9081431750376247, 0.9081431750376247, 0.9081431750376247, 0.9081431750376247, 0.9081431750376247, 0.9081431750376247, 0.9081431750376247, 0.9081431750376247, 0.9081431750376247, 0.9081431750376247, 0.9081431750376247, 0.9081431750376247, 0.9081431750376247, 0.9081431750376247, 0.9081431750376247, 0.9081431750376247, 0.9081431750376247, 0.9081431750376247), (1.0, 1.0, 1.0, 1.0, 1.0, 1.0, 1.0, 1.0, 1.0, 1.0, 1.0, 1.0, 1.0, 1.0, 1.0, 1.0, 1.0, 1.0, 1.0, 1.0, 1.0, 1.0, 1.0, 1.0, 1.0, 1.0, 1.0, 1.0, 1.0, 1.0, 1.0, 1.0, 1.0, 1.0, 1.0, 1.0, 1.0, 1.0, 1.0, 1.0), (0.9081431750376247, 0.9081431750376247, 0.9081431750376247, 0.9081431750376247, 0.9081431750376247, 0.9081431750376247, 0.9081431750376247, 0.9081431750376247, 0.9081431750376247, 0.9081431750376247, 0.9081431750376247, 0.9081431750376247, 0.9081431750376247, 0.9081431750376247, 0.9081431750376247, 0.9081431750376247, 0.9081431750376247, 0.9081431750376247, 0.9081431750376247, 0.9081431750376247, 0.9081431750376247, 0.9081431750376247, 0.9081431750376247, 0.9081431750376247, 0.9081431750376247, 0.9081431750376247, 0.9081431750376247, 0.9081431750376247, 0.9081431750376247, 0.9081431750376247, 0.9081431750376247, 0.9081431750376247, 0.9081431750376247, 0.9081431750376247, 0.9081431750376247, 0.9081431750376247, 0.9081431750376247, 0.9081431750376247, 0.9081431750376247, 0.9081431750376247), (1.0, 1.0, 1.0, 1.0, 1.0, 1.0, 1.0, 1.0, 1.0, 1.0, 1.0, 1.0, 1.0, 1.0, 1.0, 1.0, 1.0, 1.0, 1.0, 1.0, 1.0, 1.0, 1.0, 1.0, 1.0, 1.0, 1.0, 1.0, 1.0, 1.0, 1.0, 1.0, 1.0, 1.0, 1.0, 1.0, 1.0, 1.0, 1.0, 1.0)))
    REPRESENTATION_ITEM('')
    SURFACE()
);
#157 = CARTESIAN_POINT('', (1.0000000000000002, 0.0, 1.0000000000000002));
#158 = CARTESIAN_POINT('', (1.0000000000000002, 2.2291110805E-16, 0.9858486817405865));
#159 = CARTESIAN_POINT('', (1.000000000000005, 6.0086161170E-4, 0.9575460459450745));
#160 = CARTESIAN_POINT('', (0.9999999999999961, 3.3031561841E-3, 0.9151685964129546));
#161 = CARTESIAN_POINT('', (1.0000000000000024, 7.8015578851E-3, 0.8729440191387747));
#162 = CARTESIAN_POINT('', (0.9999999999999968, 0.014087972356769169, 0.8309484051630716));
#163 = CARTESIAN_POINT('', (1.000000000000003, 0.022151064752840493, 0.7892574336779898));
#164 = CARTESIAN_POINT('', (0.9999999999999977, 0.03197630814234007, 0.747946234482628));
#165 = CARTESIAN_POINT('', (1.0000000000000027, 0.043545995058016554, 0.7070892532388812));
#166 = CARTESIAN_POINT('', (0.9999999999999976, 0.056839277088437994, 0.666760116950839));
#167 = CARTESIAN_POINT('', (1.000000000000001, 0.07183219833132565, 0.6270315014727152));
#168 = CARTESIAN_POINT('', (0.9999999999999998, 0.08849774073872597, 0.5879750004178591));
#169 = CARTESIAN_POINT('', (1.0000000000000009, 0.1068058717678489, 0.549660996256329));
#170 = CARTESIAN_POINT('', (0.9999999999999997, 0.12672359903693642, 0.5121585334271673));
#171 = CARTESIAN_POINT('', (1.0000000000000007, 0.14821502941100556, 0.4755351939066439));
#172 = CARTESIAN_POINT('', (1.000000000000001, 0.17124143388092153, 0.4398569754182282));
#173 = CARTESIAN_POINT('', (1.0, 0.19576131725617957, 0.40518817249076955));
#174 = CARTESIAN_POINT('', (0.9999999999999999, 0.2217304931133488, 0.3715912606869137));
#175 = CARTESIAN_POINT('', (1.0000000000000016, 0.24910216324055112, 0.3391267839186841));
#176 = CARTESIAN_POINT('', (0.9999999999999983, 0.27782700204140304, 0.3078532453723595));
#177 = CARTESIAN_POINT('', (1.0000000000000004, 0.3078532453723589, 0.2778270020414024));
#178 = CARTESIAN_POINT('', (1.0000000000000018, 0.33912678391868534, 0.2491021632405519));
#179 = CARTESIAN_POINT('', (1.0000000000000013, 0.3715912606869135, 0.22173049311334803));
#180 = CARTESIAN_POINT('', (0.9999999999999992, 0.40518817249077027, 0.1957613172561795));
#181 = CARTESIAN_POINT('', (1.0000000000000002, 0.4398569754182275, 0.17124143388092072));
#182 = CARTESIAN_POINT('', (1.0000000000000007, 0.47553519390664506, 0.14821502941100584));
#183 = CARTESIAN_POINT('', (0.9999999999999993, 0.5121585334271662, 0.12672359903693564));
#184 = CARTESIAN_POINT('', (1.000000000000001, 0.5496609962563305, 0.10680587176784895));
#185 = CARTESIAN_POINT('', (1.0000000000000009, 0.5879750004178579, 0.08849774073872552));
#186 = CARTESIAN_POINT('', (0.9999999999999983, 0.6270315014727166, 0.07183219833132581));
#187 = CARTESIAN_POINT('', (1.0000000000000027, 0.6667601169508405, 0.05683927708843772));
#188 = CARTESIAN_POINT('', (0.9999999999999993, 0.7070892532388805, 0.043545995058016373));
#189 = CARTESIAN_POINT('', (1.0000000000000004, 0.7479462344826295, 0.03197630814233976));
#190 = CARTESIAN_POINT('', (1.000000000000001, 0.789257433677989, 0.022151064752840455));
#191 = CARTESIAN_POINT('', (0.9999999999999978, 0.8309484051630711, 0.01408797235676873));
#192 = CARTESIAN_POINT('', (1.0000000000000013, 0.8729440191387751, 7.8015578851E-3));
#193 = CARTESIAN_POINT('', (0.9999999999999991, 0.9151685964129563, 3.3031561841E-3));
#194 = CARTESIAN_POINT('', (1.0000000000000004, 0.9575460459450705, 6.0086161170E-4));
#195 = CARTESIAN_POINT('', (1.0000000000000002, 0.9858486817405867, 0.0));
#196 = CARTESIAN_POINT('', (1.0000000000000002, 1.0000000000000002, 0.0));
#197 = CARTESIAN_POINT('', (1.0000000000000002, 0.0, 1.0000000000000002));
#198 = CARTESIAN_POINT('', (0.9934761529746361, 3.1981891928E-11, 0.9858486817405865));
#199 = CARTESIAN_POINT('', (0.9804284592573662, 6.0086170765E-4, 0.9575460459464302));
#200 = CARTESIAN_POINT('', (0.9608921875825452, 3.3031563758E-3, 0.9151685964204216));
#201 = CARTESIAN_POINT('', (0.9414263909834137, 7.8015581723E-3, 0.8729440191564051));
#202 = CARTESIAN_POINT('', (0.9220661479098363, 0.014087972738822067, 0.8309484051949116));
#203 = CARTESIAN_POINT('', (0.9028463469470203, 0.022151065229114072, 0.7892574337280494));
#204 = CARTESIAN_POINT('', (0.8838016234064641, 0.031976308711976056, 0.747946234554895));
#205 = CARTESIAN_POINT('', (0.8649662972081441, 0.04354599571998842, 0.707089253337293));
#206 = CARTESIAN_POINT('', (0.8463743108655788, 0.05683927784155282, 0.6667601170792957));
#207 = CARTESIAN_POINT('', (0.8280591684062306, 0.07183219917422629, 0.6270315016350541));
#208 = CARTESIAN_POINT('', (0.8100538749376611, 0.08849774166989344, 0.5879750006178622));
#209 = CARTESIAN_POINT('', (0.792390877222753, 0.10680587278560519, 0.5496609964977077));
#210 = CARTESIAN_POINT('', (0.7751020051836328, 0.12672360013944745, 0.5121585337135601));
#211 = CARTESIAN_POINT('', (0.7582184145378701, 0.14821503059628455, 0.47553519424160634));
#212 = CARTESIAN_POINT('', (0.7417705306524873, 0.17124143514683252, 0.43985697580522964));
#213 = CARTESIAN_POINT('', (0.725787993711041, 0.19576131860044127, 0.4051881729331859));
#214 = CARTESIAN_POINT('', (0.7102996053421906, 0.22173049453353877, 0.37159126118802));
#215 = CARTESIAN_POINT('', (0.6953332766714677, 0.2491021647341101, 0.33912678448164896));
#216 = CARTESIAN_POINT('', (0.6809159780369485, 0.2778270036056395, 0.30785324600024333));
#217 = CARTESIAN_POINT('', (0.6670736903682939, 0.30785324700445404, 0.2778270027371439));
#218 = CARTESIAN_POINT('', (0.6538313584010716, 0.339126785615698, 0.24910216400697036));
#219 = CARTESIAN_POINT('', (0.641212845732132, 0.37159126244578555, 0.2217304939531356));
#220 = CARTESIAN_POINT('', (0.6292408917726997, 0.40518817430833215, 0.19576131817189643));
#221 = CARTESIAN_POINT('', (0.6179370707937935, 0.4398569772912037, 0.17124143487498789));
#222 = CARTESIAN_POINT('', (0.6073217530154698, 0.4755351958316604, 0.14821503048570467));
#223 = CARTESIAN_POINT('', (0.59741406798242, 0.5121585354007517, 0.12672360019440315));
#224 = CARTESIAN_POINT('', (0.5882318700122786, 0.5496609982749296, 0.10680587301007034));
#225 = CARTESIAN_POINT('', (0.579791706066784, 0.587975002477833, 0.08849774206753572));
#226 = CARTESIAN_POINT('', (0.5721087858421394, 0.6270315035703554, 0.07183219974840421));
#227 = CARTESIAN_POINT('', (0.5651969545301126, 0.666760119082363, 0.05683927859529993));
#228 = CARTESIAN_POINT('', (0.5590686676213052, 0.7070892554004455, 0.04354599665602309));
#229 = CARTESIAN_POINT('', (0.5537349689378626, 0.7479462366703418, 0.03197630983268168));
#230 = CARTESIAN_POINT('', (0.5492054697290232, 0.7892574358879061, 0.022151066536544476));
#231 = CARTESIAN_POINT('', (0.5454883332489355, 0.8309484073912107, 0.014087974234695011));
#232 = CARTESIAN_POINT('', (0.542590256504486, 0.8729440213811218, 7.8015598580E-3));
#233 = CARTESIAN_POINT('', (0.5405164649312547, 0.9151685986654694, 3.3031582523E-3));
#234 = CARTESIAN_POINT('', (0.539270690079446, 0.9575460482036907, 6.0086377573E-4));
#235 = CARTESIAN_POINT('', (0.538993689084464, 0.9858486840005648, 2.2279964650E-9));
#236 = CARTESIAN_POINT('', (0.5389936890844642, 1.0000000022599782, 2.2599780951E-9));
#237 = CARTESIAN_POINT('', (1.0000000000000002, 0.0, 1.0000000000000002));
#238 = CARTESIAN_POINT('', (0.9892392532276736, 5.2752324291E-11, 0.9908094539127931));
#239 = CARTESIAN_POINT('', (0.9677177602340696, 6.0086176996E-4, 0.9724283622103708));
#240 = CARTESIAN_POINT('', (0.9354936949669904, 3.3031565003E-3, 0.9449064101419469));
#241 = CARTESIAN_POINT('', (0.9033858746793448, 7.8015583588E-3, 0.9174837406704431));
#242 = CARTESIAN_POINT('', (0.8714521594519682, 0.014087972986945736, 0.8902097709739571));
#243 = CARTESIAN_POINT('', (0.8397500961937502, 0.0221510655384292, 0.8631336507563994));
#244 = CARTESIAN_POINT('', (0.8083368140517967, 0.03197630908192528, 0.8363041729194607));
#245 = CARTESIAN_POINT('', (0.7772689219512301, 0.04354599614990504, 0.8097696860532102));
#246 = CARTESIAN_POINT('', (0.7466024063048626, 0.056839278330662074, 0.7835780070720209));
#247 = CARTESIAN_POINT('', (0.7163925302654915, 0.07183219972164682, 0.7577763351677891));
#248 = CARTESIAN_POINT('', (0.6866937340434814, 0.08849774227463873, 0.732411166673202));
#249 = CARTESIAN_POINT('', (0.6575595368886277, 0.10680587344658546, 0.7075282113462686));
#250 = CARTESIAN_POINT('', (0.629042440603949, 0.12672360085547155, 0.6831723099633576));
#251 = CARTESIAN_POINT('', (0.6011938349270558, 0.14821503136606218, 0.65938735350722));
#252 = CARTESIAN_POINT('', (0.5740639049202731, 0.17124143596897642, 0.6362162040707061));
#253 = CARTESIAN_POINT('', (0.5477015405265802, 0.19576131947347, 0.6137006176102242));
#254 = CARTESIAN_POINT('', (0.5221542485362074, 0.221730495455879, 0.5918811687581119));
#255 = CARTESIAN_POINT('', (0.4974680669007302, 0.24910216570409974, 0.5707971776399625));
#256 = CARTESIAN_POINT('', (0.47368748179169295, 0.27782700462153054, 0.5504866390360046));
#257 = CARTESIAN_POINT('', (0.4508553474028332, 0.3078532480644158, 0.5309861538856997));
#258 = CARTESIAN_POINT('', (0.4290128087795725, 0.33912678671782026, 0.5123308633779432));
#259 = CARTESIAN_POINT('', (0.4081992276851707, 0.37159126358808225, 0.4945543856347491));
#260 = CARTESIAN_POINT('', (0.3884521115970926, 0.4051881754887448, 0.47768875506842384));
#261 = CARTESIAN_POINT('', (0.36980704615454996, 0.43985697850760525, 0.46176436468631143));
#262 = CARTESIAN_POINT('', (0.35229763097724465, 0.47553519708185865, 0.4468099112748383));
#263 = CARTESIAN_POINT('', (0.3359554192553096, 0.5121585366824939, 0.4328523438044345));
#264 = CARTESIAN_POINT('', (0.32080986075808005, 0.5496609995859058, 0.4199168147544199));
#265 = CARTESIAN_POINT('', (0.306888248839264, 0.5879750038156807, 0.4080266348511653));
#266 = CARTESIAN_POINT('', (0.29421567110252855, 0.6270315049326638, 0.39720323093250326));
#267 = CARTESIAN_POINT('', (0.2828149644723439, 0.6667601204666771, 0.38746610757459654));
#268 = CARTESIAN_POINT('', (0.2727066736333197, 0.7070892568042707, 0.3788328115958225));
#269 = CARTESIAN_POINT('', (0.2639090147962524, 0.7479462380911482, 0.3713189011099869));
#270 = CARTESIAN_POINT('', (0.2564378412173607, 0.7892574373231334, 0.3649379160770266));
#271 = CARTESIAN_POINT('', (0.25030661776018015, 0.8309484088382725, 0.3597013565767915));
#272 = CARTESIAN_POINT('', (0.24552639078953764, 0.8729440228374105, 0.355618657096051));
#273 = CARTESIAN_POINT('', (0.24210577938985867, 0.9151686001283605, 0.3526971790282711));
#274 = CARTESIAN_POINT('', (0.24005093855922066, 0.9575460496705481, 0.35094217923830673));
#275 = CARTESIAN_POINT('', (0.23959403985608085, 0.9858486854683042, 0.35055195094012814));
#276 = CARTESIAN_POINT('', (0.23959403988040007, 1.0000000037277175, 0.3505519509928803));
#277 = CARTESIAN_POINT('', (1.0000000000000002, 0.0, 1.0000000000000002));
#278 = CARTESIAN_POINT('', (0.985002353480711, 7.3522756653E-11, 0.9957702260849995));
#279 = CARTESIAN_POINT('', (0.9550070612107733, 6.0086183227E-4, 0.9873106784743112));
#280 = CARTESIAN_POINT('', (0.9100952023514355, 3.3031566248E-3, 0.9746442238634724));
#281 = CARTESIAN_POINT('', (0.8653453583752759, 7.8015585453E-3, 0.9620234621844813));
#282 = CARTESIAN_POINT('', (0.8208381709941002, 0.014087973235069405, 0.9494711367530025));
#283 = CARTESIAN_POINT('', (0.7766538454404803, 0.02215106584774433, 0.9370098677847492));
#284 = CARTESIAN_POINT('', (0.7328720046971297, 0.0319763094518745, 0.9246621112840262));
#285 = CARTESIAN_POINT('', (0.6895715466943161, 0.043545996579821666, 0.9124501187691273));
#286 = CARTESIAN_POINT('', (0.6468305017441465, 0.05683927881977133, 0.9003958970647459));
#287 = CARTESIAN_POINT('', (0.6047258921247524, 0.07183220026906736, 0.8885211687005241));
#288 = CARTESIAN_POINT('', (0.5633335931493018, 0.088497742879384, 0.8768473327285419));
#289 = CARTESIAN_POINT('', (0.5227281965545021, 0.10680587410756573, 0.8653954261948299));
#290 = CARTESIAN_POINT('', (0.4829828760242654, 0.12672360157149565, 0.854186086213155));
#291 = CARTESIAN_POINT('', (0.4441692553162414, 0.1482150321358398, 0.8432395127728337));
#292 = CARTESIAN_POINT('', (0.4063572791880589, 0.17124143679112036, 0.8325754323361824));
#293 = CARTESIAN_POINT('', (0.36961508734211934, 0.19576132034649874, 0.8222130622872625));
#294 = CARTESIAN_POINT('', (0.33400889173022413, 0.22173049637821923, 0.8121710763282037));
#295 = CARTESIAN_POINT('', (0.2996028571299929, 0.24910216667408938, 0.8024675707982759));
#296 = CARTESIAN_POINT('', (0.2664589855464372, 0.2778270056374216, 0.7931200320717661));
#297 = CARTESIAN_POINT('', (0.2346370044373724, 0.30785324912437756, 0.7841453050342555));
#298 = CARTESIAN_POINT('', (0.2041942591580732, 0.33912678781994254, 0.7755595627489161));
#299 = CARTESIAN_POINT('', (0.17518560963820964, 0.37159126473037907, 0.7673782773163624));
#300 = CARTESIAN_POINT('', (0.14766333142148552, 0.4051881766691575, 0.7596161919649513));
#301 = CARTESIAN_POINT('', (0.12167702151530638, 0.4398569797240069, 0.7522872944976351));
#302 = CARTESIAN_POINT('', (0.09727350893901962, 0.47553519833205693, 0.745404792063972));
#303 = CARTESIAN_POINT('', (0.07449677052819915, 0.5121585379642359, 0.7389810874144658));
#304 = CARTESIAN_POINT('', (0.053387851503881464, 0.5496610008968821, 0.7330277564987696));
#305 = CARTESIAN_POINT('', (0.033984791611744045, 0.5879750051535284, 0.7275555276347948));
#306 = CARTESIAN_POINT('', (0.016322556362917615, 0.6270315062949723, 0.7225742621166026));
#307 = CARTESIAN_POINT('', (4.3297441457E-4, 0.6667601218509912, 0.7180929365538931));
#308 = CARTESIAN_POINT('', (-0.013655320354665892, 0.7070892582080959, 0.7141196265356221));
#309 = CARTESIAN_POINT('', (-0.02591693934535769, 0.7479462395119547, 0.7106614923872918));
#310 = CARTESIAN_POINT('', (-0.03632978729430172, 0.7892574387583609, 0.707724765617509));
#311 = CARTESIAN_POINT('', (-0.04487509772857526, 0.8309484102853344, 0.7053147389188879));
#312 = CARTESIAN_POINT('', (-0.051537474925410734, 0.8729440242936992, 0.7034357543341314));
#313 = CARTESIAN_POINT('', (-0.05630490615153761, 0.9151686015912517, 0.7020911998042199));
#314 = CARTESIAN_POINT('', (-0.05916881296100446, 0.9575460511374055, 0.7012834947008786));
#315 = CARTESIAN_POINT('', (-0.05980560937230225, 0.9858486869360434, 0.7011038996522597));
#316 = CARTESIAN_POINT('', (-0.05980560932366413, 1.000000005195457, 0.7011038997257825));
#317 = CARTESIAN_POINT('', (1.0000000000000002, 0.0, 1.0000000000000002));
#318 = CARTESIAN_POINT('', (0.9860229079254799, 6.8519721341E-11, 1.002213753739601));
#319 = CARTESIAN_POINT('', (0.9580687244942552, 6.0086181726E-4, 1.0066412611085558));
#320 = CARTESIAN_POINT('', (0.9162130116257421, 3.3031565948E-3, 1.013270554284077));
#321 = CARTESIAN_POINT('', (0.8745082889144541, 7.8015585003E-3, 1.0198759329801388));
#322 = CARTESIAN_POINT('', (0.833029710594049, 0.014087973175303373, 1.0264454939363783));
#323 = CARTESIAN_POINT('', (0.7918520241203031, 0.02215106577323897, 1.0329673983196455));
#324 = CARTESIAN_POINT('', (0.7510494343198748, 0.03197630936276411, 1.039429893240823));
#325 = CARTESIAN_POINT('', (0.7106954703050568, 0.043545996476266835, 1.0458213328333608));
#326 = CARTESIAN_POINT('', (0.6708628526093594, 0.05683927870195861, 1.0521301992970242));
#327 = CARTESIAN_POINT('', (0.6316233623266259, 0.07183220013720915, 1.058345123624135));
#328 = CARTESIAN_POINT('', (0.5930477116340004, 0.08849774273371783, 1.06445490610679));
#329 = CARTESIAN_POINT('', (0.555205416476499, 0.10680587394835415, 1.0704485365015908));
#330 = CARTESIAN_POINT('', (0.5181646712414851, 0.12672360139902555, 1.0763152138792857));
#331 = CARTESIAN_POINT('', (0.4819922258588729, 0.14821503195042202, 1.0820443660901664));
#332 = CARTESIAN_POINT('', (0.44675326551053973, 0.171241436593089, 1.0876256688162385));
#333 = CARTESIAN_POINT('', (0.4125112931528754, 0.1957613201362107, 1.0930490641778112));
#334 = CARTESIAN_POINT('', (0.37932801517054004, 0.22173049615605342, 1.0983047788441638));
#335 = CARTESIAN_POINT('', (0.34726323007937665, 0.24910216644044617, 1.103383341661272));
#336 = CARTESIAN_POINT('', (0.3163747207941884, 0.277827005392722, 1.1082756007149241));
#337 = CARTESIAN_POINT('', (0.2867181504601365, 0.3078532488690625, 1.1129727398293812));
#338 = CARTESIAN_POINT('', (0.25834696221629805, 0.3391267875544723, 1.1174662944433011));
#339 = CARTESIAN_POINT('', (0.2313122829034837, 0.37159126445523183, 1.121748166860902));
#340 = CARTESIAN_POINT('', (0.20566283083789627, 0.4051881763848292, 1.1258106408591804));
#341 = CARTESIAN_POINT('', (0.18144482806750606, 0.43985697943100993, 1.1296463955851344));
#342 = CARTESIAN_POINT('', (0.1587019170072782, 0.47553519803091926, 1.1332485187594592));
#343 = CARTESIAN_POINT('', (0.13747508197277192, 0.5121585376555002, 1.1366105191043918));
#344 = CARTESIAN_POINT('', (0.11780257515445147, 0.5496610005811048, 1.1397263380682245));
#345 = CARTESIAN_POINT('', (0.09971984778292664, 0.5879750048312786, 1.1425903607276768));
#346 = CARTESIAN_POINT('', (0.0832594860486594, 0.6270315059668304, 1.1451974259372013));
#347 = CARTESIAN_POINT('', (0.06845115274365321, 0.6667601215175488, 1.1475428355720263));
#348 = CARTESIAN_POINT('', (0.05532153327850442, 0.7070892578699539, 1.149622363078251));
#349 = CARTESIAN_POINT('', (0.04389428861821143, 0.7479462391697224, 1.151432260927028));
#350 = CARTESIAN_POINT('', (0.034190010495286915, 0.7892574384126548, 1.1529692677081549));
#351 = CARTESIAN_POINT('', (0.026226188368286163, 0.8309484099367778, 1.154230613363311));
#352 = CARTESIAN_POINT('', (0.020017170317192967, 0.8729440239429201, 1.1552140253796062));
#353 = CARTESIAN_POINT('', (0.015574151636952749, 0.9151686012388823, 1.1559177305962272));
#354 = CARTESIAN_POINT('', (0.012905127030327201, 0.9575460507840808, 1.1563404627763012));
#355 = CARTESIAN_POINT('', (0.012311663181501342, 0.9858486865825062, 1.156434458371255));
#356 = CARTESIAN_POINT('', (0.01231166326172739, 1.0000000048419198, 1.1564344584397745));
#357 = (
    BOUNDED_SURFACE()
    B_SPLINE_SURFACE(3, 3, ((#358, #359, #360, #361, #362, #363, #364, #365, #366, #367, #368, #369, #370, #371, #372, #373, #374, #375, #376, #377, #378, #379, #380, #381, #382, #383, #384, #385, #386, #387, #388, #389, #390, #391, #392, #393, #394, #395, #396, #397), (#398, #399, #400, #401, #402, #403, #404, #405, #406, #407, #408, #409, #410, #411, #412, #413, #414, #415, #416, #417, #418, #419, #420, #421, #422, #423, #424, #425, #426, #427, #428, #429, #430, #431, #432, #433, #434, #435, #436, #437), (#438, #439, #440, #441, #442, #443, #444, #445, #446, #447, #448, #449, #450, #451, #452, #453, #454, #455, #456, #457, #458, #459, #460, #461, #462, #463, #464, #465, #466, #467, #468, #469, #470, #471, #472, #473, #474, #475, #476, #477), (#478, #479, #480, #481, #482, #483, #484, #485, #486, #487, #488, #489, #490, #491, #492, #493, #494, #495, #496, #497, #498, #499, #500, #501, #502, #503, #504, #505, #506, #507, #508, #509, #510, #511, #512, #513, #514, #515, #516, #517), (#518, #519, #520, #521, #522, #523, #524, #525, #526, #527, #528, #529, #530, #531, #532, #533, #534, #535, #536, #537, #538, #539, #540, #541, #542, #543, #544, #545, #546, #547, #548, #549, #550, #551, #552, #553, #554, #555, #556, #557), (#558, #559, #560, #561, #562, #563, #564, #565, #566, #567, #568, #569, #570, #571, #572, #573, #574, #575, #576, #577, #578, #579, #580, #581, #582, #583, #584, #585, #586, #587, #588, #589, #590, #591, #592, #593, #594, #595, #596, #597), (#598, #599, #600, #601, #602, #603, #604, #605, #606, #607, #608, #609, #610, #611, #612, #613, #614, #615, #616, #617, #618, #619, #620, #621, #622, #623, #624, #625, #626, #627, #628, #629, #630, #631, #632, #633, #634, #635, #636, #637), (#638, #639, #640, #641, #642, #643, #644, #645, #646, #647, #648, #649, #650, #651, #652, #653, #654, #655, #656, #657, #658, #659, #660, #661, #662, #663, #664, #665, #666, #667, #668, #669, #670, #671, #672, #673, #674, #675, #676, #677)), .UNSPECIFIED., .U., .U., .U.)
    B_SPLINE_SURFACE_WITH_KNOTS((4, 1, 3, 4), (4, 1, 1, 1, 1, 1, 1, 1, 1, 1, 1, 1, 1, 1, 1, 1, 1, 1, 1, 1, 1, 1, 1, 1, 1, 1, 1, 1, 1, 1, 1, 1, 1, 1, 1, 1, 1, 4), (0.0, 4.500000000000002, 9.000000000000004, 9.000100000000003), (0.0, 0.02702702702702703, 0.05405405405405406, 0.08108108108108109, 0.10810810810810811, 0.13513513513513514, 0.16216216216216217, 0.1891891891891892, 0.21621621621621623, 0.24324324324324326, 0.2702702702702703, 0.2972972972972973, 0.32432432432432434, 0.35135135135135137, 0.3783783783783784, 0.40540540540540543, 0.43243243243243246, 0.4594594594594595, 0.4864864864864865, 0.5135135135135136, 0.5405405405405406, 0.5675675675675675, 0.5945945945945946, 0.6216216216216217, 0.6486486486486487, 0.6756756756756757, 0.7027027027027027, 0.7297297297297298, 0.7567567567567568, 0.7837837837837838, 0.8108108108108109, 0.8378378378378379, 0.8648648648648649, 0.8918918918918919, 0.918918918918919, 0.945945945945946, 0.972972972972973, 1.0), .UNSPECIFIED.)
    GEOMETRIC_REPRESENTATION_ITEM()
    RATIONAL_B_SPLINE_SURFACE(((1.0, 1.0, 1.0, 1.0, 1.0, 1.0, 1.0, 1.0, 1.0, 1.0, 1.0, 1.0, 1.0, 1.0, 1.0, 1.0, 1.0, 1.0, 1.0, 1.0, 1.0, 1.0, 1.0, 1.0, 1.0, 1.0, 1.0, 1.0, 1.0, 1.0, 1.0, 1.0, 1.0, 1.0, 1.0, 1.0, 1.0, 1.0, 1.0, 1.0), (1.0, 1.0, 1.0, 1.0, 1.0, 1.0, 1.0, 1.0, 1.0, 1.0, 1.0, 1.0, 1.0, 1.0, 1.0, 1.0, 1.0, 1.0, 1.0, 1.0, 1.0, 1.0, 1.0, 1.0, 1.0, 1.0, 1.0, 1.0, 1.0, 1.0, 1.0, 1.0, 1.0, 1.0, 1.0, 1.0, 1.0, 1.0, 1.0, 1.0), (1.0, 1.0, 1.0, 1.0, 1.0, 1.0, 1.0, 1.0, 1.0, 1.0, 1.0, 1.0, 1.0, 1.0, 1.0, 1.0, 1.0, 1.0, 1.0, 1.0, 1.0, 1.0, 1.0, 1.0, 1.0, 1.0, 1.0, 1.0, 1.0, 1.0, 1.0, 1.0, 1.0, 1.0, 1.0, 1.0, 1.0, 1.0, 1.0, 1.0), (1.0, 1.0, 1.0, 1.0, 1.0, 1.0, 1.0, 1.0, 1.0, 1.0, 1.0, 1.0, 1.0, 1.0, 1.0, 1.0, 1.0, 1.0, 1.0, 1.0, 1.0, 1.0, 1.0, 1.0, 1.0, 1.0, 1.0, 1.0, 1.0, 1.0, 1.0, 1.0, 1.0, 1.0, 1.0, 1.0, 1.0, 1.0, 1.0, 1.0), (1.0, 1.0, 1.0, 1.0, 1.0, 1.0, 1.0, 1.0, 1.0, 1.0, 1.0, 1.0, 1.0, 1.0, 1.0, 1.0, 1.0, 1.0, 1.0, 1.0, 1.0, 1.0, 1.0, 1.0, 1.0, 1.0, 1.0, 1.0, 1.0, 1.0, 1.0, 1.0, 1.0, 1.0, 1.0, 1.0, 1.0, 1.0, 1.0, 1.0), (1.0, 1.0, 1.0, 1.0, 1.0, 1.0, 1.0, 1.0, 1.0, 1.0, 1.0, 1.0, 1.0, 1.0, 1.0, 1.0, 1.0, 1.0, 1.0, 1.0, 1.0, 1.0, 1.0, 1.0, 1.0, 1.0, 1.0, 1.0, 1.0, 1.0, 1.0, 1.0, 1.0, 1.0, 1.0, 1.0, 1.0, 1.0, 1.0, 1.0), (1.0, 1.0, 1.0, 1.0, 1.0, 1.0, 1.0, 1.0, 1.0, 1.0, 1.0, 1.0, 1.0, 1.0, 1.0, 1.0, 1.0, 1.0, 1.0, 1.0, 1.0, 1.0, 1.0, 1.0, 1.0, 1.0, 1.0, 1.0, 1.0, 1.0, 1.0, 1.0, 1.0, 1.0, 1.0, 1.0, 1.0, 1.0, 1.0, 1.0), (1.0, 1.0, 1.0, 1.0, 1.0, 1.0, 1.0, 1.0, 1.0, 1.0, 1.0, 1.0, 1.0, 1.0, 1.0, 1.0, 1.0, 1.0, 1.0, 1.0, 1.0, 1.0, 1.0, 1.0, 1.0, 1.0, 1.0, 1.0, 1.0, 1.0, 1.0, 1.0, 1.0, 1.0, 1.0, 1.0, 1.0, 1.0, 1.0, 1.0)))
    REPRESENTATION_ITEM('')
    SURFACE()
);
#358 = CARTESIAN_POINT('', (1.0000000000000002, 1.0000000000000002, 0.0));
#359 = CARTESIAN_POINT('', (1.0000000000000002, 0.9858486817405867, 9.9261673506E-24));
#360 = CARTESIAN_POINT('', (1.0000000000000004, 0.9575460459450705, 6.0086161170E-4));
#361 = CARTESIAN_POINT('', (0.9999999999999991, 0.9151685964129563, 3.3031561841E-3));
#362 = CARTESIAN_POINT('', (1.0000000000000013, 0.8729440191387751, 7.8015578851E-3));
#363 = CARTESIAN_POINT('', (0.9999999999999978, 0.8309484051630711, 0.014087972356768782));
#364 = CARTESIAN_POINT('', (1.000000000000001, 0.789257433677989, 0.022151064752840417));
#365 = CARTESIAN_POINT('', (1.0000000000000004, 0.7479462344826295, 0.0319763081423398));
#366 = CARTESIAN_POINT('', (0.9999999999999993, 0.7070892532388805, 0.04354599505801641));
#367 = CARTESIAN_POINT('', (1.0000000000000027, 0.6667601169508405, 0.056839277088437765));
#368 = CARTESIAN_POINT('', (0.9999999999999983, 0.6270315014727166, 0.07183219833132579));
#369 = CARTESIAN_POINT('', (1.0000000000000009, 0.5879750004178579, 0.0884977407387255));
#370 = CARTESIAN_POINT('', (1.000000000000001, 0.5496609962563305, 0.10680587176784899));
#371 = CARTESIAN_POINT('', (0.9999999999999993, 0.5121585334271662, 0.12672359903693567));
#372 = CARTESIAN_POINT('', (1.0000000000000007, 0.47553519390664506, 0.14821502941100584));
#373 = CARTESIAN_POINT('', (1.0000000000000002, 0.4398569754182275, 0.17124143388092075));
#374 = CARTESIAN_POINT('', (0.9999999999999992, 0.40518817249077027, 0.19576131725617948));
#375 = CARTESIAN_POINT('', (1.0000000000000013, 0.3715912606869135, 0.22173049311334803));
#376 = CARTESIAN_POINT('', (1.0000000000000018, 0.33912678391868534, 0.24910216324055184));
#377 = CARTESIAN_POINT('', (1.0000000000000004, 0.3078532453723589, 0.27782700204140237));
#378 = CARTESIAN_POINT('', (0.9999999999999983, 0.27782700204140304, 0.3078532453723595));
#379 = CARTESIAN_POINT('', (1.0000000000000016, 0.24910216324055112, 0.3391267839186841));
#380 = CARTESIAN_POINT('', (0.9999999999999999, 0.2217304931133488, 0.3715912606869137));
#381 = CARTESIAN_POINT('', (1.0, 0.19576131725617957, 0.40518817249076955));
#382 = CARTESIAN_POINT('', (1.000000000000001, 0.17124143388092153, 0.43985697541822816));
#383 = CARTESIAN_POINT('', (1.0000000000000007, 0.14821502941100556, 0.4755351939066439));
#384 = CARTESIAN_POINT('', (0.9999999999999997, 0.12672359903693642, 0.5121585334271673));
#385 = CARTESIAN_POINT('', (1.0000000000000009, 0.1068058717678489, 0.549660996256329));
#386 = CARTESIAN_POINT('', (0.9999999999999998, 0.08849774073872597, 0.5879750004178591));
#387 = CARTESIAN_POINT('', (1.000000000000001, 0.07183219833132565, 0.6270315014727152));
#388 = CARTESIAN_POINT('', (0.9999999999999976, 0.056839277088437994, 0.666760116950839));
#389 = CARTESIAN_POINT('', (1.0000000000000027, 0.043545995058016554, 0.7070892532388812));
#390 = CARTESIAN_POINT('', (0.9999999999999977, 0.03197630814234007, 0.747946234482628));
#391 = CARTESIAN_POINT('', (1.000000000000003, 0.022151064752840493, 0.7892574336779898));
#392 = CARTESIAN_POINT('', (0.9999999999999968, 0.014087972356769169, 0.8309484051630716));
#393 = CARTESIAN_POINT('', (1.0000000000000024, 7.8015578851E-3, 0.8729440191387747));
#394 = CARTESIAN_POINT('', (0.9999999999999961, 3.3031561841E-3, 0.9151685964129546));
#395 = CARTESIAN_POINT('', (1.000000000000005, 6.0086161170E-4, 0.9575460459450745));
#396 = CARTESIAN_POINT('', (1.0000000000000002, 2.2291110805E-16, 0.9858486817405865));
#397 = CARTESIAN_POINT('', (1.0000000000000002, 0.0, 1.0000000000000002));
#398 = CARTESIAN_POINT('', (2.500000000000001, 1.0000000000000002, 0.0));
#399 = CARTESIAN_POINT('', (2.500000000000001, 0.9858486817405869, 9.9261673506E-24));
#400 = CARTESIAN_POINT('', (2.4999999999999947, 0.9575460459450713, 6.0086161170E-4));
#401 = CARTESIAN_POINT('', (2.500000000000008, 0.9151685964129563, 3.3031561841E-3));
#402 = CARTESIAN_POINT('', (2.4999999999999996, 0.8729440191387752, 7.8015578851E-3));
#403 = CARTESIAN_POINT('', (2.499999999999999, 0.8309484051630714, 0.014087972356768784));
#404 = CARTESIAN_POINT('', (2.5000000000000053, 0.7892574336779891, 0.02215106475284042));
#405 = CARTESIAN_POINT('', (2.500000000000001, 0.7479462344826296, 0.03197630814233981));
#406 = CARTESIAN_POINT('', (2.5000000000000044, 0.7070892532388806, 0.043545995058016415));
#407 = CARTESIAN_POINT('', (2.4999999999999956, 0.6667601169508408, 0.05683927708843778));
#408 = CARTESIAN_POINT('', (2.5000000000000058, 0.6270315014727167, 0.0718321983313258));
#409 = CARTESIAN_POINT('', (2.4999999999999942, 0.5879750004178579, 0.08849774073872552));
#410 = CARTESIAN_POINT('', (2.5000000000000147, 0.5496609962563308, 0.106805871767849));
#411 = CARTESIAN_POINT('', (2.4999999999999942, 0.5121585334271661, 0.1267235990369357));
#412 = CARTESIAN_POINT('', (2.500000000000003, 0.4755351939066452, 0.14821502941100587));
#413 = CARTESIAN_POINT('', (2.4999999999999933, 0.4398569754182274, 0.17124143388092078));
#414 = CARTESIAN_POINT('', (2.5000000000000044, 0.40518817249077066, 0.1957613172561795));
#415 = CARTESIAN_POINT('', (2.499999999999996, 0.37159126068691345, 0.22173049311334805));
#416 = CARTESIAN_POINT('', (2.5000000000000107, 0.33912678391868545, 0.24910216324055187));
#417 = CARTESIAN_POINT('', (2.500000000000009, 0.307853245372359, 0.2778270020414024));
#418 = CARTESIAN_POINT('', (2.49999999999999, 0.2778270020414031, 0.3078532453723596));
#419 = CARTESIAN_POINT('', (2.5000000000000098, 0.24910216324055123, 0.33912678391868417));
#420 = CARTESIAN_POINT('', (2.4999999999999907, 0.22173049311334886, 0.3715912606869138));
#421 = CARTESIAN_POINT('', (2.500000000000004, 0.19576131725617946, 0.40518817249076966));
#422 = CARTESIAN_POINT('', (2.5000000000000013, 0.17124143388092172, 0.4398569754182282));
#423 = CARTESIAN_POINT('', (2.5000000000000013, 0.1482150294110055, 0.475535193906644));
#424 = CARTESIAN_POINT('', (2.4999999999999973, 0.12672359903693653, 0.5121585334271674));
#425 = CARTESIAN_POINT('', (2.500000000000003, 0.10680587176784888, 0.549660996256329));
#426 = CARTESIAN_POINT('', (2.500000000000001, 0.08849774073872603, 0.5879750004178592));
#427 = CARTESIAN_POINT('', (2.5000000000000013, 0.07183219833132569, 0.6270315014727154));
#428 = CARTESIAN_POINT('', (2.4999999999999987, 0.056839277088438014, 0.6667601169508391));
#429 = CARTESIAN_POINT('', (2.499999999999994, 0.04354599505801664, 0.7070892532388813));
#430 = CARTESIAN_POINT('', (2.500000000000009, 0.03197630814234009, 0.7479462344826282));
#431 = CARTESIAN_POINT('', (2.499999999999993, 0.02215106475284053, 0.7892574336779901));
#432 = CARTESIAN_POINT('', (2.5000000000000138, 0.014087972356769198, 0.8309484051630717));
#433 = CARTESIAN_POINT('', (2.499999999999987, 7.8015578851E-3, 0.872944019138775));
#434 = CARTESIAN_POINT('', (2.5000000000000098, 3.3031561841E-3, 0.9151685964129547));
#435 = CARTESIAN_POINT('', (2.4999999999999987, 6.0086161170E-4, 0.9575460459450746));
#436 = CARTESIAN_POINT('', (2.5000000000000004, 2.5037451630E-16, 0.9858486817405867));
#437 = CARTESIAN_POINT('', (2.500000000000001, 0.0, 1.0000000000000002));
#438 = CARTESIAN_POINT('', (5.5, 1.0, 0.0));
#439 = CARTESIAN_POINT('', (5.500000000000002, 0.9858486817405869, 9.9261673506E-24));
#440 = CARTESIAN_POINT('', (5.499999999999989, 0.9575460459450721, 6.0086161170E-4));
#441 = CARTESIAN_POINT('', (5.500000000000005, 0.9151685964129557, 3.3031561841E-3));
#442 = CARTESIAN_POINT('', (5.500000000000005, 0.8729440191387753, 7.8015578851E-3));
#443 = CARTESIAN_POINT('', (5.499999999999991, 0.8309484051630713, 0.014087972356768785));
#444 = CARTESIAN_POINT('', (5.500000000000009, 0.7892574336779891, 0.022151064752840427));
#445 = CARTESIAN_POINT('', (5.499999999999998, 0.7479462344826293, 0.031976308142339815));
#446 = CARTESIAN_POINT('', (5.500000000000009, 0.7070892532388802, 0.04354599505801643));
#447 = CARTESIAN_POINT('', (5.500000000000001, 0.666760116950841, 0.05683927708843779));
#448 = CARTESIAN_POINT('', (5.500000000000007, 0.6270315014727164, 0.07183219833132581));
#449 = CARTESIAN_POINT('', (5.499999999999996, 0.5879750004178577, 0.08849774073872554));
#450 = CARTESIAN_POINT('', (5.500000000000018, 0.5496609962563307, 0.10680587176784903));
#451 = CARTESIAN_POINT('', (5.499999999999998, 0.5121585334271657, 0.12672359903693572));
#452 = CARTESIAN_POINT('', (5.499999999999998, 0.4755351939066451, 0.1482150294110059));
#453 = CARTESIAN_POINT('', (5.4999999999999964, 0.439856975418227, 0.17124143388092083));
#454 = CARTESIAN_POINT('', (5.5, 0.40518817249077077, 0.19576131725617957));
#455 = CARTESIAN_POINT('', (5.499999999999995, 0.37159126068691295, 0.22173049311334808));
#456 = CARTESIAN_POINT('', (5.500000000000023, 0.3391267839186853, 0.2491021632405519));
#457 = CARTESIAN_POINT('', (5.4999999999999964, 0.3078532453723587, 0.2778270020414025));
#458 = CARTESIAN_POINT('', (5.500000000000002, 0.27782700204140287, 0.30785324537235964));
#459 = CARTESIAN_POINT('', (5.4999999999999964, 0.24910216324055112, 0.3391267839186842));
#460 = CARTESIAN_POINT('', (5.5000000000000036, 0.22173049311334858, 0.37159126068691384));
#461 = CARTESIAN_POINT('', (5.499999999999993, 0.19576131725617907, 0.40518817249076977));
#462 = CARTESIAN_POINT('', (5.500000000000011, 0.17124143388092153, 0.4398569754182283));
#463 = CARTESIAN_POINT('', (5.499999999999995, 0.14821502941100523, 0.4755351939066441));
#464 = CARTESIAN_POINT('', (5.500000000000006, 0.1267235990369363, 0.5121585334271676));
#465 = CARTESIAN_POINT('', (5.499999999999997, 0.10680587176784853, 0.5496609962563292));
#466 = CARTESIAN_POINT('', (5.500000000000011, 0.08849774073872577, 0.5879750004178592));
#467 = CARTESIAN_POINT('', (5.4999999999999964, 0.07183219833132543, 0.6270315014727155));
#468 = CARTESIAN_POINT('', (5.5000000000000036, 0.056839277088437716, 0.6667601169508393));
#469 = CARTESIAN_POINT('', (5.499999999999991, 0.04354599505801641, 0.7070892532388815));
#470 = CARTESIAN_POINT('', (5.50000000000001, 0.03197630814233979, 0.7479462344826283));
#471 = CARTESIAN_POINT('', (5.4999999999999964, 0.022151064752840247, 0.7892574336779902));
#472 = CARTESIAN_POINT('', (5.500000000000009, 0.01408797235676892, 0.8309484051630718));
#473 = CARTESIAN_POINT('', (5.499999999999995, 7.8015578851E-3, 0.8729440191387752));
#474 = CARTESIAN_POINT('', (5.500000000000003, 3.3031561841E-3, 0.9151685964129548));
#475 = CARTESIAN_POINT('', (5.500000000000011, 6.0086161170E-4, 0.9575460459450749));
#476 = CARTESIAN_POINT('', (5.500000000000002, -3.6140938750E-17, 0.9858486817405869));
#477 = CARTESIAN_POINT('', (5.5, 0.0, 1.0));
#478 = CARTESIAN_POINT('', (8.5, 1.0, 0.0));
#479 = CARTESIAN_POINT('', (8.500000000000002, 0.9858486817405867, 9.9261673506E-24));
#480 = CARTESIAN_POINT('', (8.499999999999991, 0.957546045945072, 6.0086161170E-4));
#481 = CARTESIAN_POINT('', (8.49999999999999, 0.9151685964129554, 3.3031561841E-3));
#482 = CARTESIAN_POINT('', (8.500000000000018, 0.8729440191387752, 7.8015578851E-3));
#483 = CARTESIAN_POINT('', (8.499999999999975, 0.8309484051630711, 0.014087972356768787));
#484 = CARTESIAN_POINT('', (8.500000000000012, 0.789257433677989, 0.022151064752840427));
#485 = CARTESIAN_POINT('', (8.499999999999993, 0.7479462344826291, 0.03197630814233981));
#486 = CARTESIAN_POINT('', (8.50000000000001, 0.70708925323888, 0.04354599505801642));
#487 = CARTESIAN_POINT('', (8.500000000000016, 0.6667601169508408, 0.05683927708843778));
#488 = CARTESIAN_POINT('', (8.500000000000002, 0.6270315014727161, 0.07183219833132581));
#489 = CARTESIAN_POINT('', (8.500000000000004, 0.5879750004178577, 0.08849774073872553));
#490 = CARTESIAN_POINT('', (8.500000000000005, 0.5496609962563305, 0.10680587176784903));
#491 = CARTESIAN_POINT('', (8.500000000000005, 0.5121585334271656, 0.12672359903693572));
#492 = CARTESIAN_POINT('', (8.499999999999995, 0.47553519390664495, 0.1482150294110059));
#493 = CARTESIAN_POINT('', (8.500000000000005, 0.4398569754182269, 0.17124143388092083));
#494 = CARTESIAN_POINT('', (8.49999999999999, 0.40518817249077066, 0.19576131725617957));
#495 = CARTESIAN_POINT('', (8.499999999999996, 0.3715912606869128, 0.2217304931133481));
#496 = CARTESIAN_POINT('', (8.500000000000032, 0.3391267839186851, 0.24910216324055193));
#497 = CARTESIAN_POINT('', (8.49999999999997, 0.3078532453723586, 0.2778270020414025));
#498 = CARTESIAN_POINT('', (8.500000000000028, 0.27782700204140265, 0.3078532453723596));
#499 = CARTESIAN_POINT('', (8.499999999999972, 0.249102163240551, 0.3391267839186842));
#500 = CARTESIAN_POINT('', (8.500000000000032, 0.22173049311334841, 0.37159126068691384));
#501 = CARTESIAN_POINT('', (8.499999999999973, 0.19576131725617896, 0.40518817249076966));
#502 = CARTESIAN_POINT('', (8.500000000000025, 0.17124143388092133, 0.4398569754182283));
#503 = CARTESIAN_POINT('', (8.499999999999986, 0.14821502941100512, 0.475535193906644));
#504 = CARTESIAN_POINT('', (8.50000000000002, 0.12672359903693614, 0.5121585334271676));
#505 = CARTESIAN_POINT('', (8.49999999999999, 0.10680587176784839, 0.5496609962563292));
#506 = CARTESIAN_POINT('', (8.50000000000002, 0.08849774073872563, 0.5879750004178593));
#507 = CARTESIAN_POINT('', (8.49999999999999, 0.07183219833132529, 0.6270315014727155));
#508 = CARTESIAN_POINT('', (8.500000000000005, 0.05683927708843757, 0.6667601169508393));
#509 = CARTESIAN_POINT('', (8.500000000000004, 0.04354599505801626, 0.7070892532388815));
#510 = CARTESIAN_POINT('', (8.499999999999991, 0.03197630814233964, 0.7479462344826283));
#511 = CARTESIAN_POINT('', (8.500000000000018, 0.022151064752840108, 0.7892574336779901));
#512 = CARTESIAN_POINT('', (8.499999999999977, 0.014087972356768782, 0.8309484051630718));
#513 = CARTESIAN_POINT('', (8.500000000000025, 7.8015578851E-3, 0.872944019138775));
#514 = CARTESIAN_POINT('', (8.499999999999975, 3.3031561841E-3, 0.9151685964129548));
#515 = CARTESIAN_POINT('', (8.500000000000039, 6.0086161170E-4, 0.957546045945075));
#516 = CARTESIAN_POINT('', (8.500000000000004, -1.7462665277E-16, 0.9858486817405868));
#517 = CARTESIAN_POINT('', (8.5, 0.0, 1.0));
#518 = CARTESIAN_POINT('', (10.0, 1.0, 0.0));
#519 = CARTESIAN_POINT('', (10.000000000000004, 0.9858486817405868, 9.9261673506E-24));
#520 = CARTESIAN_POINT('', (9.999999999999991, 0.9575460459450719, 6.0086161170E-4));
#521 = CARTESIAN_POINT('', (9.999999999999984, 0.9151685964129558, 3.3031561841E-3));
#522 = CARTESIAN_POINT('', (10.000000000000023, 0.8729440191387753, 7.8015578851E-3));
#523 = CARTESIAN_POINT('', (9.999999999999968, 0.8309484051630714, 0.014087972356768787));
#524 = CARTESIAN_POINT('', (10.000000000000016, 0.7892574336779891, 0.022151064752840427));
#525 = CARTESIAN_POINT('', (9.999999999999991, 0.7479462344826293, 0.03197630814233981));
#526 = CARTESIAN_POINT('', (10.000000000000012, 0.7070892532388802, 0.04354599505801642));
#527 = CARTESIAN_POINT('', (10.00000000000002, 0.6667601169508409, 0.05683927708843778));
#528 = CARTESIAN_POINT('', (10.000000000000002, 0.6270315014727165, 0.07183219833132581));
#529 = CARTESIAN_POINT('', (10.000000000000002, 0.5879750004178578, 0.08849774073872553));
#530 = CARTESIAN_POINT('', (10.000000000000005, 0.5496609962563306, 0.10680587176784903));
#531 = CARTESIAN_POINT('', (10.000000000000005, 0.5121585334271658, 0.12672359903693572));
#532 = CARTESIAN_POINT('', (9.999999999999996, 0.47553519390664506, 0.1482150294110059));
#533 = CARTESIAN_POINT('', (10.000000000000005, 0.4398569754182271, 0.17124143388092083));
#534 = CARTESIAN_POINT('', (9.99999999999999, 0.4051881724907707, 0.19576131725617957));
#535 = CARTESIAN_POINT('', (9.999999999999995, 0.371591260686913, 0.2217304931133481));
#536 = CARTESIAN_POINT('', (10.000000000000039, 0.3391267839186852, 0.24910216324055193));
#537 = CARTESIAN_POINT('', (9.999999999999964, 0.3078532453723587, 0.2778270020414025));
#538 = CARTESIAN_POINT('', (10.000000000000032, 0.27782700204140287, 0.3078532453723596));
#539 = CARTESIAN_POINT('', (9.999999999999968, 0.24910216324055115, 0.3391267839186842));
#540 = CARTESIAN_POINT('', (10.000000000000039, 0.2217304931133486, 0.37159126068691384));
#541 = CARTESIAN_POINT('', (9.99999999999997, 0.19576131725617915, 0.40518817249076966));
#542 = CARTESIAN_POINT('', (10.000000000000028, 0.17124143388092153, 0.4398569754182283));
#543 = CARTESIAN_POINT('', (9.999999999999984, 0.14821502941100528, 0.475535193906644));
#544 = CARTESIAN_POINT('', (10.000000000000021, 0.1267235990369363, 0.5121585334271676));
#545 = CARTESIAN_POINT('', (9.999999999999988, 0.10680587176784857, 0.5496609962563292));
#546 = CARTESIAN_POINT('', (10.00000000000002, 0.0884977407387258, 0.5879750004178593));
#547 = CARTESIAN_POINT('', (9.999999999999988, 0.07183219833132547, 0.6270315014727155));
#548 = CARTESIAN_POINT('', (10.000000000000004, 0.05683927708843775, 0.6667601169508393));
#549 = CARTESIAN_POINT('', (10.000000000000012, 0.04354599505801643, 0.7070892532388815));
#550 = CARTESIAN_POINT('', (9.999999999999984, 0.03197630814233982, 0.7479462344826283));
#551 = CARTESIAN_POINT('', (10.000000000000027, 0.02215106475284028, 0.7892574336779901));
#552 = CARTESIAN_POINT('', (9.999999999999966, 0.014087972356768955, 0.8309484051630718));
#553 = CARTESIAN_POINT('', (10.000000000000032, 7.8015578851E-3, 0.872944019138775));
#554 = CARTESIAN_POINT('', (9.999999999999968, 3.3031561841E-3, 0.9151685964129548));
#555 = CARTESIAN_POINT('', (10.000000000000048, 6.0086161170E-4, 0.957546045945075));
#556 = CARTESIAN_POINT('', (10.000000000000004, 8.6649650707E-19, 0.9858486817405868));
#557 = CARTESIAN_POINT('', (10.0, 0.0, 1.0));
#558 = CARTESIAN_POINT('', (10.000033333333333, 1.0, 0.0));
#559 = CARTESIAN_POINT('', (10.000033333333336, 0.9858486817405869, 9.9261673506E-24));
#560 = CARTESIAN_POINT('', (10.000033333333324, 0.9575460459450719, 6.0086161170E-4));
#561 = CARTESIAN_POINT('', (10.000033333333317, 0.9151685964129558, 3.3031561841E-3));
#562 = CARTESIAN_POINT('', (10.000033333333356, 0.8729440191387753, 7.8015578851E-3));
#563 = CARTESIAN_POINT('', (10.0000333333333, 0.8309484051630714, 0.014087972356768787));
#564 = CARTESIAN_POINT('', (10.000033333333349, 0.7892574336779891, 0.022151064752840427));
#565 = CARTESIAN_POINT('', (10.000033333333324, 0.7479462344826293, 0.03197630814233981));
#566 = CARTESIAN_POINT('', (10.000033333333345, 0.7070892532388802, 0.04354599505801642));
#567 = CARTESIAN_POINT('', (10.000033333333352, 0.666760116950841, 0.05683927708843778));
#568 = CARTESIAN_POINT('', (10.000033333333334, 0.6270315014727165, 0.07183219833132581));
#569 = CARTESIAN_POINT('', (10.000033333333334, 0.5879750004178578, 0.08849774073872553));
#570 = CARTESIAN_POINT('', (10.000033333333338, 0.5496609962563307, 0.10680587176784903));
#571 = CARTESIAN_POINT('', (10.000033333333338, 0.5121585334271659, 0.12672359903693572));
#572 = CARTESIAN_POINT('', (10.000033333333329, 0.47553519390664506, 0.1482150294110059));
#573 = CARTESIAN_POINT('', (10.000033333333338, 0.43985697541822716, 0.17124143388092083));
#574 = CARTESIAN_POINT('', (10.000033333333322, 0.4051881724907707, 0.19576131725617957));
#575 = CARTESIAN_POINT('', (10.000033333333327, 0.37159126068691306, 0.2217304931133481));
#576 = CARTESIAN_POINT('', (10.000033333333372, 0.3391267839186853, 0.24910216324055193));
#577 = CARTESIAN_POINT('', (10.000033333333297, 0.3078532453723587, 0.2778270020414025));
#578 = CARTESIAN_POINT('', (10.000033333333365, 0.27782700204140287, 0.3078532453723596));
#579 = CARTESIAN_POINT('', (10.0000333333333, 0.24910216324055115, 0.3391267839186842));
#580 = CARTESIAN_POINT('', (10.000033333333372, 0.22173049311334864, 0.37159126068691384));
#581 = CARTESIAN_POINT('', (10.000033333333302, 0.19576131725617915, 0.40518817249076966));
#582 = CARTESIAN_POINT('', (10.000033333333361, 0.17124143388092153, 0.4398569754182283));
#583 = CARTESIAN_POINT('', (10.000033333333317, 0.14821502941100528, 0.475535193906644));
#584 = CARTESIAN_POINT('', (10.000033333333354, 0.1267235990369363, 0.5121585334271676));
#585 = CARTESIAN_POINT('', (10.00003333333332, 0.10680587176784857, 0.5496609962563292));
#586 = CARTESIAN_POINT('', (10.000033333333352, 0.0884977407387258, 0.5879750004178593));
#587 = CARTESIAN_POINT('', (10.00003333333332, 0.07183219833132547, 0.6270315014727155));
#588 = CARTESIAN_POINT('', (10.000033333333336, 0.05683927708843776, 0.6667601169508393));
#589 = CARTESIAN_POINT('', (10.000033333333345, 0.04354599505801643, 0.7070892532388815));
#590 = CARTESIAN_POINT('', (10.000033333333317, 0.03197630814233982, 0.7479462344826283));
#591 = CARTESIAN_POINT('', (10.00003333333336, 0.02215106475284028, 0.7892574336779901));
#592 = CARTESIAN_POINT('', (10.000033333333299, 0.014087972356768955, 0.8309484051630718));
#593 = CARTESIAN_POINT('', (10.000033333333365, 7.8015578851E-3, 0.872944019138775));
#594 = CARTESIAN_POINT('', (10.0000333333333, 3.3031561841E-3, 0.9151685964129548));
#595 = CARTESIAN_POINT('', (10.00003333333338, 6.0086161170E-4, 0.957546045945075));
#596 = CARTESIAN_POINT('', (10.000033333333336, 8.7039635483E-19, 0.9858486817405868));
#597 = CARTESIAN_POINT('', (10.000033333333333, 0.0, 1.0));
#598 = CARTESIAN_POINT('', (10.000066666666665, 1.0, 0.0));
#599 = CARTESIAN_POINT('', (10.000066666666669, 0.985848681740587, 9.9261673506E-24));
#600 = CARTESIAN_POINT('', (10.000066666666656, 0.9575460459450719, 6.0086161170E-4));
#601 = CARTESIAN_POINT('', (10.00006666666665, 0.9151685964129558, 3.3031561841E-3));
#602 = CARTESIAN_POINT('', (10.000066666666688, 0.8729440191387753, 7.8015578851E-3));
#603 = CARTESIAN_POINT('', (10.000066666666633, 0.8309484051630714, 0.014087972356768787));
#604 = CARTESIAN_POINT('', (10.000066666666681, 0.7892574336779891, 0.022151064752840427));
#605 = CARTESIAN_POINT('', (10.000066666666656, 0.7479462344826293, 0.03197630814233981));
#606 = CARTESIAN_POINT('', (10.000066666666678, 0.7070892532388802, 0.04354599505801642));
#607 = CARTESIAN_POINT('', (10.000066666666685, 0.6667601169508411, 0.05683927708843778));
#608 = CARTESIAN_POINT('', (10.000066666666667, 0.6270315014727165, 0.07183219833132581));
#609 = CARTESIAN_POINT('', (10.000066666666667, 0.5879750004178578, 0.08849774073872553));
#610 = CARTESIAN_POINT('', (10.00006666666667, 0.5496609962563308, 0.10680587176784903));
#611 = CARTESIAN_POINT('', (10.00006666666667, 0.512158533427166, 0.12672359903693572));
#612 = CARTESIAN_POINT('', (10.000066666666662, 0.47553519390664506, 0.1482150294110059));
#613 = CARTESIAN_POINT('', (10.00006666666667, 0.4398569754182272, 0.17124143388092083));
#614 = CARTESIAN_POINT('', (10.000066666666655, 0.4051881724907707, 0.19576131725617957));
#615 = CARTESIAN_POINT('', (10.00006666666666, 0.3715912606869131, 0.2217304931133481));
#616 = CARTESIAN_POINT('', (10.000066666666704, 0.33912678391868534, 0.24910216324055193));
#617 = CARTESIAN_POINT('', (10.00006666666663, 0.3078532453723587, 0.2778270020414025));
#618 = CARTESIAN_POINT('', (10.000066666666697, 0.27782700204140287, 0.3078532453723596));
#619 = CARTESIAN_POINT('', (10.000066666666633, 0.24910216324055115, 0.3391267839186842));
#620 = CARTESIAN_POINT('', (10.000066666666704, 0.22173049311334866, 0.37159126068691384));
#621 = CARTESIAN_POINT('', (10.000066666666635, 0.19576131725617915, 0.40518817249076966));
#622 = CARTESIAN_POINT('', (10.000066666666694, 0.17124143388092153, 0.4398569754182283));
#623 = CARTESIAN_POINT('', (10.00006666666665, 0.14821502941100528, 0.475535193906644));
#624 = CARTESIAN_POINT('', (10.000066666666687, 0.1267235990369363, 0.5121585334271676));
#625 = CARTESIAN_POINT('', (10.000066666666653, 0.10680587176784857, 0.5496609962563292));
#626 = CARTESIAN_POINT('', (10.000066666666685, 0.0884977407387258, 0.5879750004178593));
#627 = CARTESIAN_POINT('', (10.000066666666653, 0.07183219833132547, 0.6270315014727155));
#628 = CARTESIAN_POINT('', (10.000066666666669, 0.056839277088437765, 0.6667601169508393));
#629 = CARTESIAN_POINT('', (10.000066666666678, 0.04354599505801643, 0.7070892532388815));
#630 = CARTESIAN_POINT('', (10.00006666666665, 0.03197630814233982, 0.7479462344826283));
#631 = CARTESIAN_POINT('', (10.000066666666692, 0.02215106475284028, 0.7892574336779901));
#632 = CARTESIAN_POINT('', (10.000066666666632, 0.014087972356768955, 0.8309484051630718));
#633 = CARTESIAN_POINT('', (10.000066666666697, 7.8015578851E-3, 0.872944019138775));
#634 = CARTESIAN_POINT('', (10.000066666666633, 3.3031561841E-3, 0.9151685964129548));
#635 = CARTESIAN_POINT('', (10.000066666666713, 6.0086161170E-4, 0.957546045945075));
#636 = CARTESIAN_POINT('', (10.000066666666669, 8.7429632345E-19, 0.9858486817405868));
#637 = CARTESIAN_POINT('', (10.000066666666665, 0.0, 1.0));
#638 = CARTESIAN_POINT('', (10.000099999999998, 1.0, 0.0));
#639 = CARTESIAN_POINT('', (10.000100000000002, 0.9858486817405872, 9.9261673506E-24));
#640 = CARTESIAN_POINT('', (10.000099999999989, 0.9575460459450719, 6.0086161170E-4));
#641 = CARTESIAN_POINT('', (10.000099999999982, 0.9151685964129558, 3.3031561841E-3));
#642 = CARTESIAN_POINT('', (10.000100000000021, 0.8729440191387753, 7.8015578851E-3));
#643 = CARTESIAN_POINT('', (10.000099999999966, 0.8309484051630714, 0.014087972356768787));
#644 = CARTESIAN_POINT('', (10.000100000000014, 0.7892574336779891, 0.022151064752840427));
#645 = CARTESIAN_POINT('', (10.000099999999989, 0.7479462344826293, 0.03197630814233981));
#646 = CARTESIAN_POINT('', (10.00010000000001, 0.7070892532388802, 0.04354599505801642));
#647 = CARTESIAN_POINT('', (10.000100000000018, 0.6667601169508413, 0.05683927708843778));
#648 = CARTESIAN_POINT('', (10.0001, 0.6270315014727165, 0.07183219833132581));
#649 = CARTESIAN_POINT('', (10.0001, 0.5879750004178578, 0.08849774073872553));
#650 = CARTESIAN_POINT('', (10.000100000000003, 0.5496609962563309, 0.10680587176784903));
#651 = CARTESIAN_POINT('', (10.000100000000003, 0.5121585334271661, 0.12672359903693572));
#652 = CARTESIAN_POINT('', (10.000099999999994, 0.47553519390664506, 0.1482150294110059));
#653 = CARTESIAN_POINT('', (10.000100000000003, 0.43985697541822727, 0.17124143388092083));
#654 = CARTESIAN_POINT('', (10.000099999999987, 0.4051881724907707, 0.19576131725617957));
#655 = CARTESIAN_POINT('', (10.000099999999993, 0.37159126068691317, 0.2217304931133481));
#656 = CARTESIAN_POINT('', (10.000100000000037, 0.3391267839186854, 0.24910216324055193));
#657 = CARTESIAN_POINT('', (10.000099999999962, 0.3078532453723587, 0.2778270020414025));
#658 = CARTESIAN_POINT('', (10.00010000000003, 0.27782700204140287, 0.3078532453723596));
#659 = CARTESIAN_POINT('', (10.000099999999966, 0.24910216324055115, 0.3391267839186842));
#660 = CARTESIAN_POINT('', (10.000100000000037, 0.2217304931133487, 0.37159126068691384));
#661 = CARTESIAN_POINT('', (10.000099999999968, 0.19576131725617915, 0.40518817249076966));
#662 = CARTESIAN_POINT('', (10.000100000000026, 0.17124143388092153, 0.4398569754182283));
#663 = CARTESIAN_POINT('', (10.000099999999982, 0.14821502941100528, 0.475535193906644));
#664 = CARTESIAN_POINT('', (10.00010000000002, 0.1267235990369363, 0.5121585334271676));
#665 = CARTESIAN_POINT('', (10.000099999999986, 0.10680587176784857, 0.5496609962563292));
#666 = CARTESIAN_POINT('', (10.000100000000018, 0.0884977407387258, 0.5879750004178593));
#667 = CARTESIAN_POINT('', (10.000099999999986, 0.07183219833132547, 0.6270315014727155));
#668 = CARTESIAN_POINT('', (10.000100000000002, 0.05683927708843777, 0.6667601169508393));
#669 = CARTESIAN_POINT('', (10.00010000000001, 0.04354599505801643, 0.7070892532388815));
#670 = CARTESIAN_POINT('', (10.000099999999982, 0.03197630814233982, 0.7479462344826283));
#671 = CARTESIAN_POINT('', (10.000100000000025, 0.02215106475284028, 0.7892574336779901));
#672 = CARTESIAN_POINT('', (10.000099999999964, 0.014087972356768955, 0.8309484051630718));
#673 = CARTESIAN_POINT('', (10.00010000000003, 7.8015578851E-3, 0.872944019138775));
#674 = CARTESIAN_POINT('', (10.000099999999966, 3.3031561841E-3, 0.9151685964129548));
#675 = CARTESIAN_POINT('', (10.000100000000046, 6.0086161170E-4, 0.957546045945075));
#676 = CARTESIAN_POINT('', (10.000100000000002, 8.7819641293E-19, 0.9858486817405868));
#677 = CARTESIAN_POINT('', (10.000099999999998, 0.0, 1.0));
#678 = (
    BOUNDED_SURFACE()
    B_SPLINE_SURFACE(3, 3, ((#679, #680, #681, #682, #683, #684, #685, #686, #687, #688, #689, #690, #691, #692, #693, #694, #695, #696, #697, #698, #699, #700, #701, #702, #703, #704, #705, #706, #707, #708, #709, #710, #711, #712, #713, #714, #715, #716, #717, #718), (#719, #720, #721, #722, #723, #724, #725, #726, #727, #728, #729, #730, #731, #732, #733, #734, #735, #736, #737, #738, #739, #740, #741, #742, #743, #744, #745, #746, #747, #748, #749, #750, #751, #752, #753, #754, #755, #756, #757, #758), (#759, #760, #761, #762, #763, #764, #765, #766, #767, #768, #769, #770, #771, #772, #773, #774, #775, #776, #777, #778, #779, #780, #781, #782, #783, #784, #785, #786, #787, #788, #789, #790, #791, #792, #793, #794, #795, #796, #797, #798), (#799, #800, #801, #802, #803, #804, #805, #806, #807, #808, #809, #810, #811, #812, #813, #814, #815, #816, #817, #818, #819, #820, #821, #822, #823, #824, #825, #826, #827, #828, #829, #830, #831, #832, #833, #834, #835, #836, #837, #838), (#839, #840, #841, #842, #843, #844, #845, #846, #847, #848, #849, #850, #851, #852, #853, #854, #855, #856, #857, #858, #859, #860, #861, #862, #863, #864, #865, #866, #867, #868, #869, #870, #871, #872, #873, #874, #875, #876, #877, #878), (#879, #880, #881, #882, #883, #884, #885, #886, #887, #888, #889, #890, #891, #892, #893, #894, #895, #896, #897, #898, #899, #900, #901, #902, #903, #904, #905, #906, #907, #908, #909, #910, #911, #912, #913, #914, #915, #916, #917, #918), (#919, #920, #921, #922, #923, #924, #925, #926, #927, #928, #929, #930, #931, #932, #933, #934, #935, #936, #937, #938, #939, #940, #941, #942, #943, #944, #945, #946, #947, #948, #949, #950, #951, #952, #953, #954, #955, #956, #957, #958), (#959, #960, #961, #962, #963, #964, #965, #966, #967, #968, #969, #970, #971, #972, #973, #974, #975, #976, #977, #978, #979, #980, #981, #982, #983, #984, #985, #986, #987, #988, #989, #990, #991, #992, #993, #994, #995, #996, #997, #998)), .UNSPECIFIED., .U., .U., .U.)
    B_SPLINE_SURFACE_WITH_KNOTS((4, 1, 3, 4), (4, 1, 1, 1, 1, 1, 1, 1, 1, 1, 1, 1, 1, 1, 1, 1, 1, 1, 1, 1, 1, 1, 1, 1, 1, 1, 1, 1, 1, 1, 1, 1, 1, 1, 1, 1, 1, 4), (0.0, 4.500000000000002, 9.000000000000004, 9.000100000000003), (0.0, 0.02702702702702703, 0.05405405405405406, 0.08108108108108109, 0.10810810810810811, 0.13513513513513514, 0.16216216216216217, 0.1891891891891892, 0.21621621621621623, 0.24324324324324326, 0.2702702702702703, 0.2972972972972973, 0.32432432432432434, 0.35135135135135137, 0.3783783783783784, 0.40540540540540543, 0.43243243243243246, 0.4594594594594595, 0.4864864864864865, 0.5135135135135136, 0.5405405405405406, 0.5675675675675675, 0.5945945945945946, 0.6216216216216217, 0.6486486486486487, 0.6756756756756757, 0.7027027027027027, 0.7297297297297298, 0.7567567567567568, 0.7837837837837838, 0.8108108108108109, 0.8378378378378379, 0.8648648648648649, 0.8918918918918919, 0.918918918918919, 0.945945945945946, 0.972972972972973, 1.0), .UNSPECIFIED.)
    GEOMETRIC_REPRESENTATION_ITEM()
    RATIONAL_B_SPLINE_SURFACE(((1.0, 1.0, 1.0, 1.0, 1.0, 1.0, 1.0, 1.0, 1.0, 1.0, 1.0, 1.0, 1.0, 1.0, 1.0, 1.0, 1.0, 1.0, 1.0, 1.0, 1.0, 1.0, 1.0, 1.0, 1.0, 1.0, 1.0, 1.0, 1.0, 1.0, 1.0, 1.0, 1.0, 1.0, 1.0, 1.0, 1.0, 1.0, 1.0, 1.0), (1.0, 1.0, 1.0, 1.0, 1.0, 1.0, 1.0, 1.0, 1.0, 1.0, 1.0, 1.0, 1.0, 1.0, 1.0, 1.0, 1.0, 1.0, 1.0, 1.0, 1.0, 1.0, 1.0, 1.0, 1.0, 1.0, 1.0, 1.0, 1.0, 1.0, 1.0, 1.0, 1.0, 1.0, 1.0, 1.0, 1.0, 1.0, 1.0, 1.0), (1.0, 1.0, 1.0, 1.0, 1.0, 1.0, 1.0, 1.0, 1.0, 1.0, 1.0, 1.0, 1.0, 1.0, 1.0, 1.0, 1.0, 1.0, 1.0, 1.0, 1.0, 1.0, 1.0, 1.0, 1.0, 1.0, 1.0, 1.0, 1.0, 1.0, 1.0, 1.0, 1.0, 1.0, 1.0, 1.0, 1.0, 1.0, 1.0, 1.0), (1.0, 1.0, 1.0, 1.0, 1.0, 1.0, 1.0, 1.0, 1.0, 1.0, 1.0, 1.0, 1.0, 1.0, 1.0, 1.0, 1.0, 1.0, 1.0, 1.0, 1.0, 1.0, 1.0, 1.0, 1.0, 1.0, 1.0, 1.0, 1.0, 1.0, 1.0, 1.0, 1.0, 1.0, 1.0, 1.0, 1.0, 1.0, 1.0, 1.0), (1.0, 1.0, 1.0, 1.0, 1.0, 1.0, 1.0, 1.0, 1.0, 1.0, 1.0, 1.0, 1.0, 1.0, 1.0, 1.0, 1.0, 1.0, 1.0, 1.0, 1.0, 1.0, 1.0, 1.0, 1.0, 1.0, 1.0, 1.0, 1.0, 1.0, 1.0, 1.0, 1.0, 1.0, 1.0, 1.0, 1.0, 1.0, 1.0, 1.0), (1.0, 1.0, 1.0, 1.0, 1.0, 1.0, 1.0, 1.0, 1.0, 1.0, 1.0, 1.0, 1.0, 1.0, 1.0, 1.0, 1.0, 1.0, 1.0, 1.0, 1.0, 1.0, 1.0, 1.0, 1.0, 1.0, 1.0, 1.0, 1.0, 1.0, 1.0, 1.0, 1.0, 1.0, 1.0, 1.0, 1.0, 1.0, 1.0, 1.0), (1.0, 1.0, 1.0, 1.0, 1.0, 1.0, 1.0, 1.0, 1.0, 1.0, 1.0, 1.0, 1.0, 1.0, 1.0, 1.0, 1.0, 1.0, 1.0, 1.0, 1.0, 1.0, 1.0, 1.0, 1.0, 1.0, 1.0, 1.0, 1.0, 1.0, 1.0, 1.0, 1.0, 1.0, 1.0, 1.0, 1.0, 1.0, 1.0, 1.0), (1.0, 1.0, 1.0, 1.0, 1.0, 1.0, 1.0, 1.0, 1.0, 1.0, 1.0, 1.0, 1.0, 1.0, 1.0, 1.0, 1.0, 1.0, 1.0, 1.0, 1.0, 1.0, 1.0, 1.0, 1.0, 1.0, 1.0, 1.0, 1.0, 1.0, 1.0, 1.0, 1.0, 1.0, 1.0, 1.0, 1.0, 1.0, 1.0, 1.0)))
    REPRESENTATION_ITEM('')
    SURFACE()
);
#679 = CARTESIAN_POINT('', (0.0, 0.9999999999999998, 1.0));
#680 = CARTESIAN_POINT('', (9.9261673506E-24, 0.9999999999999998, 0.9858486817405865));
#681 = CARTESIAN_POINT('', (6.0086161170E-4, 1.0000000000000002, 0.9575460459450715));
#682 = CARTESIAN_POINT('', (3.3031561841E-3, 0.9999999999999972, 0.9151685964129556));
#683 = CARTESIAN_POINT('', (7.8015578851E-3, 1.0000000000000018, 0.872944019138775));
#684 = CARTESIAN_POINT('', (0.014087972356768782, 0.9999999999999966, 0.830948405163071));
#685 = CARTESIAN_POINT('', (0.022151064752840417, 1.000000000000002, 0.7892574336779888));
#686 = CARTESIAN_POINT('', (0.0319763081423398, 1.0, 0.747946234482629));
#687 = CARTESIAN_POINT('', (0.04354599505801641, 0.9999999999999984, 0.70708925323888));
#688 = CARTESIAN_POINT('', (0.056839277088437765, 1.0000000000000027, 0.6667601169508407));
#689 = CARTESIAN_POINT('', (0.07183219833132579, 0.9999999999999977, 0.6270315014727162));
#690 = CARTESIAN_POINT('', (0.0884977407387255, 1.0000000000000016, 0.5879750004178576));
#691 = CARTESIAN_POINT('', (0.10680587176784899, 0.9999999999999994, 0.5496609962563305));
#692 = CARTESIAN_POINT('', (0.12672359903693567, 1.0, 0.5121585334271657));
#693 = CARTESIAN_POINT('', (0.14821502941100584, 0.9999999999999992, 0.47553519390664495));
#694 = CARTESIAN_POINT('', (0.17124143388092075, 1.0000000000000009, 0.43985697541822694));
#695 = CARTESIAN_POINT('', (0.19576131725617948, 0.999999999999999, 0.40518817249077055));
#696 = CARTESIAN_POINT('', (0.22173049311334803, 1.0000000000000013, 0.3715912606869129));
#697 = CARTESIAN_POINT('', (0.24910216324055184, 1.0000000000000007, 0.33912678391868517));
#698 = CARTESIAN_POINT('', (0.27782700204140237, 1.000000000000001, 0.30785324537235864));
#699 = CARTESIAN_POINT('', (0.3078532453723595, 0.9999999999999974, 0.2778270020414028));
#700 = CARTESIAN_POINT('', (0.3391267839186841, 1.000000000000002, 0.24910216324055107));
#701 = CARTESIAN_POINT('', (0.3715912606869137, 0.9999999999999994, 0.22173049311334855));
#702 = CARTESIAN_POINT('', (0.40518817249076955, 1.0, 0.1957613172561791));
#703 = CARTESIAN_POINT('', (0.43985697541822816, 1.0000000000000007, 0.17124143388092147));
#704 = CARTESIAN_POINT('', (0.4755351939066439, 1.0000000000000007, 0.14821502941100523));
#705 = CARTESIAN_POINT('', (0.5121585334271673, 0.9999999999999997, 0.12672359903693628));
#706 = CARTESIAN_POINT('', (0.549660996256329, 1.0000000000000009, 0.10680587176784856));
#707 = CARTESIAN_POINT('', (0.5879750004178591, 0.9999999999999998, 0.08849774073872577));
#708 = CARTESIAN_POINT('', (0.6270315014727152, 1.000000000000001, 0.07183219833132544));
#709 = CARTESIAN_POINT('', (0.666760116950839, 0.9999999999999976, 0.05683927708843773));
#710 = CARTESIAN_POINT('', (0.7070892532388812, 1.0000000000000027, 0.043545995058016415));
#711 = CARTESIAN_POINT('', (0.747946234482628, 0.9999999999999977, 0.031976308142339815));
#712 = CARTESIAN_POINT('', (0.7892574336779898, 1.000000000000003, 0.022151064752840278));
#713 = CARTESIAN_POINT('', (0.8309484051630716, 0.9999999999999968, 0.01408797235676895));
#714 = CARTESIAN_POINT('', (0.8729440191387747, 1.0000000000000024, 7.8015578851E-3));
#715 = CARTESIAN_POINT('', (0.9151685964129546, 0.9999999999999961, 3.3031561841E-3));
#716 = CARTESIAN_POINT('', (0.9575460459450745, 1.000000000000005, 6.0086161170E-4));
#717 = CARTESIAN_POINT('', (0.9858486817405865, 1.0000000000000002, 8.6649650707E-19));
#718 = CARTESIAN_POINT('', (1.0000000000000002, 1.0000000000000002, 0.0));
#719 = CARTESIAN_POINT('', (0.0, 2.5000000000000004, 1.0));
#720 = CARTESIAN_POINT('', (9.9261673506E-24, 2.500000000000001, 0.9858486817405869));
#721 = CARTESIAN_POINT('', (6.0086161170E-4, 2.4999999999999942, 0.9575460459450718));
#722 = CARTESIAN_POINT('', (3.3031561841E-3, 2.5000000000000067, 0.9151685964129561));
#723 = CARTESIAN_POINT('', (7.8015578851E-3, 2.5, 0.8729440191387754));
#724 = CARTESIAN_POINT('', (0.014087972356768784, 2.4999999999999987, 0.8309484051630713));
#725 = CARTESIAN_POINT('', (0.02215106475284042, 2.500000000000006, 0.7892574336779892));
#726 = CARTESIAN_POINT('', (0.03197630814233981, 2.5, 0.7479462344826292));
#727 = CARTESIAN_POINT('', (0.043545995058016415, 2.500000000000004, 0.7070892532388804));
#728 = CARTESIAN_POINT('', (0.05683927708843778, 2.499999999999995, 0.666760116950841));
#729 = CARTESIAN_POINT('', (0.0718321983313258, 2.500000000000007, 0.6270315014727166));
#730 = CARTESIAN_POINT('', (0.08849774073872553, 2.499999999999994, 0.5879750004178579));
#731 = CARTESIAN_POINT('', (0.106805871767849, 2.500000000000014, 0.5496609962563307));
#732 = CARTESIAN_POINT('', (0.1267235990369357, 2.4999999999999933, 0.5121585334271659));
#733 = CARTESIAN_POINT('', (0.14821502941100587, 2.5000000000000036, 0.4755351939066452));
#734 = CARTESIAN_POINT('', (0.17124143388092078, 2.499999999999994, 0.4398569754182272));
#735 = CARTESIAN_POINT('', (0.1957613172561795, 2.500000000000004, 0.40518817249077077));
#736 = CARTESIAN_POINT('', (0.22173049311334805, 2.499999999999996, 0.37159126068691317));
#737 = CARTESIAN_POINT('', (0.24910216324055187, 2.50000000000001, 0.33912678391868545));
#738 = CARTESIAN_POINT('', (0.2778270020414024, 2.5000000000000093, 0.30785324537235886));
#739 = CARTESIAN_POINT('', (0.3078532453723596, 2.4999999999999902, 0.2778270020414031));
#740 = CARTESIAN_POINT('', (0.33912678391868417, 2.5000000000000093, 0.2491021632405513));
#741 = CARTESIAN_POINT('', (0.3715912606869138, 2.4999999999999916, 0.22173049311334886));
#742 = CARTESIAN_POINT('', (0.40518817249076966, 2.5000000000000036, 0.19576131725617935));
#743 = CARTESIAN_POINT('', (0.4398569754182282, 2.5000000000000013, 0.17124143388092172));
#744 = CARTESIAN_POINT('', (0.475535193906644, 2.5000000000000027, 0.14821502941100545));
#745 = CARTESIAN_POINT('', (0.5121585334271674, 2.4999999999999973, 0.12672359903693653));
#746 = CARTESIAN_POINT('', (0.5496609962563291, 2.500000000000004, 0.10680587176784878));
#747 = CARTESIAN_POINT('', (0.5879750004178592, 2.500000000000001, 0.08849774073872599));
#748 = CARTESIAN_POINT('', (0.6270315014727154, 2.5000000000000013, 0.07183219833132565));
#749 = CARTESIAN_POINT('', (0.6667601169508391, 2.4999999999999987, 0.05683927708843794));
#750 = CARTESIAN_POINT('', (0.7070892532388813, 2.499999999999994, 0.04354599505801662));
#751 = CARTESIAN_POINT('', (0.7479462344826281, 2.500000000000009, 0.031976308142340024));
#752 = CARTESIAN_POINT('', (0.7892574336779901, 2.499999999999993, 0.022151064752840486));
#753 = CARTESIAN_POINT('', (0.8309484051630718, 2.5000000000000138, 0.014087972356769157));
#754 = CARTESIAN_POINT('', (0.872944019138775, 2.499999999999987, 7.8015578851E-3));
#755 = CARTESIAN_POINT('', (0.9151685964129547, 2.5000000000000098, 3.3031561841E-3));
#756 = CARTESIAN_POINT('', (0.9575460459450746, 2.4999999999999987, 6.0086161170E-4));
#757 = CARTESIAN_POINT('', (0.9858486817405867, 2.5000000000000004, 2.0371175574E-16));
#758 = CARTESIAN_POINT('', (1.0000000000000002, 2.500000000000001, 0.0));
#759 = CARTESIAN_POINT('', (0.0, 5.5, 1.0));
#760 = CARTESIAN_POINT('', (9.9261673506E-24, 5.500000000000002, 0.9858486817405869));
#761 = CARTESIAN_POINT('', (6.0086161170E-4, 5.499999999999989, 0.9575460459450719));
#762 = CARTESIAN_POINT('', (3.3031561841E-3, 5.500000000000004, 0.9151685964129559));
#763 = CARTESIAN_POINT('', (7.8015578851E-3, 5.500000000000005, 0.8729440191387754));
#764 = CARTESIAN_POINT('', (0.014087972356768785, 5.499999999999992, 0.8309484051630713));
#765 = CARTESIAN_POINT('', (0.022151064752840424, 5.500000000000009, 0.7892574336779892));
#766 = CARTESIAN_POINT('', (0.031976308142339815, 5.499999999999998, 0.7479462344826291));
#767 = CARTESIAN_POINT('', (0.04354599505801643, 5.500000000000009, 0.7070892532388803));
#768 = CARTESIAN_POINT('', (0.05683927708843779, 5.500000000000001, 0.666760116950841));
#769 = CARTESIAN_POINT('', (0.07183219833132581, 5.500000000000007, 0.6270315014727166));
#770 = CARTESIAN_POINT('', (0.08849774073872554, 5.4999999999999964, 0.5879750004178579));
#771 = CARTESIAN_POINT('', (0.10680587176784903, 5.500000000000017, 0.5496609962563306));
#772 = CARTESIAN_POINT('', (0.12672359903693572, 5.4999999999999964, 0.5121585334271659));
#773 = CARTESIAN_POINT('', (0.1482150294110059, 5.5, 0.4755351939066451));
#774 = CARTESIAN_POINT('', (0.1712414338809208, 5.4999999999999964, 0.4398569754182271));
#775 = CARTESIAN_POINT('', (0.19576131725617957, 5.5, 0.40518817249077066));
#776 = CARTESIAN_POINT('', (0.22173049311334808, 5.499999999999995, 0.371591260686913));
#777 = CARTESIAN_POINT('', (0.24910216324055193, 5.500000000000023, 0.3391267839186852));
#778 = CARTESIAN_POINT('', (0.2778270020414024, 5.4999999999999964, 0.30785324537235875));
#779 = CARTESIAN_POINT('', (0.30785324537235964, 5.500000000000002, 0.2778270020414029));
#780 = CARTESIAN_POINT('', (0.3391267839186842, 5.4999999999999964, 0.24910216324055118));
#781 = CARTESIAN_POINT('', (0.37159126068691384, 5.500000000000004, 0.22173049311334866));
#782 = CARTESIAN_POINT('', (0.40518817249076977, 5.499999999999993, 0.19576131725617918));
#783 = CARTESIAN_POINT('', (0.43985697541822827, 5.500000000000011, 0.17124143388092156));
#784 = CARTESIAN_POINT('', (0.475535193906644, 5.499999999999995, 0.14821502941100528));
#785 = CARTESIAN_POINT('', (0.5121585334271674, 5.500000000000006, 0.12672359903693634));
#786 = CARTESIAN_POINT('', (0.5496609962563292, 5.499999999999998, 0.10680587176784859));
#787 = CARTESIAN_POINT('', (0.5879750004178592, 5.500000000000011, 0.08849774073872581));
#788 = CARTESIAN_POINT('', (0.6270315014727155, 5.4999999999999964, 0.07183219833132545));
#789 = CARTESIAN_POINT('', (0.6667601169508393, 5.5000000000000036, 0.05683927708843775));
#790 = CARTESIAN_POINT('', (0.7070892532388815, 5.499999999999991, 0.04354599505801643));
#791 = CARTESIAN_POINT('', (0.7479462344826282, 5.50000000000001, 0.03197630814233983));
#792 = CARTESIAN_POINT('', (0.7892574336779902, 5.4999999999999964, 0.022151064752840288));
#793 = CARTESIAN_POINT('', (0.8309484051630719, 5.500000000000009, 0.014087972356768957));
#794 = CARTESIAN_POINT('', (0.8729440191387751, 5.499999999999995, 7.8015578851E-3));
#795 = CARTESIAN_POINT('', (0.9151685964129548, 5.500000000000003, 3.3031561841E-3));
#796 = CARTESIAN_POINT('', (0.9575460459450748, 5.500000000000011, 6.0086161170E-4));
#797 = CARTESIAN_POINT('', (0.9858486817405869, 5.500000000000002, 8.6649650707E-19));
#798 = CARTESIAN_POINT('', (1.0, 5.5, 0.0));
#799 = CARTESIAN_POINT('', (0.0, 8.5, 1.0));
#800 = CARTESIAN_POINT('', (9.9261673506E-24, 8.500000000000004, 0.9858486817405867));
#801 = CARTESIAN_POINT('', (6.0086161170E-4, 8.499999999999991, 0.9575460459450718));
#802 = CARTESIAN_POINT('', (3.3031561841E-3, 8.49999999999999, 0.9151685964129557));
#803 = CARTESIAN_POINT('', (7.8015578851E-3, 8.500000000000018, 0.872944019138775));
#804 = CARTESIAN_POINT('', (0.014087972356768785, 8.499999999999977, 0.8309484051630711));
#805 = CARTESIAN_POINT('', (0.02215106475284042, 8.50000000000001, 0.7892574336779888));
#806 = CARTESIAN_POINT('', (0.03197630814233981, 8.499999999999993, 0.747946234482629));
#807 = CARTESIAN_POINT('', (0.043545995058016415, 8.50000000000001, 0.70708925323888));
#808 = CARTESIAN_POINT('', (0.056839277088437785, 8.500000000000018, 0.6667601169508408));
#809 = CARTESIAN_POINT('', (0.07183219833132581, 8.5, 0.6270315014727164));
#810 = CARTESIAN_POINT('', (0.08849774073872553, 8.500000000000004, 0.5879750004178576));
#811 = CARTESIAN_POINT('', (0.10680587176784903, 8.500000000000004, 0.5496609962563306));
#812 = CARTESIAN_POINT('', (0.12672359903693572, 8.500000000000007, 0.5121585334271657));
#813 = CARTESIAN_POINT('', (0.1482150294110059, 8.499999999999995, 0.4755351939066449));
#814 = CARTESIAN_POINT('', (0.1712414338809208, 8.500000000000005, 0.4398569754182269));
#815 = CARTESIAN_POINT('', (0.19576131725617957, 8.49999999999999, 0.40518817249077055));
#816 = CARTESIAN_POINT('', (0.22173049311334814, 8.499999999999996, 0.3715912606869127));
#817 = CARTESIAN_POINT('', (0.24910216324055195, 8.500000000000032, 0.33912678391868506));
#818 = CARTESIAN_POINT('', (0.2778270020414024, 8.49999999999997, 0.3078532453723586));
#819 = CARTESIAN_POINT('', (0.3078532453723596, 8.500000000000027, 0.27782700204140265));
#820 = CARTESIAN_POINT('', (0.3391267839186842, 8.499999999999972, 0.24910216324055096));
#821 = CARTESIAN_POINT('', (0.37159126068691384, 8.500000000000032, 0.22173049311334841));
#822 = CARTESIAN_POINT('', (0.4051881724907697, 8.499999999999975, 0.19576131725617896));
#823 = CARTESIAN_POINT('', (0.43985697541822827, 8.500000000000025, 0.17124143388092133));
#824 = CARTESIAN_POINT('', (0.475535193906644, 8.499999999999986, 0.14821502941100506));
#825 = CARTESIAN_POINT('', (0.5121585334271674, 8.50000000000002, 0.1267235990369361));
#826 = CARTESIAN_POINT('', (0.5496609962563292, 8.49999999999999, 0.10680587176784839));
#827 = CARTESIAN_POINT('', (0.5879750004178593, 8.50000000000002, 0.0884977407387256));
#828 = CARTESIAN_POINT('', (0.6270315014727155, 8.49999999999999, 0.07183219833132526));
#829 = CARTESIAN_POINT('', (0.6667601169508393, 8.500000000000005, 0.05683927708843755));
#830 = CARTESIAN_POINT('', (0.7070892532388815, 8.500000000000004, 0.043545995058016235));
#831 = CARTESIAN_POINT('', (0.7479462344826282, 8.499999999999991, 0.03197630814233962));
#832 = CARTESIAN_POINT('', (0.7892574336779901, 8.500000000000018, 0.02215106475284008));
#833 = CARTESIAN_POINT('', (0.8309484051630719, 8.499999999999977, 0.014087972356768752));
#834 = CARTESIAN_POINT('', (0.872944019138775, 8.500000000000025, 7.8015578851E-3));
#835 = CARTESIAN_POINT('', (0.9151685964129548, 8.499999999999975, 3.3031561841E-3));
#836 = CARTESIAN_POINT('', (0.9575460459450749, 8.500000000000039, 6.0086161170E-4));
#837 = CARTESIAN_POINT('', (0.9858486817405868, 8.500000000000004, -2.0197876273E-16));
#838 = CARTESIAN_POINT('', (1.0, 8.5, 0.0));
#839 = CARTESIAN_POINT('', (0.0, 10.0, 1.0));
#840 = CARTESIAN_POINT('', (9.9261673506E-24, 10.000000000000004, 0.9858486817405868));
#841 = CARTESIAN_POINT('', (6.0086161170E-4, 9.999999999999991, 0.9575460459450719));
#842 = CARTESIAN_POINT('', (3.3031561841E-3, 9.999999999999984, 0.9151685964129559));
#843 = CARTESIAN_POINT('', (7.8015578851E-3, 10.000000000000023, 0.8729440191387752));
#844 = CARTESIAN_POINT('', (0.014087972356768784, 9.99999999999997, 0.8309484051630712));
#845 = CARTESIAN_POINT('', (0.02215106475284042, 10.000000000000016, 0.7892574336779891));
#846 = CARTESIAN_POINT('', (0.03197630814233981, 9.99999999999999, 0.7479462344826291));
#847 = CARTESIAN_POINT('', (0.043545995058016415, 10.000000000000012, 0.7070892532388802));
#848 = CARTESIAN_POINT('', (0.056839277088437785, 10.00000000000002, 0.6667601169508409));
#849 = CARTESIAN_POINT('', (0.07183219833132581, 10.000000000000002, 0.6270315014727165));
#850 = CARTESIAN_POINT('', (0.08849774073872552, 10.000000000000002, 0.5879750004178578));
#851 = CARTESIAN_POINT('', (0.10680587176784902, 10.000000000000004, 0.5496609962563307));
#852 = CARTESIAN_POINT('', (0.12672359903693572, 10.000000000000005, 0.5121585334271659));
#853 = CARTESIAN_POINT('', (0.1482150294110059, 9.999999999999996, 0.4755351939066451));
#854 = CARTESIAN_POINT('', (0.1712414338809208, 10.000000000000005, 0.4398569754182271));
#855 = CARTESIAN_POINT('', (0.19576131725617954, 9.99999999999999, 0.4051881724907707));
#856 = CARTESIAN_POINT('', (0.22173049311334814, 9.999999999999995, 0.371591260686913));
#857 = CARTESIAN_POINT('', (0.24910216324055195, 10.000000000000037, 0.3391267839186853));
#858 = CARTESIAN_POINT('', (0.2778270020414024, 9.999999999999964, 0.30785324537235875));
#859 = CARTESIAN_POINT('', (0.3078532453723596, 10.000000000000032, 0.2778270020414029));
#860 = CARTESIAN_POINT('', (0.3391267839186842, 9.999999999999968, 0.2491021632405511));
#861 = CARTESIAN_POINT('', (0.37159126068691384, 10.000000000000039, 0.22173049311334864));
#862 = CARTESIAN_POINT('', (0.4051881724907697, 9.99999999999997, 0.19576131725617915));
#863 = CARTESIAN_POINT('', (0.43985697541822827, 10.000000000000028, 0.17124143388092153));
#864 = CARTESIAN_POINT('', (0.475535193906644, 9.999999999999984, 0.14821502941100528));
#865 = CARTESIAN_POINT('', (0.5121585334271674, 10.000000000000021, 0.1267235990369363));
#866 = CARTESIAN_POINT('', (0.5496609962563291, 9.99999999999999, 0.1068058717678486));
#867 = CARTESIAN_POINT('', (0.5879750004178593, 10.00000000000002, 0.0884977407387258));
#868 = CARTESIAN_POINT('', (0.6270315014727155, 9.999999999999988, 0.07183219833132547));
#869 = CARTESIAN_POINT('', (0.6667601169508393, 10.000000000000004, 0.05683927708843775));
#870 = CARTESIAN_POINT('', (0.7070892532388814, 10.000000000000012, 0.04354599505801643));
#871 = CARTESIAN_POINT('', (0.7479462344826282, 9.999999999999984, 0.03197630814233983));
#872 = CARTESIAN_POINT('', (0.7892574336779901, 10.000000000000027, 0.022151064752840285));
#873 = CARTESIAN_POINT('', (0.8309484051630719, 9.999999999999966, 0.014087972356768954));
#874 = CARTESIAN_POINT('', (0.872944019138775, 10.000000000000032, 7.8015578851E-3));
#875 = CARTESIAN_POINT('', (0.9151685964129548, 9.999999999999968, 3.3031561841E-3));
#876 = CARTESIAN_POINT('', (0.957546045945075, 10.000000000000048, 6.0086161170E-4));
#877 = CARTESIAN_POINT('', (0.9858486817405868, 10.000000000000004, 8.6649650707E-19));
#878 = CARTESIAN_POINT('', (1.0, 10.0, 0.0));
#879 = CARTESIAN_POINT('', (0.0, 10.000033333333333, 1.0));
#880 = CARTESIAN_POINT('', (9.9261673506E-24, 10.000033333333336, 0.9858486817405868));
#881 = CARTESIAN_POINT('', (6.0086161170E-4, 10.000033333333324, 0.9575460459450719));
#882 = CARTESIAN_POINT('', (3.3031561841E-3, 10.000033333333317, 0.9151685964129559));
#883 = CARTESIAN_POINT('', (7.8015578851E-3, 10.000033333333356, 0.8729440191387752));
#884 = CARTESIAN_POINT('', (0.014087972356768784, 10.000033333333302, 0.8309484051630712));
#885 = CARTESIAN_POINT('', (0.02215106475284042, 10.000033333333349, 0.7892574336779891));
#886 = CARTESIAN_POINT('', (0.03197630814233981, 10.000033333333322, 0.7479462344826291));
#887 = CARTESIAN_POINT('', (0.043545995058016415, 10.000033333333345, 0.7070892532388802));
#888 = CARTESIAN_POINT('', (0.05683927708843779, 10.000033333333352, 0.6667601169508409));
#889 = CARTESIAN_POINT('', (0.07183219833132581, 10.000033333333334, 0.6270315014727165));
#890 = CARTESIAN_POINT('', (0.08849774073872552, 10.000033333333334, 0.5879750004178578));
#891 = CARTESIAN_POINT('', (0.10680587176784902, 10.000033333333336, 0.5496609962563307));
#892 = CARTESIAN_POINT('', (0.12672359903693572, 10.000033333333338, 0.5121585334271659));
#893 = CARTESIAN_POINT('', (0.1482150294110059, 10.000033333333329, 0.4755351939066451));
#894 = CARTESIAN_POINT('', (0.1712414338809208, 10.000033333333338, 0.4398569754182271));
#895 = CARTESIAN_POINT('', (0.19576131725617954, 10.000033333333322, 0.4051881724907707));
#896 = CARTESIAN_POINT('', (0.22173049311334816, 10.000033333333327, 0.371591260686913));
#897 = CARTESIAN_POINT('', (0.24910216324055195, 10.00003333333337, 0.3391267839186853));
#898 = CARTESIAN_POINT('', (0.2778270020414024, 10.000033333333297, 0.30785324537235875));
#899 = CARTESIAN_POINT('', (0.3078532453723596, 10.000033333333365, 0.2778270020414029));
#900 = CARTESIAN_POINT('', (0.3391267839186843, 10.0000333333333, 0.2491021632405511));
#901 = CARTESIAN_POINT('', (0.3715912606869139, 10.000033333333372, 0.22173049311334864));
#902 = CARTESIAN_POINT('', (0.4051881724907697, 10.000033333333302, 0.19576131725617915));
#903 = CARTESIAN_POINT('', (0.4398569754182283, 10.000033333333361, 0.17124143388092153));
#904 = CARTESIAN_POINT('', (0.475535193906644, 10.000033333333317, 0.14821502941100528));
#905 = CARTESIAN_POINT('', (0.5121585334271676, 10.000033333333354, 0.1267235990369363));
#906 = CARTESIAN_POINT('', (0.5496609962563292, 10.000033333333322, 0.1068058717678486));
#907 = CARTESIAN_POINT('', (0.5879750004178593, 10.000033333333352, 0.0884977407387258));
#908 = CARTESIAN_POINT('', (0.6270315014727155, 10.00003333333332, 0.07183219833132547));
#909 = CARTESIAN_POINT('', (0.6667601169508394, 10.000033333333336, 0.05683927708843775));
#910 = CARTESIAN_POINT('', (0.7070892532388814, 10.000033333333345, 0.04354599505801643));
#911 = CARTESIAN_POINT('', (0.7479462344826282, 10.000033333333317, 0.03197630814233983));
#912 = CARTESIAN_POINT('', (0.7892574336779901, 10.00003333333336, 0.022151064752840285));
#913 = CARTESIAN_POINT('', (0.8309484051630719, 10.000033333333299, 0.014087972356768954));
#914 = CARTESIAN_POINT('', (0.872944019138775, 10.000033333333365, 7.8015578851E-3));
#915 = CARTESIAN_POINT('', (0.9151685964129548, 10.0000333333333, 3.3031561841E-3));
#916 = CARTESIAN_POINT('', (0.957546045945075, 10.00003333333338, 6.0086161170E-4));
#917 = CARTESIAN_POINT('', (0.9858486817405869, 10.000033333333336, 8.7100417950E-19));
#918 = CARTESIAN_POINT('', (1.0, 10.000033333333333, 0.0));
#919 = CARTESIAN_POINT('', (0.0, 10.000066666666665, 1.0));
#920 = CARTESIAN_POINT('', (9.9261673506E-24, 10.000066666666669, 0.9858486817405868));
#921 = CARTESIAN_POINT('', (6.0086161170E-4, 10.000066666666656, 0.9575460459450719));
#922 = CARTESIAN_POINT('', (3.3031561841E-3, 10.00006666666665, 0.9151685964129559));
#923 = CARTESIAN_POINT('', (7.8015578851E-3, 10.000066666666688, 0.8729440191387752));
#924 = CARTESIAN_POINT('', (0.014087972356768784, 10.000066666666635, 0.8309484051630712));
#925 = CARTESIAN_POINT('', (0.02215106475284042, 10.000066666666681, 0.7892574336779891));
#926 = CARTESIAN_POINT('', (0.03197630814233981, 10.000066666666655, 0.7479462344826291));
#927 = CARTESIAN_POINT('', (0.043545995058016415, 10.000066666666678, 0.7070892532388802));
#928 = CARTESIAN_POINT('', (0.0568392770884378, 10.000066666666685, 0.6667601169508409));
#929 = CARTESIAN_POINT('', (0.07183219833132581, 10.000066666666667, 0.6270315014727165));
#930 = CARTESIAN_POINT('', (0.08849774073872552, 10.000066666666667, 0.5879750004178578));
#931 = CARTESIAN_POINT('', (0.10680587176784902, 10.000066666666669, 0.5496609962563307));
#932 = CARTESIAN_POINT('', (0.12672359903693572, 10.00006666666667, 0.5121585334271659));
#933 = CARTESIAN_POINT('', (0.1482150294110059, 10.000066666666662, 0.4755351939066451));
#934 = CARTESIAN_POINT('', (0.1712414338809208, 10.00006666666667, 0.4398569754182271));
#935 = CARTESIAN_POINT('', (0.19576131725617954, 10.000066666666655, 0.4051881724907707));
#936 = CARTESIAN_POINT('', (0.2217304931133482, 10.00006666666666, 0.371591260686913));
#937 = CARTESIAN_POINT('', (0.24910216324055195, 10.000066666666703, 0.3391267839186853));
#938 = CARTESIAN_POINT('', (0.2778270020414024, 10.00006666666663, 0.30785324537235875));
#939 = CARTESIAN_POINT('', (0.3078532453723596, 10.000066666666697, 0.2778270020414029));
#940 = CARTESIAN_POINT('', (0.33912678391868434, 10.000066666666633, 0.2491021632405511));
#941 = CARTESIAN_POINT('', (0.37159126068691395, 10.000066666666704, 0.22173049311334864));
#942 = CARTESIAN_POINT('', (0.4051881724907697, 10.000066666666635, 0.19576131725617915));
#943 = CARTESIAN_POINT('', (0.4398569754182284, 10.000066666666694, 0.17124143388092153));
#944 = CARTESIAN_POINT('', (0.475535193906644, 10.00006666666665, 0.14821502941100528));
#945 = CARTESIAN_POINT('', (0.5121585334271677, 10.000066666666687, 0.1267235990369363));
#946 = CARTESIAN_POINT('', (0.5496609962563294, 10.000066666666655, 0.1068058717678486));
#947 = CARTESIAN_POINT('', (0.5879750004178593, 10.000066666666685, 0.0884977407387258));
#948 = CARTESIAN_POINT('', (0.6270315014727155, 10.000066666666653, 0.07183219833132547));
#949 = CARTESIAN_POINT('', (0.6667601169508395, 10.000066666666669, 0.05683927708843775));
#950 = CARTESIAN_POINT('', (0.7070892532388814, 10.000066666666678, 0.04354599505801643));
#951 = CARTESIAN_POINT('', (0.7479462344826282, 10.00006666666665, 0.03197630814233983));
#952 = CARTESIAN_POINT('', (0.7892574336779901, 10.000066666666692, 0.022151064752840285));
#953 = CARTESIAN_POINT('', (0.8309484051630719, 10.000066666666632, 0.014087972356768954));
#954 = CARTESIAN_POINT('', (0.872944019138775, 10.000066666666697, 7.8015578851E-3));
#955 = CARTESIAN_POINT('', (0.9151685964129548, 10.000066666666633, 3.3031561841E-3));
#956 = CARTESIAN_POINT('', (0.957546045945075, 10.000066666666713, 6.0086161170E-4));
#957 = CARTESIAN_POINT('', (0.985848681740587, 10.000066666666669, 8.7551200218E-19));
#958 = CARTESIAN_POINT('', (1.0, 10.000066666666665, 0.0));
#959 = CARTESIAN_POINT('', (0.0, 10.000099999999998, 1.0));
#960 = CARTESIAN_POINT('', (9.9261673506E-24, 10.000100000000002, 0.9858486817405868));
#961 = CARTESIAN_POINT('', (6.0086161170E-4, 10.000099999999989, 0.9575460459450719));
#962 = CARTESIAN_POINT('', (3.3031561841E-3, 10.000099999999982, 0.9151685964129559));
#963 = CARTESIAN_POINT('', (7.8015578851E-3, 10.000100000000021, 0.8729440191387752));
#964 = CARTESIAN_POINT('', (0.014087972356768784, 10.000099999999968, 0.8309484051630712));
#965 = CARTESIAN_POINT('', (0.02215106475284042, 10.000100000000014, 0.7892574336779891));
#966 = CARTESIAN_POINT('', (0.03197630814233981, 10.000099999999987, 0.7479462344826291));
#967 = CARTESIAN_POINT('', (0.043545995058016415, 10.00010000000001, 0.7070892532388802));
#968 = CARTESIAN_POINT('', (0.056839277088437806, 10.000100000000018, 0.6667601169508409));
#969 = CARTESIAN_POINT('', (0.07183219833132581, 10.0001, 0.6270315014727165));
#970 = CARTESIAN_POINT('', (0.08849774073872552, 10.0001, 0.5879750004178578));
#971 = CARTESIAN_POINT('', (0.10680587176784902, 10.000100000000002, 0.5496609962563307));
#972 = CARTESIAN_POINT('', (0.12672359903693572, 10.000100000000003, 0.5121585334271659));
#973 = CARTESIAN_POINT('', (0.1482150294110059, 10.000099999999994, 0.4755351939066451));
#974 = CARTESIAN_POINT('', (0.1712414338809208, 10.000100000000003, 0.4398569754182271));
#975 = CARTESIAN_POINT('', (0.19576131725617954, 10.000099999999987, 0.4051881724907707));
#976 = CARTESIAN_POINT('', (0.22173049311334822, 10.000099999999993, 0.371591260686913));
#977 = CARTESIAN_POINT('', (0.24910216324055195, 10.000100000000035, 0.3391267839186853));
#978 = CARTESIAN_POINT('', (0.2778270020414024, 10.000099999999962, 0.30785324537235875));
#979 = CARTESIAN_POINT('', (0.3078532453723596, 10.00010000000003, 0.2778270020414029));
#980 = CARTESIAN_POINT('', (0.3391267839186844, 10.000099999999966, 0.2491021632405511));
#981 = CARTESIAN_POINT('', (0.371591260686914, 10.000100000000037, 0.22173049311334864));
#982 = CARTESIAN_POINT('', (0.4051881724907697, 10.000099999999968, 0.19576131725617915));
#983 = CARTESIAN_POINT('', (0.43985697541822844, 10.000100000000026, 0.17124143388092153));
#984 = CARTESIAN_POINT('', (0.475535193906644, 10.000099999999982, 0.14821502941100528));
#985 = CARTESIAN_POINT('', (0.5121585334271678, 10.00010000000002, 0.1267235990369363));
#986 = CARTESIAN_POINT('', (0.5496609962563295, 10.000099999999987, 0.1068058717678486));
#987 = CARTESIAN_POINT('', (0.5879750004178593, 10.000100000000018, 0.0884977407387258));
#988 = CARTESIAN_POINT('', (0.6270315014727155, 10.000099999999986, 0.07183219833132547));
#989 = CARTESIAN_POINT('', (0.6667601169508396, 10.000100000000002, 0.05683927708843775));
#990 = CARTESIAN_POINT('', (0.7070892532388814, 10.00010000000001, 0.04354599505801643));
#991 = CARTESIAN_POINT('', (0.7479462344826282, 10.000099999999982, 0.03197630814233983));
#992 = CARTESIAN_POINT('', (0.7892574336779901, 10.000100000000025, 0.022151064752840285));
#993 = CARTESIAN_POINT('', (0.8309484051630719, 10.000099999999964, 0.014087972356768954));
#994 = CARTESIAN_POINT('', (0.872944019138775, 10.00010000000003, 7.8015578851E-3));
#995 = CARTESIAN_POINT('', (0.9151685964129548, 10.000099999999966, 3.3031561841E-3));
#996 = CARTESIAN_POINT('', (0.957546045945075, 10.000100000000046, 6.0086161170E-4));
#997 = CARTESIAN_POINT('', (0.9858486817405872, 10.000100000000002, 8.8001997512E-19));
#998 = CARTESIAN_POINT('', (1.0, 10.000099999999998, 0.0));
#999 = (
    BOUNDED_SURFACE()
    B_SPLINE_SURFACE(3, 3, ((#1000, #1001, #1002, #1003, #1004, #1005, #1006, #1007, #1008, #1009, #1010, #1011, #1012, #1013, #1014, #1015, #1016, #1017, #1018, #1019, #1020, #1021, #1022, #1023, #1024, #1025, #1026, #1027, #1028, #1029, #1030, #1031, #1032, #1033, #1034, #1035, #1036, #1037, #1038, #1039), (#1040, #1041, #1042, #1043, #1044, #1045, #1046, #1047, #1048, #1049, #1050, #1051, #1052, #1053, #1054, #1055, #1056, #1057, #1058, #1059, #1060, #1061, #1062, #1063, #1064, #1065, #1066, #1067, #1068, #1069, #1070, #1071, #1072, #1073, #1074, #1075, #1076, #1077, #1078, #1079), (#1080, #1081, #1082, #1083, #1084, #1085, #1086, #1087, #1088, #1089, #1090, #1091, #1092, #1093, #1094, #1095, #1096, #1097, #1098, #1099, #1100, #1101, #1102, #1103, #1104, #1105, #1106, #1107, #1108, #1109, #1110, #1111, #1112, #1113, #1114, #1115, #1116, #1117, #1118, #1119), (#1120, #1121, #1122, #1123, #1124, #1125, #1126, #1127, #1128, #1129, #1130, #1131, #1132, #1133, #1134, #1135, #1136, #1137, #1138, #1139, #1140, #1141, #1142, #1143, #1144, #1145, #1146, #1147, #1148, #1149, #1150, #1151, #1152, #1153, #1154, #1155, #1156, #1157, #1158, #1159), (#1160, #1161, #1162, #1163, #1164, #1165, #1166, #1167, #1168, #1169, #1170, #1171, #1172, #1173, #1174, #1175, #1176, #1177, #1178, #1179, #1180, #1181, #1182, #1183, #1184, #1185, #1186, #1187, #1188, #1189, #1190, #1191, #1192, #1193, #1194, #1195, #1196, #1197, #1198, #1199), (#1200, #1201, #1202, #1203, #1204, #1205, #1206, #1207, #1208, #1209, #1210, #1211, #1212, #1213, #1214, #1215, #1216, #1217, #1218, #1219, #1220, #1221, #1222, #1223, #1224, #1225, #1226, #1227, #1228, #1229, #1230, #1231, #1232, #1233, #1234, #1235, #1236, #1237, #1238, #1239), (#1240, #1241, #1242, #1243, #1244, #1245, #1246, #1247, #1248, #1249, #1250, #1251, #1252, #1253, #1254, #1255, #1256, #1257, #1258, #1259, #1260, #1261, #1262, #1263, #1264, #1265, #1266, #1267, #1268, #1269, #1270, #1271, #1272, #1273, #1274, #1275, #1276, #1277, #1278, #1279), (#1280, #1281, #1282, #1283, #1284, #1285, #1286, #1287, #1288, #1289, #1290, #1291, #1292, #1293, #1294, #1295, #1296, #1297, #1298, #1299, #1300, #1301, #1302, #1303, #1304, #1305, #1306, #1307, #1308, #1309, #1310, #1311, #1312, #1313, #1314, #1315, #1316, #1317, #1318, #1319)), .UNSPECIFIED., .U., .U., .U.)
    B_SPLINE_SURFACE_WITH_KNOTS((4, 1, 3, 4), (4, 1, 1, 1, 1, 1, 1, 1, 1, 1, 1, 1, 1, 1, 1, 1, 1, 1, 1, 1, 1, 1, 1, 1, 1, 1, 1, 1, 1, 1, 1, 1, 1, 1, 1, 1, 1, 4), (0.0, 4.500000000000002, 9.000000000000004, 9.000100000000003), (0.0, 0.02702702702702703, 0.05405405405405406, 0.08108108108108109, 0.10810810810810811, 0.13513513513513514, 0.16216216216216217, 0.1891891891891892, 0.21621621621621623, 0.24324324324324326, 0.2702702702702703, 0.2972972972972973, 0.32432432432432434, 0.35135135135135137, 0.3783783783783784, 0.40540540540540543, 0.43243243243243246, 0.4594594594594595, 0.4864864864864865, 0.5135135135135136, 0.5405405405405406, 0.5675675675675675, 0.5945945945945946, 0.6216216216216217, 0.6486486486486487, 0.6756756756756757, 0.7027027027027027, 0.7297297297297298, 0.7567567567567568, 0.7837837837837838, 0.8108108108108109, 0.8378378378378379, 0.8648648648648649, 0.8918918918918919, 0.918918918918919, 0.945945945945946, 0.972972972972973, 1.0), .UNSPECIFIED.)
    GEOMETRIC_REPRESENTATION_ITEM()
    RATIONAL_B_SPLINE_SURFACE(((1.0, 1.0, 1.0, 1.0, 1.0, 1.0, 1.0, 1.0, 1.0, 1.0, 1.0, 1.0, 1.0, 1.0, 1.0, 1.0, 1.0, 1.0, 1.0, 1.0, 1.0, 1.0, 1.0, 1.0, 1.0, 1.0, 1.0, 1.0, 1.0, 1.0, 1.0, 1.0, 1.0, 1.0, 1.0, 1.0, 1.0, 1.0, 1.0, 1.0), (1.0, 1.0, 1.0, 1.0, 1.0, 1.0, 1.0, 1.0, 1.0, 1.0, 1.0, 1.0, 1.0, 1.0, 1.0, 1.0, 1.0, 1.0, 1.0, 1.0, 1.0, 1.0, 1.0, 1.0, 1.0, 1.0, 1.0, 1.0, 1.0, 1.0, 1.0, 1.0, 1.0, 1.0, 1.0, 1.0, 1.0, 1.0, 1.0, 1.0), (1.0, 1.0, 1.0, 1.0, 1.0, 1.0, 1.0, 1.0, 1.0, 1.0, 1.0, 1.0, 1.0, 1.0, 1.0, 1.0, 1.0, 1.0, 1.0, 1.0, 1.0, 1.0, 1.0, 1.0, 1.0, 1.0, 1.0, 1.0, 1.0, 1.0, 1.0, 1.0, 1.0, 1.0, 1.0, 1.0, 1.0, 1.0, 1.0, 1.0), (1.0, 1.0, 1.0, 1.0, 1.0, 1.0, 1.0, 1.0, 1.0, 1.0, 1.0, 1.0, 1.0, 1.0, 1.0, 1.0, 1.0, 1.0, 1.0, 1.0, 1.0, 1.0, 1.0, 1.0, 1.0, 1.0, 1.0, 1.0, 1.0, 1.0, 1.0, 1.0, 1.0, 1.0, 1.0, 1.0, 1.0, 1.0, 1.0, 1.0), (1.0, 1.0, 1.0, 1.0, 1.0, 1.0, 1.0, 1.0, 1.0, 1.0, 1.0, 1.0, 1.0, 1.0, 1.0, 1.0, 1.0, 1.0, 1.0, 1.0, 1.0, 1.0, 1.0, 1.0, 1.0, 1.0, 1.0, 1.0, 1.0, 1.0, 1.0, 1.0, 1.0, 1.0, 1.0, 1.0, 1.0, 1.0, 1.0, 1.0), (1.0, 1.0, 1.0, 1.0, 1.0, 1.0, 1.0, 1.0, 1.0, 1.0, 1.0, 1.0, 1.0, 1.0, 1.0, 1.0, 1.0, 1.0, 1.0, 1.0, 1.0, 1.0, 1.0, 1.0, 1.0, 1.0, 1.0, 1.0, 1.0, 1.0, 1.0, 1.0, 1.0, 1.0, 1.0, 1.0, 1.0, 1.0, 1.0, 1.0), (1.0, 1.0, 1.0, 1.0, 1.0, 1.0, 1.0, 1.0, 1.0, 1.0, 1.0, 1.0, 1.0, 1.0, 1.0, 1.0, 1.0, 1.0, 1.0, 1.0, 1.0, 1.0, 1.0, 1.0, 1.0, 1.0, 1.0, 1.0, 1.0, 1.0, 1.0, 1.0, 1.0, 1.0, 1.0, 1.0, 1.0, 1.0, 1.0, 1.0), (1.0, 1.0, 1.0, 1.0, 1.0, 1.0, 1.0, 1.0, 1.0, 1.0, 1.0, 1.0, 1.0, 1.0, 1.0, 1.0, 1.0, 1.0, 1.0, 1.0, 1.0, 1.0, 1.0, 1.0, 1.0, 1.0, 1.0, 1.0, 1.0, 1.0, 1.0, 1.0, 1.0, 1.0, 1.0, 1.0, 1.0, 1.0, 1.0, 1.0)))
    REPRESENTATION_ITEM('')
    SURFACE()
);
#1000 = CARTESIAN_POINT('', (1.0000000000000002, 0.0, 1.0000000000000002));
#1001 = CARTESIAN_POINT('', (0.9858486817405867, 9.9261673506E-24, 1.0000000000000002));
#1002 = CARTESIAN_POINT('', (0.9575460459450705, 6.0086161170E-4, 1.0000000000000004));
#1003 = CARTESIAN_POINT('', (0.9151685964129563, 3.3031561841E-3, 0.9999999999999991));
#1004 = CARTESIAN_POINT('', (0.8729440191387751, 7.8015578851E-3, 1.0000000000000013));
#1005 = CARTESIAN_POINT('', (0.8309484051630711, 0.014087972356768782, 0.999999999999998));
#1006 = CARTESIAN_POINT('', (0.789257433677989, 0.022151064752840417, 1.000000000000001));
#1007 = CARTESIAN_POINT('', (0.7479462344826295, 0.0319763081423398, 1.0000000000000004));
#1008 = CARTESIAN_POINT('', (0.7070892532388805, 0.04354599505801641, 0.9999999999999993));
#1009 = CARTESIAN_POINT('', (0.6667601169508405, 0.056839277088437765, 1.0000000000000029));
#1010 = CARTESIAN_POINT('', (0.6270315014727166, 0.07183219833132579, 0.9999999999999979));
#1011 = CARTESIAN_POINT('', (0.5879750004178579, 0.0884977407387255, 1.0000000000000009));
#1012 = CARTESIAN_POINT('', (0.5496609962563305, 0.10680587176784899, 1.0000000000000009));
#1013 = CARTESIAN_POINT('', (0.5121585334271662, 0.12672359903693567, 0.9999999999999993));
#1014 = CARTESIAN_POINT('', (0.47553519390664506, 0.14821502941100584, 1.0000000000000002));
#1015 = CARTESIAN_POINT('', (0.4398569754182275, 0.17124143388092075, 1.0000000000000002));
#1016 = CARTESIAN_POINT('', (0.40518817249077027, 0.19576131725617948, 0.9999999999999992));
#1017 = CARTESIAN_POINT('', (0.3715912606869135, 0.22173049311334803, 1.000000000000001));
#1018 = CARTESIAN_POINT('', (0.33912678391868534, 0.24910216324055184, 1.0000000000000007));
#1019 = CARTESIAN_POINT('', (0.3078532453723589, 0.27782700204140237, 1.0000000000000009));
#1020 = CARTESIAN_POINT('', (0.27782700204140304, 0.3078532453723595, 0.9999999999999977));
#1021 = CARTESIAN_POINT('', (0.24910216324055112, 0.3391267839186841, 1.000000000000001));
#1022 = CARTESIAN_POINT('', (0.2217304931133488, 0.3715912606869137, 0.9999999999999992));
#1023 = CARTESIAN_POINT('', (0.19576131725617957, 0.40518817249076955, 0.999999999999999));
#1024 = CARTESIAN_POINT('', (0.17124143388092153, 0.43985697541822816, 1.0000000000000009));
#1025 = CARTESIAN_POINT('', (0.14821502941100556, 0.4755351939066439, 1.0000000000000004));
#1026 = CARTESIAN_POINT('', (0.12672359903693642, 0.5121585334271673, 0.999999999999999));
#1027 = CARTESIAN_POINT('', (0.1068058717678489, 0.549660996256329, 1.000000000000001));
#1028 = CARTESIAN_POINT('', (0.08849774073872597, 0.5879750004178591, 0.9999999999999982));
#1029 = CARTESIAN_POINT('', (0.07183219833132565, 0.6270315014727152, 1.000000000000001));
#1030 = CARTESIAN_POINT('', (0.056839277088437994, 0.666760116950839, 0.9999999999999976));
#1031 = CARTESIAN_POINT('', (0.043545995058016554, 0.7070892532388812, 1.000000000000002));
#1032 = CARTESIAN_POINT('', (0.03197630814234007, 0.747946234482628, 0.9999999999999979));
#1033 = CARTESIAN_POINT('', (0.022151064752840493, 0.7892574336779898, 1.0000000000000018));
#1034 = CARTESIAN_POINT('', (0.014087972356769169, 0.8309484051630716, 0.9999999999999984));
#1035 = CARTESIAN_POINT('', (7.8015578851E-3, 0.8729440191387747, 1.0000000000000013));
#1036 = CARTESIAN_POINT('', (3.3031561841E-3, 0.9151685964129546, 0.9999999999999973));
#1037 = CARTESIAN_POINT('', (6.0086161170E-4, 0.9575460459450745, 1.0000000000000033));
#1038 = CARTESIAN_POINT('', (2.2291110805E-16, 0.9858486817405865, 1.0));
#1039 = CARTESIAN_POINT('', (0.0, 0.9999999999999998, 1.0));
#1040 = CARTESIAN_POINT('', (1.0000000000000002, 0.0, 2.500000000000001));
#1041 = CARTESIAN_POINT('', (0.9858486817405869, 9.9261673506E-24, 2.5000000000000018));
#1042 = CARTESIAN_POINT('', (0.9575460459450713, 6.0086161170E-4, 2.4999999999999942));
#1043 = CARTESIAN_POINT('', (0.9151685964129563, 3.3031561841E-3, 2.500000000000009));
#1044 = CARTESIAN_POINT('', (0.8729440191387752, 7.8015578851E-3, 2.4999999999999982));
#1045 = CARTESIAN_POINT('', (0.8309484051630714, 0.014087972356768784, 2.500000000000002));
#1046 = CARTESIAN_POINT('', (0.7892574336779891, 0.02215106475284042, 2.5000000000000027));
#1047 = CARTESIAN_POINT('', (0.7479462344826296, 0.03197630814233981, 2.5000000000000027));
#1048 = CARTESIAN_POINT('', (0.7070892532388806, 0.043545995058016415, 2.5000000000000027));
#1049 = CARTESIAN_POINT('', (0.6667601169508408, 0.05683927708843778, 2.499999999999997));
#1050 = CARTESIAN_POINT('', (0.6270315014727167, 0.0718321983313258, 2.500000000000006));
#1051 = CARTESIAN_POINT('', (0.5879750004178579, 0.08849774073872553, 2.4999999999999942));
#1052 = CARTESIAN_POINT('', (0.5496609962563308, 0.106805871767849, 2.5000000000000138));
#1053 = CARTESIAN_POINT('', (0.5121585334271661, 0.1267235990369357, 2.4999999999999942));
#1054 = CARTESIAN_POINT('', (0.4755351939066452, 0.14821502941100587, 2.500000000000004));
#1055 = CARTESIAN_POINT('', (0.4398569754182274, 0.17124143388092078, 2.4999999999999933));
#1056 = CARTESIAN_POINT('', (0.40518817249077066, 0.1957613172561795, 2.500000000000003));
#1057 = CARTESIAN_POINT('', (0.37159126068691345, 0.22173049311334805, 2.4999999999999973));
#1058 = CARTESIAN_POINT('', (0.33912678391868545, 0.24910216324055187, 2.5000000000000093));
#1059 = CARTESIAN_POINT('', (0.307853245372359, 0.2778270020414024, 2.5000000000000093));
#1060 = CARTESIAN_POINT('', (0.2778270020414031, 0.3078532453723596, 2.4999999999999907));
#1061 = CARTESIAN_POINT('', (0.24910216324055123, 0.33912678391868417, 2.500000000000009));
#1062 = CARTESIAN_POINT('', (0.22173049311334886, 0.3715912606869138, 2.4999999999999916));
#1063 = CARTESIAN_POINT('', (0.19576131725617946, 0.40518817249076966, 2.500000000000004));
#1064 = CARTESIAN_POINT('', (0.17124143388092172, 0.4398569754182282, 2.5000000000000018));
#1065 = CARTESIAN_POINT('', (0.1482150294110055, 0.475535193906644, 2.5000000000000027));
#1066 = CARTESIAN_POINT('', (0.12672359903693653, 0.5121585334271674, 2.4999999999999987));
#1067 = CARTESIAN_POINT('', (0.10680587176784888, 0.5496609962563291, 2.5000000000000044));
#1068 = CARTESIAN_POINT('', (0.08849774073872603, 0.5879750004178592, 2.5000000000000018));
#1069 = CARTESIAN_POINT('', (0.07183219833132569, 0.6270315014727154, 2.5000000000000027));
#1070 = CARTESIAN_POINT('', (0.056839277088438014, 0.6667601169508391, 2.4999999999999987));
#1071 = CARTESIAN_POINT('', (0.04354599505801664, 0.7070892532388813, 2.4999999999999942));
#1072 = CARTESIAN_POINT('', (0.03197630814234009, 0.7479462344826281, 2.500000000000011));
#1073 = CARTESIAN_POINT('', (0.02215106475284053, 0.7892574336779901, 2.499999999999992));
#1074 = CARTESIAN_POINT('', (0.014087972356769198, 0.8309484051630718, 2.500000000000015));
#1075 = CARTESIAN_POINT('', (7.8015578851E-3, 0.872944019138775, 2.499999999999987));
#1076 = CARTESIAN_POINT('', (3.3031561841E-3, 0.9151685964129547, 2.500000000000009));
#1077 = CARTESIAN_POINT('', (6.0086161170E-4, 0.9575460459450746, 2.499999999999998));
#1078 = CARTESIAN_POINT('', (2.5037451630E-16, 0.9858486817405867, 2.5000000000000018));
#1079 = CARTESIAN_POINT('', (0.0, 0.9999999999999998, 2.500000000000001));
#1080 = CARTESIAN_POINT('', (1.0, 0.0, 5.5));
#1081 = CARTESIAN_POINT('', (0.9858486817405869, 9.9261673506E-24, 5.500000000000003));
#1082 = CARTESIAN_POINT('', (0.9575460459450721, 6.0086161170E-4, 5.499999999999989));
#1083 = CARTESIAN_POINT('', (0.9151685964129557, 3.3031561841E-3, 5.500000000000005));
#1084 = CARTESIAN_POINT('', (0.8729440191387753, 7.8015578851E-3, 5.500000000000004));
#1085 = CARTESIAN_POINT('', (0.8309484051630713, 0.014087972356768785, 5.499999999999991));
#1086 = CARTESIAN_POINT('', (0.7892574336779891, 0.022151064752840424, 5.500000000000008));
#1087 = CARTESIAN_POINT('', (0.7479462344826293, 0.031976308142339815, 5.499999999999998));
#1088 = CARTESIAN_POINT('', (0.7070892532388802, 0.04354599505801643, 5.500000000000009));
#1089 = CARTESIAN_POINT('', (0.666760116950841, 0.05683927708843779, 5.500000000000002));
#1090 = CARTESIAN_POINT('', (0.6270315014727164, 0.07183219833132581, 5.500000000000007));
#1091 = CARTESIAN_POINT('', (0.5879750004178577, 0.08849774073872554, 5.499999999999995));
#1092 = CARTESIAN_POINT('', (0.5496609962563307, 0.10680587176784903, 5.500000000000017));
#1093 = CARTESIAN_POINT('', (0.5121585334271657, 0.12672359903693572, 5.499999999999998));
#1094 = CARTESIAN_POINT('', (0.4755351939066451, 0.1482150294110059, 5.5));
#1095 = CARTESIAN_POINT('', (0.439856975418227, 0.1712414338809208, 5.4999999999999964));
#1096 = CARTESIAN_POINT('', (0.40518817249077077, 0.19576131725617957, 5.5));
#1097 = CARTESIAN_POINT('', (0.37159126068691295, 0.22173049311334808, 5.499999999999995));
#1098 = CARTESIAN_POINT('', (0.3391267839186853, 0.24910216324055193, 5.500000000000023));
#1099 = CARTESIAN_POINT('', (0.3078532453723587, 0.2778270020414024, 5.4999999999999964));
#1100 = CARTESIAN_POINT('', (0.27782700204140287, 0.30785324537235964, 5.500000000000002));
#1101 = CARTESIAN_POINT('', (0.24910216324055112, 0.3391267839186842, 5.499999999999996));
#1102 = CARTESIAN_POINT('', (0.22173049311334858, 0.37159126068691384, 5.5000000000000036));
#1103 = CARTESIAN_POINT('', (0.19576131725617907, 0.40518817249076977, 5.499999999999995));
#1104 = CARTESIAN_POINT('', (0.17124143388092153, 0.43985697541822827, 5.500000000000011));
#1105 = CARTESIAN_POINT('', (0.14821502941100523, 0.475535193906644, 5.499999999999995));
#1106 = CARTESIAN_POINT('', (0.1267235990369363, 0.5121585334271674, 5.500000000000008));
#1107 = CARTESIAN_POINT('', (0.10680587176784853, 0.5496609962563292, 5.499999999999998));
#1108 = CARTESIAN_POINT('', (0.08849774073872577, 0.5879750004178592, 5.5000000000000115));
#1109 = CARTESIAN_POINT('', (0.07183219833132543, 0.6270315014727155, 5.4999999999999964));
#1110 = CARTESIAN_POINT('', (0.056839277088437716, 0.6667601169508393, 5.5000000000000036));
#1111 = CARTESIAN_POINT('', (0.04354599505801641, 0.7070892532388815, 5.499999999999992));
#1112 = CARTESIAN_POINT('', (0.03197630814233979, 0.7479462344826282, 5.500000000000011));
#1113 = CARTESIAN_POINT('', (0.022151064752840247, 0.7892574336779902, 5.4999999999999964));
#1114 = CARTESIAN_POINT('', (0.01408797235676892, 0.8309484051630719, 5.500000000000009));
#1115 = CARTESIAN_POINT('', (7.8015578851E-3, 0.8729440191387751, 5.499999999999995));
#1116 = CARTESIAN_POINT('', (3.3031561841E-3, 0.9151685964129548, 5.500000000000001));
#1117 = CARTESIAN_POINT('', (6.0086161170E-4, 0.9575460459450748, 5.500000000000011));
#1118 = CARTESIAN_POINT('', (-3.6140938750E-17, 0.9858486817405869, 5.500000000000003));
#1119 = CARTESIAN_POINT('', (0.0, 0.9999999999999998, 5.5));
#1120 = CARTESIAN_POINT('', (1.0, 0.0, 8.5));
#1121 = CARTESIAN_POINT('', (0.9858486817405867, 9.9261673506E-24, 8.500000000000004));
#1122 = CARTESIAN_POINT('', (0.957546045945072, 6.0086161170E-4, 8.499999999999991));
#1123 = CARTESIAN_POINT('', (0.9151685964129554, 3.3031561841E-3, 8.499999999999988));
#1124 = CARTESIAN_POINT('', (0.8729440191387752, 7.8015578851E-3, 8.50000000000002));
#1125 = CARTESIAN_POINT('', (0.8309484051630711, 0.014087972356768785, 8.499999999999972));
#1126 = CARTESIAN_POINT('', (0.789257433677989, 0.02215106475284042, 8.500000000000014));
#1127 = CARTESIAN_POINT('', (0.7479462344826291, 0.03197630814233981, 8.499999999999993));
#1128 = CARTESIAN_POINT('', (0.70708925323888, 0.043545995058016415, 8.50000000000001));
#1129 = CARTESIAN_POINT('', (0.6667601169508408, 0.056839277088437785, 8.500000000000018));
#1130 = CARTESIAN_POINT('', (0.6270315014727161, 0.07183219833132581, 8.5));
#1131 = CARTESIAN_POINT('', (0.5879750004178577, 0.08849774073872553, 8.500000000000002));
#1132 = CARTESIAN_POINT('', (0.5496609962563305, 0.10680587176784903, 8.500000000000007));
#1133 = CARTESIAN_POINT('', (0.5121585334271656, 0.12672359903693572, 8.500000000000007));
#1134 = CARTESIAN_POINT('', (0.47553519390664495, 0.1482150294110059, 8.499999999999995));
#1135 = CARTESIAN_POINT('', (0.4398569754182269, 0.1712414338809208, 8.500000000000005));
#1136 = CARTESIAN_POINT('', (0.40518817249077066, 0.19576131725617957, 8.499999999999993));
#1137 = CARTESIAN_POINT('', (0.3715912606869128, 0.22173049311334814, 8.499999999999996));
#1138 = CARTESIAN_POINT('', (0.3391267839186851, 0.24910216324055195, 8.500000000000032));
#1139 = CARTESIAN_POINT('', (0.3078532453723586, 0.2778270020414024, 8.49999999999997));
#1140 = CARTESIAN_POINT('', (0.27782700204140265, 0.3078532453723596, 8.500000000000025));
#1141 = CARTESIAN_POINT('', (0.249102163240551, 0.3391267839186842, 8.49999999999997));
#1142 = CARTESIAN_POINT('', (0.22173049311334841, 0.37159126068691384, 8.500000000000032));
#1143 = CARTESIAN_POINT('', (0.19576131725617896, 0.4051881724907697, 8.499999999999975));
#1144 = CARTESIAN_POINT('', (0.17124143388092133, 0.43985697541822827, 8.500000000000025));
#1145 = CARTESIAN_POINT('', (0.14821502941100512, 0.475535193906644, 8.499999999999984));
#1146 = CARTESIAN_POINT('', (0.12672359903693614, 0.5121585334271674, 8.500000000000021));
#1147 = CARTESIAN_POINT('', (0.10680587176784839, 0.5496609962563292, 8.49999999999999));
#1148 = CARTESIAN_POINT('', (0.08849774073872563, 0.5879750004178593, 8.500000000000018));
#1149 = CARTESIAN_POINT('', (0.07183219833132529, 0.6270315014727155, 8.49999999999999));
#1150 = CARTESIAN_POINT('', (0.05683927708843757, 0.6667601169508393, 8.500000000000005));
#1151 = CARTESIAN_POINT('', (0.04354599505801626, 0.7070892532388815, 8.500000000000004));
#1152 = CARTESIAN_POINT('', (0.03197630814233964, 0.7479462344826282, 8.49999999999999));
#1153 = CARTESIAN_POINT('', (0.022151064752840108, 0.7892574336779901, 8.500000000000018));
#1154 = CARTESIAN_POINT('', (0.014087972356768782, 0.8309484051630719, 8.499999999999977));
#1155 = CARTESIAN_POINT('', (7.8015578851E-3, 0.872944019138775, 8.500000000000025));
#1156 = CARTESIAN_POINT('', (3.3031561841E-3, 0.9151685964129548, 8.499999999999975));
#1157 = CARTESIAN_POINT('', (6.0086161170E-4, 0.9575460459450749, 8.500000000000039));
#1158 = CARTESIAN_POINT('', (-1.7462665277E-16, 0.9858486817405868, 8.500000000000004));
#1159 = CARTESIAN_POINT('', (0.0, 0.9999999999999998, 8.5));
#1160 = CARTESIAN_POINT('', (1.0, 0.0, 10.0));
#1161 = CARTESIAN_POINT('', (0.9858486817405868, 9.9261673506E-24, 10.000000000000004));
#1162 = CARTESIAN_POINT('', (0.9575460459450719, 6.0086161170E-4, 9.999999999999991));
#1163 = CARTESIAN_POINT('', (0.9151685964129558, 3.3031561841E-3, 9.999999999999984));
#1164 = CARTESIAN_POINT('', (0.8729440191387753, 7.8015578851E-3, 10.000000000000025));
#1165 = CARTESIAN_POINT('', (0.8309484051630714, 0.014087972356768784, 9.999999999999968));
#1166 = CARTESIAN_POINT('', (0.7892574336779891, 0.02215106475284042, 10.000000000000016));
#1167 = CARTESIAN_POINT('', (0.7479462344826293, 0.03197630814233981, 9.999999999999993));
#1168 = CARTESIAN_POINT('', (0.7070892532388802, 0.043545995058016415, 10.000000000000012));
#1169 = CARTESIAN_POINT('', (0.6667601169508409, 0.056839277088437785, 10.000000000000021));
#1170 = CARTESIAN_POINT('', (0.6270315014727165, 0.07183219833132581, 10.000000000000002));
#1171 = CARTESIAN_POINT('', (0.5879750004178578, 0.08849774073872552, 10.000000000000002));
#1172 = CARTESIAN_POINT('', (0.5496609962563306, 0.10680587176784902, 10.000000000000007));
#1173 = CARTESIAN_POINT('', (0.5121585334271658, 0.12672359903693572, 10.000000000000005));
#1174 = CARTESIAN_POINT('', (0.47553519390664506, 0.1482150294110059, 9.999999999999998));
#1175 = CARTESIAN_POINT('', (0.4398569754182271, 0.1712414338809208, 10.000000000000005));
#1176 = CARTESIAN_POINT('', (0.4051881724907707, 0.19576131725617954, 9.999999999999991));
#1177 = CARTESIAN_POINT('', (0.371591260686913, 0.22173049311334814, 9.999999999999995));
#1178 = CARTESIAN_POINT('', (0.3391267839186852, 0.24910216324055195, 10.000000000000037));
#1179 = CARTESIAN_POINT('', (0.3078532453723587, 0.2778270020414024, 9.999999999999964));
#1180 = CARTESIAN_POINT('', (0.27782700204140287, 0.3078532453723596, 10.000000000000032));
#1181 = CARTESIAN_POINT('', (0.24910216324055115, 0.3391267839186842, 9.999999999999966));
#1182 = CARTESIAN_POINT('', (0.2217304931133486, 0.37159126068691384, 10.000000000000039));
#1183 = CARTESIAN_POINT('', (0.19576131725617915, 0.4051881724907697, 9.99999999999997));
#1184 = CARTESIAN_POINT('', (0.17124143388092153, 0.43985697541822827, 10.000000000000028));
#1185 = CARTESIAN_POINT('', (0.14821502941100528, 0.475535193906644, 9.999999999999982));
#1186 = CARTESIAN_POINT('', (0.1267235990369363, 0.5121585334271674, 10.000000000000023));
#1187 = CARTESIAN_POINT('', (0.10680587176784857, 0.5496609962563291, 9.99999999999999));
#1188 = CARTESIAN_POINT('', (0.0884977407387258, 0.5879750004178593, 10.00000000000002));
#1189 = CARTESIAN_POINT('', (0.07183219833132547, 0.6270315014727155, 9.99999999999999));
#1190 = CARTESIAN_POINT('', (0.05683927708843775, 0.6667601169508393, 10.000000000000004));
#1191 = CARTESIAN_POINT('', (0.04354599505801643, 0.7070892532388814, 10.00000000000001));
#1192 = CARTESIAN_POINT('', (0.03197630814233982, 0.7479462344826282, 9.999999999999984));
#1193 = CARTESIAN_POINT('', (0.02215106475284028, 0.7892574336779901, 10.000000000000027));
#1194 = CARTESIAN_POINT('', (0.014087972356768955, 0.8309484051630719, 9.999999999999966));
#1195 = CARTESIAN_POINT('', (7.8015578851E-3, 0.872944019138775, 10.000000000000032));
#1196 = CARTESIAN_POINT('', (3.3031561841E-3, 0.9151685964129548, 9.999999999999968));
#1197 = CARTESIAN_POINT('', (6.0086161170E-4, 0.957546045945075, 10.00000000000005));
#1198 = CARTESIAN_POINT('', (8.6649650707E-19, 0.9858486817405868, 10.000000000000004));
#1199 = CARTESIAN_POINT('', (0.0, 0.9999999999999998, 10.0));
#1200 = CARTESIAN_POINT('', (1.0, 0.0, 10.000033333333334));
#1201 = CARTESIAN_POINT('', (0.9858486817405869, 9.9261673506E-24, 10.000033333333338));
#1202 = CARTESIAN_POINT('', (0.9575460459450719, 6.0086161170E-4, 10.000033333333326));
#1203 = CARTESIAN_POINT('', (0.9151685964129558, 3.3031561841E-3, 10.000033333333318));
#1204 = CARTESIAN_POINT('', (0.8729440191387753, 7.8015578851E-3, 10.00003333333336));
#1205 = CARTESIAN_POINT('', (0.8309484051630714, 0.014087972356768784, 10.000033333333302));
#1206 = CARTESIAN_POINT('', (0.7892574336779891, 0.02215106475284042, 10.00003333333335));
#1207 = CARTESIAN_POINT('', (0.7479462344826293, 0.03197630814233981, 10.000033333333327));
#1208 = CARTESIAN_POINT('', (0.7070892532388802, 0.043545995058016415, 10.000033333333347));
#1209 = CARTESIAN_POINT('', (0.666760116950841, 0.05683927708843779, 10.000033333333356));
#1210 = CARTESIAN_POINT('', (0.6270315014727165, 0.07183219833132581, 10.000033333333336));
#1211 = CARTESIAN_POINT('', (0.5879750004178578, 0.08849774073872552, 10.000033333333336));
#1212 = CARTESIAN_POINT('', (0.5496609962563307, 0.10680587176784902, 10.000033333333342));
#1213 = CARTESIAN_POINT('', (0.5121585334271659, 0.12672359903693572, 10.00003333333334));
#1214 = CARTESIAN_POINT('', (0.47553519390664506, 0.1482150294110059, 10.000033333333333));
#1215 = CARTESIAN_POINT('', (0.43985697541822716, 0.1712414338809208, 10.00003333333334));
#1216 = CARTESIAN_POINT('', (0.4051881724907707, 0.19576131725617954, 10.000033333333326));
#1217 = CARTESIAN_POINT('', (0.37159126068691306, 0.22173049311334816, 10.000033333333329));
#1218 = CARTESIAN_POINT('', (0.3391267839186853, 0.24910216324055195, 10.000033333333372));
#1219 = CARTESIAN_POINT('', (0.3078532453723587, 0.2778270020414024, 10.000033333333299));
#1220 = CARTESIAN_POINT('', (0.27782700204140287, 0.3078532453723596, 10.000033333333366));
#1221 = CARTESIAN_POINT('', (0.24910216324055115, 0.3391267839186843, 10.0000333333333));
#1222 = CARTESIAN_POINT('', (0.22173049311334864, 0.3715912606869139, 10.000033333333374));
#1223 = CARTESIAN_POINT('', (0.19576131725617915, 0.4051881724907697, 10.000033333333304));
#1224 = CARTESIAN_POINT('', (0.17124143388092153, 0.4398569754182283, 10.000033333333363));
#1225 = CARTESIAN_POINT('', (0.14821502941100528, 0.475535193906644, 10.000033333333317));
#1226 = CARTESIAN_POINT('', (0.1267235990369363, 0.5121585334271676, 10.000033333333358));
#1227 = CARTESIAN_POINT('', (0.10680587176784857, 0.5496609962563292, 10.000033333333324));
#1228 = CARTESIAN_POINT('', (0.0884977407387258, 0.5879750004178593, 10.000033333333354));
#1229 = CARTESIAN_POINT('', (0.07183219833132547, 0.6270315014727155, 10.000033333333324));
#1230 = CARTESIAN_POINT('', (0.05683927708843776, 0.6667601169508394, 10.000033333333338));
#1231 = CARTESIAN_POINT('', (0.04354599505801643, 0.7070892532388814, 10.000033333333345));
#1232 = CARTESIAN_POINT('', (0.03197630814233982, 0.7479462344826282, 10.000033333333318));
#1233 = CARTESIAN_POINT('', (0.02215106475284028, 0.7892574336779901, 10.000033333333361));
#1234 = CARTESIAN_POINT('', (0.014087972356768955, 0.8309484051630719, 10.0000333333333));
#1235 = CARTESIAN_POINT('', (7.8015578851E-3, 0.872944019138775, 10.000033333333366));
#1236 = CARTESIAN_POINT('', (3.3031561841E-3, 0.9151685964129548, 10.000033333333302));
#1237 = CARTESIAN_POINT('', (6.0086161170E-4, 0.957546045945075, 10.000033333333384));
#1238 = CARTESIAN_POINT('', (8.7039635483E-19, 0.9858486817405869, 10.000033333333338));
#1239 = CARTESIAN_POINT('', (0.0, 0.9999999999999998, 10.000033333333334));
#1240 = CARTESIAN_POINT('', (1.0, 0.0, 10.000066666666669));
#1241 = CARTESIAN_POINT('', (0.985848681740587, 9.9261673506E-24, 10.000066666666672));
#1242 = CARTESIAN_POINT('', (0.9575460459450719, 6.0086161170E-4, 10.00006666666666));
#1243 = CARTESIAN_POINT('', (0.9151685964129558, 3.3031561841E-3, 10.000066666666653));
#1244 = CARTESIAN_POINT('', (0.8729440191387753, 7.8015578851E-3, 10.000066666666694));
#1245 = CARTESIAN_POINT('', (0.8309484051630714, 0.014087972356768784, 10.000066666666637));
#1246 = CARTESIAN_POINT('', (0.7892574336779891, 0.02215106475284042, 10.000066666666685));
#1247 = CARTESIAN_POINT('', (0.7479462344826293, 0.03197630814233981, 10.000066666666662));
#1248 = CARTESIAN_POINT('', (0.7070892532388802, 0.043545995058016415, 10.000066666666681));
#1249 = CARTESIAN_POINT('', (0.6667601169508411, 0.0568392770884378, 10.00006666666669));
#1250 = CARTESIAN_POINT('', (0.6270315014727165, 0.07183219833132581, 10.00006666666667));
#1251 = CARTESIAN_POINT('', (0.5879750004178578, 0.08849774073872552, 10.00006666666667));
#1252 = CARTESIAN_POINT('', (0.5496609962563308, 0.10680587176784902, 10.000066666666676));
#1253 = CARTESIAN_POINT('', (0.512158533427166, 0.12672359903693572, 10.000066666666674));
#1254 = CARTESIAN_POINT('', (0.47553519390664506, 0.1482150294110059, 10.000066666666667));
#1255 = CARTESIAN_POINT('', (0.4398569754182272, 0.1712414338809208, 10.000066666666674));
#1256 = CARTESIAN_POINT('', (0.4051881724907707, 0.19576131725617954, 10.00006666666666));
#1257 = CARTESIAN_POINT('', (0.3715912606869131, 0.2217304931133482, 10.000066666666664));
#1258 = CARTESIAN_POINT('', (0.33912678391868534, 0.24910216324055195, 10.000066666666706));
#1259 = CARTESIAN_POINT('', (0.3078532453723587, 0.2778270020414024, 10.000066666666633));
#1260 = CARTESIAN_POINT('', (0.27782700204140287, 0.3078532453723596, 10.0000666666667));
#1261 = CARTESIAN_POINT('', (0.24910216324055115, 0.33912678391868434, 10.000066666666635));
#1262 = CARTESIAN_POINT('', (0.22173049311334866, 0.37159126068691395, 10.000066666666708));
#1263 = CARTESIAN_POINT('', (0.19576131725617915, 0.4051881724907697, 10.000066666666639));
#1264 = CARTESIAN_POINT('', (0.17124143388092153, 0.4398569754182284, 10.000066666666697));
#1265 = CARTESIAN_POINT('', (0.14821502941100528, 0.475535193906644, 10.000066666666651));
#1266 = CARTESIAN_POINT('', (0.1267235990369363, 0.5121585334271677, 10.000066666666692));
#1267 = CARTESIAN_POINT('', (0.10680587176784857, 0.5496609962563294, 10.000066666666658));
#1268 = CARTESIAN_POINT('', (0.0884977407387258, 0.5879750004178593, 10.000066666666688));
#1269 = CARTESIAN_POINT('', (0.07183219833132547, 0.6270315014727155, 10.000066666666658));
#1270 = CARTESIAN_POINT('', (0.056839277088437765, 0.6667601169508395, 10.000066666666672));
#1271 = CARTESIAN_POINT('', (0.04354599505801643, 0.7070892532388814, 10.00006666666668));
#1272 = CARTESIAN_POINT('', (0.03197630814233982, 0.7479462344826282, 10.000066666666653));
#1273 = CARTESIAN_POINT('', (0.02215106475284028, 0.7892574336779901, 10.000066666666696));
#1274 = CARTESIAN_POINT('', (0.014087972356768955, 0.8309484051630719, 10.000066666666635));
#1275 = CARTESIAN_POINT('', (7.8015578851E-3, 0.872944019138775, 10.0000666666667));
#1276 = CARTESIAN_POINT('', (3.3031561841E-3, 0.9151685964129548, 10.000066666666637));
#1277 = CARTESIAN_POINT('', (6.0086161170E-4, 0.957546045945075, 10.000066666666719));
#1278 = CARTESIAN_POINT('', (8.7429632345E-19, 0.985848681740587, 10.000066666666672));
#1279 = CARTESIAN_POINT('', (0.0, 0.9999999999999998, 10.000066666666669));
#1280 = CARTESIAN_POINT('', (1.0, 0.0, 10.000100000000003));
#1281 = CARTESIAN_POINT('', (0.9858486817405872, 9.9261673506E-24, 10.000100000000007));
#1282 = CARTESIAN_POINT('', (0.9575460459450719, 6.0086161170E-4, 10.000099999999994));
#1283 = CARTESIAN_POINT('', (0.9151685964129558, 3.3031561841E-3, 10.000099999999987));
#1284 = CARTESIAN_POINT('', (0.8729440191387753, 7.8015578851E-3, 10.000100000000028));
#1285 = CARTESIAN_POINT('', (0.8309484051630714, 0.014087972356768784, 10.000099999999971));
#1286 = CARTESIAN_POINT('', (0.7892574336779891, 0.02215106475284042, 10.00010000000002));
#1287 = CARTESIAN_POINT('', (0.7479462344826293, 0.03197630814233981, 10.000099999999996));
#1288 = CARTESIAN_POINT('', (0.7070892532388802, 0.043545995058016415, 10.000100000000016));
#1289 = CARTESIAN_POINT('', (0.6667601169508413, 0.056839277088437806, 10.000100000000025));
#1290 = CARTESIAN_POINT('', (0.6270315014727165, 0.07183219833132581, 10.000100000000005));
#1291 = CARTESIAN_POINT('', (0.5879750004178578, 0.08849774073872552, 10.000100000000005));
#1292 = CARTESIAN_POINT('', (0.5496609962563309, 0.10680587176784902, 10.00010000000001));
#1293 = CARTESIAN_POINT('', (0.5121585334271661, 0.12672359903693572, 10.000100000000009));
#1294 = CARTESIAN_POINT('', (0.47553519390664506, 0.1482150294110059, 10.000100000000002));
#1295 = CARTESIAN_POINT('', (0.43985697541822727, 0.1712414338809208, 10.000100000000009));
#1296 = CARTESIAN_POINT('', (0.4051881724907707, 0.19576131725617954, 10.000099999999994));
#1297 = CARTESIAN_POINT('', (0.37159126068691317, 0.22173049311334822, 10.000099999999998));
#1298 = CARTESIAN_POINT('', (0.3391267839186854, 0.24910216324055195, 10.00010000000004));
#1299 = CARTESIAN_POINT('', (0.3078532453723587, 0.2778270020414024, 10.000099999999968));
#1300 = CARTESIAN_POINT('', (0.27782700204140287, 0.3078532453723596, 10.000100000000035));
#1301 = CARTESIAN_POINT('', (0.24910216324055115, 0.3391267839186844, 10.00009999999997));
#1302 = CARTESIAN_POINT('', (0.2217304931133487, 0.371591260686914, 10.000100000000042));
#1303 = CARTESIAN_POINT('', (0.19576131725617915, 0.4051881724907697, 10.000099999999973));
#1304 = CARTESIAN_POINT('', (0.17124143388092153, 0.43985697541822844, 10.000100000000032));
#1305 = CARTESIAN_POINT('', (0.14821502941100528, 0.475535193906644, 10.000099999999986));
#1306 = CARTESIAN_POINT('', (0.1267235990369363, 0.5121585334271678, 10.000100000000026));
#1307 = CARTESIAN_POINT('', (0.10680587176784857, 0.5496609962563295, 10.000099999999993));
#1308 = CARTESIAN_POINT('', (0.0884977407387258, 0.5879750004178593, 10.000100000000023));
#1309 = CARTESIAN_POINT('', (0.07183219833132547, 0.6270315014727155, 10.000099999999993));
#1310 = CARTESIAN_POINT('', (0.05683927708843777, 0.6667601169508396, 10.000100000000007));
#1311 = CARTESIAN_POINT('', (0.04354599505801643, 0.7070892532388814, 10.000100000000014));
#1312 = CARTESIAN_POINT('', (0.03197630814233982, 0.7479462344826282, 10.000099999999987));
#1313 = CARTESIAN_POINT('', (0.02215106475284028, 0.7892574336779901, 10.00010000000003));
#1314 = CARTESIAN_POINT('', (0.014087972356768955, 0.8309484051630719, 10.00009999999997));
#1315 = CARTESIAN_POINT('', (7.8015578851E-3, 0.872944019138775, 10.000100000000035));
#1316 = CARTESIAN_POINT('', (3.3031561841E-3, 0.9151685964129548, 10.000099999999971));
#1317 = CARTESIAN_POINT('', (6.0086161170E-4, 0.957546045945075, 10.000100000000053));
#1318 = CARTESIAN_POINT('', (8.7819641293E-19, 0.9858486817405872, 10.000100000000007));
#1319 = CARTESIAN_POINT('', (0.0, 0.9999999999999998, 10.000100000000003));
#1320 = SURFACE_CURVE('', #1321, (#1327, #1341), .CURVE_3D.);
#1321 = (
    BOUNDED_CURVE()
    B_SPLINE_CURVE(3, (#1322, #1323, #1324, #1325, #1326), .UNSPECIFIED., .U., .U.)
    B_SPLINE_CURVE_WITH_KNOTS((4, 1, 4), (0.0, 4.500000000000002, 9.000000000000004), .UNSPECIFIED.)
    CURVE()
    GEOMETRIC_REPRESENTATION_ITEM()
    RATIONAL_B_SPLINE_CURVE((1.0, 1.0, 1.0, 1.0, 1.0))
    REPRESENTATION_ITEM('')
);
#1322 = CARTESIAN_POINT('', (1.0000000000000002, 1.0000000000000002, 0.0));
#1323 = CARTESIAN_POINT('', (1.0000000000000002, 2.500000000000001, 0.0));
#1324 = CARTESIAN_POINT('', (1.0, 5.5, 0.0));
#1325 = CARTESIAN_POINT('', (1.0, 8.5, 0.0));
#1326 = CARTESIAN_POINT('', (1.0, 10.0, 0.0));
#1327 = PCURVE('', #1328, #1333);
#1328 = (
    BOUNDED_SURFACE()
    B_SPLINE_SURFACE(1, 1, ((#1329, #1330), (#1331, #1332)), .UNSPECIFIED., .U., .U., .U.)
    B_SPLINE_SURFACE_WITH_KNOTS((2, 2), (2, 2), (0.0, 1.0), (0.0, 1.0), .UNSPECIFIED.)
    GEOMETRIC_REPRESENTATION_ITEM()
    RATIONAL_B_SPLINE_SURFACE(((1.0, 1.0), (1.0, 1.0)))
    REPRESENTATION_ITEM('')
    SURFACE()
);
#1329 = CARTESIAN_POINT('', (0.0, 0.0, 0.0));
#1330 = CARTESIAN_POINT('', (10.0, 0.0, 0.0));
#1331 = CARTESIAN_POINT('', (0.0, 10.0, 0.0));
#1332 = CARTESIAN_POINT('', (10.0, 10.0, 0.0));
#1333 = DEFINITIONAL_REPRESENTATION('', (#1335), #1334);
#1334 = (
    GEOMETRIC_REPRESENTATION_CONTEXT(2)
    PARAMETRIC_REPRESENTATION_CONTEXT()
    REPRESENTATION_CONTEXT('2D SPACE', '')
);
#1335 = (
    BOUNDED_CURVE()
    B_SPLINE_CURVE(3, (#1336, #1337, #1338, #1339, #1340), .UNSPECIFIED., .U., .U.)
    B_SPLINE_CURVE_WITH_KNOTS((4, 1, 4), (0.0, 4.500000000000002, 9.000000000000004), .UNSPECIFIED.)
    CURVE()
    GEOMETRIC_REPRESENTATION_ITEM()
    RATIONAL_B_SPLINE_CURVE((1.0, 1.0, 1.0, 1.0, 1.0))
    REPRESENTATION_ITEM('')
);
#1336 = CARTESIAN_POINT('', (0.10000000000000002, 0.10000000000000002));
#1337 = CARTESIAN_POINT('', (0.2500000000000001, 0.10000000000000002));
#1338 = CARTESIAN_POINT('', (0.55, 0.1));
#1339 = CARTESIAN_POINT('', (0.85, 0.1));
#1340 = CARTESIAN_POINT('', (1.0, 0.1));
#1341 = PCURVE('', #1342, #1663);
#1342 = (
    BOUNDED_SURFACE()
    B_SPLINE_SURFACE(3, 3, ((#1343, #1344, #1345, #1346, #1347, #1348, #1349, #1350, #1351, #1352, #1353, #1354, #1355, #1356, #1357, #1358, #1359, #1360, #1361, #1362, #1363, #1364, #1365, #1366, #1367, #1368, #1369, #1370, #1371, #1372, #1373, #1374, #1375, #1376, #1377, #1378, #1379, #1380, #1381, #1382), (#1383, #1384, #1385, #1386, #1387, #1388, #1389, #1390, #1391, #1392, #1393, #1394, #1395, #1396, #1397, #1398, #1399, #1400, #1401, #1402, #1403, #1404, #1405, #1406, #1407, #1408, #1409, #1410, #1411, #1412, #1413, #1414, #1415, #1416, #1417, #1418, #1419, #1420, #1421, #1422), (#1423, #1424, #1425, #1426, #1427, #1428, #1429, #1430, #1431, #1432, #1433, #1434, #1435, #1436, #1437, #1438, #1439, #1440, #1441, #1442, #1443, #1444, #1445, #1446, #1447, #1448, #1449, #1450, #1451, #1452, #1453, #1454, #1455, #1456, #1457, #1458, #1459, #1460, #1461, #1462), (#1463, #1464, #1465, #1466, #1467, #1468, #1469, #1470, #1471, #1472, #1473, #1474, #1475, #1476, #1477, #1478, #1479, #1480, #1481, #1482, #1483, #1484, #1485, #1486, #1487, #1488, #1489, #1490, #1491, #1492, #1493, #1494, #1495, #1496, #1497, #1498, #1499, #1500, #1501, #1502), (#1503, #1504, #1505, #1506, #1507, #1508, #1509, #1510, #1511, #1512, #1513, #1514, #1515, #1516, #1517, #1518, #1519, #1520, #1521, #1522, #1523, #1524, #1525, #1526, #1527, #1528, #1529, #1530, #1531, #1532, #1533, #1534, #1535, #1536, #1537, #1538, #1539, #1540, #1541, #1542), (#1543, #1544, #1545, #1546, #1547, #1548, #1549, #1550, #1551, #1552, #1553, #1554, #1555, #1556, #1557, #1558, #1559, #1560, #1561, #1562, #1563, #1564, #1565, #1566, #1567, #1568, #1569, #1570, #1571, #1572, #1573, #1574, #1575, #1576, #1577, #1578, #1579, #1580, #1581, #1582), (#1583, #1584, #1585, #1586, #1587, #1588, #1589, #1590, #1591, #1592, #1593, #1594, #1595, #1596, #1597, #1598, #1599, #1600, #1601, #1602, #1603, #1604, #1605, #1606, #1607, #1608, #1609, #1610, #1611, #1612, #1613, #1614, #1615, #1616, #1617, #1618, #1619, #1620, #1621, #1622), (#1623, #1624, #1625, #1626, #1627, #1628, #1629, #1630, #1631, #1632, #1633, #1634, #1635, #1636, #1637, #1638, #1639, #1640, #1641, #1642, #1643, #1644, #1645, #1646, #1647, #1648, #1649, #1650, #1651, #1652, #1653, #1654, #1655, #1656, #1657, #1658, #1659, #1660, #1661, #1662)), .UNSPECIFIED., .U., .U., .U.)
    B_SPLINE_SURFACE_WITH_KNOTS((4, 1, 3, 4), (4, 1, 1, 1, 1, 1, 1, 1, 1, 1, 1, 1, 1, 1, 1, 1, 1, 1, 1, 1, 1, 1, 1, 1, 1, 1, 1, 1, 1, 1, 1, 1, 1, 1, 1, 1, 1, 4), (0.0, 4.500000000000002, 9.000000000000004, 9.000100000000003), (0.0, 0.02702702702702703, 0.05405405405405406, 0.08108108108108109, 0.10810810810810811, 0.13513513513513514, 0.16216216216216217, 0.1891891891891892, 0.21621621621621623, 0.24324324324324326, 0.2702702702702703, 0.2972972972972973, 0.32432432432432434, 0.35135135135135137, 0.3783783783783784, 0.40540540540540543, 0.43243243243243246, 0.4594594594594595, 0.4864864864864865, 0.5135135135135136, 0.5405405405405406, 0.5675675675675675, 0.5945945945945946, 0.6216216216216217, 0.6486486486486487, 0.6756756756756757, 0.7027027027027027, 0.7297297297297298, 0.7567567567567568, 0.7837837837837838, 0.8108108108108109, 0.8378378378378379, 0.8648648648648649, 0.8918918918918919, 0.918918918918919, 0.945945945945946, 0.972972972972973, 1.0), .UNSPECIFIED.)
    GEOMETRIC_REPRESENTATION_ITEM()
    RATIONAL_B_SPLINE_SURFACE(((1.0, 1.0, 1.0, 1.0, 1.0, 1.0, 1.0, 1.0, 1.0, 1.0, 1.0, 1.0, 1.0, 1.0, 1.0, 1.0, 1.0, 1.0, 1.0, 1.0, 1.0, 1.0, 1.0, 1.0, 1.0, 1.0, 1.0, 1.0, 1.0, 1.0, 1.0, 1.0, 1.0, 1.0, 1.0, 1.0, 1.0, 1.0, 1.0, 1.0), (1.0, 1.0, 1.0, 1.0, 1.0, 1.0, 1.0, 1.0, 1.0, 1.0, 1.0, 1.0, 1.0, 1.0, 1.0, 1.0, 1.0, 1.0, 1.0, 1.0, 1.0, 1.0, 1.0, 1.0, 1.0, 1.0, 1.0, 1.0, 1.0, 1.0, 1.0, 1.0, 1.0, 1.0, 1.0, 1.0, 1.0, 1.0, 1.0, 1.0), (1.0, 1.0, 1.0, 1.0, 1.0, 1.0, 1.0, 1.0, 1.0, 1.0, 1.0, 1.0, 1.0, 1.0, 1.0, 1.0, 1.0, 1.0, 1.0, 1.0, 1.0, 1.0, 1.0, 1.0, 1.0, 1.0, 1.0, 1.0, 1.0, 1.0, 1.0, 1.0, 1.0, 1.0, 1.0, 1.0, 1.0, 1.0, 1.0, 1.0), (1.0, 1.0, 1.0, 1.0, 1.0, 1.0, 1.0, 1.0, 1.0, 1.0, 1.0, 1.0, 1.0, 1.0, 1.0, 1.0, 1.0, 1.0, 1.0, 1.0, 1.0, 1.0, 1.0, 1.0, 1.0, 1.0, 1.0, 1.0, 1.0, 1.0, 1.0, 1.0, 1.0, 1.0, 1.0, 1.0, 1.0, 1.0, 1.0, 1.0), (1.0, 1.0, 1.0, 1.0, 1.0, 1.0, 1.0, 1.0, 1.0, 1.0, 1.0, 1.0, 1.0, 1.0, 1.0, 1.0, 1.0, 1.0, 1.0, 1.0, 1.0, 1.0, 1.0, 1.0, 1.0, 1.0, 1.0, 1.0, 1.0, 1.0, 1.0, 1.0, 1.0, 1.0, 1.0, 1.0, 1.0, 1.0, 1.0, 1.0), (1.0, 1.0, 1.0, 1.0, 1.0, 1.0, 1.0, 1.0, 1.0, 1.0, 1.0, 1.0, 1.0, 1.0, 1.0, 1.0, 1.0, 1.0, 1.0, 1.0, 1.0, 1.0, 1.0, 1.0, 1.0, 1.0, 1.0, 1.0, 1.0, 1.0, 1.0, 1.0, 1.0, 1.0, 1.0, 1.0, 1.0, 1.0, 1.0, 1.0), (1.0, 1.0, 1.0, 1.0, 1.0, 1.0, 1.0, 1.0, 1.0, 1.0, 1.0, 1.0, 1.0, 1.0, 1.0, 1.0, 1.0, 1.0, 1.0, 1.0, 1.0, 1.0, 1.0, 1.0, 1.0, 1.0, 1.0, 1.0, 1.0, 1.0, 1.0, 1.0, 1.0, 1.0, 1.0, 1.0, 1.0, 1.0, 1.0, 1.0), (1.0, 1.0, 1.0, 1.0, 1.0, 1.0, 1.0, 1.0, 1.0, 1.0, 1.0, 1.0, 1.0, 1.0, 1.0, 1.0, 1.0, 1.0, 1.0, 1.0, 1.0, 1.0, 1.0, 1.0, 1.0, 1.0, 1.0, 1.0, 1.0, 1.0, 1.0, 1.0, 1.0, 1.0, 1.0, 1.0, 1.0, 1.0, 1.0, 1.0)))
    REPRESENTATION_ITEM('')
    SURFACE()
);
#1343 = CARTESIAN_POINT('', (0.0, 0.9999999999999998, 1.0));
#1344 = CARTESIAN_POINT('', (9.9261673506E-24, 0.9999999999999998, 0.9858486817405865));
#1345 = CARTESIAN_POINT('', (6.0086161170E-4, 1.0000000000000002, 0.9575460459450715));
#1346 = CARTESIAN_POINT('', (3.3031561841E-3, 0.9999999999999972, 0.9151685964129556));
#1347 = CARTESIAN_POINT('', (7.8015578851E-3, 1.0000000000000018, 0.872944019138775));
#1348 = CARTESIAN_POINT('', (0.014087972356768782, 0.9999999999999966, 0.830948405163071));
#1349 = CARTESIAN_POINT('', (0.022151064752840417, 1.000000000000002, 0.7892574336779888));
#1350 = CARTESIAN_POINT('', (0.0319763081423398, 1.0, 0.747946234482629));
#1351 = CARTESIAN_POINT('', (0.04354599505801641, 0.9999999999999984, 0.70708925323888));
#1352 = CARTESIAN_POINT('', (0.056839277088437765, 1.0000000000000027, 0.6667601169508407));
#1353 = CARTESIAN_POINT('', (0.07183219833132579, 0.9999999999999977, 0.6270315014727162));
#1354 = CARTESIAN_POINT('', (0.0884977407387255, 1.0000000000000016, 0.5879750004178576));
#1355 = CARTESIAN_POINT('', (0.10680587176784899, 0.9999999999999994, 0.5496609962563305));
#1356 = CARTESIAN_POINT('', (0.12672359903693567, 1.0, 0.5121585334271657));
#1357 = CARTESIAN_POINT('', (0.14821502941100584, 0.9999999999999992, 0.47553519390664495));
#1358 = CARTESIAN_POINT('', (0.17124143388092075, 1.0000000000000009, 0.43985697541822694));
#1359 = CARTESIAN_POINT('', (0.19576131725617948, 0.999999999999999, 0.40518817249077055));
#1360 = CARTESIAN_POINT('', (0.22173049311334803, 1.0000000000000013, 0.3715912606869129));
#1361 = CARTESIAN_POINT('', (0.24910216324055184, 1.0000000000000007, 0.33912678391868517));
#1362 = CARTESIAN_POINT('', (0.27782700204140237, 1.000000000000001, 0.30785324537235864));
#1363 = CARTESIAN_POINT('', (0.3078532453723595, 0.9999999999999974, 0.2778270020414028));
#1364 = CARTESIAN_POINT('', (0.3391267839186841, 1.000000000000002, 0.24910216324055107));
#1365 = CARTESIAN_POINT('', (0.3715912606869137, 0.9999999999999994, 0.22173049311334855));
#1366 = CARTESIAN_POINT('', (0.40518817249076955, 1.0, 0.1957613172561791));
#1367 = CARTESIAN_POINT('', (0.43985697541822816, 1.0000000000000007, 0.17124143388092147));
#1368 = CARTESIAN_POINT('', (0.4755351939066439, 1.0000000000000007, 0.14821502941100523));
#1369 = CARTESIAN_POINT('', (0.5121585334271673, 0.9999999999999997, 0.12672359903693628));
#1370 = CARTESIAN_POINT('', (0.549660996256329, 1.0000000000000009, 0.10680587176784856));
#1371 = CARTESIAN_POINT('', (0.5879750004178591, 0.9999999999999998, 0.08849774073872577));
#1372 = CARTESIAN_POINT('', (0.6270315014727152, 1.000000000000001, 0.07183219833132544));
#1373 = CARTESIAN_POINT('', (0.666760116950839, 0.9999999999999976, 0.05683927708843773));
#1374 = CARTESIAN_POINT('', (0.7070892532388812, 1.0000000000000027, 0.043545995058016415));
#1375 = CARTESIAN_POINT('', (0.747946234482628, 0.9999999999999977, 0.031976308142339815));
#1376 = CARTESIAN_POINT('', (0.7892574336779898, 1.000000000000003, 0.022151064752840278));
#1377 = CARTESIAN_POINT('', (0.8309484051630716, 0.9999999999999968, 0.01408797235676895));
#1378 = CARTESIAN_POINT('', (0.8729440191387747, 1.0000000000000024, 7.8015578851E-3));
#1379 = CARTESIAN_POINT('', (0.9151685964129546, 0.9999999999999961, 3.3031561841E-3));
#1380 = CARTESIAN_POINT('', (0.9575460459450745, 1.000000000000005, 6.0086161170E-4));
#1381 = CARTESIAN_POINT('', (0.9858486817405865, 1.0000000000000002, 8.6649650707E-19));
#1382 = CARTESIAN_POINT('', (1.0000000000000002, 1.0000000000000002, 0.0));
#1383 = CARTESIAN_POINT('', (0.0, 2.5000000000000004, 1.0));
#1384 = CARTESIAN_POINT('', (9.9261673506E-24, 2.500000000000001, 0.9858486817405869));
#1385 = CARTESIAN_POINT('', (6.0086161170E-4, 2.4999999999999942, 0.9575460459450718));
#1386 = CARTESIAN_POINT('', (3.3031561841E-3, 2.5000000000000067, 0.9151685964129561));
#1387 = CARTESIAN_POINT('', (7.8015578851E-3, 2.5, 0.8729440191387754));
#1388 = CARTESIAN_POINT('', (0.014087972356768784, 2.4999999999999987, 0.8309484051630713));
#1389 = CARTESIAN_POINT('', (0.02215106475284042, 2.500000000000006, 0.7892574336779892));
#1390 = CARTESIAN_POINT('', (0.03197630814233981, 2.5, 0.7479462344826292));
#1391 = CARTESIAN_POINT('', (0.043545995058016415, 2.500000000000004, 0.7070892532388804));
#1392 = CARTESIAN_POINT('', (0.05683927708843778, 2.499999999999995, 0.666760116950841));
#1393 = CARTESIAN_POINT('', (0.0718321983313258, 2.500000000000007, 0.6270315014727166));
#1394 = CARTESIAN_POINT('', (0.08849774073872553, 2.499999999999994, 0.5879750004178579));
#1395 = CARTESIAN_POINT('', (0.106805871767849, 2.500000000000014, 0.5496609962563307));
#1396 = CARTESIAN_POINT('', (0.1267235990369357, 2.4999999999999933, 0.5121585334271659));
#1397 = CARTESIAN_POINT('', (0.14821502941100587, 2.5000000000000036, 0.4755351939066452));
#1398 = CARTESIAN_POINT('', (0.17124143388092078, 2.499999999999994, 0.4398569754182272));
#1399 = CARTESIAN_POINT('', (0.1957613172561795, 2.500000000000004, 0.40518817249077077));
#1400 = CARTESIAN_POINT('', (0.22173049311334805, 2.499999999999996, 0.37159126068691317));
#1401 = CARTESIAN_POINT('', (0.24910216324055187, 2.50000000000001, 0.33912678391868545));
#1402 = CARTESIAN_POINT('', (0.2778270020414024, 2.5000000000000093, 0.30785324537235886));
#1403 = CARTESIAN_POINT('', (0.3078532453723596, 2.4999999999999902, 0.2778270020414031));
#1404 = CARTESIAN_POINT('', (0.33912678391868417, 2.5000000000000093, 0.2491021632405513));
#1405 = CARTESIAN_POINT('', (0.3715912606869138, 2.4999999999999916, 0.22173049311334886));
#1406 = CARTESIAN_POINT('', (0.40518817249076966, 2.5000000000000036, 0.19576131725617935));
#1407 = CARTESIAN_POINT('', (0.4398569754182282, 2.5000000000000013, 0.17124143388092172));
#1408 = CARTESIAN_POINT('', (0.475535193906644, 2.5000000000000027, 0.14821502941100545));
#1409 = CARTESIAN_POINT('', (0.5121585334271674, 2.4999999999999973, 0.12672359903693653));
#1410 = CARTESIAN_POINT('', (0.5496609962563291, 2.500000000000004, 0.10680587176784878));
#1411 = CARTESIAN_POINT('', (0.5879750004178592, 2.500000000000001, 0.08849774073872599));
#1412 = CARTESIAN_POINT('', (0.6270315014727154, 2.5000000000000013, 0.07183219833132565));
#1413 = CARTESIAN_POINT('', (0.6667601169508391, 2.4999999999999987, 0.05683927708843794));
#1414 = CARTESIAN_POINT('', (0.7070892532388813, 2.499999999999994, 0.04354599505801662));
#1415 = CARTESIAN_POINT('', (0.7479462344826281, 2.500000000000009, 0.031976308142340024));
#1416 = CARTESIAN_POINT('', (0.7892574336779901, 2.499999999999993, 0.022151064752840486));
#1417 = CARTESIAN_POINT('', (0.8309484051630718, 2.5000000000000138, 0.014087972356769157));
#1418 = CARTESIAN_POINT('', (0.872944019138775, 2.499999999999987, 7.8015578851E-3));
#1419 = CARTESIAN_POINT('', (0.9151685964129547, 2.5000000000000098, 3.3031561841E-3));
#1420 = CARTESIAN_POINT('', (0.9575460459450746, 2.4999999999999987, 6.0086161170E-4));
#1421 = CARTESIAN_POINT('', (0.9858486817405867, 2.5000000000000004, 2.0371175574E-16));
#1422 = CARTESIAN_POINT('', (1.0000000000000002, 2.500000000000001, 0.0));
#1423 = CARTESIAN_POINT('', (0.0, 5.5, 1.0));
#1424 = CARTESIAN_POINT('', (9.9261673506E-24, 5.500000000000002, 0.9858486817405869));
#1425 = CARTESIAN_POINT('', (6.0086161170E-4, 5.499999999999989, 0.9575460459450719));
#1426 = CARTESIAN_POINT('', (3.3031561841E-3, 5.500000000000004, 0.9151685964129559));
#1427 = CARTESIAN_POINT('', (7.8015578851E-3, 5.500000000000005, 0.8729440191387754));
#1428 = CARTESIAN_POINT('', (0.014087972356768785, 5.499999999999992, 0.8309484051630713));
#1429 = CARTESIAN_POINT('', (0.022151064752840424, 5.500000000000009, 0.7892574336779892));
#1430 = CARTESIAN_POINT('', (0.031976308142339815, 5.499999999999998, 0.7479462344826291));
#1431 = CARTESIAN_POINT('', (0.04354599505801643, 5.500000000000009, 0.7070892532388803));
#1432 = CARTESIAN_POINT('', (0.05683927708843779, 5.500000000000001, 0.666760116950841));
#1433 = CARTESIAN_POINT('', (0.07183219833132581, 5.500000000000007, 0.6270315014727166));
#1434 = CARTESIAN_POINT('', (0.08849774073872554, 5.4999999999999964, 0.5879750004178579));
#1435 = CARTESIAN_POINT('', (0.10680587176784903, 5.500000000000017, 0.5496609962563306));
#1436 = CARTESIAN_POINT('', (0.12672359903693572, 5.4999999999999964, 0.5121585334271659));
#1437 = CARTESIAN_POINT('', (0.1482150294110059, 5.5, 0.4755351939066451));
#1438 = CARTESIAN_POINT('', (0.1712414338809208, 5.4999999999999964, 0.4398569754182271));
#1439 = CARTESIAN_POINT('', (0.19576131725617957, 5.5, 0.40518817249077066));
#1440 = CARTESIAN_POINT('', (0.22173049311334808, 5.499999999999995, 0.371591260686913));
#1441 = CARTESIAN_POINT('', (0.24910216324055193, 5.500000000000023, 0.3391267839186852));
#1442 = CARTESIAN_POINT('', (0.2778270020414024, 5.4999999999999964, 0.30785324537235875));
#1443 = CARTESIAN_POINT('', (0.30785324537235964, 5.500000000000002, 0.2778270020414029));
#1444 = CARTESIAN_POINT('', (0.3391267839186842, 5.4999999999999964, 0.24910216324055118));
#1445 = CARTESIAN_POINT('', (0.37159126068691384, 5.500000000000004, 0.22173049311334866));
#1446 = CARTESIAN_POINT('', (0.40518817249076977, 5.499999999999993, 0.19576131725617918));
#1447 = CARTESIAN_POINT('', (0.43985697541822827, 5.500000000000011, 0.17124143388092156));
#1448 = CARTESIAN_POINT('', (0.475535193906644, 5.499999999999995, 0.14821502941100528));
#1449 = CARTESIAN_POINT('', (0.5121585334271674, 5.500000000000006, 0.12672359903693634));
#1450 = CARTESIAN_POINT('', (0.5496609962563292, 5.499999999999998, 0.10680587176784859));
#1451 = CARTESIAN_POINT('', (0.5879750004178592, 5.500000000000011, 0.08849774073872581));
#1452 = CARTESIAN_POINT('', (0.6270315014727155, 5.4999999999999964, 0.07183219833132545));
#1453 = CARTESIAN_POINT('', (0.6667601169508393, 5.5000000000000036, 0.05683927708843775));
#1454 = CARTESIAN_POINT('', (0.7070892532388815, 5.499999999999991, 0.04354599505801643));
#1455 = CARTESIAN_POINT('', (0.7479462344826282, 5.50000000000001, 0.03197630814233983));
#1456 = CARTESIAN_POINT('', (0.7892574336779902, 5.4999999999999964, 0.022151064752840288));
#1457 = CARTESIAN_POINT('', (0.8309484051630719, 5.500000000000009, 0.014087972356768957));
#1458 = CARTESIAN_POINT('', (0.8729440191387751, 5.499999999999995, 7.8015578851E-3));
#1459 = CARTESIAN_POINT('', (0.9151685964129548, 5.500000000000003, 3.3031561841E-3));
#1460 = CARTESIAN_POINT('', (0.9575460459450748, 5.500000000000011, 6.0086161170E-4));
#1461 = CARTESIAN_POINT('', (0.9858486817405869, 5.500000000000002, 8.6649650707E-19));
#1462 = CARTESIAN_POINT('', (1.0, 5.5, 0.0));
#1463 = CARTESIAN_POINT('', (0.0, 8.5, 1.0));
#1464 = CARTESIAN_POINT('', (9.9261673506E-24, 8.500000000000004, 0.9858486817405867));
#1465 = CARTESIAN_POINT('', (6.0086161170E-4, 8.499999999999991, 0.9575460459450718));
#1466 = CARTESIAN_POINT('', (3.3031561841E-3, 8.49999999999999, 0.9151685964129557));
#1467 = CARTESIAN_POINT('', (7.8015578851E-3, 8.500000000000018, 0.872944019138775));
#1468 = CARTESIAN_POINT('', (0.014087972356768785, 8.499999999999977, 0.8309484051630711));
#1469 = CARTESIAN_POINT('', (0.02215106475284042, 8.50000000000001, 0.7892574336779888));
#1470 = CARTESIAN_POINT('', (0.03197630814233981, 8.499999999999993, 0.747946234482629));
#1471 = CARTESIAN_POINT('', (0.043545995058016415, 8.50000000000001, 0.70708925323888));
#1472 = CARTESIAN_POINT('', (0.056839277088437785, 8.500000000000018, 0.6667601169508408));
#1473 = CARTESIAN_POINT('', (0.07183219833132581, 8.5, 0.6270315014727164));
#1474 = CARTESIAN_POINT('', (0.08849774073872553, 8.500000000000004, 0.5879750004178576));
#1475 = CARTESIAN_POINT('', (0.10680587176784903, 8.500000000000004, 0.5496609962563306));
#1476 = CARTESIAN_POINT('', (0.12672359903693572, 8.500000000000007, 0.5121585334271657));
#1477 = CARTESIAN_POINT('', (0.1482150294110059, 8.499999999999995, 0.4755351939066449));
#1478 = CARTESIAN_POINT('', (0.1712414338809208, 8.500000000000005, 0.4398569754182269));
#1479 = CARTESIAN_POINT('', (0.19576131725617957, 8.49999999999999, 0.40518817249077055));
#1480 = CARTESIAN_POINT('', (0.22173049311334814, 8.499999999999996, 0.3715912606869127));
#1481 = CARTESIAN_POINT('', (0.24910216324055195, 8.500000000000032, 0.33912678391868506));
#1482 = CARTESIAN_POINT('', (0.2778270020414024, 8.49999999999997, 0.3078532453723586));
#1483 = CARTESIAN_POINT('', (0.3078532453723596, 8.500000000000027, 0.27782700204140265));
#1484 = CARTESIAN_POINT('', (0.3391267839186842, 8.499999999999972, 0.24910216324055096));
#1485 = CARTESIAN_POINT('', (0.37159126068691384, 8.500000000000032, 0.22173049311334841));
#1486 = CARTESIAN_POINT('', (0.4051881724907697, 8.499999999999975, 0.19576131725617896));
#1487 = CARTESIAN_POINT('', (0.43985697541822827, 8.500000000000025, 0.17124143388092133));
#1488 = CARTESIAN_POINT('', (0.475535193906644, 8.499999999999986, 0.14821502941100506));
#1489 = CARTESIAN_POINT('', (0.5121585334271674, 8.50000000000002, 0.1267235990369361));
#1490 = CARTESIAN_POINT('', (0.5496609962563292, 8.49999999999999, 0.10680587176784839));
#1491 = CARTESIAN_POINT('', (0.5879750004178593, 8.50000000000002, 0.0884977407387256));
#1492 = CARTESIAN_POINT('', (0.6270315014727155, 8.49999999999999, 0.07183219833132526));
#1493 = CARTESIAN_POINT('', (0.6667601169508393, 8.500000000000005, 0.05683927708843755));
#1494 = CARTESIAN_POINT('', (0.7070892532388815, 8.500000000000004, 0.043545995058016235));
#1495 = CARTESIAN_POINT('', (0.7479462344826282, 8.499999999999991, 0.03197630814233962));
#1496 = CARTESIAN_POINT('', (0.7892574336779901, 8.500000000000018, 0.02215106475284008));
#1497 = CARTESIAN_POINT('', (0.8309484051630719, 8.499999999999977, 0.014087972356768752));
#1498 = CARTESIAN_POINT('', (0.872944019138775, 8.500000000000025, 7.8015578851E-3));
#1499 = CARTESIAN_POINT('', (0.9151685964129548, 8.499999999999975, 3.3031561841E-3));
#1500 = CARTESIAN_POINT('', (0.9575460459450749, 8.500000000000039, 6.0086161170E-4));
#1501 = CARTESIAN_POINT('', (0.9858486817405868, 8.500000000000004, -2.0197876273E-16));
#1502 = CARTESIAN_POINT('', (1.0, 8.5, 0.0));
#1503 = CARTESIAN_POINT('', (0.0, 10.0, 1.0));
#1504 = CARTESIAN_POINT('', (9.9261673506E-24, 10.000000000000004, 0.9858486817405868));
#1505 = CARTESIAN_POINT('', (6.0086161170E-4, 9.999999999999991, 0.9575460459450719));
#1506 = CARTESIAN_POINT('', (3.3031561841E-3, 9.999999999999984, 0.9151685964129559));
#1507 = CARTESIAN_POINT('', (7.8015578851E-3, 10.000000000000023, 0.8729440191387752));
#1508 = CARTESIAN_POINT('', (0.014087972356768784, 9.99999999999997, 0.8309484051630712));
#1509 = CARTESIAN_POINT('', (0.02215106475284042, 10.000000000000016, 0.7892574336779891));
#1510 = CARTESIAN_POINT('', (0.03197630814233981, 9.99999999999999, 0.7479462344826291));
#1511 = CARTESIAN_POINT('', (0.043545995058016415, 10.000000000000012, 0.7070892532388802));
#1512 = CARTESIAN_POINT('', (0.056839277088437785, 10.00000000000002, 0.6667601169508409));
#1513 = CARTESIAN_POINT('', (0.07183219833132581, 10.000000000000002, 0.6270315014727165));
#1514 = CARTESIAN_POINT('', (0.08849774073872552, 10.000000000000002, 0.5879750004178578));
#1515 = CARTESIAN_POINT('', (0.10680587176784902, 10.000000000000004, 0.5496609962563307));
#1516 = CARTESIAN_POINT('', (0.12672359903693572, 10.000000000000005, 0.5121585334271659));
#1517 = CARTESIAN_POINT('', (0.1482150294110059, 9.999999999999996, 0.4755351939066451));
#1518 = CARTESIAN_POINT('', (0.1712414338809208, 10.000000000000005, 0.4398569754182271));
#1519 = CARTESIAN_POINT('', (0.19576131725617954, 9.99999999999999, 0.4051881724907707));
#1520 = CARTESIAN_POINT('', (0.22173049311334814, 9.999999999999995, 0.371591260686913));
#1521 = CARTESIAN_POINT('', (0.24910216324055195, 10.000000000000037, 0.3391267839186853));
#1522 = CARTESIAN_POINT('', (0.2778270020414024, 9.999999999999964, 0.30785324537235875));
#1523 = CARTESIAN_POINT('', (0.3078532453723596, 10.000000000000032, 0.2778270020414029));
#1524 = CARTESIAN_POINT('', (0.3391267839186842, 9.999999999999968, 0.2491021632405511));
#1525 = CARTESIAN_POINT('', (0.37159126068691384, 10.000000000000039, 0.22173049311334864));
#1526 = CARTESIAN_POINT('', (0.4051881724907697, 9.99999999999997, 0.19576131725617915));
#1527 = CARTESIAN_POINT('', (0.43985697541822827, 10.000000000000028, 0.17124143388092153));
#1528 = CARTESIAN_POINT('', (0.475535193906644, 9.999999999999984, 0.14821502941100528));
#1529 = CARTESIAN_POINT('', (0.5121585334271674, 10.000000000000021, 0.1267235990369363));
#1530 = CARTESIAN_POINT('', (0.5496609962563291, 9.99999999999999, 0.1068058717678486));
#1531 = CARTESIAN_POINT('', (0.5879750004178593, 10.00000000000002, 0.0884977407387258));
#1532 = CARTESIAN_POINT('', (0.6270315014727155, 9.999999999999988, 0.07183219833132547));
#1533 = CARTESIAN_POINT('', (0.6667601169508393, 10.000000000000004, 0.05683927708843775));
#1534 = CARTESIAN_POINT('', (0.7070892532388814, 10.000000000000012, 0.04354599505801643));
#1535 = CARTESIAN_POINT('', (0.7479462344826282, 9.999999999999984, 0.03197630814233983));
#1536 = CARTESIAN_POINT('', (0.7892574336779901, 10.000000000000027, 0.022151064752840285));
#1537 = CARTESIAN_POINT('', (0.8309484051630719, 9.999999999999966, 0.014087972356768954));
#1538 = CARTESIAN_POINT('', (0.872944019138775, 10.000000000000032, 7.8015578851E-3));
#1539 = CARTESIAN_POINT('', (0.9151685964129548, 9.999999999999968, 3.3031561841E-3));
#1540 = CARTESIAN_POINT('', (0.957546045945075, 10.000000000000048, 6.0086161170E-4));
#1541 = CARTESIAN_POINT('', (0.9858486817405868, 10.000000000000004, 8.6649650707E-19));
#1542 = CARTESIAN_POINT('', (1.0, 10.0, 0.0));
#1543 = CARTESIAN_POINT('', (0.0, 10.000033333333333, 1.0));
#1544 = CARTESIAN_POINT('', (9.9261673506E-24, 10.000033333333336, 0.9858486817405868));
#1545 = CARTESIAN_POINT('', (6.0086161170E-4, 10.000033333333324, 0.9575460459450719));
#1546 = CARTESIAN_POINT('', (3.3031561841E-3, 10.000033333333317, 0.9151685964129559));
#1547 = CARTESIAN_POINT('', (7.8015578851E-3, 10.000033333333356, 0.8729440191387752));
#1548 = CARTESIAN_POINT('', (0.014087972356768784, 10.000033333333302, 0.8309484051630712));
#1549 = CARTESIAN_POINT('', (0.02215106475284042, 10.000033333333349, 0.7892574336779891));
#1550 = CARTESIAN_POINT('', (0.03197630814233981, 10.000033333333322, 0.7479462344826291));
#1551 = CARTESIAN_POINT('', (0.043545995058016415, 10.000033333333345, 0.7070892532388802));
#1552 = CARTESIAN_POINT('', (0.05683927708843779, 10.000033333333352, 0.6667601169508409));
#1553 = CARTESIAN_POINT('', (0.07183219833132581, 10.000033333333334, 0.6270315014727165));
#1554 = CARTESIAN_POINT('', (0.08849774073872552, 10.000033333333334, 0.5879750004178578));
#1555 = CARTESIAN_POINT('', (0.10680587176784902, 10.000033333333336, 0.5496609962563307));
#1556 = CARTESIAN_POINT('', (0.12672359903693572, 10.000033333333338, 0.5121585334271659));
#1557 = CARTESIAN_POINT('', (0.1482150294110059, 10.000033333333329, 0.4755351939066451));
#1558 = CARTESIAN_POINT('', (0.1712414338809208, 10.000033333333338, 0.4398569754182271));
#1559 = CARTESIAN_POINT('', (0.19576131725617954, 10.000033333333322, 0.4051881724907707));
#1560 = CARTESIAN_POINT('', (0.22173049311334816, 10.000033333333327, 0.371591260686913));
#1561 = CARTESIAN_POINT('', (0.24910216324055195, 10.00003333333337, 0.3391267839186853));
#1562 = CARTESIAN_POINT('', (0.2778270020414024, 10.000033333333297, 0.30785324537235875));
#1563 = CARTESIAN_POINT('', (0.3078532453723596, 10.000033333333365, 0.2778270020414029));
#1564 = CARTESIAN_POINT('', (0.3391267839186843, 10.0000333333333, 0.2491021632405511));
#1565 = CARTESIAN_POINT('', (0.3715912606869139, 10.000033333333372, 0.22173049311334864));
#1566 = CARTESIAN_POINT('', (0.4051881724907697, 10.000033333333302, 0.19576131725617915));
#1567 = CARTESIAN_POINT('', (0.4398569754182283, 10.000033333333361, 0.17124143388092153));
#1568 = CARTESIAN_POINT('', (0.475535193906644, 10.000033333333317, 0.14821502941100528));
#1569 = CARTESIAN_POINT('', (0.5121585334271676, 10.000033333333354, 0.1267235990369363));
#1570 = CARTESIAN_POINT('', (0.5496609962563292, 10.000033333333322, 0.1068058717678486));
#1571 = CARTESIAN_POINT('', (0.5879750004178593, 10.000033333333352, 0.0884977407387258));
#1572 = CARTESIAN_POINT('', (0.6270315014727155, 10.00003333333332, 0.07183219833132547));
#1573 = CARTESIAN_POINT('', (0.6667601169508394, 10.000033333333336, 0.05683927708843775));
#1574 = CARTESIAN_POINT('', (0.7070892532388814, 10.000033333333345, 0.04354599505801643));
#1575 = CARTESIAN_POINT('', (0.7479462344826282, 10.000033333333317, 0.03197630814233983));
#1576 = CARTESIAN_POINT('', (0.7892574336779901, 10.00003333333336, 0.022151064752840285));
#1577 = CARTESIAN_POINT('', (0.8309484051630719, 10.000033333333299, 0.014087972356768954));
#1578 = CARTESIAN_POINT('', (0.872944019138775, 10.000033333333365, 7.8015578851E-3));
#1579 = CARTESIAN_POINT('', (0.9151685964129548, 10.0000333333333, 3.3031561841E-3));
#1580 = CARTESIAN_POINT('', (0.957546045945075, 10.00003333333338, 6.0086161170E-4));
#1581 = CARTESIAN_POINT('', (0.9858486817405869, 10.000033333333336, 8.7100417950E-19));
#1582 = CARTESIAN_POINT('', (1.0, 10.000033333333333, 0.0));
#1583 = CARTESIAN_POINT('', (0.0, 10.000066666666665, 1.0));
#1584 = CARTESIAN_POINT('', (9.9261673506E-24, 10.000066666666669, 0.9858486817405868));
#1585 = CARTESIAN_POINT('', (6.0086161170E-4, 10.000066666666656, 0.9575460459450719));
#1586 = CARTESIAN_POINT('', (3.3031561841E-3, 10.00006666666665, 0.9151685964129559));
#1587 = CARTESIAN_POINT('', (7.8015578851E-3, 10.000066666666688, 0.8729440191387752));
#1588 = CARTESIAN_POINT('', (0.014087972356768784, 10.000066666666635, 0.8309484051630712));
#1589 = CARTESIAN_POINT('', (0.02215106475284042, 10.000066666666681, 0.7892574336779891));
#1590 = CARTESIAN_POINT('', (0.03197630814233981, 10.000066666666655, 0.7479462344826291));
#1591 = CARTESIAN_POINT('', (0.043545995058016415, 10.000066666666678, 0.7070892532388802));
#1592 = CARTESIAN_POINT('', (0.0568392770884378, 10.000066666666685, 0.6667601169508409));
#1593 = CARTESIAN_POINT('', (0.07183219833132581, 10.000066666666667, 0.6270315014727165));
#1594 = CARTESIAN_POINT('', (0.08849774073872552, 10.000066666666667, 0.5879750004178578));
#1595 = CARTESIAN_POINT('', (0.10680587176784902, 10.000066666666669, 0.5496609962563307));
#1596 = CARTESIAN_POINT('', (0.12672359903693572, 10.00006666666667, 0.5121585334271659));
#1597 = CARTESIAN_POINT('', (0.1482150294110059, 10.000066666666662, 0.4755351939066451));
#1598 = CARTESIAN_POINT('', (0.1712414338809208, 10.00006666666667, 0.4398569754182271));
#1599 = CARTESIAN_POINT('', (0.19576131725617954, 10.000066666666655, 0.4051881724907707));
#1600 = CARTESIAN_POINT('', (0.2217304931133482, 10.00006666666666, 0.371591260686913));
#1601 = CARTESIAN_POINT('', (0.24910216324055195, 10.000066666666703, 0.3391267839186853));
#1602 = CARTESIAN_POINT('', (0.2778270020414024, 10.00006666666663, 0.30785324537235875));
#1603 = CARTESIAN_POINT('', (0.3078532453723596, 10.000066666666697, 0.2778270020414029));
#1604 = CARTESIAN_POINT('', (0.33912678391868434, 10.000066666666633, 0.2491021632405511));
#1605 = CARTESIAN_POINT('', (0.37159126068691395, 10.000066666666704, 0.22173049311334864));
#1606 = CARTESIAN_POINT('', (0.4051881724907697, 10.000066666666635, 0.19576131725617915));
#1607 = CARTESIAN_POINT('', (0.4398569754182284, 10.000066666666694, 0.17124143388092153));
#1608 = CARTESIAN_POINT('', (0.475535193906644, 10.00006666666665, 0.14821502941100528));
#1609 = CARTESIAN_POINT('', (0.5121585334271677, 10.000066666666687, 0.1267235990369363));
#1610 = CARTESIAN_POINT('', (0.5496609962563294, 10.000066666666655, 0.1068058717678486));
#1611 = CARTESIAN_POINT('', (0.5879750004178593, 10.000066666666685, 0.0884977407387258));
#1612 = CARTESIAN_POINT('', (0.6270315014727155, 10.000066666666653, 0.07183219833132547));
#1613 = CARTESIAN_POINT('', (0.6667601169508395, 10.000066666666669, 0.05683927708843775));
#1614 = CARTESIAN_POINT('', (0.7070892532388814, 10.000066666666678, 0.04354599505801643));
#1615 = CARTESIAN_POINT('', (0.7479462344826282, 10.00006666666665, 0.03197630814233983));
#1616 = CARTESIAN_POINT('', (0.7892574336779901, 10.000066666666692, 0.022151064752840285));
#1617 = CARTESIAN_POINT('', (0.8309484051630719, 10.000066666666632, 0.014087972356768954));
#1618 = CARTESIAN_POINT('', (0.872944019138775, 10.000066666666697, 7.8015578851E-3));
#1619 = CARTESIAN_POINT('', (0.9151685964129548, 10.000066666666633, 3.3031561841E-3));
#1620 = CARTESIAN_POINT('', (0.957546045945075, 10.000066666666713, 6.0086161170E-4));
#1621 = CARTESIAN_POINT('', (0.985848681740587, 10.000066666666669, 8.7551200218E-19));
#1622 = CARTESIAN_POINT('', (1.0, 10.000066666666665, 0.0));
#1623 = CARTESIAN_POINT('', (0.0, 10.000099999999998, 1.0));
#1624 = CARTESIAN_POINT('', (9.9261673506E-24, 10.000100000000002, 0.9858486817405868));
#1625 = CARTESIAN_POINT('', (6.0086161170E-4, 10.000099999999989, 0.9575460459450719));
#1626 = CARTESIAN_POINT('', (3.3031561841E-3, 10.000099999999982, 0.9151685964129559));
#1627 = CARTESIAN_POINT('', (7.8015578851E-3, 10.000100000000021, 0.8729440191387752));
#1628 = CARTESIAN_POINT('', (0.014087972356768784, 10.000099999999968, 0.8309484051630712));
#1629 = CARTESIAN_POINT('', (0.02215106475284042, 10.000100000000014, 0.7892574336779891));
#1630 = CARTESIAN_POINT('', (0.03197630814233981, 10.000099999999987, 0.7479462344826291));
#1631 = CARTESIAN_POINT('', (0.043545995058016415, 10.00010000000001, 0.7070892532388802));
#1632 = CARTESIAN_POINT('', (0.056839277088437806, 10.000100000000018, 0.6667601169508409));
#1633 = CARTESIAN_POINT('', (0.07183219833132581, 10.0001, 0.6270315014727165));
#1634 = CARTESIAN_POINT('', (0.08849774073872552, 10.0001, 0.5879750004178578));
#1635 = CARTESIAN_POINT('', (0.10680587176784902, 10.000100000000002, 0.5496609962563307));
#1636 = CARTESIAN_POINT('', (0.12672359903693572, 10.000100000000003, 0.5121585334271659));
#1637 = CARTESIAN_POINT('', (0.1482150294110059, 10.000099999999994, 0.4755351939066451));
#1638 = CARTESIAN_POINT('', (0.1712414338809208, 10.000100000000003, 0.4398569754182271));
#1639 = CARTESIAN_POINT('', (0.19576131725617954, 10.000099999999987, 0.4051881724907707));
#1640 = CARTESIAN_POINT('', (0.22173049311334822, 10.000099999999993, 0.371591260686913));
#1641 = CARTESIAN_POINT('', (0.24910216324055195, 10.000100000000035, 0.3391267839186853));
#1642 = CARTESIAN_POINT('', (0.2778270020414024, 10.000099999999962, 0.30785324537235875));
#1643 = CARTESIAN_POINT('', (0.3078532453723596, 10.00010000000003, 0.2778270020414029));
#1644 = CARTESIAN_POINT('', (0.3391267839186844, 10.000099999999966, 0.2491021632405511));
#1645 = CARTESIAN_POINT('', (0.371591260686914, 10.000100000000037, 0.22173049311334864));
#1646 = CARTESIAN_POINT('', (0.4051881724907697, 10.000099999999968, 0.19576131725617915));
#1647 = CARTESIAN_POINT('', (0.43985697541822844, 10.000100000000026, 0.17124143388092153));
#1648 = CARTESIAN_POINT('', (0.475535193906644, 10.000099999999982, 0.14821502941100528));
#1649 = CARTESIAN_POINT('', (0.5121585334271678, 10.00010000000002, 0.1267235990369363));
#1650 = CARTESIAN_POINT('', (0.5496609962563295, 10.000099999999987, 0.1068058717678486));
#1651 = CARTESIAN_POINT('', (0.5879750004178593, 10.000100000000018, 0.0884977407387258));
#1652 = CARTESIAN_POINT('', (0.6270315014727155, 10.000099999999986, 0.07183219833132547));
#1653 = CARTESIAN_POINT('', (0.6667601169508396, 10.000100000000002, 0.05683927708843775));
#1654 = CARTESIAN_POINT('', (0.7070892532388814, 10.00010000000001, 0.04354599505801643));
#1655 = CARTESIAN_POINT('', (0.7479462344826282, 10.000099999999982, 0.03197630814233983));
#1656 = CARTESIAN_POINT('', (0.7892574336779901, 10.000100000000025, 0.022151064752840285));
#1657 = CARTESIAN_POINT('', (0.8309484051630719, 10.000099999999964, 0.014087972356768954));
#1658 = CARTESIAN_POINT('', (0.872944019138775, 10.00010000000003, 7.8015578851E-3));
#1659 = CARTESIAN_POINT('', (0.9151685964129548, 10.000099999999966, 3.3031561841E-3));
#1660 = CARTESIAN_POINT('', (0.957546045945075, 10.000100000000046, 6.0086161170E-4));
#1661 = CARTESIAN_POINT('', (0.9858486817405872, 10.000100000000002, 8.8001997512E-19));
#1662 = CARTESIAN_POINT('', (1.0, 10.000099999999998, 0.0));
#1663 = DEFINITIONAL_REPRESENTATION('', (#1665), #1664);
#1664 = (
    GEOMETRIC_REPRESENTATION_CONTEXT(2)
    PARAMETRIC_REPRESENTATION_CONTEXT()
    REPRESENTATION_CONTEXT('2D SPACE', '')
);
#1665 = (
    BOUNDED_CURVE()
    B_SPLINE_CURVE(1, (#1666, #1667), .UNSPECIFIED., .U., .U.)
    B_SPLINE_CURVE_WITH_KNOTS((2, 2), (0.0, 9.000000000000004), .UNSPECIFIED.)
    CURVE()
    GEOMETRIC_REPRESENTATION_ITEM()
    RATIONAL_B_SPLINE_CURVE((1.0, 1.0))
    REPRESENTATION_ITEM('')
);
#1666 = CARTESIAN_POINT('', (0.0, 1.0));
#1667 = CARTESIAN_POINT('', (9.000000000000005, 1.0));
#1668 = SURFACE_CURVE('', #1669, (#1672, #1683), .CURVE_3D.);
#1669 = (
    BOUNDED_CURVE()
    B_SPLINE_CURVE(1, (#1670, #1671), .UNSPECIFIED., .U., .U.)
    B_SPLINE_CURVE_WITH_KNOTS((2, 2), (1.0, 10.0), .UNSPECIFIED.)
    CURVE()
    GEOMETRIC_REPRESENTATION_ITEM()
    RATIONAL_B_SPLINE_CURVE((1.0, 1.0))
    REPRESENTATION_ITEM('')
);
#1670 = CARTESIAN_POINT('', (1.0, 10.0, 0.0));
#1671 = CARTESIAN_POINT('', (10.0, 10.0, 0.0));
#1672 = PCURVE('', #1673, #1678);
#1673 = (
    BOUNDED_SURFACE()
    B_SPLINE_SURFACE(1, 1, ((#1674, #1675), (#1676, #1677)), .UNSPECIFIED., .U., .U., .U.)
    B_SPLINE_SURFACE_WITH_KNOTS((2, 2), (2, 2), (0.0, 1.0), (0.0, 1.0), .UNSPECIFIED.)
    GEOMETRIC_REPRESENTATION_ITEM()
    RATIONAL_B_SPLINE_SURFACE(((1.0, 1.0), (1.0, 1.0)))
    REPRESENTATION_ITEM('')
    SURFACE()
);
#1674 = CARTESIAN_POINT('', (0.0, 0.0, 0.0));
#1675 = CARTESIAN_POINT('', (10.0, 0.0, 0.0));
#1676 = CARTESIAN_POINT('', (0.0, 10.0, 0.0));
#1677 = CARTESIAN_POINT('', (10.0, 10.0, 0.0));
#1678 = DEFINITIONAL_REPRESENTATION('', (#1680), #1679);
#1679 = (
    GEOMETRIC_REPRESENTATION_CONTEXT(2)
    PARAMETRIC_REPRESENTATION_CONTEXT()
    REPRESENTATION_CONTEXT('2D SPACE', '')
);
#1680 = (
    BOUNDED_CURVE()
    B_SPLINE_CURVE(1, (#1681, #1682), .UNSPECIFIED., .U., .U.)
    B_SPLINE_CURVE_WITH_KNOTS((2, 2), (1.0, 10.0), .UNSPECIFIED.)
    CURVE()
    GEOMETRIC_REPRESENTATION_ITEM()
    RATIONAL_B_SPLINE_CURVE((1.0, 1.0))
    REPRESENTATION_ITEM('')
);
#1681 = CARTESIAN_POINT('', (1.0, 0.1));
#1682 = CARTESIAN_POINT('', (1.0, 1.0));
#1683 = PCURVE('', #1684, #1689);
#1684 = (
    BOUNDED_SURFACE()
    B_SPLINE_SURFACE(1, 1, ((#1685, #1686), (#1687, #1688)), .UNSPECIFIED., .U., .U., .U.)
    B_SPLINE_SURFACE_WITH_KNOTS((2, 2), (2, 2), (0.0, 1.0), (0.0, 1.0), .UNSPECIFIED.)
    GEOMETRIC_REPRESENTATION_ITEM()
    RATIONAL_B_SPLINE_SURFACE(((1.0, 1.0), (1.0, 1.0)))
    REPRESENTATION_ITEM('')
    SURFACE()
);
#1685 = CARTESIAN_POINT('', (10.0, 10.0, 0.0));
#1686 = CARTESIAN_POINT('', (10.0, 10.0, 10.0));
#1687 = CARTESIAN_POINT('', (0.0, 10.0, 0.0));
#1688 = CARTESIAN_POINT('', (0.0, 10.0, 10.0));
#1689 = DEFINITIONAL_REPRESENTATION('', (#1691), #1690);
#1690 = (
    GEOMETRIC_REPRESENTATION_CONTEXT(2)
    PARAMETRIC_REPRESENTATION_CONTEXT()
    REPRESENTATION_CONTEXT('2D SPACE', '')
);
#1691 = (
    BOUNDED_CURVE()
    B_SPLINE_CURVE(1, (#1692, #1693), .UNSPECIFIED., .U., .U.)
    B_SPLINE_CURVE_WITH_KNOTS((2, 2), (1.0, 10.0), .UNSPECIFIED.)
    CURVE()
    GEOMETRIC_REPRESENTATION_ITEM()
    RATIONAL_B_SPLINE_CURVE((1.0, 1.0))
    REPRESENTATION_ITEM('')
);
#1692 = CARTESIAN_POINT('', (0.9, 0.0));
#1693 = CARTESIAN_POINT('', (0.0, 0.0));
#1694 = SURFACE_CURVE('', #1695, (#1698, #1709), .CURVE_3D.);
#1695 = (
    BOUNDED_CURVE()
    B_SPLINE_CURVE(1, (#1696, #1697), .UNSPECIFIED., .U., .U.)
    B_SPLINE_CURVE_WITH_KNOTS((2, 2), (1.0, 10.0), .UNSPECIFIED.)
    CURVE()
    GEOMETRIC_REPRESENTATION_ITEM()
    RATIONAL_B_SPLINE_CURVE((1.0, 1.0))
    REPRESENTATION_ITEM('')
);
#1696 = CARTESIAN_POINT('', (10.0, 1.0, 0.0));
#1697 = CARTESIAN_POINT('', (10.0, 10.0, 0.0));
#1698 = PCURVE('', #1699, #1704);
#1699 = (
    BOUNDED_SURFACE()
    B_SPLINE_SURFACE(1, 1, ((#1700, #1701), (#1702, #1703)), .UNSPECIFIED., .U., .U., .U.)
    B_SPLINE_SURFACE_WITH_KNOTS((2, 2), (2, 2), (0.0, 1.0), (0.0, 1.0), .UNSPECIFIED.)
    GEOMETRIC_REPRESENTATION_ITEM()
    RATIONAL_B_SPLINE_SURFACE(((1.0, 1.0), (1.0, 1.0)))
    REPRESENTATION_ITEM('')
    SURFACE()
);
#1700 = CARTESIAN_POINT('', (0.0, 0.0, 0.0));
#1701 = CARTESIAN_POINT('', (10.0, 0.0, 0.0));
#1702 = CARTESIAN_POINT('', (0.0, 10.0, 0.0));
#1703 = CARTESIAN_POINT('', (10.0, 10.0, 0.0));
#1704 = DEFINITIONAL_REPRESENTATION('', (#1706), #1705);
#1705 = (
    GEOMETRIC_REPRESENTATION_CONTEXT(2)
    PARAMETRIC_REPRESENTATION_CONTEXT()
    REPRESENTATION_CONTEXT('2D SPACE', '')
);
#1706 = (
    BOUNDED_CURVE()
    B_SPLINE_CURVE(1, (#1707, #1708), .UNSPECIFIED., .U., .U.)
    B_SPLINE_CURVE_WITH_KNOTS((2, 2), (1.0, 10.0), .UNSPECIFIED.)
    CURVE()
    GEOMETRIC_REPRESENTATION_ITEM()
    RATIONAL_B_SPLINE_CURVE((1.0, 1.0))
    REPRESENTATION_ITEM('')
);
#1707 = CARTESIAN_POINT('', (0.1, 1.0));
#1708 = CARTESIAN_POINT('', (1.0, 1.0));
#1709 = PCURVE('', #1710, #1715);
#1710 = (
    BOUNDED_SURFACE()
    B_SPLINE_SURFACE(1, 1, ((#1711, #1712), (#1713, #1714)), .UNSPECIFIED., .U., .U., .U.)
    B_SPLINE_SURFACE_WITH_KNOTS((2, 2), (2, 2), (0.0, 1.0), (0.0, 1.0), .UNSPECIFIED.)
    GEOMETRIC_REPRESENTATION_ITEM()
    RATIONAL_B_SPLINE_SURFACE(((1.0, 1.0), (1.0, 1.0)))
    REPRESENTATION_ITEM('')
    SURFACE()
);
#1711 = CARTESIAN_POINT('', (10.0, 0.0, 0.0));
#1712 = CARTESIAN_POINT('', (10.0, 0.0, 10.0));
#1713 = CARTESIAN_POINT('', (10.0, 10.0, 0.0));
#1714 = CARTESIAN_POINT('', (10.0, 10.0, 10.0));
#1715 = DEFINITIONAL_REPRESENTATION('', (#1717), #1716);
#1716 = (
    GEOMETRIC_REPRESENTATION_CONTEXT(2)
    PARAMETRIC_REPRESENTATION_CONTEXT()
    REPRESENTATION_CONTEXT('2D SPACE', '')
);
#1717 = (
    BOUNDED_CURVE()
    B_SPLINE_CURVE(1, (#1718, #1719), .UNSPECIFIED., .U., .U.)
    B_SPLINE_CURVE_WITH_KNOTS((2, 2), (1.0, 10.0), .UNSPECIFIED.)
    CURVE()
    GEOMETRIC_REPRESENTATION_ITEM()
    RATIONAL_B_SPLINE_CURVE((1.0, 1.0))
    REPRESENTATION_ITEM('')
);
#1718 = CARTESIAN_POINT('', (0.1, 0.0));
#1719 = CARTESIAN_POINT('', (1.0, 0.0));
#1720 = SURFACE_CURVE('', #1721, (#1727, #1741), .CURVE_3D.);
#1721 = (
    BOUNDED_CURVE()
    B_SPLINE_CURVE(3, (#1722, #1723, #1724, #1725, #1726), .UNSPECIFIED., .U., .U.)
    B_SPLINE_CURVE_WITH_KNOTS((4, 1, 4), (0.0, 4.500000000000002, 9.000000000000004), .UNSPECIFIED.)
    CURVE()
    GEOMETRIC_REPRESENTATION_ITEM()
    RATIONAL_B_SPLINE_CURVE((1.0, 1.0, 1.0, 1.0, 1.0))
    REPRESENTATION_ITEM('')
);
#1722 = CARTESIAN_POINT('', (1.0000000000000002, 1.0000000000000002, 0.0));
#1723 = CARTESIAN_POINT('', (2.500000000000001, 1.0000000000000002, 0.0));
#1724 = CARTESIAN_POINT('', (5.5, 1.0, 0.0));
#1725 = CARTESIAN_POINT('', (8.5, 1.0, 0.0));
#1726 = CARTESIAN_POINT('', (10.0, 1.0, 0.0));
#1727 = PCURVE('', #1728, #1733);
#1728 = (
    BOUNDED_SURFACE()
    B_SPLINE_SURFACE(1, 1, ((#1729, #1730), (#1731, #1732)), .UNSPECIFIED., .U., .U., .U.)
    B_SPLINE_SURFACE_WITH_KNOTS((2, 2), (2, 2), (0.0, 1.0), (0.0, 1.0), .UNSPECIFIED.)
    GEOMETRIC_REPRESENTATION_ITEM()
    RATIONAL_B_SPLINE_SURFACE(((1.0, 1.0), (1.0, 1.0)))
    REPRESENTATION_ITEM('')
    SURFACE()
);
#1729 = CARTESIAN_POINT('', (0.0, 0.0, 0.0));
#1730 = CARTESIAN_POINT('', (10.0, 0.0, 0.0));
#1731 = CARTESIAN_POINT('', (0.0, 10.0, 0.0));
#1732 = CARTESIAN_POINT('', (10.0, 10.0, 0.0));
#1733 = DEFINITIONAL_REPRESENTATION('', (#1735), #1734);
#1734 = (
    GEOMETRIC_REPRESENTATION_CONTEXT(2)
    PARAMETRIC_REPRESENTATION_CONTEXT()
    REPRESENTATION_CONTEXT('2D SPACE', '')
);
#1735 = (
    BOUNDED_CURVE()
    B_SPLINE_CURVE(3, (#1736, #1737, #1738, #1739, #1740), .UNSPECIFIED., .U., .U.)
    B_SPLINE_CURVE_WITH_KNOTS((4, 1, 4), (0.0, 4.500000000000002, 9.000000000000004), .UNSPECIFIED.)
    CURVE()
    GEOMETRIC_REPRESENTATION_ITEM()
    RATIONAL_B_SPLINE_CURVE((1.0, 1.0, 1.0, 1.0, 1.0))
    REPRESENTATION_ITEM('')
);
#1736 = CARTESIAN_POINT('', (0.10000000000000002, 0.10000000000000002));
#1737 = CARTESIAN_POINT('', (0.10000000000000002, 0.2500000000000001));
#1738 = CARTESIAN_POINT('', (0.1, 0.55));
#1739 = CARTESIAN_POINT('', (0.1, 0.85));
#1740 = CARTESIAN_POINT('', (0.1, 1.0));
#1741 = PCURVE('', #1742, #2063);
#1742 = (
    BOUNDED_SURFACE()
    B_SPLINE_SURFACE(3, 3, ((#1743, #1744, #1745, #1746, #1747, #1748, #1749, #1750, #1751, #1752, #1753, #1754, #1755, #1756, #1757, #1758, #1759, #1760, #1761, #1762, #1763, #1764, #1765, #1766, #1767, #1768, #1769, #1770, #1771, #1772, #1773, #1774, #1775, #1776, #1777, #1778, #1779, #1780, #1781, #1782), (#1783, #1784, #1785, #1786, #1787, #1788, #1789, #1790, #1791, #1792, #1793, #1794, #1795, #1796, #1797, #1798, #1799, #1800, #1801, #1802, #1803, #1804, #1805, #1806, #1807, #1808, #1809, #1810, #1811, #1812, #1813, #1814, #1815, #1816, #1817, #1818, #1819, #1820, #1821, #1822), (#1823, #1824, #1825, #1826, #1827, #1828, #1829, #1830, #1831, #1832, #1833, #1834, #1835, #1836, #1837, #1838, #1839, #1840, #1841, #1842, #1843, #1844, #1845, #1846, #1847, #1848, #1849, #1850, #1851, #1852, #1853, #1854, #1855, #1856, #1857, #1858, #1859, #1860, #1861, #1862), (#1863, #1864, #1865, #1866, #1867, #1868, #1869, #1870, #1871, #1872, #1873, #1874, #1875, #1876, #1877, #1878, #1879, #1880, #1881, #1882, #1883, #1884, #1885, #1886, #1887, #1888, #1889, #1890, #1891, #1892, #1893, #1894, #1895, #1896, #1897, #1898, #1899, #1900, #1901, #1902), (#1903, #1904, #1905, #1906, #1907, #1908, #1909, #1910, #1911, #1912, #1913, #1914, #1915, #1916, #1917, #1918, #1919, #1920, #1921, #1922, #1923, #1924, #1925, #1926, #1927, #1928, #1929, #1930, #1931, #1932, #1933, #1934, #1935, #1936, #1937, #1938, #1939, #1940, #1941, #1942), (#1943, #1944, #1945, #1946, #1947, #1948, #1949, #1950, #1951, #1952, #1953, #1954, #1955, #1956, #1957, #1958, #1959, #1960, #1961, #1962, #1963, #1964, #1965, #1966, #1967, #1968, #1969, #1970, #1971, #1972, #1973, #1974, #1975, #1976, #1977, #1978, #1979, #1980, #1981, #1982), (#1983, #1984, #1985, #1986, #1987, #1988, #1989, #1990, #1991, #1992, #1993, #1994, #1995, #1996, #1997, #1998, #1999, #2000, #2001, #2002, #2003, #2004, #2005, #2006, #2007, #2008, #2009, #2010, #2011, #2012, #2013, #2014, #2015, #2016, #2017, #2018, #2019, #2020, #2021, #2022), (#2023, #2024, #2025, #2026, #2027, #2028, #2029, #2030, #2031, #2032, #2033, #2034, #2035, #2036, #2037, #2038, #2039, #2040, #2041, #2042, #2043, #2044, #2045, #2046, #2047, #2048, #2049, #2050, #2051, #2052, #2053, #2054, #2055, #2056, #2057, #2058, #2059, #2060, #2061, #2062)), .UNSPECIFIED., .U., .U., .U.)
    B_SPLINE_SURFACE_WITH_KNOTS((4, 1, 3, 4), (4, 1, 1, 1, 1, 1, 1, 1, 1, 1, 1, 1, 1, 1, 1, 1, 1, 1, 1, 1, 1, 1, 1, 1, 1, 1, 1, 1, 1, 1, 1, 1, 1, 1, 1, 1, 1, 4), (0.0, 4.500000000000002, 9.000000000000004, 9.000100000000003), (0.0, 0.02702702702702703, 0.05405405405405406, 0.08108108108108109, 0.10810810810810811, 0.13513513513513514, 0.16216216216216217, 0.1891891891891892, 0.21621621621621623, 0.24324324324324326, 0.2702702702702703, 0.2972972972972973, 0.32432432432432434, 0.35135135135135137, 0.3783783783783784, 0.40540540540540543, 0.43243243243243246, 0.4594594594594595, 0.4864864864864865, 0.5135135135135136, 0.5405405405405406, 0.5675675675675675, 0.5945945945945946, 0.6216216216216217, 0.6486486486486487, 0.6756756756756757, 0.7027027027027027, 0.7297297297297298, 0.7567567567567568, 0.7837837837837838, 0.8108108108108109, 0.8378378378378379, 0.8648648648648649, 0.8918918918918919, 0.918918918918919, 0.945945945945946, 0.972972972972973, 1.0), .UNSPECIFIED.)
    GEOMETRIC_REPRESENTATION_ITEM()
    RATIONAL_B_SPLINE_SURFACE(((1.0, 1.0, 1.0, 1.0, 1.0, 1.0, 1.0, 1.0, 1.0, 1.0, 1.0, 1.0, 1.0, 1.0, 1.0, 1.0, 1.0, 1.0, 1.0, 1.0, 1.0, 1.0, 1.0, 1.0, 1.0, 1.0, 1.0, 1.0, 1.0, 1.0, 1.0, 1.0, 1.0, 1.0, 1.0, 1.0, 1.0, 1.0, 1.0, 1.0), (1.0, 1.0, 1.0, 1.0, 1.0, 1.0, 1.0, 1.0, 1.0, 1.0, 1.0, 1.0, 1.0, 1.0, 1.0, 1.0, 1.0, 1.0, 1.0, 1.0, 1.0, 1.0, 1.0, 1.0, 1.0, 1.0, 1.0, 1.0, 1.0, 1.0, 1.0, 1.0, 1.0, 1.0, 1.0, 1.0, 1.0, 1.0, 1.0, 1.0), (1.0, 1.0, 1.0, 1.0, 1.0, 1.0, 1.0, 1.0, 1.0, 1.0, 1.0, 1.0, 1.0, 1.0, 1.0, 1.0, 1.0, 1.0, 1.0, 1.0, 1.0, 1.0, 1.0, 1.0, 1.0, 1.0, 1.0, 1.0, 1.0, 1.0, 1.0, 1.0, 1.0, 1.0, 1.0, 1.0, 1.0, 1.0, 1.0, 1.0), (1.0, 1.0, 1.0, 1.0, 1.0, 1.0, 1.0, 1.0, 1.0, 1.0, 1.0, 1.0, 1.0, 1.0, 1.0, 1.0, 1.0, 1.0, 1.0, 1.0, 1.0, 1.0, 1.0, 1.0, 1.0, 1.0, 1.0, 1.0, 1.0, 1.0, 1.0, 1.0, 1.0, 1.0, 1.0, 1.0, 1.0, 1.0, 1.0, 1.0), (1.0, 1.0, 1.0, 1.0, 1.0, 1.0, 1.0, 1.0, 1.0, 1.0, 1.0, 1.0, 1.0, 1.0, 1.0, 1.0, 1.0, 1.0, 1.0, 1.0, 1.0, 1.0, 1.0, 1.0, 1.0, 1.0, 1.0, 1.0, 1.0, 1.0, 1.0, 1.0, 1.0, 1.0, 1.0, 1.0, 1.0, 1.0, 1.0, 1.0), (1.0, 1.0, 1.0, 1.0, 1.0, 1.0, 1.0, 1.0, 1.0, 1.0, 1.0, 1.0, 1.0, 1.0, 1.0, 1.0, 1.0, 1.0, 1.0, 1.0, 1.0, 1.0, 1.0, 1.0, 1.0, 1.0, 1.0, 1.0, 1.0, 1.0, 1.0, 1.0, 1.0, 1.0, 1.0, 1.0, 1.0, 1.0, 1.0, 1.0), (1.0, 1.0, 1.0, 1.0, 1.0, 1.0, 1.0, 1.0, 1.0, 1.0, 1.0, 1.0, 1.0, 1.0, 1.0, 1.0, 1.0, 1.0, 1.0, 1.0, 1.0, 1.0, 1.0, 1.0, 1.0, 1.0, 1.0, 1.0, 1.0, 1.0, 1.0, 1.0, 1.0, 1.0, 1.0, 1.0, 1.0, 1.0, 1.0, 1.0), (1.0, 1.0, 1.0, 1.0, 1.0, 1.0, 1.0, 1.0, 1.0, 1.0, 1.0, 1.0, 1.0, 1.0, 1.0, 1.0, 1.0, 1.0, 1.0, 1.0, 1.0, 1.0, 1.0, 1.0, 1.0, 1.0, 1.0, 1.0, 1.0, 1.0, 1.0, 1.0, 1.0, 1.0, 1.0, 1.0, 1.0, 1.0, 1.0, 1.0)))
    REPRESENTATION_ITEM('')
    SURFACE()
);
#1743 = CARTESIAN_POINT('', (1.0000000000000002, 1.0000000000000002, 0.0));
#1744 = CARTESIAN_POINT('', (1.0000000000000002, 0.9858486817405867, 9.9261673506E-24));
#1745 = CARTESIAN_POINT('', (1.0000000000000004, 0.9575460459450705, 6.0086161170E-4));
#1746 = CARTESIAN_POINT('', (0.9999999999999991, 0.9151685964129563, 3.3031561841E-3));
#1747 = CARTESIAN_POINT('', (1.0000000000000013, 0.8729440191387751, 7.8015578851E-3));
#1748 = CARTESIAN_POINT('', (0.9999999999999978, 0.8309484051630711, 0.014087972356768782));
#1749 = CARTESIAN_POINT('', (1.000000000000001, 0.789257433677989, 0.022151064752840417));
#1750 = CARTESIAN_POINT('', (1.0000000000000004, 0.7479462344826295, 0.0319763081423398));
#1751 = CARTESIAN_POINT('', (0.9999999999999993, 0.7070892532388805, 0.04354599505801641));
#1752 = CARTESIAN_POINT('', (1.0000000000000027, 0.6667601169508405, 0.056839277088437765));
#1753 = CARTESIAN_POINT('', (0.9999999999999983, 0.6270315014727166, 0.07183219833132579));
#1754 = CARTESIAN_POINT('', (1.0000000000000009, 0.5879750004178579, 0.0884977407387255));
#1755 = CARTESIAN_POINT('', (1.000000000000001, 0.5496609962563305, 0.10680587176784899));
#1756 = CARTESIAN_POINT('', (0.9999999999999993, 0.5121585334271662, 0.12672359903693567));
#1757 = CARTESIAN_POINT('', (1.0000000000000007, 0.47553519390664506, 0.14821502941100584));
#1758 = CARTESIAN_POINT('', (1.0000000000000002, 0.4398569754182275, 0.17124143388092075));
#1759 = CARTESIAN_POINT('', (0.9999999999999992, 0.40518817249077027, 0.19576131725617948));
#1760 = CARTESIAN_POINT('', (1.0000000000000013, 0.3715912606869135, 0.22173049311334803));
#1761 = CARTESIAN_POINT('', (1.0000000000000018, 0.33912678391868534, 0.24910216324055184));
#1762 = CARTESIAN_POINT('', (1.0000000000000004, 0.3078532453723589, 0.27782700204140237));
#1763 = CARTESIAN_POINT('', (0.9999999999999983, 0.27782700204140304, 0.3078532453723595));
#1764 = CARTESIAN_POINT('', (1.0000000000000016, 0.24910216324055112, 0.3391267839186841));
#1765 = CARTESIAN_POINT('', (0.9999999999999999, 0.2217304931133488, 0.3715912606869137));
#1766 = CARTESIAN_POINT('', (1.0, 0.19576131725617957, 0.40518817249076955));
#1767 = CARTESIAN_POINT('', (1.000000000000001, 0.17124143388092153, 0.43985697541822816));
#1768 = CARTESIAN_POINT('', (1.0000000000000007, 0.14821502941100556, 0.4755351939066439));
#1769 = CARTESIAN_POINT('', (0.9999999999999997, 0.12672359903693642, 0.5121585334271673));
#1770 = CARTESIAN_POINT('', (1.0000000000000009, 0.1068058717678489, 0.549660996256329));
#1771 = CARTESIAN_POINT('', (0.9999999999999998, 0.08849774073872597, 0.5879750004178591));
#1772 = CARTESIAN_POINT('', (1.000000000000001, 0.07183219833132565, 0.6270315014727152));
#1773 = CARTESIAN_POINT('', (0.9999999999999976, 0.056839277088437994, 0.666760116950839));
#1774 = CARTESIAN_POINT('', (1.0000000000000027, 0.043545995058016554, 0.7070892532388812));
#1775 = CARTESIAN_POINT('', (0.9999999999999977, 0.03197630814234007, 0.747946234482628));
#1776 = CARTESIAN_POINT('', (1.000000000000003, 0.022151064752840493, 0.7892574336779898));
#1777 = CARTESIAN_POINT('', (0.9999999999999968, 0.014087972356769169, 0.8309484051630716));
#1778 = CARTESIAN_POINT('', (1.0000000000000024, 7.8015578851E-3, 0.8729440191387747));
#1779 = CARTESIAN_POINT('', (0.9999999999999961, 3.3031561841E-3, 0.9151685964129546));
#1780 = CARTESIAN_POINT('', (1.000000000000005, 6.0086161170E-4, 0.9575460459450745));
#1781 = CARTESIAN_POINT('', (1.0000000000000002, 2.2291110805E-16, 0.9858486817405865));
#1782 = CARTESIAN_POINT('', (1.0000000000000002, 0.0, 1.0000000000000002));
#1783 = CARTESIAN_POINT('', (2.500000000000001, 1.0000000000000002, 0.0));
#1784 = CARTESIAN_POINT('', (2.500000000000001, 0.9858486817405869, 9.9261673506E-24));
#1785 = CARTESIAN_POINT('', (2.4999999999999947, 0.9575460459450713, 6.0086161170E-4));
#1786 = CARTESIAN_POINT('', (2.500000000000008, 0.9151685964129563, 3.3031561841E-3));
#1787 = CARTESIAN_POINT('', (2.4999999999999996, 0.8729440191387752, 7.8015578851E-3));
#1788 = CARTESIAN_POINT('', (2.499999999999999, 0.8309484051630714, 0.014087972356768784));
#1789 = CARTESIAN_POINT('', (2.5000000000000053, 0.7892574336779891, 0.02215106475284042));
#1790 = CARTESIAN_POINT('', (2.500000000000001, 0.7479462344826296, 0.03197630814233981));
#1791 = CARTESIAN_POINT('', (2.5000000000000044, 0.7070892532388806, 0.043545995058016415));
#1792 = CARTESIAN_POINT('', (2.4999999999999956, 0.6667601169508408, 0.05683927708843778));
#1793 = CARTESIAN_POINT('', (2.5000000000000058, 0.6270315014727167, 0.0718321983313258));
#1794 = CARTESIAN_POINT('', (2.4999999999999942, 0.5879750004178579, 0.08849774073872552));
#1795 = CARTESIAN_POINT('', (2.5000000000000147, 0.5496609962563308, 0.106805871767849));
#1796 = CARTESIAN_POINT('', (2.4999999999999942, 0.5121585334271661, 0.1267235990369357));
#1797 = CARTESIAN_POINT('', (2.500000000000003, 0.4755351939066452, 0.14821502941100587));
#1798 = CARTESIAN_POINT('', (2.4999999999999933, 0.4398569754182274, 0.17124143388092078));
#1799 = CARTESIAN_POINT('', (2.5000000000000044, 0.40518817249077066, 0.1957613172561795));
#1800 = CARTESIAN_POINT('', (2.499999999999996, 0.37159126068691345, 0.22173049311334805));
#1801 = CARTESIAN_POINT('', (2.5000000000000107, 0.33912678391868545, 0.24910216324055187));
#1802 = CARTESIAN_POINT('', (2.500000000000009, 0.307853245372359, 0.2778270020414024));
#1803 = CARTESIAN_POINT('', (2.49999999999999, 0.2778270020414031, 0.3078532453723596));
#1804 = CARTESIAN_POINT('', (2.5000000000000098, 0.24910216324055123, 0.33912678391868417));
#1805 = CARTESIAN_POINT('', (2.4999999999999907, 0.22173049311334886, 0.3715912606869138));
#1806 = CARTESIAN_POINT('', (2.500000000000004, 0.19576131725617946, 0.40518817249076966));
#1807 = CARTESIAN_POINT('', (2.5000000000000013, 0.17124143388092172, 0.4398569754182282));
#1808 = CARTESIAN_POINT('', (2.5000000000000013, 0.1482150294110055, 0.475535193906644));
#1809 = CARTESIAN_POINT('', (2.4999999999999973, 0.12672359903693653, 0.5121585334271674));
#1810 = CARTESIAN_POINT('', (2.500000000000003, 0.10680587176784888, 0.549660996256329));
#1811 = CARTESIAN_POINT('', (2.500000000000001, 0.08849774073872603, 0.5879750004178592));
#1812 = CARTESIAN_POINT('', (2.5000000000000013, 0.07183219833132569, 0.6270315014727154));
#1813 = CARTESIAN_POINT('', (2.4999999999999987, 0.056839277088438014, 0.6667601169508391));
#1814 = CARTESIAN_POINT('', (2.499999999999994, 0.04354599505801664, 0.7070892532388813));
#1815 = CARTESIAN_POINT('', (2.500000000000009, 0.03197630814234009, 0.7479462344826282));
#1816 = CARTESIAN_POINT('', (2.499999999999993, 0.02215106475284053, 0.7892574336779901));
#1817 = CARTESIAN_POINT('', (2.5000000000000138, 0.014087972356769198, 0.8309484051630717));
#1818 = CARTESIAN_POINT('', (2.499999999999987, 7.8015578851E-3, 0.872944019138775));
#1819 = CARTESIAN_POINT('', (2.5000000000000098, 3.3031561841E-3, 0.9151685964129547));
#1820 = CARTESIAN_POINT('', (2.4999999999999987, 6.0086161170E-4, 0.9575460459450746));
#1821 = CARTESIAN_POINT('', (2.5000000000000004, 2.5037451630E-16, 0.9858486817405867));
#1822 = CARTESIAN_POINT('', (2.500000000000001, 0.0, 1.0000000000000002));
#1823 = CARTESIAN_POINT('', (5.5, 1.0, 0.0));
#1824 = CARTESIAN_POINT('', (5.500000000000002, 0.9858486817405869, 9.9261673506E-24));
#1825 = CARTESIAN_POINT('', (5.499999999999989, 0.9575460459450721, 6.0086161170E-4));
#1826 = CARTESIAN_POINT('', (5.500000000000005, 0.9151685964129557, 3.3031561841E-3));
#1827 = CARTESIAN_POINT('', (5.500000000000005, 0.8729440191387753, 7.8015578851E-3));
#1828 = CARTESIAN_POINT('', (5.499999999999991, 0.8309484051630713, 0.014087972356768785));
#1829 = CARTESIAN_POINT('', (5.500000000000009, 0.7892574336779891, 0.022151064752840427));
#1830 = CARTESIAN_POINT('', (5.499999999999998, 0.7479462344826293, 0.031976308142339815));
#1831 = CARTESIAN_POINT('', (5.500000000000009, 0.7070892532388802, 0.04354599505801643));
#1832 = CARTESIAN_POINT('', (5.500000000000001, 0.666760116950841, 0.05683927708843779));
#1833 = CARTESIAN_POINT('', (5.500000000000007, 0.6270315014727164, 0.07183219833132581));
#1834 = CARTESIAN_POINT('', (5.499999999999996, 0.5879750004178577, 0.08849774073872554));
#1835 = CARTESIAN_POINT('', (5.500000000000018, 0.5496609962563307, 0.10680587176784903));
#1836 = CARTESIAN_POINT('', (5.499999999999998, 0.5121585334271657, 0.12672359903693572));
#1837 = CARTESIAN_POINT('', (5.499999999999998, 0.4755351939066451, 0.1482150294110059));
#1838 = CARTESIAN_POINT('', (5.4999999999999964, 0.439856975418227, 0.17124143388092083));
#1839 = CARTESIAN_POINT('', (5.5, 0.40518817249077077, 0.19576131725617957));
#1840 = CARTESIAN_POINT('', (5.499999999999995, 0.37159126068691295, 0.22173049311334808));
#1841 = CARTESIAN_POINT('', (5.500000000000023, 0.3391267839186853, 0.2491021632405519));
#1842 = CARTESIAN_POINT('', (5.4999999999999964, 0.3078532453723587, 0.2778270020414025));
#1843 = CARTESIAN_POINT('', (5.500000000000002, 0.27782700204140287, 0.30785324537235964));
#1844 = CARTESIAN_POINT('', (5.4999999999999964, 0.24910216324055112, 0.3391267839186842));
#1845 = CARTESIAN_POINT('', (5.5000000000000036, 0.22173049311334858, 0.37159126068691384));
#1846 = CARTESIAN_POINT('', (5.499999999999993, 0.19576131725617907, 0.40518817249076977));
#1847 = CARTESIAN_POINT('', (5.500000000000011, 0.17124143388092153, 0.4398569754182283));
#1848 = CARTESIAN_POINT('', (5.499999999999995, 0.14821502941100523, 0.4755351939066441));
#1849 = CARTESIAN_POINT('', (5.500000000000006, 0.1267235990369363, 0.5121585334271676));
#1850 = CARTESIAN_POINT('', (5.499999999999997, 0.10680587176784853, 0.5496609962563292));
#1851 = CARTESIAN_POINT('', (5.500000000000011, 0.08849774073872577, 0.5879750004178592));
#1852 = CARTESIAN_POINT('', (5.4999999999999964, 0.07183219833132543, 0.6270315014727155));
#1853 = CARTESIAN_POINT('', (5.5000000000000036, 0.056839277088437716, 0.6667601169508393));
#1854 = CARTESIAN_POINT('', (5.499999999999991, 0.04354599505801641, 0.7070892532388815));
#1855 = CARTESIAN_POINT('', (5.50000000000001, 0.03197630814233979, 0.7479462344826283));
#1856 = CARTESIAN_POINT('', (5.4999999999999964, 0.022151064752840247, 0.7892574336779902));
#1857 = CARTESIAN_POINT('', (5.500000000000009, 0.01408797235676892, 0.8309484051630718));
#1858 = CARTESIAN_POINT('', (5.499999999999995, 7.8015578851E-3, 0.8729440191387752));
#1859 = CARTESIAN_POINT('', (5.500000000000003, 3.3031561841E-3, 0.9151685964129548));
#1860 = CARTESIAN_POINT('', (5.500000000000011, 6.0086161170E-4, 0.9575460459450749));
#1861 = CARTESIAN_POINT('', (5.500000000000002, -3.6140938750E-17, 0.9858486817405869));
#1862 = CARTESIAN_POINT('', (5.5, 0.0, 1.0));
#1863 = CARTESIAN_POINT('', (8.5, 1.0, 0.0));
#1864 = CARTESIAN_POINT('', (8.500000000000002, 0.9858486817405867, 9.9261673506E-24));
#1865 = CARTESIAN_POINT('', (8.499999999999991, 0.957546045945072, 6.0086161170E-4));
#1866 = CARTESIAN_POINT('', (8.49999999999999, 0.9151685964129554, 3.3031561841E-3));
#1867 = CARTESIAN_POINT('', (8.500000000000018, 0.8729440191387752, 7.8015578851E-3));
#1868 = CARTESIAN_POINT('', (8.499999999999975, 0.8309484051630711, 0.014087972356768787));
#1869 = CARTESIAN_POINT('', (8.500000000000012, 0.789257433677989, 0.022151064752840427));
#1870 = CARTESIAN_POINT('', (8.499999999999993, 0.7479462344826291, 0.03197630814233981));
#1871 = CARTESIAN_POINT('', (8.50000000000001, 0.70708925323888, 0.04354599505801642));
#1872 = CARTESIAN_POINT('', (8.500000000000016, 0.6667601169508408, 0.05683927708843778));
#1873 = CARTESIAN_POINT('', (8.500000000000002, 0.6270315014727161, 0.07183219833132581));
#1874 = CARTESIAN_POINT('', (8.500000000000004, 0.5879750004178577, 0.08849774073872553));
#1875 = CARTESIAN_POINT('', (8.500000000000005, 0.5496609962563305, 0.10680587176784903));
#1876 = CARTESIAN_POINT('', (8.500000000000005, 0.5121585334271656, 0.12672359903693572));
#1877 = CARTESIAN_POINT('', (8.499999999999995, 0.47553519390664495, 0.1482150294110059));
#1878 = CARTESIAN_POINT('', (8.500000000000005, 0.4398569754182269, 0.17124143388092083));
#1879 = CARTESIAN_POINT('', (8.49999999999999, 0.40518817249077066, 0.19576131725617957));
#1880 = CARTESIAN_POINT('', (8.499999999999996, 0.3715912606869128, 0.2217304931133481));
#1881 = CARTESIAN_POINT('', (8.500000000000032, 0.3391267839186851, 0.24910216324055193));
#1882 = CARTESIAN_POINT('', (8.49999999999997, 0.3078532453723586, 0.2778270020414025));
#1883 = CARTESIAN_POINT('', (8.500000000000028, 0.27782700204140265, 0.3078532453723596));
#1884 = CARTESIAN_POINT('', (8.499999999999972, 0.249102163240551, 0.3391267839186842));
#1885 = CARTESIAN_POINT('', (8.500000000000032, 0.22173049311334841, 0.37159126068691384));
#1886 = CARTESIAN_POINT('', (8.499999999999973, 0.19576131725617896, 0.40518817249076966));
#1887 = CARTESIAN_POINT('', (8.500000000000025, 0.17124143388092133, 0.4398569754182283));
#1888 = CARTESIAN_POINT('', (8.499999999999986, 0.14821502941100512, 0.475535193906644));
#1889 = CARTESIAN_POINT('', (8.50000000000002, 0.12672359903693614, 0.5121585334271676));
#1890 = CARTESIAN_POINT('', (8.49999999999999, 0.10680587176784839, 0.5496609962563292));
#1891 = CARTESIAN_POINT('', (8.50000000000002, 0.08849774073872563, 0.5879750004178593));
#1892 = CARTESIAN_POINT('', (8.49999999999999, 0.07183219833132529, 0.6270315014727155));
#1893 = CARTESIAN_POINT('', (8.500000000000005, 0.05683927708843757, 0.6667601169508393));
#1894 = CARTESIAN_POINT('', (8.500000000000004, 0.04354599505801626, 0.7070892532388815));
#1895 = CARTESIAN_POINT('', (8.499999999999991, 0.03197630814233964, 0.7479462344826283));
#1896 = CARTESIAN_POINT('', (8.500000000000018, 0.022151064752840108, 0.7892574336779901));
#1897 = CARTESIAN_POINT('', (8.499999999999977, 0.014087972356768782, 0.8309484051630718));
#1898 = CARTESIAN_POINT('', (8.500000000000025, 7.8015578851E-3, 0.872944019138775));
#1899 = CARTESIAN_POINT('', (8.499999999999975, 3.3031561841E-3, 0.9151685964129548));
#1900 = CARTESIAN_POINT('', (8.500000000000039, 6.0086161170E-4, 0.957546045945075));
#1901 = CARTESIAN_POINT('', (8.500000000000004, -1.7462665277E-16, 0.9858486817405868));
#1902 = CARTESIAN_POINT('', (8.5, 0.0, 1.0));
#1903 = CARTESIAN_POINT('', (10.0, 1.0, 0.0));
#1904 = CARTESIAN_POINT('', (10.000000000000004, 0.9858486817405868, 9.9261673506E-24));
#1905 = CARTESIAN_POINT('', (9.999999999999991, 0.9575460459450719, 6.0086161170E-4));
#1906 = CARTESIAN_POINT('', (9.999999999999984, 0.9151685964129558, 3.3031561841E-3));
#1907 = CARTESIAN_POINT('', (10.000000000000023, 0.8729440191387753, 7.8015578851E-3));
#1908 = CARTESIAN_POINT('', (9.999999999999968, 0.8309484051630714, 0.014087972356768787));
#1909 = CARTESIAN_POINT('', (10.000000000000016, 0.7892574336779891, 0.022151064752840427));
#1910 = CARTESIAN_POINT('', (9.999999999999991, 0.7479462344826293, 0.03197630814233981));
#1911 = CARTESIAN_POINT('', (10.000000000000012, 0.7070892532388802, 0.04354599505801642));
#1912 = CARTESIAN_POINT('', (10.00000000000002, 0.6667601169508409, 0.05683927708843778));
#1913 = CARTESIAN_POINT('', (10.000000000000002, 0.6270315014727165, 0.07183219833132581));
#1914 = CARTESIAN_POINT('', (10.000000000000002, 0.5879750004178578, 0.08849774073872553));
#1915 = CARTESIAN_POINT('', (10.000000000000005, 0.5496609962563306, 0.10680587176784903));
#1916 = CARTESIAN_POINT('', (10.000000000000005, 0.5121585334271658, 0.12672359903693572));
#1917 = CARTESIAN_POINT('', (9.999999999999996, 0.47553519390664506, 0.1482150294110059));
#1918 = CARTESIAN_POINT('', (10.000000000000005, 0.4398569754182271, 0.17124143388092083));
#1919 = CARTESIAN_POINT('', (9.99999999999999, 0.4051881724907707, 0.19576131725617957));
#1920 = CARTESIAN_POINT('', (9.999999999999995, 0.371591260686913, 0.2217304931133481));
#1921 = CARTESIAN_POINT('', (10.000000000000039, 0.3391267839186852, 0.24910216324055193));
#1922 = CARTESIAN_POINT('', (9.999999999999964, 0.3078532453723587, 0.2778270020414025));
#1923 = CARTESIAN_POINT('', (10.000000000000032, 0.27782700204140287, 0.3078532453723596));
#1924 = CARTESIAN_POINT('', (9.999999999999968, 0.24910216324055115, 0.3391267839186842));
#1925 = CARTESIAN_POINT('', (10.000000000000039, 0.2217304931133486, 0.37159126068691384));
#1926 = CARTESIAN_POINT('', (9.99999999999997, 0.19576131725617915, 0.40518817249076966));
#1927 = CARTESIAN_POINT('', (10.000000000000028, 0.17124143388092153, 0.4398569754182283));
#1928 = CARTESIAN_POINT('', (9.999999999999984, 0.14821502941100528, 0.475535193906644));
#1929 = CARTESIAN_POINT('', (10.000000000000021, 0.1267235990369363, 0.5121585334271676));
#1930 = CARTESIAN_POINT('', (9.999999999999988, 0.10680587176784857, 0.5496609962563292));
#1931 = CARTESIAN_POINT('', (10.00000000000002, 0.0884977407387258, 0.5879750004178593));
#1932 = CARTESIAN_POINT('', (9.999999999999988, 0.07183219833132547, 0.6270315014727155));
#1933 = CARTESIAN_POINT('', (10.000000000000004, 0.05683927708843775, 0.6667601169508393));
#1934 = CARTESIAN_POINT('', (10.000000000000012, 0.04354599505801643, 0.7070892532388815));
#1935 = CARTESIAN_POINT('', (9.999999999999984, 0.03197630814233982, 0.7479462344826283));
#1936 = CARTESIAN_POINT('', (10.000000000000027, 0.02215106475284028, 0.7892574336779901));
#1937 = CARTESIAN_POINT('', (9.999999999999966, 0.014087972356768955, 0.8309484051630718));
#1938 = CARTESIAN_POINT('', (10.000000000000032, 7.8015578851E-3, 0.872944019138775));
#1939 = CARTESIAN_POINT('', (9.999999999999968, 3.3031561841E-3, 0.9151685964129548));
#1940 = CARTESIAN_POINT('', (10.000000000000048, 6.0086161170E-4, 0.957546045945075));
#1941 = CARTESIAN_POINT('', (10.000000000000004, 8.6649650707E-19, 0.9858486817405868));
#1942 = CARTESIAN_POINT('', (10.0, 0.0, 1.0));
#1943 = CARTESIAN_POINT('', (10.000033333333333, 1.0, 0.0));
#1944 = CARTESIAN_POINT('', (10.000033333333336, 0.9858486817405869, 9.9261673506E-24));
#1945 = CARTESIAN_POINT('', (10.000033333333324, 0.9575460459450719, 6.0086161170E-4));
#1946 = CARTESIAN_POINT('', (10.000033333333317, 0.9151685964129558, 3.3031561841E-3));
#1947 = CARTESIAN_POINT('', (10.000033333333356, 0.8729440191387753, 7.8015578851E-3));
#1948 = CARTESIAN_POINT('', (10.0000333333333, 0.8309484051630714, 0.014087972356768787));
#1949 = CARTESIAN_POINT('', (10.000033333333349, 0.7892574336779891, 0.022151064752840427));
#1950 = CARTESIAN_POINT('', (10.000033333333324, 0.7479462344826293, 0.03197630814233981));
#1951 = CARTESIAN_POINT('', (10.000033333333345, 0.7070892532388802, 0.04354599505801642));
#1952 = CARTESIAN_POINT('', (10.000033333333352, 0.666760116950841, 0.05683927708843778));
#1953 = CARTESIAN_POINT('', (10.000033333333334, 0.6270315014727165, 0.07183219833132581));
#1954 = CARTESIAN_POINT('', (10.000033333333334, 0.5879750004178578, 0.08849774073872553));
#1955 = CARTESIAN_POINT('', (10.000033333333338, 0.5496609962563307, 0.10680587176784903));
#1956 = CARTESIAN_POINT('', (10.000033333333338, 0.5121585334271659, 0.12672359903693572));
#1957 = CARTESIAN_POINT('', (10.000033333333329, 0.47553519390664506, 0.1482150294110059));
#1958 = CARTESIAN_POINT('', (10.000033333333338, 0.43985697541822716, 0.17124143388092083));
#1959 = CARTESIAN_POINT('', (10.000033333333322, 0.4051881724907707, 0.19576131725617957));
#1960 = CARTESIAN_POINT('', (10.000033333333327, 0.37159126068691306, 0.2217304931133481));
#1961 = CARTESIAN_POINT('', (10.000033333333372, 0.3391267839186853, 0.24910216324055193));
#1962 = CARTESIAN_POINT('', (10.000033333333297, 0.3078532453723587, 0.2778270020414025));
#1963 = CARTESIAN_POINT('', (10.000033333333365, 0.27782700204140287, 0.3078532453723596));
#1964 = CARTESIAN_POINT('', (10.0000333333333, 0.24910216324055115, 0.3391267839186842));
#1965 = CARTESIAN_POINT('', (10.000033333333372, 0.22173049311334864, 0.37159126068691384));
#1966 = CARTESIAN_POINT('', (10.000033333333302, 0.19576131725617915, 0.40518817249076966));
#1967 = CARTESIAN_POINT('', (10.000033333333361, 0.17124143388092153, 0.4398569754182283));
#1968 = CARTESIAN_POINT('', (10.000033333333317, 0.14821502941100528, 0.475535193906644));
#1969 = CARTESIAN_POINT('', (10.000033333333354, 0.1267235990369363, 0.5121585334271676));
#1970 = CARTESIAN_POINT('', (10.00003333333332, 0.10680587176784857, 0.5496609962563292));
#1971 = CARTESIAN_POINT('', (10.000033333333352, 0.0884977407387258, 0.5879750004178593));
#1972 = CARTESIAN_POINT('', (10.00003333333332, 0.07183219833132547, 0.6270315014727155));
#1973 = CARTESIAN_POINT('', (10.000033333333336, 0.05683927708843776, 0.6667601169508393));
#1974 = CARTESIAN_POINT('', (10.000033333333345, 0.04354599505801643, 0.7070892532388815));
#1975 = CARTESIAN_POINT('', (10.000033333333317, 0.03197630814233982, 0.7479462344826283));
#1976 = CARTESIAN_POINT('', (10.00003333333336, 0.02215106475284028, 0.7892574336779901));
#1977 = CARTESIAN_POINT('', (10.000033333333299, 0.014087972356768955, 0.8309484051630718));
#1978 = CARTESIAN_POINT('', (10.000033333333365, 7.8015578851E-3, 0.872944019138775));
#1979 = CARTESIAN_POINT('', (10.0000333333333, 3.3031561841E-3, 0.9151685964129548));
#1980 = CARTESIAN_POINT('', (10.00003333333338, 6.0086161170E-4, 0.957546045945075));
#1981 = CARTESIAN_POINT('', (10.000033333333336, 8.7039635483E-19, 0.9858486817405868));
#1982 = CARTESIAN_POINT('', (10.000033333333333, 0.0, 1.0));
#1983 = CARTESIAN_POINT('', (10.000066666666665, 1.0, 0.0));
#1984 = CARTESIAN_POINT('', (10.000066666666669, 0.985848681740587, 9.9261673506E-24));
#1985 = CARTESIAN_POINT('', (10.000066666666656, 0.9575460459450719, 6.0086161170E-4));
#1986 = CARTESIAN_POINT('', (10.00006666666665, 0.9151685964129558, 3.3031561841E-3));
#1987 = CARTESIAN_POINT('', (10.000066666666688, 0.8729440191387753, 7.8015578851E-3));
#1988 = CARTESIAN_POINT('', (10.000066666666633, 0.8309484051630714, 0.014087972356768787));
#1989 = CARTESIAN_POINT('', (10.000066666666681, 0.7892574336779891, 0.022151064752840427));
#1990 = CARTESIAN_POINT('', (10.000066666666656, 0.7479462344826293, 0.03197630814233981));
#1991 = CARTESIAN_POINT('', (10.000066666666678, 0.7070892532388802, 0.04354599505801642));
#1992 = CARTESIAN_POINT('', (10.000066666666685, 0.6667601169508411, 0.05683927708843778));
#1993 = CARTESIAN_POINT('', (10.000066666666667, 0.6270315014727165, 0.07183219833132581));
#1994 = CARTESIAN_POINT('', (10.000066666666667, 0.5879750004178578, 0.08849774073872553));
#1995 = CARTESIAN_POINT('', (10.00006666666667, 0.5496609962563308, 0.10680587176784903));
#1996 = CARTESIAN_POINT('', (10.00006666666667, 0.512158533427166, 0.12672359903693572));
#1997 = CARTESIAN_POINT('', (10.000066666666662, 0.47553519390664506, 0.1482150294110059));
#1998 = CARTESIAN_POINT('', (10.00006666666667, 0.4398569754182272, 0.17124143388092083));
#1999 = CARTESIAN_POINT('', (10.000066666666655, 0.4051881724907707, 0.19576131725617957));
#2000 = CARTESIAN_POINT('', (10.00006666666666, 0.3715912606869131, 0.2217304931133481));
#2001 = CARTESIAN_POINT('', (10.000066666666704, 0.33912678391868534, 0.24910216324055193));
#2002 = CARTESIAN_POINT('', (10.00006666666663, 0.3078532453723587, 0.2778270020414025));
#2003 = CARTESIAN_POINT('', (10.000066666666697, 0.27782700204140287, 0.3078532453723596));
#2004 = CARTESIAN_POINT('', (10.000066666666633, 0.24910216324055115, 0.3391267839186842));
#2005 = CARTESIAN_POINT('', (10.000066666666704, 0.22173049311334866, 0.37159126068691384));
#2006 = CARTESIAN_POINT('', (10.000066666666635, 0.19576131725617915, 0.40518817249076966));
#2007 = CARTESIAN_POINT('', (10.000066666666694, 0.17124143388092153, 0.4398569754182283));
#2008 = CARTESIAN_POINT('', (10.00006666666665, 0.14821502941100528, 0.475535193906644));
#2009 = CARTESIAN_POINT('', (10.000066666666687, 0.1267235990369363, 0.5121585334271676));
#2010 = CARTESIAN_POINT('', (10.000066666666653, 0.10680587176784857, 0.5496609962563292));
#2011 = CARTESIAN_POINT('', (10.000066666666685, 0.0884977407387258, 0.5879750004178593));
#2012 = CARTESIAN_POINT('', (10.000066666666653, 0.07183219833132547, 0.6270315014727155));
#2013 = CARTESIAN_POINT('', (10.000066666666669, 0.056839277088437765, 0.6667601169508393));
#2014 = CARTESIAN_POINT('', (10.000066666666678, 0.04354599505801643, 0.7070892532388815));
#2015 = CARTESIAN_POINT('', (10.00006666666665, 0.03197630814233982, 0.7479462344826283));
#2016 = CARTESIAN_POINT('', (10.000066666666692, 0.02215106475284028, 0.7892574336779901));
#2017 = CARTESIAN_POINT('', (10.000066666666632, 0.014087972356768955, 0.8309484051630718));
#2018 = CARTESIAN_POINT('', (10.000066666666697, 7.8015578851E-3, 0.872944019138775));
#2019 = CARTESIAN_POINT('', (10.000066666666633, 3.3031561841E-3, 0.9151685964129548));
#2020 = CARTESIAN_POINT('', (10.000066666666713, 6.0086161170E-4, 0.957546045945075));
#2021 = CARTESIAN_POINT('', (10.000066666666669, 8.7429632345E-19, 0.9858486817405868));
#2022 = CARTESIAN_POINT('', (10.000066666666665, 0.0, 1.0));
#2023 = CARTESIAN_POINT('', (10.000099999999998, 1.0, 0.0));
#2024 = CARTESIAN_POINT('', (10.000100000000002, 0.9858486817405872, 9.9261673506E-24));
#2025 = CARTESIAN_POINT('', (10.000099999999989, 0.9575460459450719, 6.0086161170E-4));
#2026 = CARTESIAN_POINT('', (10.000099999999982, 0.9151685964129558, 3.3031561841E-3));
#2027 = CARTESIAN_POINT('', (10.000100000000021, 0.8729440191387753, 7.8015578851E-3));
#2028 = CARTESIAN_POINT('', (10.000099999999966, 0.8309484051630714, 0.014087972356768787));
#2029 = CARTESIAN_POINT('', (10.000100000000014, 0.7892574336779891, 0.022151064752840427));
#2030 = CARTESIAN_POINT('', (10.000099999999989, 0.7479462344826293, 0.03197630814233981));
#2031 = CARTESIAN_POINT('', (10.00010000000001, 0.7070892532388802, 0.04354599505801642));
#2032 = CARTESIAN_POINT('', (10.000100000000018, 0.6667601169508413, 0.05683927708843778));
#2033 = CARTESIAN_POINT('', (10.0001, 0.6270315014727165, 0.07183219833132581));
#2034 = CARTESIAN_POINT('', (10.0001, 0.5879750004178578, 0.08849774073872553));
#2035 = CARTESIAN_POINT('', (10.000100000000003, 0.5496609962563309, 0.10680587176784903));
#2036 = CARTESIAN_POINT('', (10.000100000000003, 0.5121585334271661, 0.12672359903693572));
#2037 = CARTESIAN_POINT('', (10.000099999999994, 0.47553519390664506, 0.1482150294110059));
#2038 = CARTESIAN_POINT('', (10.000100000000003, 0.43985697541822727, 0.17124143388092083));
#2039 = CARTESIAN_POINT('', (10.000099999999987, 0.4051881724907707, 0.19576131725617957));
#2040 = CARTESIAN_POINT('', (10.000099999999993, 0.37159126068691317, 0.2217304931133481));
#2041 = CARTESIAN_POINT('', (10.000100000000037, 0.3391267839186854, 0.24910216324055193));
#2042 = CARTESIAN_POINT('', (10.000099999999962, 0.3078532453723587, 0.2778270020414025));
#2043 = CARTESIAN_POINT('', (10.00010000000003, 0.27782700204140287, 0.3078532453723596));
#2044 = CARTESIAN_POINT('', (10.000099999999966, 0.24910216324055115, 0.3391267839186842));
#2045 = CARTESIAN_POINT('', (10.000100000000037, 0.2217304931133487, 0.37159126068691384));
#2046 = CARTESIAN_POINT('', (10.000099999999968, 0.19576131725617915, 0.40518817249076966));
#2047 = CARTESIAN_POINT('', (10.000100000000026, 0.17124143388092153, 0.4398569754182283));
#2048 = CARTESIAN_POINT('', (10.000099999999982, 0.14821502941100528, 0.475535193906644));
#2049 = CARTESIAN_POINT('', (10.00010000000002, 0.1267235990369363, 0.5121585334271676));
#2050 = CARTESIAN_POINT('', (10.000099999999986, 0.10680587176784857, 0.5496609962563292));
#2051 = CARTESIAN_POINT('', (10.000100000000018, 0.0884977407387258, 0.5879750004178593));
#2052 = CARTESIAN_POINT('', (10.000099999999986, 0.07183219833132547, 0.6270315014727155));
#2053 = CARTESIAN_POINT('', (10.000100000000002, 0.05683927708843777, 0.6667601169508393));
#2054 = CARTESIAN_POINT('', (10.00010000000001, 0.04354599505801643, 0.7070892532388815));
#2055 = CARTESIAN_POINT('', (10.000099999999982, 0.03197630814233982, 0.7479462344826283));
#2056 = CARTESIAN_POINT('', (10.000100000000025, 0.02215106475284028, 0.7892574336779901));
#2057 = CARTESIAN_POINT('', (10.000099999999964, 0.014087972356768955, 0.8309484051630718));
#2058 = CARTESIAN_POINT('', (10.00010000000003, 7.8015578851E-3, 0.872944019138775));
#2059 = CARTESIAN_POINT('', (10.000099999999966, 3.3031561841E-3, 0.9151685964129548));
#2060 = CARTESIAN_POINT('', (10.000100000000046, 6.0086161170E-4, 0.957546045945075));
#2061 = CARTESIAN_POINT('', (10.000100000000002, 8.7819641293E-19, 0.9858486817405868));
#2062 = CARTESIAN_POINT('', (10.000099999999998, 0.0, 1.0));
#2063 = DEFINITIONAL_REPRESENTATION('', (#2065), #2064);
#2064 = (
    GEOMETRIC_REPRESENTATION_CONTEXT(2)
    PARAMETRIC_REPRESENTATION_CONTEXT()
    REPRESENTATION_CONTEXT('2D SPACE', '')
);
#2065 = (
    BOUNDED_CURVE()
    B_SPLINE_CURVE(1, (#2066, #2067), .UNSPECIFIED., .U., .U.)
    B_SPLINE_CURVE_WITH_KNOTS((2, 2), (0.0, 9.000000000000004), .UNSPECIFIED.)
    CURVE()
    GEOMETRIC_REPRESENTATION_ITEM()
    RATIONAL_B_SPLINE_CURVE((1.0, 1.0))
    REPRESENTATION_ITEM('')
);
#2066 = CARTESIAN_POINT('', (0.0, 0.0));
#2067 = CARTESIAN_POINT('', (9.000000000000004, 0.0));
#2068 = SURFACE_CURVE('', #2069, (#2075, #2089), .CURVE_3D.);
#2069 = (
    BOUNDED_CURVE()
    B_SPLINE_CURVE(3, (#2070, #2071, #2072, #2073, #2074), .UNSPECIFIED., .U., .U.)
    B_SPLINE_CURVE_WITH_KNOTS((4, 1, 4), (0.0, 4.500000000000002, 9.000000000000004), .UNSPECIFIED.)
    CURVE()
    GEOMETRIC_REPRESENTATION_ITEM()
    RATIONAL_B_SPLINE_CURVE((1.0, 1.0, 1.0, 1.0, 1.0))
    REPRESENTATION_ITEM('')
);
#2070 = CARTESIAN_POINT('', (0.0, 0.9999999999999998, 1.0));
#2071 = CARTESIAN_POINT('', (0.0, 0.9999999999999998, 2.500000000000001));
#2072 = CARTESIAN_POINT('', (0.0, 0.9999999999999998, 5.5));
#2073 = CARTESIAN_POINT('', (0.0, 0.9999999999999998, 8.5));
#2074 = CARTESIAN_POINT('', (0.0, 0.9999999999999998, 10.0));
#2075 = PCURVE('', #2076, #2081);
#2076 = (
    BOUNDED_SURFACE()
    B_SPLINE_SURFACE(1, 1, ((#2077, #2078), (#2079, #2080)), .UNSPECIFIED., .U., .U., .U.)
    B_SPLINE_SURFACE_WITH_KNOTS((2, 2), (2, 2), (0.0, 1.0), (0.0, 1.0), .UNSPECIFIED.)
    GEOMETRIC_REPRESENTATION_ITEM()
    RATIONAL_B_SPLINE_SURFACE(((1.0, 1.0), (1.0, 1.0)))
    REPRESENTATION_ITEM('')
    SURFACE()
);
#2077 = CARTESIAN_POINT('', (0.0, 10.0, 0.0));
#2078 = CARTESIAN_POINT('', (0.0, 10.0, 10.0));
#2079 = CARTESIAN_POINT('', (0.0, 0.0, 0.0));
#2080 = CARTESIAN_POINT('', (0.0, 0.0, 10.0));
#2081 = DEFINITIONAL_REPRESENTATION('', (#2083), #2082);
#2082 = (
    GEOMETRIC_REPRESENTATION_CONTEXT(2)
    PARAMETRIC_REPRESENTATION_CONTEXT()
    REPRESENTATION_CONTEXT('2D SPACE', '')
);
#2083 = (
    BOUNDED_CURVE()
    B_SPLINE_CURVE(3, (#2084, #2085, #2086, #2087, #2088), .UNSPECIFIED., .U., .U.)
    B_SPLINE_CURVE_WITH_KNOTS((4, 1, 4), (0.0, 4.500000000000002, 9.000000000000004), .UNSPECIFIED.)
    CURVE()
    GEOMETRIC_REPRESENTATION_ITEM()
    RATIONAL_B_SPLINE_CURVE((1.0, 1.0, 1.0, 1.0, 1.0))
    REPRESENTATION_ITEM('')
);
#2084 = CARTESIAN_POINT('', (0.9, 0.1));
#2085 = CARTESIAN_POINT('', (0.9, 0.2500000000000001));
#2086 = CARTESIAN_POINT('', (0.9, 0.55));
#2087 = CARTESIAN_POINT('', (0.9, 0.85));
#2088 = CARTESIAN_POINT('', (0.9, 1.0));
#2089 = PCURVE('', #2090, #2411);
#2090 = (
    BOUNDED_SURFACE()
    B_SPLINE_SURFACE(3, 3, ((#2091, #2092, #2093, #2094, #2095, #2096, #2097, #2098, #2099, #2100, #2101, #2102, #2103, #2104, #2105, #2106, #2107, #2108, #2109, #2110, #2111, #2112, #2113, #2114, #2115, #2116, #2117, #2118, #2119, #2120, #2121, #2122, #2123, #2124, #2125, #2126, #2127, #2128, #2129, #2130), (#2131, #2132, #2133, #2134, #2135, #2136, #2137, #2138, #2139, #2140, #2141, #2142, #2143, #2144, #2145, #2146, #2147, #2148, #2149, #2150, #2151, #2152, #2153, #2154, #2155, #2156, #2157, #2158, #2159, #2160, #2161, #2162, #2163, #2164, #2165, #2166, #2167, #2168, #2169, #2170), (#2171, #2172, #2173, #2174, #2175, #2176, #2177, #2178, #2179, #2180, #2181, #2182, #2183, #2184, #2185, #2186, #2187, #2188, #2189, #2190, #2191, #2192, #2193, #2194, #2195, #2196, #2197, #2198, #2199, #2200, #2201, #2202, #2203, #2204, #2205, #2206, #2207, #2208, #2209, #2210), (#2211, #2212, #2213, #2214, #2215, #2216, #2217, #2218, #2219, #2220, #2221, #2222, #2223, #2224, #2225, #2226, #2227, #2228, #2229, #2230, #2231, #2232, #2233, #2234, #2235, #2236, #2237, #2238, #2239, #2240, #2241, #2242, #2243, #2244, #2245, #2246, #2247, #2248, #2249, #2250), (#2251, #2252, #2253, #2254, #2255, #2256, #2257, #2258, #2259, #2260, #2261, #2262, #2263, #2264, #2265, #2266, #2267, #2268, #2269, #2270, #2271, #2272, #2273, #2274, #2275, #2276, #2277, #2278, #2279, #2280, #2281, #2282, #2283, #2284, #2285, #2286, #2287, #2288, #2289, #2290), (#2291, #2292, #2293, #2294, #2295, #2296, #2297, #2298, #2299, #2300, #2301, #2302, #2303, #2304, #2305, #2306, #2307, #2308, #2309, #2310, #2311, #2312, #2313, #2314, #2315, #2316, #2317, #2318, #2319, #2320, #2321, #2322, #2323, #2324, #2325, #2326, #2327, #2328, #2329, #2330), (#2331, #2332, #2333, #2334, #2335, #2336, #2337, #2338, #2339, #2340, #2341, #2342, #2343, #2344, #2345, #2346, #2347, #2348, #2349, #2350, #2351, #2352, #2353, #2354, #2355, #2356, #2357, #2358, #2359, #2360, #2361, #2362, #2363, #2364, #2365, #2366, #2367, #2368, #2369, #2370), (#2371, #2372, #2373, #2374, #2375, #2376, #2377, #2378, #2379, #2380, #2381, #2382, #2383, #2384, #2385, #2386, #2387, #2388, #2389, #2390, #2391, #2392, #2393, #2394, #2395, #2396, #2397, #2398, #2399, #2400, #2401, #2402, #2403, #2404, #2405, #2406, #2407, #2408, #2409, #2410)), .UNSPECIFIED., .U., .U., .U.)
    B_SPLINE_SURFACE_WITH_KNOTS((4, 1, 3, 4), (4, 1, 1, 1, 1, 1, 1, 1, 1, 1, 1, 1, 1, 1, 1, 1, 1, 1, 1, 1, 1, 1, 1, 1, 1, 1, 1, 1, 1, 1, 1, 1, 1, 1, 1, 1, 1, 4), (0.0, 4.500000000000002, 9.000000000000004, 9.000100000000003), (0.0, 0.02702702702702703, 0.05405405405405406, 0.08108108108108109, 0.10810810810810811, 0.13513513513513514, 0.16216216216216217, 0.1891891891891892, 0.21621621621621623, 0.24324324324324326, 0.2702702702702703, 0.2972972972972973, 0.32432432432432434, 0.35135135135135137, 0.3783783783783784, 0.40540540540540543, 0.43243243243243246, 0.4594594594594595, 0.4864864864864865, 0.5135135135135136, 0.5405405405405406, 0.5675675675675675, 0.5945945945945946, 0.6216216216216217, 0.6486486486486487, 0.6756756756756757, 0.7027027027027027, 0.7297297297297298, 0.7567567567567568, 0.7837837837837838, 0.8108108108108109, 0.8378378378378379, 0.8648648648648649, 0.8918918918918919, 0.918918918918919, 0.945945945945946, 0.972972972972973, 1.0), .UNSPECIFIED.)
    GEOMETRIC_REPRESENTATION_ITEM()
    RATIONAL_B_SPLINE_SURFACE(((1.0, 1.0, 1.0, 1.0, 1.0, 1.0, 1.0, 1.0, 1.0, 1.0, 1.0, 1.0, 1.0, 1.0, 1.0, 1.0, 1.0, 1.0, 1.0, 1.0, 1.0, 1.0, 1.0, 1.0, 1.0, 1.0, 1.0, 1.0, 1.0, 1.0, 1.0, 1.0, 1.0, 1.0, 1.0, 1.0, 1.0, 1.0, 1.0, 1.0), (1.0, 1.0, 1.0, 1.0, 1.0, 1.0, 1.0, 1.0, 1.0, 1.0, 1.0, 1.0, 1.0, 1.0, 1.0, 1.0, 1.0, 1.0, 1.0, 1.0, 1.0, 1.0, 1.0, 1.0, 1.0, 1.0, 1.0, 1.0, 1.0, 1.0, 1.0, 1.0, 1.0, 1.0, 1.0, 1.0, 1.0, 1.0, 1.0, 1.0), (1.0, 1.0, 1.0, 1.0, 1.0, 1.0, 1.0, 1.0, 1.0, 1.0, 1.0, 1.0, 1.0, 1.0, 1.0, 1.0, 1.0, 1.0, 1.0, 1.0, 1.0, 1.0, 1.0, 1.0, 1.0, 1.0, 1.0, 1.0, 1.0, 1.0, 1.0, 1.0, 1.0, 1.0, 1.0, 1.0, 1.0, 1.0, 1.0, 1.0), (1.0, 1.0, 1.0, 1.0, 1.0, 1.0, 1.0, 1.0, 1.0, 1.0, 1.0, 1.0, 1.0, 1.0, 1.0, 1.0, 1.0, 1.0, 1.0, 1.0, 1.0, 1.0, 1.0, 1.0, 1.0, 1.0, 1.0, 1.0, 1.0, 1.0, 1.0, 1.0, 1.0, 1.0, 1.0, 1.0, 1.0, 1.0, 1.0, 1.0), (1.0, 1.0, 1.0, 1.0, 1.0, 1.0, 1.0, 1.0, 1.0, 1.0, 1.0, 1.0, 1.0, 1.0, 1.0, 1.0, 1.0, 1.0, 1.0, 1.0, 1.0, 1.0, 1.0, 1.0, 1.0, 1.0, 1.0, 1.0, 1.0, 1.0, 1.0, 1.0, 1.0, 1.0, 1.0, 1.0, 1.0, 1.0, 1.0, 1.0), (1.0, 1.0, 1.0, 1.0, 1.0, 1.0, 1.0, 1.0, 1.0, 1.0, 1.0, 1.0, 1.0, 1.0, 1.0, 1.0, 1.0, 1.0, 1.0, 1.0, 1.0, 1.0, 1.0, 1.0, 1.0, 1.0, 1.0, 1.0, 1.0, 1.0, 1.0, 1.0, 1.0, 1.0, 1.0, 1.0, 1.0, 1.0, 1.0, 1.0), (1.0, 1.0, 1.0, 1.0, 1.0, 1.0, 1.0, 1.0, 1.0, 1.0, 1.0, 1.0, 1.0, 1.0, 1.0, 1.0, 1.0, 1.0, 1.0, 1.0, 1.0, 1.0, 1.0, 1.0, 1.0, 1.0, 1.0, 1.0, 1.0, 1.0, 1.0, 1.0, 1.0, 1.0, 1.0, 1.0, 1.0, 1.0, 1.0, 1.0), (1.0, 1.0, 1.0, 1.0, 1.0, 1.0, 1.0, 1.0, 1.0, 1.0, 1.0, 1.0, 1.0, 1.0, 1.0, 1.0, 1.0, 1.0, 1.0, 1.0, 1.0, 1.0, 1.0, 1.0, 1.0, 1.0, 1.0, 1.0, 1.0, 1.0, 1.0, 1.0, 1.0, 1.0, 1.0, 1.0, 1.0, 1.0, 1.0, 1.0)))
    REPRESENTATION_ITEM('')
    SURFACE()
);
#2091 = CARTESIAN_POINT('', (1.0000000000000002, 0.0, 1.0000000000000002));
#2092 = CARTESIAN_POINT('', (0.9858486817405867, 9.9261673506E-24, 1.0000000000000002));
#2093 = CARTESIAN_POINT('', (0.9575460459450705, 6.0086161170E-4, 1.0000000000000004));
#2094 = CARTESIAN_POINT('', (0.9151685964129563, 3.3031561841E-3, 0.9999999999999991));
#2095 = CARTESIAN_POINT('', (0.8729440191387751, 7.8015578851E-3, 1.0000000000000013));
#2096 = CARTESIAN_POINT('', (0.8309484051630711, 0.014087972356768782, 0.999999999999998));
#2097 = CARTESIAN_POINT('', (0.789257433677989, 0.022151064752840417, 1.000000000000001));
#2098 = CARTESIAN_POINT('', (0.7479462344826295, 0.0319763081423398, 1.0000000000000004));
#2099 = CARTESIAN_POINT('', (0.7070892532388805, 0.04354599505801641, 0.9999999999999993));
#2100 = CARTESIAN_POINT('', (0.6667601169508405, 0.056839277088437765, 1.0000000000000029));
#2101 = CARTESIAN_POINT('', (0.6270315014727166, 0.07183219833132579, 0.9999999999999979));
#2102 = CARTESIAN_POINT('', (0.5879750004178579, 0.0884977407387255, 1.0000000000000009));
#2103 = CARTESIAN_POINT('', (0.5496609962563305, 0.10680587176784899, 1.0000000000000009));
#2104 = CARTESIAN_POINT('', (0.5121585334271662, 0.12672359903693567, 0.9999999999999993));
#2105 = CARTESIAN_POINT('', (0.47553519390664506, 0.14821502941100584, 1.0000000000000002));
#2106 = CARTESIAN_POINT('', (0.4398569754182275, 0.17124143388092075, 1.0000000000000002));
#2107 = CARTESIAN_POINT('', (0.40518817249077027, 0.19576131725617948, 0.9999999999999992));
#2108 = CARTESIAN_POINT('', (0.3715912606869135, 0.22173049311334803, 1.000000000000001));
#2109 = CARTESIAN_POINT('', (0.33912678391868534, 0.24910216324055184, 1.0000000000000007));
#2110 = CARTESIAN_POINT('', (0.3078532453723589, 0.27782700204140237, 1.0000000000000009));
#2111 = CARTESIAN_POINT('', (0.27782700204140304, 0.3078532453723595, 0.9999999999999977));
#2112 = CARTESIAN_POINT('', (0.24910216324055112, 0.3391267839186841, 1.000000000000001));
#2113 = CARTESIAN_POINT('', (0.2217304931133488, 0.3715912606869137, 0.9999999999999992));
#2114 = CARTESIAN_POINT('', (0.19576131725617957, 0.40518817249076955, 0.999999999999999));
#2115 = CARTESIAN_POINT('', (0.17124143388092153, 0.43985697541822816, 1.0000000000000009));
#2116 = CARTESIAN_POINT('', (0.14821502941100556, 0.4755351939066439, 1.0000000000000004));
#2117 = CARTESIAN_POINT('', (0.12672359903693642, 0.5121585334271673, 0.999999999999999));
#2118 = CARTESIAN_POINT('', (0.1068058717678489, 0.549660996256329, 1.000000000000001));
#2119 = CARTESIAN_POINT('', (0.08849774073872597, 0.5879750004178591, 0.9999999999999982));
#2120 = CARTESIAN_POINT('', (0.07183219833132565, 0.6270315014727152, 1.000000000000001));
#2121 = CARTESIAN_POINT('', (0.056839277088437994, 0.666760116950839, 0.9999999999999976));
#2122 = CARTESIAN_POINT('', (0.043545995058016554, 0.7070892532388812, 1.000000000000002));
#2123 = CARTESIAN_POINT('', (0.03197630814234007, 0.747946234482628, 0.9999999999999979));
#2124 = CARTESIAN_POINT('', (0.022151064752840493, 0.7892574336779898, 1.0000000000000018));
#2125 = CARTESIAN_POINT('', (0.014087972356769169, 0.8309484051630716, 0.9999999999999984));
#2126 = CARTESIAN_POINT('', (7.8015578851E-3, 0.8729440191387747, 1.0000000000000013));
#2127 = CARTESIAN_POINT('', (3.3031561841E-3, 0.9151685964129546, 0.9999999999999973));
#2128 = CARTESIAN_POINT('', (6.0086161170E-4, 0.9575460459450745, 1.0000000000000033));
#2129 = CARTESIAN_POINT('', (2.2291110805E-16, 0.9858486817405865, 1.0));
#2130 = CARTESIAN_POINT('', (0.0, 0.9999999999999998, 1.0));
#2131 = CARTESIAN_POINT('', (1.0000000000000002, 0.0, 2.500000000000001));
#2132 = CARTESIAN_POINT('', (0.9858486817405869, 9.9261673506E-24, 2.5000000000000018));
#2133 = CARTESIAN_POINT('', (0.9575460459450713, 6.0086161170E-4, 2.4999999999999942));
#2134 = CARTESIAN_POINT('', (0.9151685964129563, 3.3031561841E-3, 2.500000000000009));
#2135 = CARTESIAN_POINT('', (0.8729440191387752, 7.8015578851E-3, 2.4999999999999982));
#2136 = CARTESIAN_POINT('', (0.8309484051630714, 0.014087972356768784, 2.500000000000002));
#2137 = CARTESIAN_POINT('', (0.7892574336779891, 0.02215106475284042, 2.5000000000000027));
#2138 = CARTESIAN_POINT('', (0.7479462344826296, 0.03197630814233981, 2.5000000000000027));
#2139 = CARTESIAN_POINT('', (0.7070892532388806, 0.043545995058016415, 2.5000000000000027));
#2140 = CARTESIAN_POINT('', (0.6667601169508408, 0.05683927708843778, 2.499999999999997));
#2141 = CARTESIAN_POINT('', (0.6270315014727167, 0.0718321983313258, 2.500000000000006));
#2142 = CARTESIAN_POINT('', (0.5879750004178579, 0.08849774073872553, 2.4999999999999942));
#2143 = CARTESIAN_POINT('', (0.5496609962563308, 0.106805871767849, 2.5000000000000138));
#2144 = CARTESIAN_POINT('', (0.5121585334271661, 0.1267235990369357, 2.4999999999999942));
#2145 = CARTESIAN_POINT('', (0.4755351939066452, 0.14821502941100587, 2.500000000000004));
#2146 = CARTESIAN_POINT('', (0.4398569754182274, 0.17124143388092078, 2.4999999999999933));
#2147 = CARTESIAN_POINT('', (0.40518817249077066, 0.1957613172561795, 2.500000000000003));
#2148 = CARTESIAN_POINT('', (0.37159126068691345, 0.22173049311334805, 2.4999999999999973));
#2149 = CARTESIAN_POINT('', (0.33912678391868545, 0.24910216324055187, 2.5000000000000093));
#2150 = CARTESIAN_POINT('', (0.307853245372359, 0.2778270020414024, 2.5000000000000093));
#2151 = CARTESIAN_POINT('', (0.2778270020414031, 0.3078532453723596, 2.4999999999999907));
#2152 = CARTESIAN_POINT('', (0.24910216324055123, 0.33912678391868417, 2.500000000000009));
#2153 = CARTESIAN_POINT('', (0.22173049311334886, 0.3715912606869138, 2.4999999999999916));
#2154 = CARTESIAN_POINT('', (0.19576131725617946, 0.40518817249076966, 2.500000000000004));
#2155 = CARTESIAN_POINT('', (0.17124143388092172, 0.4398569754182282, 2.5000000000000018));
#2156 = CARTESIAN_POINT('', (0.1482150294110055, 0.475535193906644, 2.5000000000000027));
#2157 = CARTESIAN_POINT('', (0.12672359903693653, 0.5121585334271674, 2.4999999999999987));
#2158 = CARTESIAN_POINT('', (0.10680587176784888, 0.5496609962563291, 2.5000000000000044));
#2159 = CARTESIAN_POINT('', (0.08849774073872603, 0.5879750004178592, 2.5000000000000018));
#2160 = CARTESIAN_POINT('', (0.07183219833132569, 0.6270315014727154, 2.5000000000000027));
#2161 = CARTESIAN_POINT('', (0.056839277088438014, 0.6667601169508391, 2.4999999999999987));
#2162 = CARTESIAN_POINT('', (0.04354599505801664, 0.7070892532388813, 2.4999999999999942));
#2163 = CARTESIAN_POINT('', (0.03197630814234009, 0.7479462344826281, 2.500000000000011));
#2164 = CARTESIAN_POINT('', (0.02215106475284053, 0.7892574336779901, 2.499999999999992));
#2165 = CARTESIAN_POINT('', (0.014087972356769198, 0.8309484051630718, 2.500000000000015));
#2166 = CARTESIAN_POINT('', (7.8015578851E-3, 0.872944019138775, 2.499999999999987));
#2167 = CARTESIAN_POINT('', (3.3031561841E-3, 0.9151685964129547, 2.500000000000009));
#2168 = CARTESIAN_POINT('', (6.0086161170E-4, 0.9575460459450746, 2.499999999999998));
#2169 = CARTESIAN_POINT('', (2.5037451630E-16, 0.9858486817405867, 2.5000000000000018));
#2170 = CARTESIAN_POINT('', (0.0, 0.9999999999999998, 2.500000000000001));
#2171 = CARTESIAN_POINT('', (1.0, 0.0, 5.5));
#2172 = CARTESIAN_POINT('', (0.9858486817405869, 9.9261673506E-24, 5.500000000000003));
#2173 = CARTESIAN_POINT('', (0.9575460459450721, 6.0086161170E-4, 5.499999999999989));
#2174 = CARTESIAN_POINT('', (0.9151685964129557, 3.3031561841E-3, 5.500000000000005));
#2175 = CARTESIAN_POINT('', (0.8729440191387753, 7.8015578851E-3, 5.500000000000004));
#2176 = CARTESIAN_POINT('', (0.8309484051630713, 0.014087972356768785, 5.499999999999991));
#2177 = CARTESIAN_POINT('', (0.7892574336779891, 0.022151064752840424, 5.500000000000008));
#2178 = CARTESIAN_POINT('', (0.7479462344826293, 0.031976308142339815, 5.499999999999998));
#2179 = CARTESIAN_POINT('', (0.7070892532388802, 0.04354599505801643, 5.500000000000009));
#2180 = CARTESIAN_POINT('', (0.666760116950841, 0.05683927708843779, 5.500000000000002));
#2181 = CARTESIAN_POINT('', (0.6270315014727164, 0.07183219833132581, 5.500000000000007));
#2182 = CARTESIAN_POINT('', (0.5879750004178577, 0.08849774073872554, 5.499999999999995));
#2183 = CARTESIAN_POINT('', (0.5496609962563307, 0.10680587176784903, 5.500000000000017));
#2184 = CARTESIAN_POINT('', (0.5121585334271657, 0.12672359903693572, 5.499999999999998));
#2185 = CARTESIAN_POINT('', (0.4755351939066451, 0.1482150294110059, 5.5));
#2186 = CARTESIAN_POINT('', (0.439856975418227, 0.1712414338809208, 5.4999999999999964));
#2187 = CARTESIAN_POINT('', (0.40518817249077077, 0.19576131725617957, 5.5));
#2188 = CARTESIAN_POINT('', (0.37159126068691295, 0.22173049311334808, 5.499999999999995));
#2189 = CARTESIAN_POINT('', (0.3391267839186853, 0.24910216324055193, 5.500000000000023));
#2190 = CARTESIAN_POINT('', (0.3078532453723587, 0.2778270020414024, 5.4999999999999964));
#2191 = CARTESIAN_POINT('', (0.27782700204140287, 0.30785324537235964, 5.500000000000002));
#2192 = CARTESIAN_POINT('', (0.24910216324055112, 0.3391267839186842, 5.499999999999996));
#2193 = CARTESIAN_POINT('', (0.22173049311334858, 0.37159126068691384, 5.5000000000000036));
#2194 = CARTESIAN_POINT('', (0.19576131725617907, 0.40518817249076977, 5.499999999999995));
#2195 = CARTESIAN_POINT('', (0.17124143388092153, 0.43985697541822827, 5.500000000000011));
#2196 = CARTESIAN_POINT('', (0.14821502941100523, 0.475535193906644, 5.499999999999995));
#2197 = CARTESIAN_POINT('', (0.1267235990369363, 0.5121585334271674, 5.500000000000008));
#2198 = CARTESIAN_POINT('', (0.10680587176784853, 0.5496609962563292, 5.499999999999998));
#2199 = CARTESIAN_POINT('', (0.08849774073872577, 0.5879750004178592, 5.5000000000000115));
#2200 = CARTESIAN_POINT('', (0.07183219833132543, 0.6270315014727155, 5.4999999999999964));
#2201 = CARTESIAN_POINT('', (0.056839277088437716, 0.6667601169508393, 5.5000000000000036));
#2202 = CARTESIAN_POINT('', (0.04354599505801641, 0.7070892532388815, 5.499999999999992));
#2203 = CARTESIAN_POINT('', (0.03197630814233979, 0.7479462344826282, 5.500000000000011));
#2204 = CARTESIAN_POINT('', (0.022151064752840247, 0.7892574336779902, 5.4999999999999964));
#2205 = CARTESIAN_POINT('', (0.01408797235676892, 0.8309484051630719, 5.500000000000009));
#2206 = CARTESIAN_POINT('', (7.8015578851E-3, 0.8729440191387751, 5.499999999999995));
#2207 = CARTESIAN_POINT('', (3.3031561841E-3, 0.9151685964129548, 5.500000000000001));
#2208 = CARTESIAN_POINT('', (6.0086161170E-4, 0.9575460459450748, 5.500000000000011));
#2209 = CARTESIAN_POINT('', (-3.6140938750E-17, 0.9858486817405869, 5.500000000000003));
#2210 = CARTESIAN_POINT('', (0.0, 0.9999999999999998, 5.5));
#2211 = CARTESIAN_POINT('', (1.0, 0.0, 8.5));
#2212 = CARTESIAN_POINT('', (0.9858486817405867, 9.9261673506E-24, 8.500000000000004));
#2213 = CARTESIAN_POINT('', (0.957546045945072, 6.0086161170E-4, 8.499999999999991));
#2214 = CARTESIAN_POINT('', (0.9151685964129554, 3.3031561841E-3, 8.499999999999988));
#2215 = CARTESIAN_POINT('', (0.8729440191387752, 7.8015578851E-3, 8.50000000000002));
#2216 = CARTESIAN_POINT('', (0.8309484051630711, 0.014087972356768785, 8.499999999999972));
#2217 = CARTESIAN_POINT('', (0.789257433677989, 0.02215106475284042, 8.500000000000014));
#2218 = CARTESIAN_POINT('', (0.7479462344826291, 0.03197630814233981, 8.499999999999993));
#2219 = CARTESIAN_POINT('', (0.70708925323888, 0.043545995058016415, 8.50000000000001));
#2220 = CARTESIAN_POINT('', (0.6667601169508408, 0.056839277088437785, 8.500000000000018));
#2221 = CARTESIAN_POINT('', (0.6270315014727161, 0.07183219833132581, 8.5));
#2222 = CARTESIAN_POINT('', (0.5879750004178577, 0.08849774073872553, 8.500000000000002));
#2223 = CARTESIAN_POINT('', (0.5496609962563305, 0.10680587176784903, 8.500000000000007));
#2224 = CARTESIAN_POINT('', (0.5121585334271656, 0.12672359903693572, 8.500000000000007));
#2225 = CARTESIAN_POINT('', (0.47553519390664495, 0.1482150294110059, 8.499999999999995));
#2226 = CARTESIAN_POINT('', (0.4398569754182269, 0.1712414338809208, 8.500000000000005));
#2227 = CARTESIAN_POINT('', (0.40518817249077066, 0.19576131725617957, 8.499999999999993));
#2228 = CARTESIAN_POINT('', (0.3715912606869128, 0.22173049311334814, 8.499999999999996));
#2229 = CARTESIAN_POINT('', (0.3391267839186851, 0.24910216324055195, 8.500000000000032));
#2230 = CARTESIAN_POINT('', (0.3078532453723586, 0.2778270020414024, 8.49999999999997));
#2231 = CARTESIAN_POINT('', (0.27782700204140265, 0.3078532453723596, 8.500000000000025));
#2232 = CARTESIAN_POINT('', (0.249102163240551, 0.3391267839186842, 8.49999999999997));
#2233 = CARTESIAN_POINT('', (0.22173049311334841, 0.37159126068691384, 8.500000000000032));
#2234 = CARTESIAN_POINT('', (0.19576131725617896, 0.4051881724907697, 8.499999999999975));
#2235 = CARTESIAN_POINT('', (0.17124143388092133, 0.43985697541822827, 8.500000000000025));
#2236 = CARTESIAN_POINT('', (0.14821502941100512, 0.475535193906644, 8.499999999999984));
#2237 = CARTESIAN_POINT('', (0.12672359903693614, 0.5121585334271674, 8.500000000000021));
#2238 = CARTESIAN_POINT('', (0.10680587176784839, 0.5496609962563292, 8.49999999999999));
#2239 = CARTESIAN_POINT('', (0.08849774073872563, 0.5879750004178593, 8.500000000000018));
#2240 = CARTESIAN_POINT('', (0.07183219833132529, 0.6270315014727155, 8.49999999999999));
#2241 = CARTESIAN_POINT('', (0.05683927708843757, 0.6667601169508393, 8.500000000000005));
#2242 = CARTESIAN_POINT('', (0.04354599505801626, 0.7070892532388815, 8.500000000000004));
#2243 = CARTESIAN_POINT('', (0.03197630814233964, 0.7479462344826282, 8.49999999999999));
#2244 = CARTESIAN_POINT('', (0.022151064752840108, 0.7892574336779901, 8.500000000000018));
#2245 = CARTESIAN_POINT('', (0.014087972356768782, 0.8309484051630719, 8.499999999999977));
#2246 = CARTESIAN_POINT('', (7.8015578851E-3, 0.872944019138775, 8.500000000000025));
#2247 = CARTESIAN_POINT('', (3.3031561841E-3, 0.9151685964129548, 8.499999999999975));
#2248 = CARTESIAN_POINT('', (6.0086161170E-4, 0.9575460459450749, 8.500000000000039));
#2249 = CARTESIAN_POINT('', (-1.7462665277E-16, 0.9858486817405868, 8.500000000000004));
#2250 = CARTESIAN_POINT('', (0.0, 0.9999999999999998, 8.5));
#2251 = CARTESIAN_POINT('', (1.0, 0.0, 10.0));
#2252 = CARTESIAN_POINT('', (0.9858486817405868, 9.9261673506E-24, 10.000000000000004));
#2253 = CARTESIAN_POINT('', (0.9575460459450719, 6.0086161170E-4, 9.999999999999991));
#2254 = CARTESIAN_POINT('', (0.9151685964129558, 3.3031561841E-3, 9.999999999999984));
#2255 = CARTESIAN_POINT('', (0.8729440191387753, 7.8015578851E-3, 10.000000000000025));
#2256 = CARTESIAN_POINT('', (0.8309484051630714, 0.014087972356768784, 9.999999999999968));
#2257 = CARTESIAN_POINT('', (0.7892574336779891, 0.02215106475284042, 10.000000000000016));
#2258 = CARTESIAN_POINT('', (0.7479462344826293, 0.03197630814233981, 9.999999999999993));
#2259 = CARTESIAN_POINT('', (0.7070892532388802, 0.043545995058016415, 10.000000000000012));
#2260 = CARTESIAN_POINT('', (0.6667601169508409, 0.056839277088437785, 10.000000000000021));
#2261 = CARTESIAN_POINT('', (0.6270315014727165, 0.07183219833132581, 10.000000000000002));
#2262 = CARTESIAN_POINT('', (0.5879750004178578, 0.08849774073872552, 10.000000000000002));
#2263 = CARTESIAN_POINT('', (0.5496609962563306, 0.10680587176784902, 10.000000000000007));
#2264 = CARTESIAN_POINT('', (0.5121585334271658, 0.12672359903693572, 10.000000000000005));
#2265 = CARTESIAN_POINT('', (0.47553519390664506, 0.1482150294110059, 9.999999999999998));
#2266 = CARTESIAN_POINT('', (0.4398569754182271, 0.1712414338809208, 10.000000000000005));
#2267 = CARTESIAN_POINT('', (0.4051881724907707, 0.19576131725617954, 9.999999999999991));
#2268 = CARTESIAN_POINT('', (0.371591260686913, 0.22173049311334814, 9.999999999999995));
#2269 = CARTESIAN_POINT('', (0.3391267839186852, 0.24910216324055195, 10.000000000000037));
#2270 = CARTESIAN_POINT('', (0.3078532453723587, 0.2778270020414024, 9.999999999999964));
#2271 = CARTESIAN_POINT('', (0.27782700204140287, 0.3078532453723596, 10.000000000000032));
#2272 = CARTESIAN_POINT('', (0.24910216324055115, 0.3391267839186842, 9.999999999999966));
#2273 = CARTESIAN_POINT('', (0.2217304931133486, 0.37159126068691384, 10.000000000000039));
#2274 = CARTESIAN_POINT('', (0.19576131725617915, 0.4051881724907697, 9.99999999999997));
#2275 = CARTESIAN_POINT('', (0.17124143388092153, 0.43985697541822827, 10.000000000000028));
#2276 = CARTESIAN_POINT('', (0.14821502941100528, 0.475535193906644, 9.999999999999982));
#2277 = CARTESIAN_POINT('', (0.1267235990369363, 0.5121585334271674, 10.000000000000023));
#2278 = CARTESIAN_POINT('', (0.10680587176784857, 0.5496609962563291, 9.99999999999999));
#2279 = CARTESIAN_POINT('', (0.0884977407387258, 0.5879750004178593, 10.00000000000002));
#2280 = CARTESIAN_POINT('', (0.07183219833132547, 0.6270315014727155, 9.99999999999999));
#2281 = CARTESIAN_POINT('', (0.05683927708843775, 0.6667601169508393, 10.000000000000004));
#2282 = CARTESIAN_POINT('', (0.04354599505801643, 0.7070892532388814, 10.00000000000001));
#2283 = CARTESIAN_POINT('', (0.03197630814233982, 0.7479462344826282, 9.999999999999984));
#2284 = CARTESIAN_POINT('', (0.02215106475284028, 0.7892574336779901, 10.000000000000027));
#2285 = CARTESIAN_POINT('', (0.014087972356768955, 0.8309484051630719, 9.999999999999966));
#2286 = CARTESIAN_POINT('', (7.8015578851E-3, 0.872944019138775, 10.000000000000032));
#2287 = CARTESIAN_POINT('', (3.3031561841E-3, 0.9151685964129548, 9.999999999999968));
#2288 = CARTESIAN_POINT('', (6.0086161170E-4, 0.957546045945075, 10.00000000000005));
#2289 = CARTESIAN_POINT('', (8.6649650707E-19, 0.9858486817405868, 10.000000000000004));
#2290 = CARTESIAN_POINT('', (0.0, 0.9999999999999998, 10.0));
#2291 = CARTESIAN_POINT('', (1.0, 0.0, 10.000033333333334));
#2292 = CARTESIAN_POINT('', (0.9858486817405869, 9.9261673506E-24, 10.000033333333338));
#2293 = CARTESIAN_POINT('', (0.9575460459450719, 6.0086161170E-4, 10.000033333333326));
#2294 = CARTESIAN_POINT('', (0.9151685964129558, 3.3031561841E-3, 10.000033333333318));
#2295 = CARTESIAN_POINT('', (0.8729440191387753, 7.8015578851E-3, 10.00003333333336));
#2296 = CARTESIAN_POINT('', (0.8309484051630714, 0.014087972356768784, 10.000033333333302));
#2297 = CARTESIAN_POINT('', (0.7892574336779891, 0.02215106475284042, 10.00003333333335));
#2298 = CARTESIAN_POINT('', (0.7479462344826293, 0.03197630814233981, 10.000033333333327));
#2299 = CARTESIAN_POINT('', (0.7070892532388802, 0.043545995058016415, 10.000033333333347));
#2300 = CARTESIAN_POINT('', (0.666760116950841, 0.05683927708843779, 10.000033333333356));
#2301 = CARTESIAN_POINT('', (0.6270315014727165, 0.07183219833132581, 10.000033333333336));
#2302 = CARTESIAN_POINT('', (0.5879750004178578, 0.08849774073872552, 10.000033333333336));
#2303 = CARTESIAN_POINT('', (0.5496609962563307, 0.10680587176784902, 10.000033333333342));
#2304 = CARTESIAN_POINT('', (0.5121585334271659, 0.12672359903693572, 10.00003333333334));
#2305 = CARTESIAN_POINT('', (0.47553519390664506, 0.1482150294110059, 10.000033333333333));
#2306 = CARTESIAN_POINT('', (0.43985697541822716, 0.1712414338809208, 10.00003333333334));
#2307 = CARTESIAN_POINT('', (0.4051881724907707, 0.19576131725617954, 10.000033333333326));
#2308 = CARTESIAN_POINT('', (0.37159126068691306, 0.22173049311334816, 10.000033333333329));
#2309 = CARTESIAN_POINT('', (0.3391267839186853, 0.24910216324055195, 10.000033333333372));
#2310 = CARTESIAN_POINT('', (0.3078532453723587, 0.2778270020414024, 10.000033333333299));
#2311 = CARTESIAN_POINT('', (0.27782700204140287, 0.3078532453723596, 10.000033333333366));
#2312 = CARTESIAN_POINT('', (0.24910216324055115, 0.3391267839186843, 10.0000333333333));
#2313 = CARTESIAN_POINT('', (0.22173049311334864, 0.3715912606869139, 10.000033333333374));
#2314 = CARTESIAN_POINT('', (0.19576131725617915, 0.4051881724907697, 10.000033333333304));
#2315 = CARTESIAN_POINT('', (0.17124143388092153, 0.4398569754182283, 10.000033333333363));
#2316 = CARTESIAN_POINT('', (0.14821502941100528, 0.475535193906644, 10.000033333333317));
#2317 = CARTESIAN_POINT('', (0.1267235990369363, 0.5121585334271676, 10.000033333333358));
#2318 = CARTESIAN_POINT('', (0.10680587176784857, 0.5496609962563292, 10.000033333333324));
#2319 = CARTESIAN_POINT('', (0.0884977407387258, 0.5879750004178593, 10.000033333333354));
#2320 = CARTESIAN_POINT('', (0.07183219833132547, 0.6270315014727155, 10.000033333333324));
#2321 = CARTESIAN_POINT('', (0.05683927708843776, 0.6667601169508394, 10.000033333333338));
#2322 = CARTESIAN_POINT('', (0.04354599505801643, 0.7070892532388814, 10.000033333333345));
#2323 = CARTESIAN_POINT('', (0.03197630814233982, 0.7479462344826282, 10.000033333333318));
#2324 = CARTESIAN_POINT('', (0.02215106475284028, 0.7892574336779901, 10.000033333333361));
#2325 = CARTESIAN_POINT('', (0.014087972356768955, 0.8309484051630719, 10.0000333333333));
#2326 = CARTESIAN_POINT('', (7.8015578851E-3, 0.872944019138775, 10.000033333333366));
#2327 = CARTESIAN_POINT('', (3.3031561841E-3, 0.9151685964129548, 10.000033333333302));
#2328 = CARTESIAN_POINT('', (6.0086161170E-4, 0.957546045945075, 10.000033333333384));
#2329 = CARTESIAN_POINT('', (8.7039635483E-19, 0.9858486817405869, 10.000033333333338));
#2330 = CARTESIAN_POINT('', (0.0, 0.9999999999999998, 10.000033333333334));
#2331 = CARTESIAN_POINT('', (1.0, 0.0, 10.000066666666669));
#2332 = CARTESIAN_POINT('', (0.985848681740587, 9.9261673506E-24, 10.000066666666672));
#2333 = CARTESIAN_POINT('', (0.9575460459450719, 6.0086161170E-4, 10.00006666666666));
#2334 = CARTESIAN_POINT('', (0.9151685964129558, 3.3031561841E-3, 10.000066666666653));
#2335 = CARTESIAN_POINT('', (0.8729440191387753, 7.8015578851E-3, 10.000066666666694));
#2336 = CARTESIAN_POINT('', (0.8309484051630714, 0.014087972356768784, 10.000066666666637));
#2337 = CARTESIAN_POINT('', (0.7892574336779891, 0.02215106475284042, 10.000066666666685));
#2338 = CARTESIAN_POINT('', (0.7479462344826293, 0.03197630814233981, 10.000066666666662));
#2339 = CARTESIAN_POINT('', (0.7070892532388802, 0.043545995058016415, 10.000066666666681));
#2340 = CARTESIAN_POINT('', (0.6667601169508411, 0.0568392770884378, 10.00006666666669));
#2341 = CARTESIAN_POINT('', (0.6270315014727165, 0.07183219833132581, 10.00006666666667));
#2342 = CARTESIAN_POINT('', (0.5879750004178578, 0.08849774073872552, 10.00006666666667));
#2343 = CARTESIAN_POINT('', (0.5496609962563308, 0.10680587176784902, 10.000066666666676));
#2344 = CARTESIAN_POINT('', (0.512158533427166, 0.12672359903693572, 10.000066666666674));
#2345 = CARTESIAN_POINT('', (0.47553519390664506, 0.1482150294110059, 10.000066666666667));
#2346 = CARTESIAN_POINT('', (0.4398569754182272, 0.1712414338809208, 10.000066666666674));
#2347 = CARTESIAN_POINT('', (0.4051881724907707, 0.19576131725617954, 10.00006666666666));
#2348 = CARTESIAN_POINT('', (0.3715912606869131, 0.2217304931133482, 10.000066666666664));
#2349 = CARTESIAN_POINT('', (0.33912678391868534, 0.24910216324055195, 10.000066666666706));
#2350 = CARTESIAN_POINT('', (0.3078532453723587, 0.2778270020414024, 10.000066666666633));
#2351 = CARTESIAN_POINT('', (0.27782700204140287, 0.3078532453723596, 10.0000666666667));
#2352 = CARTESIAN_POINT('', (0.24910216324055115, 0.33912678391868434, 10.000066666666635));
#2353 = CARTESIAN_POINT('', (0.22173049311334866, 0.37159126068691395, 10.000066666666708));
#2354 = CARTESIAN_POINT('', (0.19576131725617915, 0.4051881724907697, 10.000066666666639));
#2355 = CARTESIAN_POINT('', (0.17124143388092153, 0.4398569754182284, 10.000066666666697));
#2356 = CARTESIAN_POINT('', (0.14821502941100528, 0.475535193906644, 10.000066666666651));
#2357 = CARTESIAN_POINT('', (0.1267235990369363, 0.5121585334271677, 10.000066666666692));
#2358 = CARTESIAN_POINT('', (0.10680587176784857, 0.5496609962563294, 10.000066666666658));
#2359 = CARTESIAN_POINT('', (0.0884977407387258, 0.5879750004178593, 10.000066666666688));
#2360 = CARTESIAN_POINT('', (0.07183219833132547, 0.6270315014727155, 10.000066666666658));
#2361 = CARTESIAN_POINT('', (0.056839277088437765, 0.6667601169508395, 10.000066666666672));
#2362 = CARTESIAN_POINT('', (0.04354599505801643, 0.7070892532388814, 10.00006666666668));
#2363 = CARTESIAN_POINT('', (0.03197630814233982, 0.7479462344826282, 10.000066666666653));
#2364 = CARTESIAN_POINT('', (0.02215106475284028, 0.7892574336779901, 10.000066666666696));
#2365 = CARTESIAN_POINT('', (0.014087972356768955, 0.8309484051630719, 10.000066666666635));
#2366 = CARTESIAN_POINT('', (7.8015578851E-3, 0.872944019138775, 10.0000666666667));
#2367 = CARTESIAN_POINT('', (3.3031561841E-3, 0.9151685964129548, 10.000066666666637));
#2368 = CARTESIAN_POINT('', (6.0086161170E-4, 0.957546045945075, 10.000066666666719));
#2369 = CARTESIAN_POINT('', (8.7429632345E-19, 0.985848681740587, 10.000066666666672));
#2370 = CARTESIAN_POINT('', (0.0, 0.9999999999999998, 10.000066666666669));
#2371 = CARTESIAN_POINT('', (1.0, 0.0, 10.000100000000003));
#2372 = CARTESIAN_POINT('', (0.9858486817405872, 9.9261673506E-24, 10.000100000000007));
#2373 = CARTESIAN_POINT('', (0.9575460459450719, 6.0086161170E-4, 10.000099999999994));
#2374 = CARTESIAN_POINT('', (0.9151685964129558, 3.3031561841E-3, 10.000099999999987));
#2375 = CARTESIAN_POINT('', (0.8729440191387753, 7.8015578851E-3, 10.000100000000028));
#2376 = CARTESIAN_POINT('', (0.8309484051630714, 0.014087972356768784, 10.000099999999971));
#2377 = CARTESIAN_POINT('', (0.7892574336779891, 0.02215106475284042, 10.00010000000002));
#2378 = CARTESIAN_POINT('', (0.7479462344826293, 0.03197630814233981, 10.000099999999996));
#2379 = CARTESIAN_POINT('', (0.7070892532388802, 0.043545995058016415, 10.000100000000016));
#2380 = CARTESIAN_POINT('', (0.6667601169508413, 0.056839277088437806, 10.000100000000025));
#2381 = CARTESIAN_POINT('', (0.6270315014727165, 0.07183219833132581, 10.000100000000005));
#2382 = CARTESIAN_POINT('', (0.5879750004178578, 0.08849774073872552, 10.000100000000005));
#2383 = CARTESIAN_POINT('', (0.5496609962563309, 0.10680587176784902, 10.00010000000001));
#2384 = CARTESIAN_POINT('', (0.5121585334271661, 0.12672359903693572, 10.000100000000009));
#2385 = CARTESIAN_POINT('', (0.47553519390664506, 0.1482150294110059, 10.000100000000002));
#2386 = CARTESIAN_POINT('', (0.43985697541822727, 0.1712414338809208, 10.000100000000009));
#2387 = CARTESIAN_POINT('', (0.4051881724907707, 0.19576131725617954, 10.000099999999994));
#2388 = CARTESIAN_POINT('', (0.37159126068691317, 0.22173049311334822, 10.000099999999998));
#2389 = CARTESIAN_POINT('', (0.3391267839186854, 0.24910216324055195, 10.00010000000004));
#2390 = CARTESIAN_POINT('', (0.3078532453723587, 0.2778270020414024, 10.000099999999968));
#2391 = CARTESIAN_POINT('', (0.27782700204140287, 0.3078532453723596, 10.000100000000035));
#2392 = CARTESIAN_POINT('', (0.24910216324055115, 0.3391267839186844, 10.00009999999997));
#2393 = CARTESIAN_POINT('', (0.2217304931133487, 0.371591260686914, 10.000100000000042));
#2394 = CARTESIAN_POINT('', (0.19576131725617915, 0.4051881724907697, 10.000099999999973));
#2395 = CARTESIAN_POINT('', (0.17124143388092153, 0.43985697541822844, 10.000100000000032));
#2396 = CARTESIAN_POINT('', (0.14821502941100528, 0.475535193906644, 10.000099999999986));
#2397 = CARTESIAN_POINT('', (0.1267235990369363, 0.5121585334271678, 10.000100000000026));
#2398 = CARTESIAN_POINT('', (0.10680587176784857, 0.5496609962563295, 10.000099999999993));
#2399 = CARTESIAN_POINT('', (0.0884977407387258, 0.5879750004178593, 10.000100000000023));
#2400 = CARTESIAN_POINT('', (0.07183219833132547, 0.6270315014727155, 10.000099999999993));
#2401 = CARTESIAN_POINT('', (0.05683927708843777, 0.6667601169508396, 10.000100000000007));
#2402 = CARTESIAN_POINT('', (0.04354599505801643, 0.7070892532388814, 10.000100000000014));
#2403 = CARTESIAN_POINT('', (0.03197630814233982, 0.7479462344826282, 10.000099999999987));
#2404 = CARTESIAN_POINT('', (0.02215106475284028, 0.7892574336779901, 10.00010000000003));
#2405 = CARTESIAN_POINT('', (0.014087972356768955, 0.8309484051630719, 10.00009999999997));
#2406 = CARTESIAN_POINT('', (7.8015578851E-3, 0.872944019138775, 10.000100000000035));
#2407 = CARTESIAN_POINT('', (3.3031561841E-3, 0.9151685964129548, 10.000099999999971));
#2408 = CARTESIAN_POINT('', (6.0086161170E-4, 0.957546045945075, 10.000100000000053));
#2409 = CARTESIAN_POINT('', (8.7819641293E-19, 0.9858486817405872, 10.000100000000007));
#2410 = CARTESIAN_POINT('', (0.0, 0.9999999999999998, 10.000100000000003));
#2411 = DEFINITIONAL_REPRESENTATION('', (#2413), #2412);
#2412 = (
    GEOMETRIC_REPRESENTATION_CONTEXT(2)
    PARAMETRIC_REPRESENTATION_CONTEXT()
    REPRESENTATION_CONTEXT('2D SPACE', '')
);
#2413 = (
    BOUNDED_CURVE()
    B_SPLINE_CURVE(1, (#2414, #2415), .UNSPECIFIED., .U., .U.)
    B_SPLINE_CURVE_WITH_KNOTS((2, 2), (0.0, 9.000000000000004), .UNSPECIFIED.)
    CURVE()
    GEOMETRIC_REPRESENTATION_ITEM()
    RATIONAL_B_SPLINE_CURVE((1.0, 1.0))
    REPRESENTATION_ITEM('')
);
#2414 = CARTESIAN_POINT('', (0.0, 1.0));
#2415 = CARTESIAN_POINT('', (9.000000000000005, 1.0));
#2416 = SURFACE_CURVE('', #2417, (#2420, #2431), .CURVE_3D.);
#2417 = (
    BOUNDED_CURVE()
    B_SPLINE_CURVE(1, (#2418, #2419), .UNSPECIFIED., .U., .U.)
    B_SPLINE_CURVE_WITH_KNOTS((2, 2), (0.9999999999999998, 10.0), .UNSPECIFIED.)
    CURVE()
    GEOMETRIC_REPRESENTATION_ITEM()
    RATIONAL_B_SPLINE_CURVE((1.0, 1.0))
    REPRESENTATION_ITEM('')
);
#2418 = CARTESIAN_POINT('', (0.0, 0.9999999999999998, 10.0));
#2419 = CARTESIAN_POINT('', (0.0, 10.0, 10.0));
#2420 = PCURVE('', #2421, #2426);
#2421 = (
    BOUNDED_SURFACE()
    B_SPLINE_SURFACE(1, 1, ((#2422, #2423), (#2424, #2425)), .UNSPECIFIED., .U., .U., .U.)
    B_SPLINE_SURFACE_WITH_KNOTS((2, 2), (2, 2), (0.0, 1.0), (0.0, 1.0), .UNSPECIFIED.)
    GEOMETRIC_REPRESENTATION_ITEM()
    RATIONAL_B_SPLINE_SURFACE(((1.0, 1.0), (1.0, 1.0)))
    REPRESENTATION_ITEM('')
    SURFACE()
);
#2422 = CARTESIAN_POINT('', (0.0, 10.0, 0.0));
#2423 = CARTESIAN_POINT('', (0.0, 10.0, 10.0));
#2424 = CARTESIAN_POINT('', (0.0, 0.0, 0.0));
#2425 = CARTESIAN_POINT('', (0.0, 0.0, 10.0));
#2426 = DEFINITIONAL_REPRESENTATION('', (#2428), #2427);
#2427 = (
    GEOMETRIC_REPRESENTATION_CONTEXT(2)
    PARAMETRIC_REPRESENTATION_CONTEXT()
    REPRESENTATION_CONTEXT('2D SPACE', '')
);
#2428 = (
    BOUNDED_CURVE()
    B_SPLINE_CURVE(1, (#2429, #2430), .UNSPECIFIED., .U., .U.)
    B_SPLINE_CURVE_WITH_KNOTS((2, 2), (0.9999999999999998, 10.0), .UNSPECIFIED.)
    CURVE()
    GEOMETRIC_REPRESENTATION_ITEM()
    RATIONAL_B_SPLINE_CURVE((1.0, 1.0))
    REPRESENTATION_ITEM('')
);
#2429 = CARTESIAN_POINT('', (0.9, 1.0));
#2430 = CARTESIAN_POINT('', (0.0, 1.0));
#2431 = PCURVE('', #2432, #2437);
#2432 = (
    BOUNDED_SURFACE()
    B_SPLINE_SURFACE(1, 1, ((#2433, #2434), (#2435, #2436)), .UNSPECIFIED., .U., .U., .U.)
    B_SPLINE_SURFACE_WITH_KNOTS((2, 2), (2, 2), (0.0, 1.0), (0.0, 1.0), .UNSPECIFIED.)
    GEOMETRIC_REPRESENTATION_ITEM()
    RATIONAL_B_SPLINE_SURFACE(((1.0, 1.0), (1.0, 1.0)))
    REPRESENTATION_ITEM('')
    SURFACE()
);
#2433 = CARTESIAN_POINT('', (0.0, 0.0, 10.0));
#2434 = CARTESIAN_POINT('', (0.0, 10.0, 10.0));
#2435 = CARTESIAN_POINT('', (10.0, 0.0, 10.0));
#2436 = CARTESIAN_POINT('', (10.0, 10.0, 10.0));
#2437 = DEFINITIONAL_REPRESENTATION('', (#2439), #2438);
#2438 = (
    GEOMETRIC_REPRESENTATION_CONTEXT(2)
    PARAMETRIC_REPRESENTATION_CONTEXT()
    REPRESENTATION_CONTEXT('2D SPACE', '')
);
#2439 = (
    BOUNDED_CURVE()
    B_SPLINE_CURVE(1, (#2440, #2441), .UNSPECIFIED., .U., .U.)
    B_SPLINE_CURVE_WITH_KNOTS((2, 2), (0.9999999999999998, 10.0), .UNSPECIFIED.)
    CURVE()
    GEOMETRIC_REPRESENTATION_ITEM()
    RATIONAL_B_SPLINE_CURVE((1.0, 1.0))
    REPRESENTATION_ITEM('')
);
#2440 = CARTESIAN_POINT('', (0.0, 0.09999999999999998));
#2441 = CARTESIAN_POINT('', (0.0, 1.0));
#2442 = SURFACE_CURVE('', #2443, (#2446, #2457), .CURVE_3D.);
#2443 = (
    BOUNDED_CURVE()
    B_SPLINE_CURVE(1, (#2444, #2445), .UNSPECIFIED., .U., .U.)
    B_SPLINE_CURVE_WITH_KNOTS((2, 2), (1.0, 10.0), .UNSPECIFIED.)
    CURVE()
    GEOMETRIC_REPRESENTATION_ITEM()
    RATIONAL_B_SPLINE_CURVE((1.0, 1.0))
    REPRESENTATION_ITEM('')
);
#2444 = CARTESIAN_POINT('', (0.0, 10.0, 1.0));
#2445 = CARTESIAN_POINT('', (0.0, 10.0, 10.0));
#2446 = PCURVE('', #2447, #2452);
#2447 = (
    BOUNDED_SURFACE()
    B_SPLINE_SURFACE(1, 1, ((#2448, #2449), (#2450, #2451)), .UNSPECIFIED., .U., .U., .U.)
    B_SPLINE_SURFACE_WITH_KNOTS((2, 2), (2, 2), (0.0, 1.0), (0.0, 1.0), .UNSPECIFIED.)
    GEOMETRIC_REPRESENTATION_ITEM()
    RATIONAL_B_SPLINE_SURFACE(((1.0, 1.0), (1.0, 1.0)))
    REPRESENTATION_ITEM('')
    SURFACE()
);
#2448 = CARTESIAN_POINT('', (0.0, 10.0, 0.0));
#2449 = CARTESIAN_POINT('', (0.0, 10.0, 10.0));
#2450 = CARTESIAN_POINT('', (0.0, 0.0, 0.0));
#2451 = CARTESIAN_POINT('', (0.0, 0.0, 10.0));
#2452 = DEFINITIONAL_REPRESENTATION('', (#2454), #2453);
#2453 = (
    GEOMETRIC_REPRESENTATION_CONTEXT(2)
    PARAMETRIC_REPRESENTATION_CONTEXT()
    REPRESENTATION_CONTEXT('2D SPACE', '')
);
#2454 = (
    BOUNDED_CURVE()
    B_SPLINE_CURVE(1, (#2455, #2456), .UNSPECIFIED., .U., .U.)
    B_SPLINE_CURVE_WITH_KNOTS((2, 2), (1.0, 10.0), .UNSPECIFIED.)
    CURVE()
    GEOMETRIC_REPRESENTATION_ITEM()
    RATIONAL_B_SPLINE_CURVE((1.0, 1.0))
    REPRESENTATION_ITEM('')
);
#2455 = CARTESIAN_POINT('', (0.0, 0.1));
#2456 = CARTESIAN_POINT('', (0.0, 1.0));
#2457 = PCURVE('', #2458, #2463);
#2458 = (
    BOUNDED_SURFACE()
    B_SPLINE_SURFACE(1, 1, ((#2459, #2460), (#2461, #2462)), .UNSPECIFIED., .U., .U., .U.)
    B_SPLINE_SURFACE_WITH_KNOTS((2, 2), (2, 2), (0.0, 1.0), (0.0, 1.0), .UNSPECIFIED.)
    GEOMETRIC_REPRESENTATION_ITEM()
    RATIONAL_B_SPLINE_SURFACE(((1.0, 1.0), (1.0, 1.0)))
    REPRESENTATION_ITEM('')
    SURFACE()
);
#2459 = CARTESIAN_POINT('', (10.0, 10.0, 0.0));
#2460 = CARTESIAN_POINT('', (10.0, 10.0, 10.0));
#2461 = CARTESIAN_POINT('', (0.0, 10.0, 0.0));
#2462 = CARTESIAN_POINT('', (0.0, 10.0, 10.0));
#2463 = DEFINITIONAL_REPRESENTATION('', (#2465), #2464);
#2464 = (
    GEOMETRIC_REPRESENTATION_CONTEXT(2)
    PARAMETRIC_REPRESENTATION_CONTEXT()
    REPRESENTATION_CONTEXT('2D SPACE', '')
);
#2465 = (
    BOUNDED_CURVE()
    B_SPLINE_CURVE(1, (#2466, #2467), .UNSPECIFIED., .U., .U.)
    B_SPLINE_CURVE_WITH_KNOTS((2, 2), (1.0, 10.0), .UNSPECIFIED.)
    CURVE()
    GEOMETRIC_REPRESENTATION_ITEM()
    RATIONAL_B_SPLINE_CURVE((1.0, 1.0))
    REPRESENTATION_ITEM('')
);
#2466 = CARTESIAN_POINT('', (1.0, 0.1));
#2467 = CARTESIAN_POINT('', (1.0, 1.0));
#2468 = SURFACE_CURVE('', #2469, (#2475, #2489), .CURVE_3D.);
#2469 = (
    BOUNDED_CURVE()
    B_SPLINE_CURVE(3, (#2470, #2471, #2472, #2473, #2474), .UNSPECIFIED., .U., .U.)
    B_SPLINE_CURVE_WITH_KNOTS((4, 1, 4), (0.0, 4.500000000000002, 9.000000000000004), .UNSPECIFIED.)
    CURVE()
    GEOMETRIC_REPRESENTATION_ITEM()
    RATIONAL_B_SPLINE_CURVE((1.0, 1.0, 1.0, 1.0, 1.0))
    REPRESENTATION_ITEM('')
);
#2470 = CARTESIAN_POINT('', (0.0, 0.9999999999999998, 1.0));
#2471 = CARTESIAN_POINT('', (0.0, 2.5000000000000004, 1.0));
#2472 = CARTESIAN_POINT('', (0.0, 5.5, 1.0));
#2473 = CARTESIAN_POINT('', (0.0, 8.5, 1.0));
#2474 = CARTESIAN_POINT('', (0.0, 10.0, 1.0));
#2475 = PCURVE('', #2476, #2481);
#2476 = (
    BOUNDED_SURFACE()
    B_SPLINE_SURFACE(1, 1, ((#2477, #2478), (#2479, #2480)), .UNSPECIFIED., .U., .U., .U.)
    B_SPLINE_SURFACE_WITH_KNOTS((2, 2), (2, 2), (0.0, 1.0), (0.0, 1.0), .UNSPECIFIED.)
    GEOMETRIC_REPRESENTATION_ITEM()
    RATIONAL_B_SPLINE_SURFACE(((1.0, 1.0), (1.0, 1.0)))
    REPRESENTATION_ITEM('')
    SURFACE()
);
#2477 = CARTESIAN_POINT('', (0.0, 10.0, 0.0));
#2478 = CARTESIAN_POINT('', (0.0, 10.0, 10.0));
#2479 = CARTESIAN_POINT('', (0.0, 0.0, 0.0));
#2480 = CARTESIAN_POINT('', (0.0, 0.0, 10.0));
#2481 = DEFINITIONAL_REPRESENTATION('', (#2483), #2482);
#2482 = (
    GEOMETRIC_REPRESENTATION_CONTEXT(2)
    PARAMETRIC_REPRESENTATION_CONTEXT()
    REPRESENTATION_CONTEXT('2D SPACE', '')
);
#2483 = (
    BOUNDED_CURVE()
    B_SPLINE_CURVE(3, (#2484, #2485, #2486, #2487, #2488), .UNSPECIFIED., .U., .U.)
    B_SPLINE_CURVE_WITH_KNOTS((4, 1, 4), (0.0, 4.500000000000002, 9.000000000000004), .UNSPECIFIED.)
    CURVE()
    GEOMETRIC_REPRESENTATION_ITEM()
    RATIONAL_B_SPLINE_CURVE((1.0, 1.0, 1.0, 1.0, 1.0))
    REPRESENTATION_ITEM('')
);
#2484 = CARTESIAN_POINT('', (0.9, 0.1));
#2485 = CARTESIAN_POINT('', (0.75, 0.1));
#2486 = CARTESIAN_POINT('', (0.45, 0.1));
#2487 = CARTESIAN_POINT('', (0.15, 0.1));
#2488 = CARTESIAN_POINT('', (0.0, 0.1));
#2489 = PCURVE('', #2490, #2811);
#2490 = (
    BOUNDED_SURFACE()
    B_SPLINE_SURFACE(3, 3, ((#2491, #2492, #2493, #2494, #2495, #2496, #2497, #2498, #2499, #2500, #2501, #2502, #2503, #2504, #2505, #2506, #2507, #2508, #2509, #2510, #2511, #2512, #2513, #2514, #2515, #2516, #2517, #2518, #2519, #2520, #2521, #2522, #2523, #2524, #2525, #2526, #2527, #2528, #2529, #2530), (#2531, #2532, #2533, #2534, #2535, #2536, #2537, #2538, #2539, #2540, #2541, #2542, #2543, #2544, #2545, #2546, #2547, #2548, #2549, #2550, #2551, #2552, #2553, #2554, #2555, #2556, #2557, #2558, #2559, #2560, #2561, #2562, #2563, #2564, #2565, #2566, #2567, #2568, #2569, #2570), (#2571, #2572, #2573, #2574, #2575, #2576, #2577, #2578, #2579, #2580, #2581, #2582, #2583, #2584, #2585, #2586, #2587, #2588, #2589, #2590, #2591, #2592, #2593, #2594, #2595, #2596, #2597, #2598, #2599, #2600, #2601, #2602, #2603, #2604, #2605, #2606, #2607, #2608, #2609, #2610), (#2611, #2612, #2613, #2614, #2615, #2616, #2617, #2618, #2619, #2620, #2621, #2622, #2623, #2624, #2625, #2626, #2627, #2628, #2629, #2630, #2631, #2632, #2633, #2634, #2635, #2636, #2637, #2638, #2639, #2640, #2641, #2642, #2643, #2644, #2645, #2646, #2647, #2648, #2649, #2650), (#2651, #2652, #2653, #2654, #2655, #2656, #2657, #2658, #2659, #2660, #2661, #2662, #2663, #2664, #2665, #2666, #2667, #2668, #2669, #2670, #2671, #2672, #2673, #2674, #2675, #2676, #2677, #2678, #2679, #2680, #2681, #2682, #2683, #2684, #2685, #2686, #2687, #2688, #2689, #2690), (#2691, #2692, #2693, #2694, #2695, #2696, #2697, #2698, #2699, #2700, #2701, #2702, #2703, #2704, #2705, #2706, #2707, #2708, #2709, #2710, #2711, #2712, #2713, #2714, #2715, #2716, #2717, #2718, #2719, #2720, #2721, #2722, #2723, #2724, #2725, #2726, #2727, #2728, #2729, #2730), (#2731, #2732, #2733, #2734, #2735, #2736, #2737, #2738, #2739, #2740, #2741, #2742, #2743, #2744, #2745, #2746, #2747, #2748, #2749, #2750, #2751, #2752, #2753, #2754, #2755, #2756, #2757, #2758, #2759, #2760, #2761, #2762, #2763, #2764, #2765, #2766, #2767, #2768, #2769, #2770), (#2771, #2772, #2773, #2774, #2775, #2776, #2777, #2778, #2779, #2780, #2781, #2782, #2783, #2784, #2785, #2786, #2787, #2788, #2789, #2790, #2791, #2792, #2793, #2794, #2795, #2796, #2797, #2798, #2799, #2800, #2801, #2802, #2803, #2804, #2805, #2806, #2807, #2808, #2809, #2810)), .UNSPECIFIED., .U., .U., .U.)
    B_SPLINE_SURFACE_WITH_KNOTS((4, 1, 3, 4), (4, 1, 1, 1, 1, 1, 1, 1, 1, 1, 1, 1, 1, 1, 1, 1, 1, 1, 1, 1, 1, 1, 1, 1, 1, 1, 1, 1, 1, 1, 1, 1, 1, 1, 1, 1, 1, 4), (0.0, 4.500000000000002, 9.000000000000004, 9.000100000000003), (0.0, 0.02702702702702703, 0.05405405405405406, 0.08108108108108109, 0.10810810810810811, 0.13513513513513514, 0.16216216216216217, 0.1891891891891892, 0.21621621621621623, 0.24324324324324326, 0.2702702702702703, 0.2972972972972973, 0.32432432432432434, 0.35135135135135137, 0.3783783783783784, 0.40540540540540543, 0.43243243243243246, 0.4594594594594595, 0.4864864864864865, 0.5135135135135136, 0.5405405405405406, 0.5675675675675675, 0.5945945945945946, 0.6216216216216217, 0.6486486486486487, 0.6756756756756757, 0.7027027027027027, 0.7297297297297298, 0.7567567567567568, 0.7837837837837838, 0.8108108108108109, 0.8378378378378379, 0.8648648648648649, 0.8918918918918919, 0.918918918918919, 0.945945945945946, 0.972972972972973, 1.0), .UNSPECIFIED.)
    GEOMETRIC_REPRESENTATION_ITEM()
    RATIONAL_B_SPLINE_SURFACE(((1.0, 1.0, 1.0, 1.0, 1.0, 1.0, 1.0, 1.0, 1.0, 1.0, 1.0, 1.0, 1.0, 1.0, 1.0, 1.0, 1.0, 1.0, 1.0, 1.0, 1.0, 1.0, 1.0, 1.0, 1.0, 1.0, 1.0, 1.0, 1.0, 1.0, 1.0, 1.0, 1.0, 1.0, 1.0, 1.0, 1.0, 1.0, 1.0, 1.0), (1.0, 1.0, 1.0, 1.0, 1.0, 1.0, 1.0, 1.0, 1.0, 1.0, 1.0, 1.0, 1.0, 1.0, 1.0, 1.0, 1.0, 1.0, 1.0, 1.0, 1.0, 1.0, 1.0, 1.0, 1.0, 1.0, 1.0, 1.0, 1.0, 1.0, 1.0, 1.0, 1.0, 1.0, 1.0, 1.0, 1.0, 1.0, 1.0, 1.0), (1.0, 1.0, 1.0, 1.0, 1.0, 1.0, 1.0, 1.0, 1.0, 1.0, 1.0, 1.0, 1.0, 1.0, 1.0, 1.0, 1.0, 1.0, 1.0, 1.0, 1.0, 1.0, 1.0, 1.0, 1.0, 1.0, 1.0, 1.0, 1.0, 1.0, 1.0, 1.0, 1.0, 1.0, 1.0, 1.0, 1.0, 1.0, 1.0, 1.0), (1.0, 1.0, 1.0, 1.0, 1.0, 1.0, 1.0, 1.0, 1.0, 1.0, 1.0, 1.0, 1.0, 1.0, 1.0, 1.0, 1.0, 1.0, 1.0, 1.0, 1.0, 1.0, 1.0, 1.0, 1.0, 1.0, 1.0, 1.0, 1.0, 1.0, 1.0, 1.0, 1.0, 1.0, 1.0, 1.0, 1.0, 1.0, 1.0, 1.0), (1.0, 1.0, 1.0, 1.0, 1.0, 1.0, 1.0, 1.0, 1.0, 1.0, 1.0, 1.0, 1.0, 1.0, 1.0, 1.0, 1.0, 1.0, 1.0, 1.0, 1.0, 1.0, 1.0, 1.0, 1.0, 1.0, 1.0, 1.0, 1.0, 1.0, 1.0, 1.0, 1.0, 1.0, 1.0, 1.0, 1.0, 1.0, 1.0, 1.0), (1.0, 1.0, 1.0, 1.0, 1.0, 1.0, 1.0, 1.0, 1.0, 1.0, 1.0, 1.0, 1.0, 1.0, 1.0, 1.0, 1.0, 1.0, 1.0, 1.0, 1.0, 1.0, 1.0, 1.0, 1.0, 1.0, 1.0, 1.0, 1.0, 1.0, 1.0, 1.0, 1.0, 1.0, 1.0, 1.0, 1.0, 1.0, 1.0, 1.0), (1.0, 1.0, 1.0, 1.0, 1.0, 1.0, 1.0, 1.0, 1.0, 1.0, 1.0, 1.0, 1.0, 1.0, 1.0, 1.0, 1.0, 1.0, 1.0, 1.0, 1.0, 1.0, 1.0, 1.0, 1.0, 1.0, 1.0, 1.0, 1.0, 1.0, 1.0, 1.0, 1.0, 1.0, 1.0, 1.0, 1.0, 1.0, 1.0, 1.0), (1.0, 1.0, 1.0, 1.0, 1.0, 1.0, 1.0, 1.0, 1.0, 1.0, 1.0, 1.0, 1.0, 1.0, 1.0, 1.0, 1.0, 1.0, 1.0, 1.0, 1.0, 1.0, 1.0, 1.0, 1.0, 1.0, 1.0, 1.0, 1.0, 1.0, 1.0, 1.0, 1.0, 1.0, 1.0, 1.0, 1.0, 1.0, 1.0, 1.0)))
    REPRESENTATION_ITEM('')
    SURFACE()
);
#2491 = CARTESIAN_POINT('', (0.0, 0.9999999999999998, 1.0));
#2492 = CARTESIAN_POINT('', (9.9261673506E-24, 0.9999999999999998, 0.9858486817405865));
#2493 = CARTESIAN_POINT('', (6.0086161170E-4, 1.0000000000000002, 0.9575460459450715));
#2494 = CARTESIAN_POINT('', (3.3031561841E-3, 0.9999999999999972, 0.9151685964129556));
#2495 = CARTESIAN_POINT('', (7.8015578851E-3, 1.0000000000000018, 0.872944019138775));
#2496 = CARTESIAN_POINT('', (0.014087972356768782, 0.9999999999999966, 0.830948405163071));
#2497 = CARTESIAN_POINT('', (0.022151064752840417, 1.000000000000002, 0.7892574336779888));
#2498 = CARTESIAN_POINT('', (0.0319763081423398, 1.0, 0.747946234482629));
#2499 = CARTESIAN_POINT('', (0.04354599505801641, 0.9999999999999984, 0.70708925323888));
#2500 = CARTESIAN_POINT('', (0.056839277088437765, 1.0000000000000027, 0.6667601169508407));
#2501 = CARTESIAN_POINT('', (0.07183219833132579, 0.9999999999999977, 0.6270315014727162));
#2502 = CARTESIAN_POINT('', (0.0884977407387255, 1.0000000000000016, 0.5879750004178576));
#2503 = CARTESIAN_POINT('', (0.10680587176784899, 0.9999999999999994, 0.5496609962563305));
#2504 = CARTESIAN_POINT('', (0.12672359903693567, 1.0, 0.5121585334271657));
#2505 = CARTESIAN_POINT('', (0.14821502941100584, 0.9999999999999992, 0.47553519390664495));
#2506 = CARTESIAN_POINT('', (0.17124143388092075, 1.0000000000000009, 0.43985697541822694));
#2507 = CARTESIAN_POINT('', (0.19576131725617948, 0.999999999999999, 0.40518817249077055));
#2508 = CARTESIAN_POINT('', (0.22173049311334803, 1.0000000000000013, 0.3715912606869129));
#2509 = CARTESIAN_POINT('', (0.24910216324055184, 1.0000000000000007, 0.33912678391868517));
#2510 = CARTESIAN_POINT('', (0.27782700204140237, 1.000000000000001, 0.30785324537235864));
#2511 = CARTESIAN_POINT('', (0.3078532453723595, 0.9999999999999974, 0.2778270020414028));
#2512 = CARTESIAN_POINT('', (0.3391267839186841, 1.000000000000002, 0.24910216324055107));
#2513 = CARTESIAN_POINT('', (0.3715912606869137, 0.9999999999999994, 0.22173049311334855));
#2514 = CARTESIAN_POINT('', (0.40518817249076955, 1.0, 0.1957613172561791));
#2515 = CARTESIAN_POINT('', (0.43985697541822816, 1.0000000000000007, 0.17124143388092147));
#2516 = CARTESIAN_POINT('', (0.4755351939066439, 1.0000000000000007, 0.14821502941100523));
#2517 = CARTESIAN_POINT('', (0.5121585334271673, 0.9999999999999997, 0.12672359903693628));
#2518 = CARTESIAN_POINT('', (0.549660996256329, 1.0000000000000009, 0.10680587176784856));
#2519 = CARTESIAN_POINT('', (0.5879750004178591, 0.9999999999999998, 0.08849774073872577));
#2520 = CARTESIAN_POINT('', (0.6270315014727152, 1.000000000000001, 0.07183219833132544));
#2521 = CARTESIAN_POINT('', (0.666760116950839, 0.9999999999999976, 0.05683927708843773));
#2522 = CARTESIAN_POINT('', (0.7070892532388812, 1.0000000000000027, 0.043545995058016415));
#2523 = CARTESIAN_POINT('', (0.747946234482628, 0.9999999999999977, 0.031976308142339815));
#2524 = CARTESIAN_POINT('', (0.7892574336779898, 1.000000000000003, 0.022151064752840278));
#2525 = CARTESIAN_POINT('', (0.8309484051630716, 0.9999999999999968, 0.01408797235676895));
#2526 = CARTESIAN_POINT('', (0.8729440191387747, 1.0000000000000024, 7.8015578851E-3));
#2527 = CARTESIAN_POINT('', (0.9151685964129546, 0.9999999999999961, 3.3031561841E-3));
#2528 = CARTESIAN_POINT('', (0.9575460459450745, 1.000000000000005, 6.0086161170E-4));
#2529 = CARTESIAN_POINT('', (0.9858486817405865, 1.0000000000000002, 8.6649650707E-19));
#2530 = CARTESIAN_POINT('', (1.0000000000000002, 1.0000000000000002, 0.0));
#2531 = CARTESIAN_POINT('', (0.0, 2.5000000000000004, 1.0));
#2532 = CARTESIAN_POINT('', (9.9261673506E-24, 2.500000000000001, 0.9858486817405869));
#2533 = CARTESIAN_POINT('', (6.0086161170E-4, 2.4999999999999942, 0.9575460459450718));
#2534 = CARTESIAN_POINT('', (3.3031561841E-3, 2.5000000000000067, 0.9151685964129561));
#2535 = CARTESIAN_POINT('', (7.8015578851E-3, 2.5, 0.8729440191387754));
#2536 = CARTESIAN_POINT('', (0.014087972356768784, 2.4999999999999987, 0.8309484051630713));
#2537 = CARTESIAN_POINT('', (0.02215106475284042, 2.500000000000006, 0.7892574336779892));
#2538 = CARTESIAN_POINT('', (0.03197630814233981, 2.5, 0.7479462344826292));
#2539 = CARTESIAN_POINT('', (0.043545995058016415, 2.500000000000004, 0.7070892532388804));
#2540 = CARTESIAN_POINT('', (0.05683927708843778, 2.499999999999995, 0.666760116950841));
#2541 = CARTESIAN_POINT('', (0.0718321983313258, 2.500000000000007, 0.6270315014727166));
#2542 = CARTESIAN_POINT('', (0.08849774073872553, 2.499999999999994, 0.5879750004178579));
#2543 = CARTESIAN_POINT('', (0.106805871767849, 2.500000000000014, 0.5496609962563307));
#2544 = CARTESIAN_POINT('', (0.1267235990369357, 2.4999999999999933, 0.5121585334271659));
#2545 = CARTESIAN_POINT('', (0.14821502941100587, 2.5000000000000036, 0.4755351939066452));
#2546 = CARTESIAN_POINT('', (0.17124143388092078, 2.499999999999994, 0.4398569754182272));
#2547 = CARTESIAN_POINT('', (0.1957613172561795, 2.500000000000004, 0.40518817249077077));
#2548 = CARTESIAN_POINT('', (0.22173049311334805, 2.499999999999996, 0.37159126068691317));
#2549 = CARTESIAN_POINT('', (0.24910216324055187, 2.50000000000001, 0.33912678391868545));
#2550 = CARTESIAN_POINT('', (0.2778270020414024, 2.5000000000000093, 0.30785324537235886));
#2551 = CARTESIAN_POINT('', (0.3078532453723596, 2.4999999999999902, 0.2778270020414031));
#2552 = CARTESIAN_POINT('', (0.33912678391868417, 2.5000000000000093, 0.2491021632405513));
#2553 = CARTESIAN_POINT('', (0.3715912606869138, 2.4999999999999916, 0.22173049311334886));
#2554 = CARTESIAN_POINT('', (0.40518817249076966, 2.5000000000000036, 0.19576131725617935));
#2555 = CARTESIAN_POINT('', (0.4398569754182282, 2.5000000000000013, 0.17124143388092172));
#2556 = CARTESIAN_POINT('', (0.475535193906644, 2.5000000000000027, 0.14821502941100545));
#2557 = CARTESIAN_POINT('', (0.5121585334271674, 2.4999999999999973, 0.12672359903693653));
#2558 = CARTESIAN_POINT('', (0.5496609962563291, 2.500000000000004, 0.10680587176784878));
#2559 = CARTESIAN_POINT('', (0.5879750004178592, 2.500000000000001, 0.08849774073872599));
#2560 = CARTESIAN_POINT('', (0.6270315014727154, 2.5000000000000013, 0.07183219833132565));
#2561 = CARTESIAN_POINT('', (0.6667601169508391, 2.4999999999999987, 0.05683927708843794));
#2562 = CARTESIAN_POINT('', (0.7070892532388813, 2.499999999999994, 0.04354599505801662));
#2563 = CARTESIAN_POINT('', (0.7479462344826281, 2.500000000000009, 0.031976308142340024));
#2564 = CARTESIAN_POINT('', (0.7892574336779901, 2.499999999999993, 0.022151064752840486));
#2565 = CARTESIAN_POINT('', (0.8309484051630718, 2.5000000000000138, 0.014087972356769157));
#2566 = CARTESIAN_POINT('', (0.872944019138775, 2.499999999999987, 7.8015578851E-3));
#2567 = CARTESIAN_POINT('', (0.9151685964129547, 2.5000000000000098, 3.3031561841E-3));
#2568 = CARTESIAN_POINT('', (0.9575460459450746, 2.4999999999999987, 6.0086161170E-4));
#2569 = CARTESIAN_POINT('', (0.9858486817405867, 2.5000000000000004, 2.0371175574E-16));
#2570 = CARTESIAN_POINT('', (1.0000000000000002, 2.500000000000001, 0.0));
#2571 = CARTESIAN_POINT('', (0.0, 5.5, 1.0));
#2572 = CARTESIAN_POINT('', (9.9261673506E-24, 5.500000000000002, 0.9858486817405869));
#2573 = CARTESIAN_POINT('', (6.0086161170E-4, 5.499999999999989, 0.9575460459450719));
#2574 = CARTESIAN_POINT('', (3.3031561841E-3, 5.500000000000004, 0.9151685964129559));
#2575 = CARTESIAN_POINT('', (7.8015578851E-3, 5.500000000000005, 0.8729440191387754));
#2576 = CARTESIAN_POINT('', (0.014087972356768785, 5.499999999999992, 0.8309484051630713));
#2577 = CARTESIAN_POINT('', (0.022151064752840424, 5.500000000000009, 0.7892574336779892));
#2578 = CARTESIAN_POINT('', (0.031976308142339815, 5.499999999999998, 0.7479462344826291));
#2579 = CARTESIAN_POINT('', (0.04354599505801643, 5.500000000000009, 0.7070892532388803));
#2580 = CARTESIAN_POINT('', (0.05683927708843779, 5.500000000000001, 0.666760116950841));
#2581 = CARTESIAN_POINT('', (0.07183219833132581, 5.500000000000007, 0.6270315014727166));
#2582 = CARTESIAN_POINT('', (0.08849774073872554, 5.4999999999999964, 0.5879750004178579));
#2583 = CARTESIAN_POINT('', (0.10680587176784903, 5.500000000000017, 0.5496609962563306));
#2584 = CARTESIAN_POINT('', (0.12672359903693572, 5.4999999999999964, 0.5121585334271659));
#2585 = CARTESIAN_POINT('', (0.1482150294110059, 5.5, 0.4755351939066451));
#2586 = CARTESIAN_POINT('', (0.1712414338809208, 5.4999999999999964, 0.4398569754182271));
#2587 = CARTESIAN_POINT('', (0.19576131725617957, 5.5, 0.40518817249077066));
#2588 = CARTESIAN_POINT('', (0.22173049311334808, 5.499999999999995, 0.371591260686913));
#2589 = CARTESIAN_POINT('', (0.24910216324055193, 5.500000000000023, 0.3391267839186852));
#2590 = CARTESIAN_POINT('', (0.2778270020414024, 5.4999999999999964, 0.30785324537235875));
#2591 = CARTESIAN_POINT('', (0.30785324537235964, 5.500000000000002, 0.2778270020414029));
#2592 = CARTESIAN_POINT('', (0.3391267839186842, 5.4999999999999964, 0.24910216324055118));
#2593 = CARTESIAN_POINT('', (0.37159126068691384, 5.500000000000004, 0.22173049311334866));
#2594 = CARTESIAN_POINT('', (0.40518817249076977, 5.499999999999993, 0.19576131725617918));
#2595 = CARTESIAN_POINT('', (0.43985697541822827, 5.500000000000011, 0.17124143388092156));
#2596 = CARTESIAN_POINT('', (0.475535193906644, 5.499999999999995, 0.14821502941100528));
#2597 = CARTESIAN_POINT('', (0.5121585334271674, 5.500000000000006, 0.12672359903693634));
#2598 = CARTESIAN_POINT('', (0.5496609962563292, 5.499999999999998, 0.10680587176784859));
#2599 = CARTESIAN_POINT('', (0.5879750004178592, 5.500000000000011, 0.08849774073872581));
#2600 = CARTESIAN_POINT('', (0.6270315014727155, 5.4999999999999964, 0.07183219833132545));
#2601 = CARTESIAN_POINT('', (0.6667601169508393, 5.5000000000000036, 0.05683927708843775));
#2602 = CARTESIAN_POINT('', (0.7070892532388815, 5.499999999999991, 0.04354599505801643));
#2603 = CARTESIAN_POINT('', (0.7479462344826282, 5.50000000000001, 0.03197630814233983));
#2604 = CARTESIAN_POINT('', (0.7892574336779902, 5.4999999999999964, 0.022151064752840288));
#2605 = CARTESIAN_POINT('', (0.8309484051630719, 5.500000000000009, 0.014087972356768957));
#2606 = CARTESIAN_POINT('', (0.8729440191387751, 5.499999999999995, 7.8015578851E-3));
#2607 = CARTESIAN_POINT('', (0.9151685964129548, 5.500000000000003, 3.3031561841E-3));
#2608 = CARTESIAN_POINT('', (0.9575460459450748, 5.500000000000011, 6.0086161170E-4));
#2609 = CARTESIAN_POINT('', (0.9858486817405869, 5.500000000000002, 8.6649650707E-19));
#2610 = CARTESIAN_POINT('', (1.0, 5.5, 0.0));
#2611 = CARTESIAN_POINT('', (0.0, 8.5, 1.0));
#2612 = CARTESIAN_POINT('', (9.9261673506E-24, 8.500000000000004, 0.9858486817405867));
#2613 = CARTESIAN_POINT('', (6.0086161170E-4, 8.499999999999991, 0.9575460459450718));
#2614 = CARTESIAN_POINT('', (3.3031561841E-3, 8.49999999999999, 0.9151685964129557));
#2615 = CARTESIAN_POINT('', (7.8015578851E-3, 8.500000000000018, 0.872944019138775));
#2616 = CARTESIAN_POINT('', (0.014087972356768785, 8.499999999999977, 0.8309484051630711));
#2617 = CARTESIAN_POINT('', (0.02215106475284042, 8.50000000000001, 0.7892574336779888));
#2618 = CARTESIAN_POINT('', (0.03197630814233981, 8.499999999999993, 0.747946234482629));
#2619 = CARTESIAN_POINT('', (0.043545995058016415, 8.50000000000001, 0.70708925323888));
#2620 = CARTESIAN_POINT('', (0.056839277088437785, 8.500000000000018, 0.6667601169508408));
#2621 = CARTESIAN_POINT('', (0.07183219833132581, 8.5, 0.6270315014727164));
#2622 = CARTESIAN_POINT('', (0.08849774073872553, 8.500000000000004, 0.5879750004178576));
#2623 = CARTESIAN_POINT('', (0.10680587176784903, 8.500000000000004, 0.5496609962563306));
#2624 = CARTESIAN_POINT('', (0.12672359903693572, 8.500000000000007, 0.5121585334271657));
#2625 = CARTESIAN_POINT('', (0.1482150294110059, 8.499999999999995, 0.4755351939066449));
#2626 = CARTESIAN_POINT('', (0.1712414338809208, 8.500000000000005, 0.4398569754182269));
#2627 = CARTESIAN_POINT('', (0.19576131725617957, 8.49999999999999, 0.40518817249077055));
#2628 = CARTESIAN_POINT('', (0.22173049311334814, 8.499999999999996, 0.3715912606869127));
#2629 = CARTESIAN_POINT('', (0.24910216324055195, 8.500000000000032, 0.33912678391868506));
#2630 = CARTESIAN_POINT('', (0.2778270020414024, 8.49999999999997, 0.3078532453723586));
#2631 = CARTESIAN_POINT('', (0.3078532453723596, 8.500000000000027, 0.27782700204140265));
#2632 = CARTESIAN_POINT('', (0.3391267839186842, 8.499999999999972, 0.24910216324055096));
#2633 = CARTESIAN_POINT('', (0.37159126068691384, 8.500000000000032, 0.22173049311334841));
#2634 = CARTESIAN_POINT('', (0.4051881724907697, 8.499999999999975, 0.19576131725617896));
#2635 = CARTESIAN_POINT('', (0.43985697541822827, 8.500000000000025, 0.17124143388092133));
#2636 = CARTESIAN_POINT('', (0.475535193906644, 8.499999999999986, 0.14821502941100506));
#2637 = CARTESIAN_POINT('', (0.5121585334271674, 8.50000000000002, 0.1267235990369361));
#2638 = CARTESIAN_POINT('', (0.5496609962563292, 8.49999999999999, 0.10680587176784839));
#2639 = CARTESIAN_POINT('', (0.5879750004178593, 8.50000000000002, 0.0884977407387256));
#2640 = CARTESIAN_POINT('', (0.6270315014727155, 8.49999999999999, 0.07183219833132526));
#2641 = CARTESIAN_POINT('', (0.6667601169508393, 8.500000000000005, 0.05683927708843755));
#2642 = CARTESIAN_POINT('', (0.7070892532388815, 8.500000000000004, 0.043545995058016235));
#2643 = CARTESIAN_POINT('', (0.7479462344826282, 8.499999999999991, 0.03197630814233962));
#2644 = CARTESIAN_POINT('', (0.7892574336779901, 8.500000000000018, 0.02215106475284008));
#2645 = CARTESIAN_POINT('', (0.8309484051630719, 8.499999999999977, 0.014087972356768752));
#2646 = CARTESIAN_POINT('', (0.872944019138775, 8.500000000000025, 7.8015578851E-3));
#2647 = CARTESIAN_POINT('', (0.9151685964129548, 8.499999999999975, 3.3031561841E-3));
#2648 = CARTESIAN_POINT('', (0.9575460459450749, 8.500000000000039, 6.0086161170E-4));
#2649 = CARTESIAN_POINT('', (0.9858486817405868, 8.500000000000004, -2.0197876273E-16));
#2650 = CARTESIAN_POINT('', (1.0, 8.5, 0.0));
#2651 = CARTESIAN_POINT('', (0.0, 10.0, 1.0));
#2652 = CARTESIAN_POINT('', (9.9261673506E-24, 10.000000000000004, 0.9858486817405868));
#2653 = CARTESIAN_POINT('', (6.0086161170E-4, 9.999999999999991, 0.9575460459450719));
#2654 = CARTESIAN_POINT('', (3.3031561841E-3, 9.999999999999984, 0.9151685964129559));
#2655 = CARTESIAN_POINT('', (7.8015578851E-3, 10.000000000000023, 0.8729440191387752));
#2656 = CARTESIAN_POINT('', (0.014087972356768784, 9.99999999999997, 0.8309484051630712));
#2657 = CARTESIAN_POINT('', (0.02215106475284042, 10.000000000000016, 0.7892574336779891));
#2658 = CARTESIAN_POINT('', (0.03197630814233981, 9.99999999999999, 0.7479462344826291));
#2659 = CARTESIAN_POINT('', (0.043545995058016415, 10.000000000000012, 0.7070892532388802));
#2660 = CARTESIAN_POINT('', (0.056839277088437785, 10.00000000000002, 0.6667601169508409));
#2661 = CARTESIAN_POINT('', (0.07183219833132581, 10.000000000000002, 0.6270315014727165));
#2662 = CARTESIAN_POINT('', (0.08849774073872552, 10.000000000000002, 0.5879750004178578));
#2663 = CARTESIAN_POINT('', (0.10680587176784902, 10.000000000000004, 0.5496609962563307));
#2664 = CARTESIAN_POINT('', (0.12672359903693572, 10.000000000000005, 0.5121585334271659));
#2665 = CARTESIAN_POINT('', (0.1482150294110059, 9.999999999999996, 0.4755351939066451));
#2666 = CARTESIAN_POINT('', (0.1712414338809208, 10.000000000000005, 0.4398569754182271));
#2667 = CARTESIAN_POINT('', (0.19576131725617954, 9.99999999999999, 0.4051881724907707));
#2668 = CARTESIAN_POINT('', (0.22173049311334814, 9.999999999999995, 0.371591260686913));
#2669 = CARTESIAN_POINT('', (0.24910216324055195, 10.000000000000037, 0.3391267839186853));
#2670 = CARTESIAN_POINT('', (0.2778270020414024, 9.999999999999964, 0.30785324537235875));
#2671 = CARTESIAN_POINT('', (0.3078532453723596, 10.000000000000032, 0.2778270020414029));
#2672 = CARTESIAN_POINT('', (0.3391267839186842, 9.999999999999968, 0.2491021632405511));
#2673 = CARTESIAN_POINT('', (0.37159126068691384, 10.000000000000039, 0.22173049311334864));
#2674 = CARTESIAN_POINT('', (0.4051881724907697, 9.99999999999997, 0.19576131725617915));
#2675 = CARTESIAN_POINT('', (0.43985697541822827, 10.000000000000028, 0.17124143388092153));
#2676 = CARTESIAN_POINT('', (0.475535193906644, 9.999999999999984, 0.14821502941100528));
#2677 = CARTESIAN_POINT('', (0.5121585334271674, 10.000000000000021, 0.1267235990369363));
#2678 = CARTESIAN_POINT('', (0.5496609962563291, 9.99999999999999, 0.1068058717678486));
#2679 = CARTESIAN_POINT('', (0.5879750004178593, 10.00000000000002, 0.0884977407387258));
#2680 = CARTESIAN_POINT('', (0.6270315014727155, 9.999999999999988, 0.07183219833132547));
#2681 = CARTESIAN_POINT('', (0.6667601169508393, 10.000000000000004, 0.05683927708843775));
#2682 = CARTESIAN_POINT('', (0.7070892532388814, 10.000000000000012, 0.04354599505801643));
#2683 = CARTESIAN_POINT('', (0.7479462344826282, 9.999999999999984, 0.03197630814233983));
#2684 = CARTESIAN_POINT('', (0.7892574336779901, 10.000000000000027, 0.022151064752840285));
#2685 = CARTESIAN_POINT('', (0.8309484051630719, 9.999999999999966, 0.014087972356768954));
#2686 = CARTESIAN_POINT('', (0.872944019138775, 10.000000000000032, 7.8015578851E-3));
#2687 = CARTESIAN_POINT('', (0.9151685964129548, 9.999999999999968, 3.3031561841E-3));
#2688 = CARTESIAN_POINT('', (0.957546045945075, 10.000000000000048, 6.0086161170E-4));
#2689 = CARTESIAN_POINT('', (0.9858486817405868, 10.000000000000004, 8.6649650707E-19));
#2690 = CARTESIAN_POINT('', (1.0, 10.0, 0.0));
#2691 = CARTESIAN_POINT('', (0.0, 10.000033333333333, 1.0));
#2692 = CARTESIAN_POINT('', (9.9261673506E-24, 10.000033333333336, 0.9858486817405868));
#2693 = CARTESIAN_POINT('', (6.0086161170E-4, 10.000033333333324, 0.9575460459450719));
#2694 = CARTESIAN_POINT('', (3.3031561841E-3, 10.000033333333317, 0.9151685964129559));
#2695 = CARTESIAN_POINT('', (7.8015578851E-3, 10.000033333333356, 0.8729440191387752));
#2696 = CARTESIAN_POINT('', (0.014087972356768784, 10.000033333333302, 0.8309484051630712));
#2697 = CARTESIAN_POINT('', (0.02215106475284042, 10.000033333333349, 0.7892574336779891));
#2698 = CARTESIAN_POINT('', (0.03197630814233981, 10.000033333333322, 0.7479462344826291));
#2699 = CARTESIAN_POINT('', (0.043545995058016415, 10.000033333333345, 0.7070892532388802));
#2700 = CARTESIAN_POINT('', (0.05683927708843779, 10.000033333333352, 0.6667601169508409));
#2701 = CARTESIAN_POINT('', (0.07183219833132581, 10.000033333333334, 0.6270315014727165));
#2702 = CARTESIAN_POINT('', (0.08849774073872552, 10.000033333333334, 0.5879750004178578));
#2703 = CARTESIAN_POINT('', (0.10680587176784902, 10.000033333333336, 0.5496609962563307));
#2704 = CARTESIAN_POINT('', (0.12672359903693572, 10.000033333333338, 0.5121585334271659));
#2705 = CARTESIAN_POINT('', (0.1482150294110059, 10.000033333333329, 0.4755351939066451));
#2706 = CARTESIAN_POINT('', (0.1712414338809208, 10.000033333333338, 0.4398569754182271));
#2707 = CARTESIAN_POINT('', (0.19576131725617954, 10.000033333333322, 0.4051881724907707));
#2708 = CARTESIAN_POINT('', (0.22173049311334816, 10.000033333333327, 0.371591260686913));
#2709 = CARTESIAN_POINT('', (0.24910216324055195, 10.00003333333337, 0.3391267839186853));
#2710 = CARTESIAN_POINT('', (0.2778270020414024, 10.000033333333297, 0.30785324537235875));
#2711 = CARTESIAN_POINT('', (0.3078532453723596, 10.000033333333365, 0.2778270020414029));
#2712 = CARTESIAN_POINT('', (0.3391267839186843, 10.0000333333333, 0.2491021632405511));
#2713 = CARTESIAN_POINT('', (0.3715912606869139, 10.000033333333372, 0.22173049311334864));
#2714 = CARTESIAN_POINT('', (0.4051881724907697, 10.000033333333302, 0.19576131725617915));
#2715 = CARTESIAN_POINT('', (0.4398569754182283, 10.000033333333361, 0.17124143388092153));
#2716 = CARTESIAN_POINT('', (0.475535193906644, 10.000033333333317, 0.14821502941100528));
#2717 = CARTESIAN_POINT('', (0.5121585334271676, 10.000033333333354, 0.1267235990369363));
#2718 = CARTESIAN_POINT('', (0.5496609962563292, 10.000033333333322, 0.1068058717678486));
#2719 = CARTESIAN_POINT('', (0.5879750004178593, 10.000033333333352, 0.0884977407387258));
#2720 = CARTESIAN_POINT('', (0.6270315014727155, 10.00003333333332, 0.07183219833132547));
#2721 = CARTESIAN_POINT('', (0.6667601169508394, 10.000033333333336, 0.05683927708843775));
#2722 = CARTESIAN_POINT('', (0.7070892532388814, 10.000033333333345, 0.04354599505801643));
#2723 = CARTESIAN_POINT('', (0.7479462344826282, 10.000033333333317, 0.03197630814233983));
#2724 = CARTESIAN_POINT('', (0.7892574336779901, 10.00003333333336, 0.022151064752840285));
#2725 = CARTESIAN_POINT('', (0.8309484051630719, 10.000033333333299, 0.014087972356768954));
#2726 = CARTESIAN_POINT('', (0.872944019138775, 10.000033333333365, 7.8015578851E-3));
#2727 = CARTESIAN_POINT('', (0.9151685964129548, 10.0000333333333, 3.3031561841E-3));
#2728 = CARTESIAN_POINT('', (0.957546045945075, 10.00003333333338, 6.0086161170E-4));
#2729 = CARTESIAN_POINT('', (0.9858486817405869, 10.000033333333336, 8.7100417950E-19));
#2730 = CARTESIAN_POINT('', (1.0, 10.000033333333333, 0.0));
#2731 = CARTESIAN_POINT('', (0.0, 10.000066666666665, 1.0));
#2732 = CARTESIAN_POINT('', (9.9261673506E-24, 10.000066666666669, 0.9858486817405868));
#2733 = CARTESIAN_POINT('', (6.0086161170E-4, 10.000066666666656, 0.9575460459450719));
#2734 = CARTESIAN_POINT('', (3.3031561841E-3, 10.00006666666665, 0.9151685964129559));
#2735 = CARTESIAN_POINT('', (7.8015578851E-3, 10.000066666666688, 0.8729440191387752));
#2736 = CARTESIAN_POINT('', (0.014087972356768784, 10.000066666666635, 0.8309484051630712));
#2737 = CARTESIAN_POINT('', (0.02215106475284042, 10.000066666666681, 0.7892574336779891));
#2738 = CARTESIAN_POINT('', (0.03197630814233981, 10.000066666666655, 0.7479462344826291));
#2739 = CARTESIAN_POINT('', (0.043545995058016415, 10.000066666666678, 0.7070892532388802));
#2740 = CARTESIAN_POINT('', (0.0568392770884378, 10.000066666666685, 0.6667601169508409));
#2741 = CARTESIAN_POINT('', (0.07183219833132581, 10.000066666666667, 0.6270315014727165));
#2742 = CARTESIAN_POINT('', (0.08849774073872552, 10.000066666666667, 0.5879750004178578));
#2743 = CARTESIAN_POINT('', (0.10680587176784902, 10.000066666666669, 0.5496609962563307));
#2744 = CARTESIAN_POINT('', (0.12672359903693572, 10.00006666666667, 0.5121585334271659));
#2745 = CARTESIAN_POINT('', (0.1482150294110059, 10.000066666666662, 0.4755351939066451));
#2746 = CARTESIAN_POINT('', (0.1712414338809208, 10.00006666666667, 0.4398569754182271));
#2747 = CARTESIAN_POINT('', (0.19576131725617954, 10.000066666666655, 0.4051881724907707));
#2748 = CARTESIAN_POINT('', (0.2217304931133482, 10.00006666666666, 0.371591260686913));
#2749 = CARTESIAN_POINT('', (0.24910216324055195, 10.000066666666703, 0.3391267839186853));
#2750 = CARTESIAN_POINT('', (0.2778270020414024, 10.00006666666663, 0.30785324537235875));
#2751 = CARTESIAN_POINT('', (0.3078532453723596, 10.000066666666697, 0.2778270020414029));
#2752 = CARTESIAN_POINT('', (0.33912678391868434, 10.000066666666633, 0.2491021632405511));
#2753 = CARTESIAN_POINT('', (0.37159126068691395, 10.000066666666704, 0.22173049311334864));
#2754 = CARTESIAN_POINT('', (0.4051881724907697, 10.000066666666635, 0.19576131725617915));
#2755 = CARTESIAN_POINT('', (0.4398569754182284, 10.000066666666694, 0.17124143388092153));
#2756 = CARTESIAN_POINT('', (0.475535193906644, 10.00006666666665, 0.14821502941100528));
#2757 = CARTESIAN_POINT('', (0.5121585334271677, 10.000066666666687, 0.1267235990369363));
#2758 = CARTESIAN_POINT('', (0.5496609962563294, 10.000066666666655, 0.1068058717678486));
#2759 = CARTESIAN_POINT('', (0.5879750004178593, 10.000066666666685, 0.0884977407387258));
#2760 = CARTESIAN_POINT('', (0.6270315014727155, 10.000066666666653, 0.07183219833132547));
#2761 = CARTESIAN_POINT('', (0.6667601169508395, 10.000066666666669, 0.05683927708843775));
#2762 = CARTESIAN_POINT('', (0.7070892532388814, 10.000066666666678, 0.04354599505801643));
#2763 = CARTESIAN_POINT('', (0.7479462344826282, 10.00006666666665, 0.03197630814233983));
#2764 = CARTESIAN_POINT('', (0.7892574336779901, 10.000066666666692, 0.022151064752840285));
#2765 = CARTESIAN_POINT('', (0.8309484051630719, 10.000066666666632, 0.014087972356768954));
#2766 = CARTESIAN_POINT('', (0.872944019138775, 10.000066666666697, 7.8015578851E-3));
#2767 = CARTESIAN_POINT('', (0.9151685964129548, 10.000066666666633, 3.3031561841E-3));
#2768 = CARTESIAN_POINT('', (0.957546045945075, 10.000066666666713, 6.0086161170E-4));
#2769 = CARTESIAN_POINT('', (0.985848681740587, 10.000066666666669, 8.7551200218E-19));
#2770 = CARTESIAN_POINT('', (1.0, 10.000066666666665, 0.0));
#2771 = CARTESIAN_POINT('', (0.0, 10.000099999999998, 1.0));
#2772 = CARTESIAN_POINT('', (9.9261673506E-24, 10.000100000000002, 0.9858486817405868));
#2773 = CARTESIAN_POINT('', (6.0086161170E-4, 10.000099999999989, 0.9575460459450719));
#2774 = CARTESIAN_POINT('', (3.3031561841E-3, 10.000099999999982, 0.9151685964129559));
#2775 = CARTESIAN_POINT('', (7.8015578851E-3, 10.000100000000021, 0.8729440191387752));
#2776 = CARTESIAN_POINT('', (0.014087972356768784, 10.000099999999968, 0.8309484051630712));
#2777 = CARTESIAN_POINT('', (0.02215106475284042, 10.000100000000014, 0.7892574336779891));
#2778 = CARTESIAN_POINT('', (0.03197630814233981, 10.000099999999987, 0.7479462344826291));
#2779 = CARTESIAN_POINT('', (0.043545995058016415, 10.00010000000001, 0.7070892532388802));
#2780 = CARTESIAN_POINT('', (0.056839277088437806, 10.000100000000018, 0.6667601169508409));
#2781 = CARTESIAN_POINT('', (0.07183219833132581, 10.0001, 0.6270315014727165));
#2782 = CARTESIAN_POINT('', (0.08849774073872552, 10.0001, 0.5879750004178578));
#2783 = CARTESIAN_POINT('', (0.10680587176784902, 10.000100000000002, 0.5496609962563307));
#2784 = CARTESIAN_POINT('', (0.12672359903693572, 10.000100000000003, 0.5121585334271659));
#2785 = CARTESIAN_POINT('', (0.1482150294110059, 10.000099999999994, 0.4755351939066451));
#2786 = CARTESIAN_POINT('', (0.1712414338809208, 10.000100000000003, 0.4398569754182271));
#2787 = CARTESIAN_POINT('', (0.19576131725617954, 10.000099999999987, 0.4051881724907707));
#2788 = CARTESIAN_POINT('', (0.22173049311334822, 10.000099999999993, 0.371591260686913));
#2789 = CARTESIAN_POINT('', (0.24910216324055195, 10.000100000000035, 0.3391267839186853));
#2790 = CARTESIAN_POINT('', (0.2778270020414024, 10.000099999999962, 0.30785324537235875));
#2791 = CARTESIAN_POINT('', (0.3078532453723596, 10.00010000000003, 0.2778270020414029));
#2792 = CARTESIAN_POINT('', (0.3391267839186844, 10.000099999999966, 0.2491021632405511));
#2793 = CARTESIAN_POINT('', (0.371591260686914, 10.000100000000037, 0.22173049311334864));
#2794 = CARTESIAN_POINT('', (0.4051881724907697, 10.000099999999968, 0.19576131725617915));
#2795 = CARTESIAN_POINT('', (0.43985697541822844, 10.000100000000026, 0.17124143388092153));
#2796 = CARTESIAN_POINT('', (0.475535193906644, 10.000099999999982, 0.14821502941100528));
#2797 = CARTESIAN_POINT('', (0.5121585334271678, 10.00010000000002, 0.1267235990369363));
#2798 = CARTESIAN_POINT('', (0.5496609962563295, 10.000099999999987, 0.1068058717678486));
#2799 = CARTESIAN_POINT('', (0.5879750004178593, 10.000100000000018, 0.0884977407387258));
#2800 = CARTESIAN_POINT('', (0.6270315014727155, 10.000099999999986, 0.07183219833132547));
#2801 = CARTESIAN_POINT('', (0.6667601169508396, 10.000100000000002, 0.05683927708843775));
#2802 = CARTESIAN_POINT('', (0.7070892532388814, 10.00010000000001, 0.04354599505801643));
#2803 = CARTESIAN_POINT('', (0.7479462344826282, 10.000099999999982, 0.03197630814233983));
#2804 = CARTESIAN_POINT('', (0.7892574336779901, 10.000100000000025, 0.022151064752840285));
#2805 = CARTESIAN_POINT('', (0.8309484051630719, 10.000099999999964, 0.014087972356768954));
#2806 = CARTESIAN_POINT('', (0.872944019138775, 10.00010000000003, 7.8015578851E-3));
#2807 = CARTESIAN_POINT('', (0.9151685964129548, 10.000099999999966, 3.3031561841E-3));
#2808 = CARTESIAN_POINT('', (0.957546045945075, 10.000100000000046, 6.0086161170E-4));
#2809 = CARTESIAN_POINT('', (0.9858486817405872, 10.000100000000002, 8.8001997512E-19));
#2810 = CARTESIAN_POINT('', (1.0, 10.000099999999998, 0.0));
#2811 = DEFINITIONAL_REPRESENTATION('', (#2813), #2812);
#2812 = (
    GEOMETRIC_REPRESENTATION_CONTEXT(2)
    PARAMETRIC_REPRESENTATION_CONTEXT()
    REPRESENTATION_CONTEXT('2D SPACE', '')
);
#2813 = (
    BOUNDED_CURVE()
    B_SPLINE_CURVE(1, (#2814, #2815), .UNSPECIFIED., .U., .U.)
    B_SPLINE_CURVE_WITH_KNOTS((2, 2), (0.0, 9.000000000000004), .UNSPECIFIED.)
    CURVE()
    GEOMETRIC_REPRESENTATION_ITEM()
    RATIONAL_B_SPLINE_CURVE((1.0, 1.0))
    REPRESENTATION_ITEM('')
);
#2814 = CARTESIAN_POINT('', (0.0, 0.0));
#2815 = CARTESIAN_POINT('', (9.000000000000004, 0.0));
#2816 = SURFACE_CURVE('', #2817, (#3026, #3243), .CURVE_3D.);
#2817 = (
    BOUNDED_CURVE()
    B_SPLINE_CURVE(3, (#2818, #2819, #2820, #2821, #2822, #2823, #2824, #2825, #2826, #2827, #2828, #2829, #2830, #2831, #2832, #2833, #2834, #2835, #2836, #2837, #2838, #2839, #2840, #2841, #2842, #2843, #2844, #2845, #2846, #2847, #2848, #2849, #2850, #2851, #2852, #2853, #2854, #2855, #2856, #2857, #2858, #2859, #2860, #2861, #2862, #2863, #2864, #2865, #2866, #2867, #2868, #2869, #2870, #2871, #2872, #2873, #2874, #2875, #2876, #2877, #2878, #2879, #2880, #2881, #2882, #2883, #2884, #2885, #2886, #2887, #2888, #2889, #2890, #2891, #2892, #2893, #2894, #2895, #2896, #2897, #2898, #2899, #2900, #2901, #2902, #2903, #2904, #2905, #2906, #2907, #2908, #2909, #2910, #2911, #2912, #2913, #2914, #2915, #2916, #2917, #2918, #2919, #2920, #2921, #2922, #2923, #2924, #2925, #2926, #2927, #2928, #2929, #2930, #2931, #2932, #2933, #2934, #2935, #2936, #2937, #2938, #2939, #2940, #2941, #2942, #2943, #2944, #2945, #2946, #2947, #2948, #2949, #2950, #2951, #2952, #2953, #2954, #2955, #2956, #2957, #2958, #2959, #2960, #2961, #2962, #2963, #2964, #2965, #2966, #2967, #2968, #2969, #2970, #2971, #2972, #2973, #2974, #2975, #2976, #2977, #2978, #2979, #2980, #2981, #2982, #2983, #2984, #2985, #2986, #2987, #2988, #2989, #2990, #2991, #2992, #2993, #2994, #2995, #2996, #2997, #2998, #2999, #3000, #3001, #3002, #3003, #3004, #3005, #3006, #3007, #3008, #3009, #3010, #3011, #3012, #3013, #3014, #3015, #3016, #3017, #3018, #3019, #3020, #3021, #3022, #3023, #3024, #3025), .UNSPECIFIED., .U., .U.)
    B_SPLINE_CURVE_WITH_KNOTS((4, 3, 3, 3, 3, 3, 3, 3, 3, 3, 3, 3, 3, 3, 3, 3, 3, 3, 3, 3, 3, 3, 3, 3, 3, 3, 3, 3, 3, 3, 3, 3, 3, 3, 3, 3, 3, 3, 3, 3, 3, 3, 3, 3, 3, 3, 3, 3, 3, 3, 3, 3, 3, 3, 3, 3, 3, 3, 3, 3, 3, 3, 3, 3, 3, 3, 3, 3, 3, 4), (0.0, 0.02272751903935618, 0.045454059520447586, 0.06818060048269636, 0.09090714097528889, 0.1136336817582029, 0.13636022234171305, 0.15908676312140888, 0.18181330374294513, 0.20453984440804007, 0.2272663851654261, 0.24999292577071786, 0.27271946659605545, 0.29544600713264463, 0.31817254803751016, 0.3408990885364997, 0.36362562943359833, 0.38635216992802474, 0.40907871079123187, 0.4318052513164114, 0.4545317921144754, 0.477258332707365, 0.49998487343029374, 0.522711414113602, 0.5454379547567445, 0.5681644955403137, 0.5908910361120072, 0.6136175769800216, 0.6363441174979808, 0.6590706584056795, 0.6817971988981926, 0.7045237397857235, 0.7272502802885278, 0.7499768211257355, 0.7727033616758132, 0.7954299024431967, 0.81815644307217, 0.8408829837608909, 0.863609524487173, 0.8863360650986272, 0.9090626059215334, 0.9317891464674658, 0.9545156873597044, 0.9772422278628673, 0.9999687687665482, 1.0226953092586988, 1.0454218501279966, 1.0681483906470102, 1.0908749314563917, 1.11360147203603, 1.1363280127706497, 1.1590545534406447, 1.181781094095069, 1.2045076348617858, 1.227234175444966, 1.2499607163056152, 1.2726872568266605, 1.2954137977285858, 1.3181403382297359, 1.3408668791262885, 1.3635934196117783, 1.3863199604562402, 1.409046501020118, 1.431773041795269, 1.4544995823748226, 1.4772261230912174, 1.4999526638514484, 1.5226792044340784, 1.5454057451885272, 1.5707623871705894), .UNSPECIFIED.)
    CURVE()
    GEOMETRIC_REPRESENTATION_ITEM()
    RATIONAL_B_SPLINE_CURVE((1.0, 1.0, 1.0, 1.0, 1.0, 1.0, 1.0, 1.0, 1.0, 1.0, 1.0, 1.0, 1.0, 1.0, 1.0, 1.0, 1.0, 1.0, 1.0, 1.0, 1.0, 1.0, 1.0, 1.0, 1.0, 1.0, 1.0, 1.0, 1.0, 1.0, 1.0, 1.0, 1.0, 1.0, 1.0, 1.0, 1.0, 1.0, 1.0, 1.0, 1.0, 1.0, 1.0, 1.0, 1.0, 1.0, 1.0, 1.0, 1.0, 1.0, 1.0, 1.0, 1.0, 1.0, 1.0, 1.0, 1.0, 1.0, 1.0, 1.0, 1.0, 1.0, 1.0, 1.0, 1.0, 1.0, 1.0, 1.0, 1.0, 1.0, 1.0, 1.0, 1.0, 1.0, 1.0, 1.0, 1.0, 1.0, 1.0, 1.0, 1.0, 1.0, 1.0, 1.0, 1.0, 1.0, 1.0, 1.0, 1.0, 1.0, 1.0, 1.0, 1.0, 1.0, 1.0, 1.0, 1.0, 1.0, 1.0, 1.0, 1.0, 1.0, 1.0, 1.0, 1.0, 1.0, 1.0, 1.0, 1.0, 1.0, 1.0, 1.0, 1.0, 1.0, 1.0, 1.0, 1.0, 1.0, 1.0, 1.0, 1.0, 1.0, 1.0, 1.0, 1.0, 1.0, 1.0, 1.0, 1.0, 1.0, 1.0, 1.0, 1.0, 1.0, 1.0, 1.0, 1.0, 1.0, 1.0, 1.0, 1.0, 1.0, 1.0, 1.0, 1.0, 1.0, 1.0, 1.0, 1.0, 1.0, 1.0, 1.0, 1.0, 1.0, 1.0, 1.0, 1.0, 1.0, 1.0, 1.0, 1.0, 1.0, 1.0, 1.0, 1.0, 1.0, 1.0, 1.0, 1.0, 1.0, 1.0, 1.0, 1.0, 1.0, 1.0, 1.0, 1.0, 1.0, 1.0, 1.0, 1.0, 1.0, 1.0, 1.0, 1.0, 1.0, 1.0, 1.0, 1.0, 1.0, 1.0, 1.0, 1.0, 1.0, 1.0, 1.0, 1.0, 1.0, 1.0, 1.0, 1.0, 1.0, 1.0, 1.0, 1.0, 1.0, 1.0, 1.0))
    REPRESENTATION_ITEM('')
);
#2818 = CARTESIAN_POINT('', (10.0, 1.0, 0.0));
#2819 = CARTESIAN_POINT('', (10.0, 0.9924241603202146, 5.3139256078E-24));
#2820 = CARTESIAN_POINT('', (10.0, 0.9848478316502122, 8.6109209057E-5));
#2821 = CARTESIAN_POINT('', (10.0, 0.9772739485353619, 2.5827603628E-4));
#2822 = CARTESIAN_POINT('', (10.0, 0.9697003915223578, 4.3043545067E-4));
#2823 = CARTESIAN_POINT('', (10.0, 0.9621283017865977, 6.8866859067E-4));
#2824 = CARTESIAN_POINT('', (10.0, 0.9545606131645407, 1.0328976028E-3));
#2825 = CARTESIAN_POINT('', (10.0, 0.9469929243822636, 1.3771266222E-3));
#2826 = CARTESIAN_POINT('', (10.000000000000002, 0.9394286594609016, 1.8073875235E-3));
#2827 = CARTESIAN_POINT('', (10.000000000000002, 0.9318707473522608, 2.3234996055E-3));
#2828 = CARTESIAN_POINT('', (10.000000000000002, 0.9243128353998084, 2.8396116769E-3));
#2829 = CARTESIAN_POINT('', (10.0, 0.916760300551655, 3.4416457821E-3));
#2830 = CARTESIAN_POINT('', (10.0, 0.9092160696670557, 4.1293849122E-3));
#2831 = CARTESIAN_POINT('', (10.0, 0.9016718386860821, 4.8171240512E-3));
#2832 = CARTESIAN_POINT('', (9.999999999999998, 0.894134936700074, 5.5906452989E-3));
#2833 = CARTESIAN_POINT('', (9.999999999999998, 0.8866082819898058, 6.4496418587E-3));
#2834 = CARTESIAN_POINT('', (9.999999999999998, 0.8790816273455768, 7.3086384111E-3));
#2835 = CARTESIAN_POINT('', (9.999999999999998, 0.8715642490079197, 8.2532290593E-3));
#2836 = CARTESIAN_POINT('', (9.999999999999998, 0.8640590600399372, 9.2830561153E-3));
#2837 = CARTESIAN_POINT('', (9.999999999999998, 0.8565538710071664, 0.010312883180243374));
#2838 = CARTESIAN_POINT('', (10.000000000000002, 0.8490599007568457, 0.011428067646926795));
#2839 = CARTESIAN_POINT('', (10.000000000000002, 0.841580051382859, 0.012628175785267943));
#2840 = CARTESIAN_POINT('', (10.000000000000002, 0.8341002020609264, 0.013828283915257243));
#2841 = CARTESIAN_POINT('', (10.0, 0.8266335096139621, 0.015113481431804814));
#2842 = CARTESIAN_POINT('', (10.0, 0.819182866051905, 0.016483268245020395));
#2843 = CARTESIAN_POINT('', (10.0, 0.8117322224755678, 0.01785305506086137));
#2844 = CARTESIAN_POINT('', (10.0, 0.8042966640233262, 0.01930759844799577));
#2845 = CARTESIAN_POINT('', (10.0, 0.796879071263965, 0.020846339257469138));
#2846 = CARTESIAN_POINT('', (10.0, 0.7894614784744812, 0.02238508007319124));
#2847 = CARTESIAN_POINT('', (10.0, 0.7820608962828964, 0.02400822903101733));
#2848 = CARTESIAN_POINT('', (10.0, 0.7746801888464143, 0.02571514549810865));
#2849 = CARTESIAN_POINT('', (10.0, 0.7672994814593266, 0.027422061953776666));
#2850 = CARTESIAN_POINT('', (9.999999999999998, 0.7599376943346434, 0.029212960142048026));
#2851 = CARTESIAN_POINT('', (9.999999999999998, 0.7525976810812598, 0.031087156172508453));
#2852 = CARTESIAN_POINT('', (9.999999999999998, 0.7452576677568077, 0.032961352221115466));
#2853 = CARTESIAN_POINT('', (10.0, 0.7379384834737137, 0.034919098545529714));
#2854 = CARTESIAN_POINT('', (10.0, 0.7306429584085026, 0.03695961819861439));
#2855 = CARTESIAN_POINT('', (10.0, 0.7233474334359836, 0.03900013782577357));
#2856 = CARTESIAN_POINT('', (10.0, 0.7160746247754637, 0.041123691550330445));
#2857 = CARTESIAN_POINT('', (10.0, 0.7088273537897793, 0.04332947219072227));
#2858 = CARTESIAN_POINT('', (10.0, 0.7015800826866553, 0.04553525286685808));
#2859 = CARTESIAN_POINT('', (10.0, 0.6943574153344318, 0.04782355034385854));
#2860 = CARTESIAN_POINT('', (10.0, 0.6871621429396961, 0.05019345793677123));
#2861 = CARTESIAN_POINT('', (10.0, 0.6799668706734616, 0.05256336548735946));
#2862 = CARTESIAN_POINT('', (10.0, 0.6727980640654635, 0.05501518902745952));
#2863 = CARTESIAN_POINT('', (10.0, 0.6656585066834821, 0.05754799876626225));
#2864 = CARTESIAN_POINT('', (10.0, 0.6585189491764345, 0.06008080854943313));
#2865 = CARTESIAN_POINT('', (10.0, 0.6514077179217135, 0.06269492756096283));
#2866 = CARTESIAN_POINT('', (10.0, 0.6443275614528978, 0.06538932752593736));
#2867 = CARTESIAN_POINT('', (10.0, 0.6372474051095295, 0.0680837274431721));
#2868 = CARTESIAN_POINT('', (10.0, 0.6301974100651119, 0.0708587585005329));
#2869 = CARTESIAN_POINT('', (10.0, 0.6231803144940901, 0.07371336434156944));
#2870 = CARTESIAN_POINT('', (10.0, 0.6161632188092028, 0.0765679702289273));
#2871 = CARTESIAN_POINT('', (10.0, 0.6091781128992201, 0.0795025098504702));
#2872 = CARTESIAN_POINT('', (10.0, 0.602227697892129, 0.0825158365589781));
#2873 = CARTESIAN_POINT('', (10.0, 0.5952772829884164, 0.0855291632226667));
#2874 = CARTESIAN_POINT('', (10.0, 0.5883606637801838, 0.08862167139730102));
#2875 = CARTESIAN_POINT('', (10.0, 0.581480525034886, 0.09179217542052825));
#2876 = CARTESIAN_POINT('', (10.0, 0.5746003862069763, 0.09496267948182469));
#2877 = CARTESIAN_POINT('', (10.0, 0.567755834493262, 0.09821157752719041));
#2878 = CARTESIAN_POINT('', (10.0, 0.5609495185852724, 0.10153760669944012));
#2879 = CARTESIAN_POINT('', (10.0, 0.5541432027387301, 0.10486363584166256));
#2880 = CARTESIAN_POINT('', (10.0, 0.5473742479659627, 0.10826723392449637));
#2881 = CARTESIAN_POINT('', (10.0, 0.5406452780967179, 0.11174708589787147));
#2882 = CARTESIAN_POINT('', (10.0, 0.5339163081889706, 0.11522693789115795));
#2883 = CARTESIAN_POINT('', (9.999999999999998, 0.5272264492342092, 0.11878348303503096));
#2884 = CARTESIAN_POINT('', (9.999999999999998, 0.5205782925443181, 0.12241534461570888));
#2885 = CARTESIAN_POINT('', (9.999999999999998, 0.5139301358660171, 0.12604720619005516));
#2886 = CARTESIAN_POINT('', (10.0, 0.5073228287941528, 0.1297548634433608));
#2887 = CARTESIAN_POINT('', (10.0, 0.5007589275679849, 0.13353687433805206));
#2888 = CARTESIAN_POINT('', (10.0, 0.4941950263534177, 0.13731888522605917));
#2889 = CARTESIAN_POINT('', (10.000000000000002, 0.4876736792499042, 0.141175730817618));
#2890 = CARTESIAN_POINT('', (10.000000000000002, 0.4811974153561245, 0.14510592311440534));
#2891 = CARTESIAN_POINT('', (10.000000000000002, 0.4747211514223281, 0.14903611543547723));
#2892 = CARTESIAN_POINT('', (10.0, 0.46828914093053486, 0.15304017216912025));
#2893 = CARTESIAN_POINT('', (10.0, 0.4619038671536896, 0.15711652900035272));
#2894 = CARTESIAN_POINT('', (10.0, 0.45551859343637313, 0.161192885793582));
#2895 = CARTESIAN_POINT('', (10.000000000000004, 0.44917922929799475, 0.165342065032662));
#2896 = CARTESIAN_POINT('', (10.000000000000004, 0.44288823690004414, 0.16956247020274778));
#2897 = CARTESIAN_POINT('', (10.000000000000004, 0.4365972444200682, 0.1737828754278615));
#2898 = CARTESIAN_POINT('', (10.0, 0.4303538166653002, 0.1780750589158517));
#2899 = CARTESIAN_POINT('', (10.0, 0.4241603602120393, 0.18243734086557045));
#2900 = CARTESIAN_POINT('', (10.0, 0.41796690385417573, 0.1867996227480973));
#2901 = CARTESIAN_POINT('', (10.000000000000004, 0.4118226180191723, 0.19123256511719433));
#2902 = CARTESIAN_POINT('', (10.000000000000004, 0.4057298933325624, 0.19573446591269794));
#2903 = CARTESIAN_POINT('', (10.000000000000004, 0.39963716854146775, 0.20023636678540505));
#2904 = CARTESIAN_POINT('', (10.000000000000004, 0.39359521938640046, 0.20480780847328972));
#2905 = CARTESIAN_POINT('', (10.000000000000004, 0.38760637399803766, 0.20944700428312416));
#2906 = CARTESIAN_POINT('', (10.000000000000004, 0.38161752871908355, 0.21408620000820627));
#2907 = CARTESIAN_POINT('', (10.0, 0.37568101432629347, 0.21879374968897977));
#2908 = CARTESIAN_POINT('', (10.0, 0.3697991436043002, 0.2235678466256401));
#2909 = CARTESIAN_POINT('', (10.0, 0.36391727278007213, 0.22834194364528065));
#2910 = CARTESIAN_POINT('', (10.000000000000004, 0.3580892817474469, 0.23318319847654626));
#2911 = CARTESIAN_POINT('', (10.000000000000004, 0.3523174186186302, 0.23808972502473208));
#2912 = CARTESIAN_POINT('', (10.000000000000004, 0.3465455555875226, 0.2429962514898577));
#2913 = CARTESIAN_POINT('', (10.0, 0.340829077525754, 0.24796868613690204));
#2914 = CARTESIAN_POINT('', (10.0, 0.3351702104126102, 0.25300511620180166));
#2915 = CARTESIAN_POINT('', (10.0, 0.32951134321620057, 0.25804154634080845));
#2916 = CARTESIAN_POINT('', (10.0, 0.32390934875605143, 0.2631426133972265));
#2917 = CARTESIAN_POINT('', (10.0, 0.31836639099778813, 0.26830633548326144));
#2918 = CARTESIAN_POINT('', (10.0, 0.31282343330955525, 0.2734700575040573));
#2919 = CARTESIAN_POINT('', (10.0, 0.30733880158705645, 0.2786971066897552));
#2920 = CARTESIAN_POINT('', (10.0, 0.30191462704732563, 0.28398546518782697));
#2921 = CARTESIAN_POINT('', (10.0, 0.29649045245573014, 0.2892738237364647));
#2922 = CARTESIAN_POINT('', (10.0, 0.2911260262849217, 0.29462416562271154));
#2923 = CARTESIAN_POINT('', (10.0, 0.28582342432460145, 0.3000344168728355));
#2924 = CARTESIAN_POINT('', (10.0, 0.28052082239657533, 0.30544466809000975));
#2925 = CARTESIAN_POINT('', (10.0, 0.27527936758467814, 0.3109155345914106));
#2926 = CARTESIAN_POINT('', (10.0, 0.2701010898197807, 0.3164448966549411));
#2927 = CARTESIAN_POINT('', (10.0, 0.26492281204126966, 0.32197425873300817));
#2928 = CARTESIAN_POINT('', (10.0, 0.2598070352626865, 0.3275628233083714));
#2929 = CARTESIAN_POINT('', (10.0, 0.2547557432269739, 0.33320842819285756));
#2930 = CARTESIAN_POINT('', (10.0, 0.24970445118291285, 0.3388540330866745));
#2931 = CARTESIAN_POINT('', (10.000000000000002, 0.2447170008931308, 0.34455741531046025));
#2932 = CARTESIAN_POINT('', (10.000000000000002, 0.23979531623753664, 0.3503163584498195));
#2933 = CARTESIAN_POINT('', (10.000000000000002, 0.23487363160680974, 0.3560753015600812));
#2934 = CARTESIAN_POINT('', (10.0, 0.2300170718488205, 0.3618905447425952));
#2935 = CARTESIAN_POINT('', (10.0, 0.22522752495344672, 0.36775984162455466));
#2936 = CARTESIAN_POINT('', (10.0, 0.22043797801351006, 0.37362913856112323));
#2937 = CARTESIAN_POINT('', (9.999999999999998, 0.215714834402785, 0.37955325400078055));
#2938 = CARTESIAN_POINT('', (9.999999999999998, 0.21105990924756773, 0.385529881663501));
#2939 = CARTESIAN_POINT('', (9.999999999999998, 0.20640498414908118, 0.3915065092533828));
#2940 = CARTESIAN_POINT('', (10.0, 0.20181767374753548, 0.3975364188259908));
#2941 = CARTESIAN_POINT('', (10.0, 0.19729976675036928, 0.40361728400996033));
#2942 = CARTESIAN_POINT('', (10.0, 0.19278185968435937, 0.4096981492865899));
#2943 = CARTESIAN_POINT('', (10.0, 0.18833277806598842, 0.4158307589936735));
#2944 = CARTESIAN_POINT('', (10.0, 0.18395422788721114, 0.42201272511308496));
#2945 = CARTESIAN_POINT('', (10.0, 0.17957567778339412, 0.42819469112666186));
#2946 = CARTESIAN_POINT('', (10.0, 0.17526709317030184, 0.4344268115834046));
#2947 = CARTESIAN_POINT('', (10.0, 0.17103015985647035, 0.4407066842651396));
#2948 = CARTESIAN_POINT('', (10.0, 0.16679322646796987, 0.446986557057547));
#2949 = CARTESIAN_POINT('', (10.0, 0.1626273951568815, 0.4533149911296147));
#2950 = CARTESIAN_POINT('', (10.0, 0.15853426467409115, 0.45968952559718657));
#2951 = CARTESIAN_POINT('', (10.0, 0.15444113426541886, 0.46606405994932887));
#2952 = CARTESIAN_POINT('', (9.999999999999996, 0.15042017773483612, 0.4724855189718472));
#2953 = CARTESIAN_POINT('', (9.999999999999996, 0.14647297001281118, 0.47895142617410635));
#2954 = CARTESIAN_POINT('', (9.999999999999996, 0.14252576222528227, 0.48541733348366733));
#2955 = CARTESIAN_POINT('', (10.000000000000004, 0.13865178546556906, 0.49192851859378134));
#2956 = CARTESIAN_POINT('', (10.000000000000004, 0.1348525299911359, 0.4984824536326532));
#2957 = CARTESIAN_POINT('', (10.000000000000004, 0.13105327457526067, 0.5050363885705093));
#2958 = CARTESIAN_POINT('', (9.999999999999998, 0.12732825437268622, 0.511633922389424));
#2959 = CARTESIAN_POINT('', (9.999999999999998, 0.12367892512233648, 0.5182725066441615));
#2960 = CARTESIAN_POINT('', (9.999999999999998, 0.12002959582536071, 0.5249110909837176));
#2961 = CARTESIAN_POINT('', (9.999999999999998, 0.11645547566562199, 0.5315915768829756));
#2962 = CARTESIAN_POINT('', (9.999999999999998, 0.11295794363976566, 0.5383113742072463));
#2963 = CARTESIAN_POINT('', (9.999999999999998, 0.10946041164926595, 0.5450311714635863));
#2964 = CARTESIAN_POINT('', (9.999999999999998, 0.1060390240108613, 0.5517911518755971));
#2965 = CARTESIAN_POINT('', (9.999999999999998, 0.10269511087919914, 0.5585886992390792));
#2966 = CARTESIAN_POINT('', (9.999999999999998, 0.09935119772473353, 0.5653862466489162));
#2967 = CARTESIAN_POINT('', (9.999999999999998, 0.09608431696348411, 0.5722222335083869));
#2968 = CARTESIAN_POINT('', (9.999999999999998, 0.09289573376003649, 0.5790940122539725));
#2969 = CARTESIAN_POINT('', (9.999999999999998, 0.08970715056565583, 0.5859657909800178));
#2970 = CARTESIAN_POINT('', (10.0, 0.08659646371814081, 0.5928742536409912));
#2971 = CARTESIAN_POINT('', (10.0, 0.08356487356259848, 0.5998167219899313));
#2972 = CARTESIAN_POINT('', (10.0, 0.08053328340913318, 0.6067591903341149));
#2973 = CARTESIAN_POINT('', (9.999999999999998, 0.07758039034696784, 0.6137365572113205));
#2974 = CARTESIAN_POINT('', (9.999999999999998, 0.07470734335606741, 0.6207461225727859));
#2975 = CARTESIAN_POINT('', (9.999999999999998, 0.07183429635097117, 0.6277556879688858));
#2976 = CARTESIAN_POINT('', (10.000000000000002, 0.06904073584509839, 0.6347983613932674));
#2977 = CARTESIAN_POINT('', (10.000000000000002, 0.06632773051967059, 0.6418714094094973));
#2978 = CARTESIAN_POINT('', (10.000000000000002, 0.06361472521615266, 0.6489444573686062));
#2979 = CARTESIAN_POINT('', (10.000000000000004, 0.0609819197679528, 0.6560487913615447));
#2980 = CARTESIAN_POINT('', (10.000000000000004, 0.05843034480915579, 0.6631816638851786));
#2981 = CARTESIAN_POINT('', (10.000000000000004, 0.05587876981920654, 0.6703145364958979));
#2982 = CARTESIAN_POINT('', (9.999999999999998, 0.053408105165240964, 0.6774768716907399));
#2983 = CARTESIAN_POINT('', (9.999999999999998, 0.05101928857030787, 0.6846658884445009));
#2984 = CARTESIAN_POINT('', (9.999999999999998, 0.048630472011071, 0.691854905090836));
#2985 = CARTESIAN_POINT('', (10.0, 0.04632319308407474, 0.6990715310558244));
#2986 = CARTESIAN_POINT('', (10.0, 0.04409836216577903, 0.7063129765109779));
#2987 = CARTESIAN_POINT('', (10.0, 0.04187353121019681, 0.7135544220874926));
#2988 = CARTESIAN_POINT('', (10.0, 0.03973086399592378, 0.7208216227867934));
#2989 = CARTESIAN_POINT('', (10.0, 0.03767117059372721, 0.7281117578957945));
#2990 = CARTESIAN_POINT('', (10.0, 0.03561147722785267, 0.7354018928762365));
#2991 = CARTESIAN_POINT('', (10.0, 0.033634492167464766, 0.7427159038917988));
#2992 = CARTESIAN_POINT('', (10.0, 0.031741001837507665, 0.7500509634801626));
#2993 = CARTESIAN_POINT('', (10.0, 0.0298475114746071, 0.7573860231961439));
#2994 = CARTESIAN_POINT('', (10.000000000000004, 0.028037265317982916, 0.7647430767378539));
#2995 = CARTESIAN_POINT('', (10.000000000000004, 0.026310949785403066, 0.7721192709783402));
#2996 = CARTESIAN_POINT('', (10.000000000000004, 0.024584634284047696, 0.7794954650854107));
#2997 = CARTESIAN_POINT('', (10.000000000000002, 0.022942029633755235, 0.7868917531792509));
#2998 = CARTESIAN_POINT('', (10.000000000000002, 0.021383790314219317, 0.7943052742683456));
#2999 = CARTESIAN_POINT('', (10.000000000000002, 0.019825550970070566, 0.8017187954745391));
#3000 = CARTESIAN_POINT('', (10.0, 0.018351464816450527, 0.8091505043730586));
#3001 = CARTESIAN_POINT('', (10.0, 0.016962093536583386, 0.8165975208209397));
#3002 = CARTESIAN_POINT('', (10.0, 0.015572722273869553, 0.8240445371768794));
#3003 = CARTESIAN_POINT('', (10.0, 0.014267893134895546, 0.8315078239359438));
#3004 = CARTESIAN_POINT('', (10.0, 0.013048122419172059, 0.838984491944646));
#3005 = CARTESIAN_POINT('', (10.0, 0.011828351692109204, 0.8464611600228537));
#3006 = CARTESIAN_POINT('', (10.0, 0.01069346984263143, 0.8539521726180331));
#3007 = CARTESIAN_POINT('', (10.0, 9.6439131414E-3, 0.861454628010049));
#3008 = CARTESIAN_POINT('', (10.0, 8.5943564492E-3, 0.8689570833374947));
#3009 = CARTESIAN_POINT('', (10.0, 7.6299994896E-3, 0.8764719515514631));
#3010 = CARTESIAN_POINT('', (10.0, 6.7512167018E-3, 0.8839963216913729));
#3011 = CARTESIAN_POINT('', (10.0, 5.8724339088E-3, 0.8915206918765886));
#3012 = CARTESIAN_POINT('', (10.000000000000004, 5.0791012115E-3, 0.8990555342356692));
#3013 = CARTESIAN_POINT('', (10.000000000000004, 4.3715279565E-3, 0.9065979308024374));
#3014 = CARTESIAN_POINT('', (10.000000000000004, 3.6639547002E-3, 0.914140327383754));
#3015 = CARTESIAN_POINT('', (10.0, 3.0420614878E-3, 0.9216912530317616));
#3016 = CARTESIAN_POINT('', (10.0, 2.5060802384E-3, 0.9292477820102807));
#3017 = CARTESIAN_POINT('', (10.0, 1.9700989932E-3, 0.9368043109297478));
#3018 = CARTESIAN_POINT('', (10.0, 1.5199531683E-3, 0.9443674183997904));
#3019 = CARTESIAN_POINT('', (10.0, 1.1558260222E-3, 0.9519341757388013));
#3020 = CARTESIAN_POINT('', (10.0, 7.9169887333E-4, 0.9595009331350189));
#3021 = CARTESIAN_POINT('', (9.999999999999998, 5.1355527580E-4, 0.9670723177737572));
#3022 = CARTESIAN_POINT('', (9.999999999999998, 3.2148464251E-4, 0.974645396074261));
#3023 = CARTESIAN_POINT('', (9.999999999999998, 1.0718602415E-4, 0.983094892952945));
#3024 = CARTESIAN_POINT('', (10.0, 5.1753580610E-19, 0.9915477860059793));
#3025 = CARTESIAN_POINT('', (10.0, 0.0, 1.0));
#3026 = PCURVE('', #3027, #3032);
#3027 = (
    BOUNDED_SURFACE()
    B_SPLINE_SURFACE(1, 1, ((#3028, #3029), (#3030, #3031)), .UNSPECIFIED., .U., .U., .U.)
    B_SPLINE_SURFACE_WITH_KNOTS((2, 2), (2, 2), (0.0, 1.0), (0.0, 1.0), .UNSPECIFIED.)
    GEOMETRIC_REPRESENTATION_ITEM()
    RATIONAL_B_SPLINE_SURFACE(((1.0, 1.0), (1.0, 1.0)))
    REPRESENTATION_ITEM('')
    SURFACE()
);
#3028 = CARTESIAN_POINT('', (10.0, 0.0, 0.0));
#3029 = CARTESIAN_POINT('', (10.0, 0.0, 10.0));
#3030 = CARTESIAN_POINT('', (10.0, 10.0, 0.0));
#3031 = CARTESIAN_POINT('', (10.0, 10.0, 10.0));
#3032 = DEFINITIONAL_REPRESENTATION('', (#3034), #3033);
#3033 = (
    GEOMETRIC_REPRESENTATION_CONTEXT(2)
    PARAMETRIC_REPRESENTATION_CONTEXT()
    REPRESENTATION_CONTEXT('2D SPACE', '')
);
#3034 = (
    BOUNDED_CURVE()
    B_SPLINE_CURVE(3, (#3035, #3036, #3037, #3038, #3039, #3040, #3041, #3042, #3043, #3044, #3045, #3046, #3047, #3048, #3049, #3050, #3051, #3052, #3053, #3054, #3055, #3056, #3057, #3058, #3059, #3060, #3061, #3062, #3063, #3064, #3065, #3066, #3067, #3068, #3069, #3070, #3071, #3072, #3073, #3074, #3075, #3076, #3077, #3078, #3079, #3080, #3081, #3082, #3083, #3084, #3085, #3086, #3087, #3088, #3089, #3090, #3091, #3092, #3093, #3094, #3095, #3096, #3097, #3098, #3099, #3100, #3101, #3102, #3103, #3104, #3105, #3106, #3107, #3108, #3109, #3110, #3111, #3112, #3113, #3114, #3115, #3116, #3117, #3118, #3119, #3120, #3121, #3122, #3123, #3124, #3125, #3126, #3127, #3128, #3129, #3130, #3131, #3132, #3133, #3134, #3135, #3136, #3137, #3138, #3139, #3140, #3141, #3142, #3143, #3144, #3145, #3146, #3147, #3148, #3149, #3150, #3151, #3152, #3153, #3154, #3155, #3156, #3157, #3158, #3159, #3160, #3161, #3162, #3163, #3164, #3165, #3166, #3167, #3168, #3169, #3170, #3171, #3172, #3173, #3174, #3175, #3176, #3177, #3178, #3179, #3180, #3181, #3182, #3183, #3184, #3185, #3186, #3187, #3188, #3189, #3190, #3191, #3192, #3193, #3194, #3195, #3196, #3197, #3198, #3199, #3200, #3201, #3202, #3203, #3204, #3205, #3206, #3207, #3208, #3209, #3210, #3211, #3212, #3213, #3214, #3215, #3216, #3217, #3218, #3219, #3220, #3221, #3222, #3223, #3224, #3225, #3226, #3227, #3228, #3229, #3230, #3231, #3232, #3233, #3234, #3235, #3236, #3237, #3238, #3239, #3240, #3241, #3242), .UNSPECIFIED., .U., .U.)
    B_SPLINE_CURVE_WITH_KNOTS((4, 3, 3, 3, 3, 3, 3, 3, 3, 3, 3, 3, 3, 3, 3, 3, 3, 3, 3, 3, 3, 3, 3, 3, 3, 3, 3, 3, 3, 3, 3, 3, 3, 3, 3, 3, 3, 3, 3, 3, 3, 3, 3, 3, 3, 3, 3, 3, 3, 3, 3, 3, 3, 3, 3, 3, 3, 3, 3, 3, 3, 3, 3, 3, 3, 3, 3, 3, 3, 4), (0.0, 0.02272751903935618, 0.045454059520447586, 0.06818060048269636, 0.09090714097528889, 0.1136336817582029, 0.13636022234171305, 0.15908676312140888, 0.18181330374294513, 0.20453984440804007, 0.2272663851654261, 0.24999292577071786, 0.27271946659605545, 0.29544600713264463, 0.31817254803751016, 0.3408990885364997, 0.36362562943359833, 0.38635216992802474, 0.40907871079123187, 0.4318052513164114, 0.4545317921144754, 0.477258332707365, 0.49998487343029374, 0.522711414113602, 0.5454379547567445, 0.5681644955403137, 0.5908910361120072, 0.6136175769800216, 0.6363441174979808, 0.6590706584056795, 0.6817971988981926, 0.7045237397857235, 0.7272502802885278, 0.7499768211257355, 0.7727033616758132, 0.7954299024431967, 0.81815644307217, 0.8408829837608909, 0.863609524487173, 0.8863360650986272, 0.9090626059215334, 0.9317891464674658, 0.9545156873597044, 0.9772422278628673, 0.9999687687665482, 1.0226953092586988, 1.0454218501279966, 1.0681483906470102, 1.0908749314563917, 1.11360147203603, 1.1363280127706497, 1.1590545534406447, 1.181781094095069, 1.2045076348617858, 1.227234175444966, 1.2499607163056152, 1.2726872568266605, 1.2954137977285858, 1.3181403382297359, 1.3408668791262885, 1.3635934196117783, 1.3863199604562402, 1.409046501020118, 1.431773041795269, 1.4544995823748226, 1.4772261230912174, 1.4999526638514484, 1.5226792044340784, 1.5454057451885272, 1.5707623871705894), .UNSPECIFIED.)
    CURVE()
    GEOMETRIC_REPRESENTATION_ITEM()
    RATIONAL_B_SPLINE_CURVE((1.0, 1.0, 1.0, 1.0, 1.0, 1.0, 1.0, 1.0, 1.0, 1.0, 1.0, 1.0, 1.0, 1.0, 1.0, 1.0, 1.0, 1.0, 1.0, 1.0, 1.0, 1.0, 1.0, 1.0, 1.0, 1.0, 1.0, 1.0, 1.0, 1.0, 1.0, 1.0, 1.0, 1.0, 1.0, 1.0, 1.0, 1.0, 1.0, 1.0, 1.0, 1.0, 1.0, 1.0, 1.0, 1.0, 1.0, 1.0, 1.0, 1.0, 1.0, 1.0, 1.0, 1.0, 1.0, 1.0, 1.0, 1.0, 1.0, 1.0, 1.0, 1.0, 1.0, 1.0, 1.0, 1.0, 1.0, 1.0, 1.0, 1.0, 1.0, 1.0, 1.0, 1.0, 1.0, 1.0, 1.0, 1.0, 1.0, 1.0, 1.0, 1.0, 1.0, 1.0, 1.0, 1.0, 1.0, 1.0, 1.0, 1.0, 1.0, 1.0, 1.0, 1.0, 1.0, 1.0, 1.0, 1.0, 1.0, 1.0, 1.0, 1.0, 1.0, 1.0, 1.0, 1.0, 1.0, 1.0, 1.0, 1.0, 1.0, 1.0, 1.0, 1.0, 1.0, 1.0, 1.0, 1.0, 1.0, 1.0, 1.0, 1.0, 1.0, 1.0, 1.0, 1.0, 1.0, 1.0, 1.0, 1.0, 1.0, 1.0, 1.0, 1.0, 1.0, 1.0, 1.0, 1.0, 1.0, 1.0, 1.0, 1.0, 1.0, 1.0, 1.0, 1.0, 1.0, 1.0, 1.0, 1.0, 1.0, 1.0, 1.0, 1.0, 1.0, 1.0, 1.0, 1.0, 1.0, 1.0, 1.0, 1.0, 1.0, 1.0, 1.0, 1.0, 1.0, 1.0, 1.0, 1.0, 1.0, 1.0, 1.0, 1.0, 1.0, 1.0, 1.0, 1.0, 1.0, 1.0, 1.0, 1.0, 1.0, 1.0, 1.0, 1.0, 1.0, 1.0, 1.0, 1.0, 1.0, 1.0, 1.0, 1.0, 1.0, 1.0, 1.0, 1.0, 1.0, 1.0, 1.0, 1.0, 1.0, 1.0, 1.0, 1.0, 1.0, 1.0))
    REPRESENTATION_ITEM('')
);
#3035 = CARTESIAN_POINT('', (0.1, 0.0));
#3036 = CARTESIAN_POINT('', (0.09924241603202147, 0.0));
#3037 = CARTESIAN_POINT('', (0.09848478316502121, 8.6109209057E-6));
#3038 = CARTESIAN_POINT('', (0.09772739485353618, 2.5827603628E-5));
#3039 = CARTESIAN_POINT('', (0.09697003915223577, 4.3043545067E-5));
#3040 = CARTESIAN_POINT('', (0.09621283017865977, 6.8866859067E-5));
#3041 = CARTESIAN_POINT('', (0.09545606131645407, 1.0328976028E-4));
#3042 = CARTESIAN_POINT('', (0.09469929243822636, 1.3771266222E-4));
#3043 = CARTESIAN_POINT('', (0.09394286594609016, 1.8073875235E-4));
#3044 = CARTESIAN_POINT('', (0.09318707473522608, 2.3234996055E-4));
#3045 = CARTESIAN_POINT('', (0.09243128353998084, 2.8396116769E-4));
#3046 = CARTESIAN_POINT('', (0.0916760300551655, 3.4416457821E-4));
#3047 = CARTESIAN_POINT('', (0.09092160696670556, 4.1293849122E-4));
#3048 = CARTESIAN_POINT('', (0.09016718386860821, 4.8171240512E-4));
#3049 = CARTESIAN_POINT('', (0.08941349367000741, 5.5906452989E-4));
#3050 = CARTESIAN_POINT('', (0.08866082819898058, 6.4496418587E-4));
#3051 = CARTESIAN_POINT('', (0.08790816273455768, 7.3086384111E-4));
#3052 = CARTESIAN_POINT('', (0.08715642490079198, 8.2532290593E-4));
#3053 = CARTESIAN_POINT('', (0.08640590600399371, 9.2830561153E-4));
#3054 = CARTESIAN_POINT('', (0.08565538710071664, 1.0312883180E-3));
#3055 = CARTESIAN_POINT('', (0.08490599007568457, 1.1428067647E-3));
#3056 = CARTESIAN_POINT('', (0.08415800513828589, 1.2628175785E-3));
#3057 = CARTESIAN_POINT('', (0.08341002020609264, 1.3828283915E-3));
#3058 = CARTESIAN_POINT('', (0.08266335096139621, 1.5113481432E-3));
#3059 = CARTESIAN_POINT('', (0.0819182866051905, 1.6483268245E-3));
#3060 = CARTESIAN_POINT('', (0.08117322224755677, 1.7853055061E-3));
#3061 = CARTESIAN_POINT('', (0.08042966640233262, 1.9307598448E-3));
#3062 = CARTESIAN_POINT('', (0.07968790712639649, 2.0846339257E-3));
#3063 = CARTESIAN_POINT('', (0.07894614784744812, 2.2385080073E-3));
#3064 = CARTESIAN_POINT('', (0.07820608962828965, 2.4008229031E-3));
#3065 = CARTESIAN_POINT('', (0.07746801888464143, 2.5715145498E-3));
#3066 = CARTESIAN_POINT('', (0.07672994814593266, 2.7422061954E-3));
#3067 = CARTESIAN_POINT('', (0.07599376943346434, 2.9212960142E-3));
#3068 = CARTESIAN_POINT('', (0.07525976810812599, 3.1087156173E-3));
#3069 = CARTESIAN_POINT('', (0.07452576677568076, 3.2961352221E-3));
#3070 = CARTESIAN_POINT('', (0.07379384834737138, 3.4919098546E-3));
#3071 = CARTESIAN_POINT('', (0.07306429584085025, 3.6959618199E-3));
#3072 = CARTESIAN_POINT('', (0.07233474334359836, 3.9000137826E-3));
#3073 = CARTESIAN_POINT('', (0.07160746247754637, 4.1123691550E-3));
#3074 = CARTESIAN_POINT('', (0.07088273537897793, 4.3329472191E-3));
#3075 = CARTESIAN_POINT('', (0.07015800826866553, 4.5535252867E-3));
#3076 = CARTESIAN_POINT('', (0.06943574153344319, 4.7823550344E-3));
#3077 = CARTESIAN_POINT('', (0.06871621429396961, 5.0193457937E-3));
#3078 = CARTESIAN_POINT('', (0.06799668706734616, 5.2563365487E-3));
#3079 = CARTESIAN_POINT('', (0.06727980640654635, 5.5015189027E-3));
#3080 = CARTESIAN_POINT('', (0.06656585066834822, 5.7547998766E-3));
#3081 = CARTESIAN_POINT('', (0.06585189491764346, 6.0080808549E-3));
#3082 = CARTESIAN_POINT('', (0.06514077179217134, 6.2694927561E-3));
#3083 = CARTESIAN_POINT('', (0.06443275614528979, 6.5389327526E-3));
#3084 = CARTESIAN_POINT('', (0.06372474051095295, 6.8083727443E-3));
#3085 = CARTESIAN_POINT('', (0.06301974100651118, 7.0858758501E-3));
#3086 = CARTESIAN_POINT('', (0.062318031449409006, 7.3713364342E-3));
#3087 = CARTESIAN_POINT('', (0.061616321880920276, 7.6567970229E-3));
#3088 = CARTESIAN_POINT('', (0.060917811289922005, 7.9502509850E-3));
#3089 = CARTESIAN_POINT('', (0.060222769789212906, 8.2515836559E-3));
#3090 = CARTESIAN_POINT('', (0.05952772829884164, 8.5529163223E-3));
#3091 = CARTESIAN_POINT('', (0.05883606637801838, 8.8621671397E-3));
#3092 = CARTESIAN_POINT('', (0.058148052503488604, 9.1792175421E-3));
#3093 = CARTESIAN_POINT('', (0.05746003862069763, 9.4962679482E-3));
#3094 = CARTESIAN_POINT('', (0.05677558344932619, 9.8211577527E-3));
#3095 = CARTESIAN_POINT('', (0.05609495185852724, 0.010153760669944011));
#3096 = CARTESIAN_POINT('', (0.05541432027387301, 0.010486363584166256));
#3097 = CARTESIAN_POINT('', (0.05473742479659627, 0.010826723392449637));
#3098 = CARTESIAN_POINT('', (0.05406452780967179, 0.011174708589787146));
#3099 = CARTESIAN_POINT('', (0.053391630818897064, 0.011522693789115796));
#3100 = CARTESIAN_POINT('', (0.05272264492342092, 0.011878348303503096));
#3101 = CARTESIAN_POINT('', (0.05205782925443181, 0.012241534461570888));
#3102 = CARTESIAN_POINT('', (0.05139301358660171, 0.012604720619005517));
#3103 = CARTESIAN_POINT('', (0.05073228287941528, 0.012975486344336078));
#3104 = CARTESIAN_POINT('', (0.05007589275679849, 0.013353687433805207));
#3105 = CARTESIAN_POINT('', (0.04941950263534177, 0.013731888522605918));
#3106 = CARTESIAN_POINT('', (0.04876736792499042, 0.0141175730817618));
#3107 = CARTESIAN_POINT('', (0.04811974153561245, 0.014510592311440534));
#3108 = CARTESIAN_POINT('', (0.04747211514223281, 0.014903611543547723));
#3109 = CARTESIAN_POINT('', (0.04682891409305349, 0.015304017216912024));
#3110 = CARTESIAN_POINT('', (0.04619038671536896, 0.01571165290003527));
#3111 = CARTESIAN_POINT('', (0.04555185934363731, 0.016119288579358203));
#3112 = CARTESIAN_POINT('', (0.04491792292979947, 0.0165342065032662));
#3113 = CARTESIAN_POINT('', (0.04428882369000441, 0.01695624702027478));
#3114 = CARTESIAN_POINT('', (0.04365972444200682, 0.01737828754278615));
#3115 = CARTESIAN_POINT('', (0.04303538166653002, 0.01780750589158517));
#3116 = CARTESIAN_POINT('', (0.04241603602120393, 0.018243734086557044));
#3117 = CARTESIAN_POINT('', (0.04179669038541757, 0.018679962274809732));
#3118 = CARTESIAN_POINT('', (0.04118226180191723, 0.019123256511719432));
#3119 = CARTESIAN_POINT('', (0.04057298933325624, 0.019573446591269795));
#3120 = CARTESIAN_POINT('', (0.03996371685414678, 0.020023636678540506));
#3121 = CARTESIAN_POINT('', (0.03935952193864005, 0.02048078084732897));
#3122 = CARTESIAN_POINT('', (0.03876063739980377, 0.020944700428312417));
#3123 = CARTESIAN_POINT('', (0.03816175287190836, 0.021408620000820628));
#3124 = CARTESIAN_POINT('', (0.03756810143262935, 0.021879374968897976));
#3125 = CARTESIAN_POINT('', (0.03697991436043002, 0.02235678466256401));
#3126 = CARTESIAN_POINT('', (0.03639172727800721, 0.022834194364528066));
#3127 = CARTESIAN_POINT('', (0.035808928174744695, 0.023318319847654624));
#3128 = CARTESIAN_POINT('', (0.03523174186186302, 0.023808972502473207));
#3129 = CARTESIAN_POINT('', (0.034654555558752256, 0.02429962514898577));
#3130 = CARTESIAN_POINT('', (0.0340829077525754, 0.024796868613690203));
#3131 = CARTESIAN_POINT('', (0.033517021041261016, 0.025300511620180165));
#3132 = CARTESIAN_POINT('', (0.03295113432162006, 0.025804154634080846));
#3133 = CARTESIAN_POINT('', (0.03239093487560514, 0.02631426133972265));
#3134 = CARTESIAN_POINT('', (0.03183663909977881, 0.026830633548326144));
#3135 = CARTESIAN_POINT('', (0.031282343330955524, 0.027347005750405728));
#3136 = CARTESIAN_POINT('', (0.030733880158705644, 0.027869710668975523));
#3137 = CARTESIAN_POINT('', (0.030191462704732563, 0.028398546518782698));
#3138 = CARTESIAN_POINT('', (0.029649045245573012, 0.02892738237364647));
#3139 = CARTESIAN_POINT('', (0.02911260262849217, 0.029462416562271155));
#3140 = CARTESIAN_POINT('', (0.028582342432460144, 0.03000344168728355));
#3141 = CARTESIAN_POINT('', (0.028052082239657532, 0.030544466809000977));
#3142 = CARTESIAN_POINT('', (0.027527936758467812, 0.03109155345914106));
#3143 = CARTESIAN_POINT('', (0.02701010898197807, 0.03164448966549411));
#3144 = CARTESIAN_POINT('', (0.026492281204126965, 0.032197425873300815));
#3145 = CARTESIAN_POINT('', (0.02598070352626865, 0.03275628233083714));
#3146 = CARTESIAN_POINT('', (0.02547557432269739, 0.033320842819285754));
#3147 = CARTESIAN_POINT('', (0.024970445118291284, 0.03388540330866745));
#3148 = CARTESIAN_POINT('', (0.02447170008931308, 0.034455741531046025));
#3149 = CARTESIAN_POINT('', (0.023979531623753665, 0.03503163584498195));
#3150 = CARTESIAN_POINT('', (0.023487363160680973, 0.03560753015600812));
#3151 = CARTESIAN_POINT('', (0.02300170718488205, 0.03618905447425952));
#3152 = CARTESIAN_POINT('', (0.02252275249534467, 0.03677598416245546));
#3153 = CARTESIAN_POINT('', (0.022043797801351007, 0.037362913856112324));
#3154 = CARTESIAN_POINT('', (0.0215714834402785, 0.03795532540007805));
#3155 = CARTESIAN_POINT('', (0.021105990924756773, 0.0385529881663501));
#3156 = CARTESIAN_POINT('', (0.02064049841490812, 0.03915065092533828));
#3157 = CARTESIAN_POINT('', (0.020181767374753547, 0.039753641882599076));
#3158 = CARTESIAN_POINT('', (0.01972997667503693, 0.040361728400996034));
#3159 = CARTESIAN_POINT('', (0.01927818596843594, 0.04096981492865899));
#3160 = CARTESIAN_POINT('', (0.018833277806598842, 0.04158307589936735));
#3161 = CARTESIAN_POINT('', (0.018395422788721114, 0.042201272511308494));
#3162 = CARTESIAN_POINT('', (0.01795756777833941, 0.04281946911266619));
#3163 = CARTESIAN_POINT('', (0.017526709317030185, 0.04344268115834046));
#3164 = CARTESIAN_POINT('', (0.017103015985647035, 0.044070668426513956));
#3165 = CARTESIAN_POINT('', (0.016679322646796987, 0.044698655705754695));
#3166 = CARTESIAN_POINT('', (0.01626273951568815, 0.04533149911296147));
#3167 = CARTESIAN_POINT('', (0.015853426467409115, 0.045968952559718654));
#3168 = CARTESIAN_POINT('', (0.015444113426541886, 0.04660640599493289));
#3169 = CARTESIAN_POINT('', (0.015042017773483612, 0.04724855189718472));
#3170 = CARTESIAN_POINT('', (0.014647297001281118, 0.04789514261741064));
#3171 = CARTESIAN_POINT('', (0.014252576222528226, 0.048541733348366735));
#3172 = CARTESIAN_POINT('', (0.013865178546556906, 0.049192851859378134));
#3173 = CARTESIAN_POINT('', (0.01348525299911359, 0.04984824536326532));
#3174 = CARTESIAN_POINT('', (0.013105327457526067, 0.05050363885705093));
#3175 = CARTESIAN_POINT('', (0.012732825437268622, 0.051163392238942396));
#3176 = CARTESIAN_POINT('', (0.012367892512233648, 0.051827250664416145));
#3177 = CARTESIAN_POINT('', (0.012002959582536072, 0.052491109098371756));
#3178 = CARTESIAN_POINT('', (0.011645547566562199, 0.05315915768829756));
#3179 = CARTESIAN_POINT('', (0.011295794363976566, 0.05383113742072463));
#3180 = CARTESIAN_POINT('', (0.010946041164926595, 0.05450311714635862));
#3181 = CARTESIAN_POINT('', (0.01060390240108613, 0.05517911518755971));
#3182 = CARTESIAN_POINT('', (0.010269511087919913, 0.055858869923907914));
#3183 = CARTESIAN_POINT('', (9.9351197725E-3, 0.056538624664891624));
#3184 = CARTESIAN_POINT('', (9.6084316963E-3, 0.05722222335083869));
#3185 = CARTESIAN_POINT('', (9.2895733760E-3, 0.05790940122539725));
#3186 = CARTESIAN_POINT('', (8.9707150566E-3, 0.058596579098001776));
#3187 = CARTESIAN_POINT('', (8.6596463718E-3, 0.059287425364099124));
#3188 = CARTESIAN_POINT('', (8.3564873563E-3, 0.05998167219899313));
#3189 = CARTESIAN_POINT('', (8.0533283409E-3, 0.060675919033411484));
#3190 = CARTESIAN_POINT('', (7.7580390347E-3, 0.06137365572113205));
#3191 = CARTESIAN_POINT('', (7.4707343356E-3, 0.062074612257278595));
#3192 = CARTESIAN_POINT('', (7.1834296351E-3, 0.06277556879688859));
#3193 = CARTESIAN_POINT('', (6.9040735845E-3, 0.06347983613932674));
#3194 = CARTESIAN_POINT('', (6.6327730520E-3, 0.06418714094094972));
#3195 = CARTESIAN_POINT('', (6.3614725216E-3, 0.06489444573686062));
#3196 = CARTESIAN_POINT('', (6.0981919768E-3, 0.06560487913615447));
#3197 = CARTESIAN_POINT('', (5.8430344809E-3, 0.06631816638851787));
#3198 = CARTESIAN_POINT('', (5.5878769819E-3, 0.06703145364958979));
#3199 = CARTESIAN_POINT('', (5.3408105165E-3, 0.06774768716907399));
#3200 = CARTESIAN_POINT('', (5.1019288570E-3, 0.06846658884445009));
#3201 = CARTESIAN_POINT('', (4.8630472011E-3, 0.0691854905090836));
#3202 = CARTESIAN_POINT('', (4.6323193084E-3, 0.06990715310558245));
#3203 = CARTESIAN_POINT('', (4.4098362166E-3, 0.0706312976510978));
#3204 = CARTESIAN_POINT('', (4.1873531210E-3, 0.07135544220874926));
#3205 = CARTESIAN_POINT('', (3.9730863996E-3, 0.07208216227867933));
#3206 = CARTESIAN_POINT('', (3.7671170594E-3, 0.07281117578957945));
#3207 = CARTESIAN_POINT('', (3.5611477228E-3, 0.07354018928762365));
#3208 = CARTESIAN_POINT('', (3.3634492167E-3, 0.07427159038917988));
#3209 = CARTESIAN_POINT('', (3.1741001838E-3, 0.07500509634801626));
#3210 = CARTESIAN_POINT('', (2.9847511475E-3, 0.07573860231961439));
#3211 = CARTESIAN_POINT('', (2.8037265318E-3, 0.0764743076737854));
#3212 = CARTESIAN_POINT('', (2.6310949785E-3, 0.07721192709783402));
#3213 = CARTESIAN_POINT('', (2.4584634284E-3, 0.07794954650854106));
#3214 = CARTESIAN_POINT('', (2.2942029634E-3, 0.07868917531792509));
#3215 = CARTESIAN_POINT('', (2.1383790314E-3, 0.07943052742683457));
#3216 = CARTESIAN_POINT('', (1.9825550970E-3, 0.0801718795474539));
#3217 = CARTESIAN_POINT('', (1.8351464816E-3, 0.08091505043730586));
#3218 = CARTESIAN_POINT('', (1.6962093537E-3, 0.08165975208209397));
#3219 = CARTESIAN_POINT('', (1.5572722274E-3, 0.08240445371768794));
#3220 = CARTESIAN_POINT('', (1.4267893135E-3, 0.08315078239359439));
#3221 = CARTESIAN_POINT('', (1.3048122419E-3, 0.0838984491944646));
#3222 = CARTESIAN_POINT('', (1.1828351692E-3, 0.08464611600228536));
#3223 = CARTESIAN_POINT('', (1.0693469843E-3, 0.08539521726180331));
#3224 = CARTESIAN_POINT('', (9.6439131414E-4, 0.08614546280100491));
#3225 = CARTESIAN_POINT('', (8.5943564492E-4, 0.08689570833374946));
#3226 = CARTESIAN_POINT('', (7.6299994896E-4, 0.08764719515514631));
#3227 = CARTESIAN_POINT('', (6.7512167018E-4, 0.0883996321691373));
#3228 = CARTESIAN_POINT('', (5.8724339088E-4, 0.08915206918765886));
#3229 = CARTESIAN_POINT('', (5.0791012115E-4, 0.08990555342356692));
#3230 = CARTESIAN_POINT('', (4.3715279565E-4, 0.09065979308024374));
#3231 = CARTESIAN_POINT('', (3.6639547002E-4, 0.0914140327383754));
#3232 = CARTESIAN_POINT('', (3.0420614878E-4, 0.09216912530317616));
#3233 = CARTESIAN_POINT('', (2.5060802384E-4, 0.09292477820102807));
#3234 = CARTESIAN_POINT('', (1.9700989932E-4, 0.09368043109297478));
#3235 = CARTESIAN_POINT('', (1.5199531683E-4, 0.09443674183997905));
#3236 = CARTESIAN_POINT('', (1.1558260222E-4, 0.09519341757388014));
#3237 = CARTESIAN_POINT('', (7.9169887333E-5, 0.09595009331350189));
#3238 = CARTESIAN_POINT('', (5.1355527580E-5, 0.09670723177737572));
#3239 = CARTESIAN_POINT('', (3.2148464251E-5, 0.0974645396074261));
#3240 = CARTESIAN_POINT('', (1.0718602415E-5, 0.09830948929529451));
#3241 = CARTESIAN_POINT('', (0.0, 0.09915477860059793));
#3242 = CARTESIAN_POINT('', (0.0, 0.1));
#3243 = PCURVE('', #3244, #3565);
#3244 = (
    BOUNDED_SURFACE()
    B_SPLINE_SURFACE(3, 3, ((#3245, #3246, #3247, #3248, #3249, #3250, #3251, #3252, #3253, #3254, #3255, #3256, #3257, #3258, #3259, #3260, #3261, #3262, #3263, #3264, #3265, #3266, #3267, #3268, #3269, #3270, #3271, #3272, #3273, #3274, #3275, #3276, #3277, #3278, #3279, #3280, #3281, #3282, #3283, #3284), (#3285, #3286, #3287, #3288, #3289, #3290, #3291, #3292, #3293, #3294, #3295, #3296, #3297, #3298, #3299, #3300, #3301, #3302, #3303, #3304, #3305, #3306, #3307, #3308, #3309, #3310, #3311, #3312, #3313, #3314, #3315, #3316, #3317, #3318, #3319, #3320, #3321, #3322, #3323, #3324), (#3325, #3326, #3327, #3328, #3329, #3330, #3331, #3332, #3333, #3334, #3335, #3336, #3337, #3338, #3339, #3340, #3341, #3342, #3343, #3344, #3345, #3346, #3347, #3348, #3349, #3350, #3351, #3352, #3353, #3354, #3355, #3356, #3357, #3358, #3359, #3360, #3361, #3362, #3363, #3364), (#3365, #3366, #3367, #3368, #3369, #3370, #3371, #3372, #3373, #3374, #3375, #3376, #3377, #3378, #3379, #3380, #3381, #3382, #3383, #3384, #3385, #3386, #3387, #3388, #3389, #3390, #3391, #3392, #3393, #3394, #3395, #3396, #3397, #3398, #3399, #3400, #3401, #3402, #3403, #3404), (#3405, #3406, #3407, #3408, #3409, #3410, #3411, #3412, #3413, #3414, #3415, #3416, #3417, #3418, #3419, #3420, #3421, #3422, #3423, #3424, #3425, #3426, #3427, #3428, #3429, #3430, #3431, #3432, #3433, #3434, #3435, #3436, #3437, #3438, #3439, #3440, #3441, #3442, #3443, #3444), (#3445, #3446, #3447, #3448, #3449, #3450, #3451, #3452, #3453, #3454, #3455, #3456, #3457, #3458, #3459, #3460, #3461, #3462, #3463, #3464, #3465, #3466, #3467, #3468, #3469, #3470, #3471, #3472, #3473, #3474, #3475, #3476, #3477, #3478, #3479, #3480, #3481, #3482, #3483, #3484), (#3485, #3486, #3487, #3488, #3489, #3490, #3491, #3492, #3493, #3494, #3495, #3496, #3497, #3498, #3499, #3500, #3501, #3502, #3503, #3504, #3505, #3506, #3507, #3508, #3509, #3510, #3511, #3512, #3513, #3514, #3515, #3516, #3517, #3518, #3519, #3520, #3521, #3522, #3523, #3524), (#3525, #3526, #3527, #3528, #3529, #3530, #3531, #3532, #3533, #3534, #3535, #3536, #3537, #3538, #3539, #3540, #3541, #3542, #3543, #3544, #3545, #3546, #3547, #3548, #3549, #3550, #3551, #3552, #3553, #3554, #3555, #3556, #3557, #3558, #3559, #3560, #3561, #3562, #3563, #3564)), .UNSPECIFIED., .U., .U., .U.)
    B_SPLINE_SURFACE_WITH_KNOTS((4, 1, 3, 4), (4, 1, 1, 1, 1, 1, 1, 1, 1, 1, 1, 1, 1, 1, 1, 1, 1, 1, 1, 1, 1, 1, 1, 1, 1, 1, 1, 1, 1, 1, 1, 1, 1, 1, 1, 1, 1, 4), (0.0, 4.500000000000002, 9.000000000000004, 9.000100000000003), (0.0, 0.02702702702702703, 0.05405405405405406, 0.08108108108108109, 0.10810810810810811, 0.13513513513513514, 0.16216216216216217, 0.1891891891891892, 0.21621621621621623, 0.24324324324324326, 0.2702702702702703, 0.2972972972972973, 0.32432432432432434, 0.35135135135135137, 0.3783783783783784, 0.40540540540540543, 0.43243243243243246, 0.4594594594594595, 0.4864864864864865, 0.5135135135135136, 0.5405405405405406, 0.5675675675675675, 0.5945945945945946, 0.6216216216216217, 0.6486486486486487, 0.6756756756756757, 0.7027027027027027, 0.7297297297297298, 0.7567567567567568, 0.7837837837837838, 0.8108108108108109, 0.8378378378378379, 0.8648648648648649, 0.8918918918918919, 0.918918918918919, 0.945945945945946, 0.972972972972973, 1.0), .UNSPECIFIED.)
    GEOMETRIC_REPRESENTATION_ITEM()
    RATIONAL_B_SPLINE_SURFACE(((1.0, 1.0, 1.0, 1.0, 1.0, 1.0, 1.0, 1.0, 1.0, 1.0, 1.0, 1.0, 1.0, 1.0, 1.0, 1.0, 1.0, 1.0, 1.0, 1.0, 1.0, 1.0, 1.0, 1.0, 1.0, 1.0, 1.0, 1.0, 1.0, 1.0, 1.0, 1.0, 1.0, 1.0, 1.0, 1.0, 1.0, 1.0, 1.0, 1.0), (1.0, 1.0, 1.0, 1.0, 1.0, 1.0, 1.0, 1.0, 1.0, 1.0, 1.0, 1.0, 1.0, 1.0, 1.0, 1.0, 1.0, 1.0, 1.0, 1.0, 1.0, 1.0, 1.0, 1.0, 1.0, 1.0, 1.0, 1.0, 1.0, 1.0, 1.0, 1.0, 1.0, 1.0, 1.0, 1.0, 1.0, 1.0, 1.0, 1.0), (1.0, 1.0, 1.0, 1.0, 1.0, 1.0, 1.0, 1.0, 1.0, 1.0, 1.0, 1.0, 1.0, 1.0, 1.0, 1.0, 1.0, 1.0, 1.0, 1.0, 1.0, 1.0, 1.0, 1.0, 1.0, 1.0, 1.0, 1.0, 1.0, 1.0, 1.0, 1.0, 1.0, 1.0, 1.0, 1.0, 1.0, 1.0, 1.0, 1.0), (1.0, 1.0, 1.0, 1.0, 1.0, 1.0, 1.0, 1.0, 1.0, 1.0, 1.0, 1.0, 1.0, 1.0, 1.0, 1.0, 1.0, 1.0, 1.0, 1.0, 1.0, 1.0, 1.0, 1.0, 1.0, 1.0, 1.0, 1.0, 1.0, 1.0, 1.0, 1.0, 1.0, 1.0, 1.0, 1.0, 1.0, 1.0, 1.0, 1.0), (1.0, 1.0, 1.0, 1.0, 1.0, 1.0, 1.0, 1.0, 1.0, 1.0, 1.0, 1.0, 1.0, 1.0, 1.0, 1.0, 1.0, 1.0, 1.0, 1.0, 1.0, 1.0, 1.0, 1.0, 1.0, 1.0, 1.0, 1.0, 1.0, 1.0, 1.0, 1.0, 1.0, 1.0, 1.0, 1.0, 1.0, 1.0, 1.0, 1.0), (1.0, 1.0, 1.0, 1.0, 1.0, 1.0, 1.0, 1.0, 1.0, 1.0, 1.0, 1.0, 1.0, 1.0, 1.0, 1.0, 1.0, 1.0, 1.0, 1.0, 1.0, 1.0, 1.0, 1.0, 1.0, 1.0, 1.0, 1.0, 1.0, 1.0, 1.0, 1.0, 1.0, 1.0, 1.0, 1.0, 1.0, 1.0, 1.0, 1.0), (1.0, 1.0, 1.0, 1.0, 1.0, 1.0, 1.0, 1.0, 1.0, 1.0, 1.0, 1.0, 1.0, 1.0, 1.0, 1.0, 1.0, 1.0, 1.0, 1.0, 1.0, 1.0, 1.0, 1.0, 1.0, 1.0, 1.0, 1.0, 1.0, 1.0, 1.0, 1.0, 1.0, 1.0, 1.0, 1.0, 1.0, 1.0, 1.0, 1.0), (1.0, 1.0, 1.0, 1.0, 1.0, 1.0, 1.0, 1.0, 1.0, 1.0, 1.0, 1.0, 1.0, 1.0, 1.0, 1.0, 1.0, 1.0, 1.0, 1.0, 1.0, 1.0, 1.0, 1.0, 1.0, 1.0, 1.0, 1.0, 1.0, 1.0, 1.0, 1.0, 1.0, 1.0, 1.0, 1.0, 1.0, 1.0, 1.0, 1.0)))
    REPRESENTATION_ITEM('')
    SURFACE()
);
#3245 = CARTESIAN_POINT('', (1.0000000000000002, 1.0000000000000002, 0.0));
#3246 = CARTESIAN_POINT('', (1.0000000000000002, 0.9858486817405867, 9.9261673506E-24));
#3247 = CARTESIAN_POINT('', (1.0000000000000004, 0.9575460459450705, 6.0086161170E-4));
#3248 = CARTESIAN_POINT('', (0.9999999999999991, 0.9151685964129563, 3.3031561841E-3));
#3249 = CARTESIAN_POINT('', (1.0000000000000013, 0.8729440191387751, 7.8015578851E-3));
#3250 = CARTESIAN_POINT('', (0.9999999999999978, 0.8309484051630711, 0.014087972356768782));
#3251 = CARTESIAN_POINT('', (1.000000000000001, 0.789257433677989, 0.022151064752840417));
#3252 = CARTESIAN_POINT('', (1.0000000000000004, 0.7479462344826295, 0.0319763081423398));
#3253 = CARTESIAN_POINT('', (0.9999999999999993, 0.7070892532388805, 0.04354599505801641));
#3254 = CARTESIAN_POINT('', (1.0000000000000027, 0.6667601169508405, 0.056839277088437765));
#3255 = CARTESIAN_POINT('', (0.9999999999999983, 0.6270315014727166, 0.07183219833132579));
#3256 = CARTESIAN_POINT('', (1.0000000000000009, 0.5879750004178579, 0.0884977407387255));
#3257 = CARTESIAN_POINT('', (1.000000000000001, 0.5496609962563305, 0.10680587176784899));
#3258 = CARTESIAN_POINT('', (0.9999999999999993, 0.5121585334271662, 0.12672359903693567));
#3259 = CARTESIAN_POINT('', (1.0000000000000007, 0.47553519390664506, 0.14821502941100584));
#3260 = CARTESIAN_POINT('', (1.0000000000000002, 0.4398569754182275, 0.17124143388092075));
#3261 = CARTESIAN_POINT('', (0.9999999999999992, 0.40518817249077027, 0.19576131725617948));
#3262 = CARTESIAN_POINT('', (1.0000000000000013, 0.3715912606869135, 0.22173049311334803));
#3263 = CARTESIAN_POINT('', (1.0000000000000018, 0.33912678391868534, 0.24910216324055184));
#3264 = CARTESIAN_POINT('', (1.0000000000000004, 0.3078532453723589, 0.27782700204140237));
#3265 = CARTESIAN_POINT('', (0.9999999999999983, 0.27782700204140304, 0.3078532453723595));
#3266 = CARTESIAN_POINT('', (1.0000000000000016, 0.24910216324055112, 0.3391267839186841));
#3267 = CARTESIAN_POINT('', (0.9999999999999999, 0.2217304931133488, 0.3715912606869137));
#3268 = CARTESIAN_POINT('', (1.0, 0.19576131725617957, 0.40518817249076955));
#3269 = CARTESIAN_POINT('', (1.000000000000001, 0.17124143388092153, 0.43985697541822816));
#3270 = CARTESIAN_POINT('', (1.0000000000000007, 0.14821502941100556, 0.4755351939066439));
#3271 = CARTESIAN_POINT('', (0.9999999999999997, 0.12672359903693642, 0.5121585334271673));
#3272 = CARTESIAN_POINT('', (1.0000000000000009, 0.1068058717678489, 0.549660996256329));
#3273 = CARTESIAN_POINT('', (0.9999999999999998, 0.08849774073872597, 0.5879750004178591));
#3274 = CARTESIAN_POINT('', (1.000000000000001, 0.07183219833132565, 0.6270315014727152));
#3275 = CARTESIAN_POINT('', (0.9999999999999976, 0.056839277088437994, 0.666760116950839));
#3276 = CARTESIAN_POINT('', (1.0000000000000027, 0.043545995058016554, 0.7070892532388812));
#3277 = CARTESIAN_POINT('', (0.9999999999999977, 0.03197630814234007, 0.747946234482628));
#3278 = CARTESIAN_POINT('', (1.000000000000003, 0.022151064752840493, 0.7892574336779898));
#3279 = CARTESIAN_POINT('', (0.9999999999999968, 0.014087972356769169, 0.8309484051630716));
#3280 = CARTESIAN_POINT('', (1.0000000000000024, 7.8015578851E-3, 0.8729440191387747));
#3281 = CARTESIAN_POINT('', (0.9999999999999961, 3.3031561841E-3, 0.9151685964129546));
#3282 = CARTESIAN_POINT('', (1.000000000000005, 6.0086161170E-4, 0.9575460459450745));
#3283 = CARTESIAN_POINT('', (1.0000000000000002, 2.2291110805E-16, 0.9858486817405865));
#3284 = CARTESIAN_POINT('', (1.0000000000000002, 0.0, 1.0000000000000002));
#3285 = CARTESIAN_POINT('', (2.500000000000001, 1.0000000000000002, 0.0));
#3286 = CARTESIAN_POINT('', (2.500000000000001, 0.9858486817405869, 9.9261673506E-24));
#3287 = CARTESIAN_POINT('', (2.4999999999999947, 0.9575460459450713, 6.0086161170E-4));
#3288 = CARTESIAN_POINT('', (2.500000000000008, 0.9151685964129563, 3.3031561841E-3));
#3289 = CARTESIAN_POINT('', (2.4999999999999996, 0.8729440191387752, 7.8015578851E-3));
#3290 = CARTESIAN_POINT('', (2.499999999999999, 0.8309484051630714, 0.014087972356768784));
#3291 = CARTESIAN_POINT('', (2.5000000000000053, 0.7892574336779891, 0.02215106475284042));
#3292 = CARTESIAN_POINT('', (2.500000000000001, 0.7479462344826296, 0.03197630814233981));
#3293 = CARTESIAN_POINT('', (2.5000000000000044, 0.7070892532388806, 0.043545995058016415));
#3294 = CARTESIAN_POINT('', (2.4999999999999956, 0.6667601169508408, 0.05683927708843778));
#3295 = CARTESIAN_POINT('', (2.5000000000000058, 0.6270315014727167, 0.0718321983313258));
#3296 = CARTESIAN_POINT('', (2.4999999999999942, 0.5879750004178579, 0.08849774073872552));
#3297 = CARTESIAN_POINT('', (2.5000000000000147, 0.5496609962563308, 0.106805871767849));
#3298 = CARTESIAN_POINT('', (2.4999999999999942, 0.5121585334271661, 0.1267235990369357));
#3299 = CARTESIAN_POINT('', (2.500000000000003, 0.4755351939066452, 0.14821502941100587));
#3300 = CARTESIAN_POINT('', (2.4999999999999933, 0.4398569754182274, 0.17124143388092078));
#3301 = CARTESIAN_POINT('', (2.5000000000000044, 0.40518817249077066, 0.1957613172561795));
#3302 = CARTESIAN_POINT('', (2.499999999999996, 0.37159126068691345, 0.22173049311334805));
#3303 = CARTESIAN_POINT('', (2.5000000000000107, 0.33912678391868545, 0.24910216324055187));
#3304 = CARTESIAN_POINT('', (2.500000000000009, 0.307853245372359, 0.2778270020414024));
#3305 = CARTESIAN_POINT('', (2.49999999999999, 0.2778270020414031, 0.3078532453723596));
#3306 = CARTESIAN_POINT('', (2.5000000000000098, 0.24910216324055123, 0.33912678391868417));
#3307 = CARTESIAN_POINT('', (2.4999999999999907, 0.22173049311334886, 0.3715912606869138));
#3308 = CARTESIAN_POINT('', (2.500000000000004, 0.19576131725617946, 0.40518817249076966));
#3309 = CARTESIAN_POINT('', (2.5000000000000013, 0.17124143388092172, 0.4398569754182282));
#3310 = CARTESIAN_POINT('', (2.5000000000000013, 0.1482150294110055, 0.475535193906644));
#3311 = CARTESIAN_POINT('', (2.4999999999999973, 0.12672359903693653, 0.5121585334271674));
#3312 = CARTESIAN_POINT('', (2.500000000000003, 0.10680587176784888, 0.549660996256329));
#3313 = CARTESIAN_POINT('', (2.500000000000001, 0.08849774073872603, 0.5879750004178592));
#3314 = CARTESIAN_POINT('', (2.5000000000000013, 0.07183219833132569, 0.6270315014727154));
#3315 = CARTESIAN_POINT('', (2.4999999999999987, 0.056839277088438014, 0.6667601169508391));
#3316 = CARTESIAN_POINT('', (2.499999999999994, 0.04354599505801664, 0.7070892532388813));
#3317 = CARTESIAN_POINT('', (2.500000000000009, 0.03197630814234009, 0.7479462344826282));
#3318 = CARTESIAN_POINT('', (2.499999999999993, 0.02215106475284053, 0.7892574336779901));
#3319 = CARTESIAN_POINT('', (2.5000000000000138, 0.014087972356769198, 0.8309484051630717));
#3320 = CARTESIAN_POINT('', (2.499999999999987, 7.8015578851E-3, 0.872944019138775));
#3321 = CARTESIAN_POINT('', (2.5000000000000098, 3.3031561841E-3, 0.9151685964129547));
#3322 = CARTESIAN_POINT('', (2.4999999999999987, 6.0086161170E-4, 0.9575460459450746));
#3323 = CARTESIAN_POINT('', (2.5000000000000004, 2.5037451630E-16, 0.9858486817405867));
#3324 = CARTESIAN_POINT('', (2.500000000000001, 0.0, 1.0000000000000002));
#3325 = CARTESIAN_POINT('', (5.5, 1.0, 0.0));
#3326 = CARTESIAN_POINT('', (5.500000000000002, 0.9858486817405869, 9.9261673506E-24));
#3327 = CARTESIAN_POINT('', (5.499999999999989, 0.9575460459450721, 6.0086161170E-4));
#3328 = CARTESIAN_POINT('', (5.500000000000005, 0.9151685964129557, 3.3031561841E-3));
#3329 = CARTESIAN_POINT('', (5.500000000000005, 0.8729440191387753, 7.8015578851E-3));
#3330 = CARTESIAN_POINT('', (5.499999999999991, 0.8309484051630713, 0.014087972356768785));
#3331 = CARTESIAN_POINT('', (5.500000000000009, 0.7892574336779891, 0.022151064752840427));
#3332 = CARTESIAN_POINT('', (5.499999999999998, 0.7479462344826293, 0.031976308142339815));
#3333 = CARTESIAN_POINT('', (5.500000000000009, 0.7070892532388802, 0.04354599505801643));
#3334 = CARTESIAN_POINT('', (5.500000000000001, 0.666760116950841, 0.05683927708843779));
#3335 = CARTESIAN_POINT('', (5.500000000000007, 0.6270315014727164, 0.07183219833132581));
#3336 = CARTESIAN_POINT('', (5.499999999999996, 0.5879750004178577, 0.08849774073872554));
#3337 = CARTESIAN_POINT('', (5.500000000000018, 0.5496609962563307, 0.10680587176784903));
#3338 = CARTESIAN_POINT('', (5.499999999999998, 0.5121585334271657, 0.12672359903693572));
#3339 = CARTESIAN_POINT('', (5.499999999999998, 0.4755351939066451, 0.1482150294110059));
#3340 = CARTESIAN_POINT('', (5.4999999999999964, 0.439856975418227, 0.17124143388092083));
#3341 = CARTESIAN_POINT('', (5.5, 0.40518817249077077, 0.19576131725617957));
#3342 = CARTESIAN_POINT('', (5.499999999999995, 0.37159126068691295, 0.22173049311334808));
#3343 = CARTESIAN_POINT('', (5.500000000000023, 0.3391267839186853, 0.2491021632405519));
#3344 = CARTESIAN_POINT('', (5.4999999999999964, 0.3078532453723587, 0.2778270020414025));
#3345 = CARTESIAN_POINT('', (5.500000000000002, 0.27782700204140287, 0.30785324537235964));
#3346 = CARTESIAN_POINT('', (5.4999999999999964, 0.24910216324055112, 0.3391267839186842));
#3347 = CARTESIAN_POINT('', (5.5000000000000036, 0.22173049311334858, 0.37159126068691384));
#3348 = CARTESIAN_POINT('', (5.499999999999993, 0.19576131725617907, 0.40518817249076977));
#3349 = CARTESIAN_POINT('', (5.500000000000011, 0.17124143388092153, 0.4398569754182283));
#3350 = CARTESIAN_POINT('', (5.499999999999995, 0.14821502941100523, 0.4755351939066441));
#3351 = CARTESIAN_POINT('', (5.500000000000006, 0.1267235990369363, 0.5121585334271676));
#3352 = CARTESIAN_POINT('', (5.499999999999997, 0.10680587176784853, 0.5496609962563292));
#3353 = CARTESIAN_POINT('', (5.500000000000011, 0.08849774073872577, 0.5879750004178592));
#3354 = CARTESIAN_POINT('', (5.4999999999999964, 0.07183219833132543, 0.6270315014727155));
#3355 = CARTESIAN_POINT('', (5.5000000000000036, 0.056839277088437716, 0.6667601169508393));
#3356 = CARTESIAN_POINT('', (5.499999999999991, 0.04354599505801641, 0.7070892532388815));
#3357 = CARTESIAN_POINT('', (5.50000000000001, 0.03197630814233979, 0.7479462344826283));
#3358 = CARTESIAN_POINT('', (5.4999999999999964, 0.022151064752840247, 0.7892574336779902));
#3359 = CARTESIAN_POINT('', (5.500000000000009, 0.01408797235676892, 0.8309484051630718));
#3360 = CARTESIAN_POINT('', (5.499999999999995, 7.8015578851E-3, 0.8729440191387752));
#3361 = CARTESIAN_POINT('', (5.500000000000003, 3.3031561841E-3, 0.9151685964129548));
#3362 = CARTESIAN_POINT('', (5.500000000000011, 6.0086161170E-4, 0.9575460459450749));
#3363 = CARTESIAN_POINT('', (5.500000000000002, -3.6140938750E-17, 0.9858486817405869));
#3364 = CARTESIAN_POINT('', (5.5, 0.0, 1.0));
#3365 = CARTESIAN_POINT('', (8.5, 1.0, 0.0));
#3366 = CARTESIAN_POINT('', (8.500000000000002, 0.9858486817405867, 9.9261673506E-24));
#3367 = CARTESIAN_POINT('', (8.499999999999991, 0.957546045945072, 6.0086161170E-4));
#3368 = CARTESIAN_POINT('', (8.49999999999999, 0.9151685964129554, 3.3031561841E-3));
#3369 = CARTESIAN_POINT('', (8.500000000000018, 0.8729440191387752, 7.8015578851E-3));
#3370 = CARTESIAN_POINT('', (8.499999999999975, 0.8309484051630711, 0.014087972356768787));
#3371 = CARTESIAN_POINT('', (8.500000000000012, 0.789257433677989, 0.022151064752840427));
#3372 = CARTESIAN_POINT('', (8.499999999999993, 0.7479462344826291, 0.03197630814233981));
#3373 = CARTESIAN_POINT('', (8.50000000000001, 0.70708925323888, 0.04354599505801642));
#3374 = CARTESIAN_POINT('', (8.500000000000016, 0.6667601169508408, 0.05683927708843778));
#3375 = CARTESIAN_POINT('', (8.500000000000002, 0.6270315014727161, 0.07183219833132581));
#3376 = CARTESIAN_POINT('', (8.500000000000004, 0.5879750004178577, 0.08849774073872553));
#3377 = CARTESIAN_POINT('', (8.500000000000005, 0.5496609962563305, 0.10680587176784903));
#3378 = CARTESIAN_POINT('', (8.500000000000005, 0.5121585334271656, 0.12672359903693572));
#3379 = CARTESIAN_POINT('', (8.499999999999995, 0.47553519390664495, 0.1482150294110059));
#3380 = CARTESIAN_POINT('', (8.500000000000005, 0.4398569754182269, 0.17124143388092083));
#3381 = CARTESIAN_POINT('', (8.49999999999999, 0.40518817249077066, 0.19576131725617957));
#3382 = CARTESIAN_POINT('', (8.499999999999996, 0.3715912606869128, 0.2217304931133481));
#3383 = CARTESIAN_POINT('', (8.500000000000032, 0.3391267839186851, 0.24910216324055193));
#3384 = CARTESIAN_POINT('', (8.49999999999997, 0.3078532453723586, 0.2778270020414025));
#3385 = CARTESIAN_POINT('', (8.500000000000028, 0.27782700204140265, 0.3078532453723596));
#3386 = CARTESIAN_POINT('', (8.499999999999972, 0.249102163240551, 0.3391267839186842));
#3387 = CARTESIAN_POINT('', (8.500000000000032, 0.22173049311334841, 0.37159126068691384));
#3388 = CARTESIAN_POINT('', (8.499999999999973, 0.19576131725617896, 0.40518817249076966));
#3389 = CARTESIAN_POINT('', (8.500000000000025, 0.17124143388092133, 0.4398569754182283));
#3390 = CARTESIAN_POINT('', (8.499999999999986, 0.14821502941100512, 0.475535193906644));
#3391 = CARTESIAN_POINT('', (8.50000000000002, 0.12672359903693614, 0.5121585334271676));
#3392 = CARTESIAN_POINT('', (8.49999999999999, 0.10680587176784839, 0.5496609962563292));
#3393 = CARTESIAN_POINT('', (8.50000000000002, 0.08849774073872563, 0.5879750004178593));
#3394 = CARTESIAN_POINT('', (8.49999999999999, 0.07183219833132529, 0.6270315014727155));
#3395 = CARTESIAN_POINT('', (8.500000000000005, 0.05683927708843757, 0.6667601169508393));
#3396 = CARTESIAN_POINT('', (8.500000000000004, 0.04354599505801626, 0.7070892532388815));
#3397 = CARTESIAN_POINT('', (8.499999999999991, 0.03197630814233964, 0.7479462344826283));
#3398 = CARTESIAN_POINT('', (8.500000000000018, 0.022151064752840108, 0.7892574336779901));
#3399 = CARTESIAN_POINT('', (8.499999999999977, 0.014087972356768782, 0.8309484051630718));
#3400 = CARTESIAN_POINT('', (8.500000000000025, 7.8015578851E-3, 0.872944019138775));
#3401 = CARTESIAN_POINT('', (8.499999999999975, 3.3031561841E-3, 0.9151685964129548));
#3402 = CARTESIAN_POINT('', (8.500000000000039, 6.0086161170E-4, 0.957546045945075));
#3403 = CARTESIAN_POINT('', (8.500000000000004, -1.7462665277E-16, 0.9858486817405868));
#3404 = CARTESIAN_POINT('', (8.5, 0.0, 1.0));
#3405 = CARTESIAN_POINT('', (10.0, 1.0, 0.0));
#3406 = CARTESIAN_POINT('', (10.000000000000004, 0.9858486817405868, 9.9261673506E-24));
#3407 = CARTESIAN_POINT('', (9.999999999999991, 0.9575460459450719, 6.0086161170E-4));
#3408 = CARTESIAN_POINT('', (9.999999999999984, 0.9151685964129558, 3.3031561841E-3));
#3409 = CARTESIAN_POINT('', (10.000000000000023, 0.8729440191387753, 7.8015578851E-3));
#3410 = CARTESIAN_POINT('', (9.999999999999968, 0.8309484051630714, 0.014087972356768787));
#3411 = CARTESIAN_POINT('', (10.000000000000016, 0.7892574336779891, 0.022151064752840427));
#3412 = CARTESIAN_POINT('', (9.999999999999991, 0.7479462344826293, 0.03197630814233981));
#3413 = CARTESIAN_POINT('', (10.000000000000012, 0.7070892532388802, 0.04354599505801642));
#3414 = CARTESIAN_POINT('', (10.00000000000002, 0.6667601169508409, 0.05683927708843778));
#3415 = CARTESIAN_POINT('', (10.000000000000002, 0.6270315014727165, 0.07183219833132581));
#3416 = CARTESIAN_POINT('', (10.000000000000002, 0.5879750004178578, 0.08849774073872553));
#3417 = CARTESIAN_POINT('', (10.000000000000005, 0.5496609962563306, 0.10680587176784903));
#3418 = CARTESIAN_POINT('', (10.000000000000005, 0.5121585334271658, 0.12672359903693572));
#3419 = CARTESIAN_POINT('', (9.999999999999996, 0.47553519390664506, 0.1482150294110059));
#3420 = CARTESIAN_POINT('', (10.000000000000005, 0.4398569754182271, 0.17124143388092083));
#3421 = CARTESIAN_POINT('', (9.99999999999999, 0.4051881724907707, 0.19576131725617957));
#3422 = CARTESIAN_POINT('', (9.999999999999995, 0.371591260686913, 0.2217304931133481));
#3423 = CARTESIAN_POINT('', (10.000000000000039, 0.3391267839186852, 0.24910216324055193));
#3424 = CARTESIAN_POINT('', (9.999999999999964, 0.3078532453723587, 0.2778270020414025));
#3425 = CARTESIAN_POINT('', (10.000000000000032, 0.27782700204140287, 0.3078532453723596));
#3426 = CARTESIAN_POINT('', (9.999999999999968, 0.24910216324055115, 0.3391267839186842));
#3427 = CARTESIAN_POINT('', (10.000000000000039, 0.2217304931133486, 0.37159126068691384));
#3428 = CARTESIAN_POINT('', (9.99999999999997, 0.19576131725617915, 0.40518817249076966));
#3429 = CARTESIAN_POINT('', (10.000000000000028, 0.17124143388092153, 0.4398569754182283));
#3430 = CARTESIAN_POINT('', (9.999999999999984, 0.14821502941100528, 0.475535193906644));
#3431 = CARTESIAN_POINT('', (10.000000000000021, 0.1267235990369363, 0.5121585334271676));
#3432 = CARTESIAN_POINT('', (9.999999999999988, 0.10680587176784857, 0.5496609962563292));
#3433 = CARTESIAN_POINT('', (10.00000000000002, 0.0884977407387258, 0.5879750004178593));
#3434 = CARTESIAN_POINT('', (9.999999999999988, 0.07183219833132547, 0.6270315014727155));
#3435 = CARTESIAN_POINT('', (10.000000000000004, 0.05683927708843775, 0.6667601169508393));
#3436 = CARTESIAN_POINT('', (10.000000000000012, 0.04354599505801643, 0.7070892532388815));
#3437 = CARTESIAN_POINT('', (9.999999999999984, 0.03197630814233982, 0.7479462344826283));
#3438 = CARTESIAN_POINT('', (10.000000000000027, 0.02215106475284028, 0.7892574336779901));
#3439 = CARTESIAN_POINT('', (9.999999999999966, 0.014087972356768955, 0.8309484051630718));
#3440 = CARTESIAN_POINT('', (10.000000000000032, 7.8015578851E-3, 0.872944019138775));
#3441 = CARTESIAN_POINT('', (9.999999999999968, 3.3031561841E-3, 0.9151685964129548));
#3442 = CARTESIAN_POINT('', (10.000000000000048, 6.0086161170E-4, 0.957546045945075));
#3443 = CARTESIAN_POINT('', (10.000000000000004, 8.6649650707E-19, 0.9858486817405868));
#3444 = CARTESIAN_POINT('', (10.0, 0.0, 1.0));
#3445 = CARTESIAN_POINT('', (10.000033333333333, 1.0, 0.0));
#3446 = CARTESIAN_POINT('', (10.000033333333336, 0.9858486817405869, 9.9261673506E-24));
#3447 = CARTESIAN_POINT('', (10.000033333333324, 0.9575460459450719, 6.0086161170E-4));
#3448 = CARTESIAN_POINT('', (10.000033333333317, 0.9151685964129558, 3.3031561841E-3));
#3449 = CARTESIAN_POINT('', (10.000033333333356, 0.8729440191387753, 7.8015578851E-3));
#3450 = CARTESIAN_POINT('', (10.0000333333333, 0.8309484051630714, 0.014087972356768787));
#3451 = CARTESIAN_POINT('', (10.000033333333349, 0.7892574336779891, 0.022151064752840427));
#3452 = CARTESIAN_POINT('', (10.000033333333324, 0.7479462344826293, 0.03197630814233981));
#3453 = CARTESIAN_POINT('', (10.000033333333345, 0.7070892532388802, 0.04354599505801642));
#3454 = CARTESIAN_POINT('', (10.000033333333352, 0.666760116950841, 0.05683927708843778));
#3455 = CARTESIAN_POINT('', (10.000033333333334, 0.6270315014727165, 0.07183219833132581));
#3456 = CARTESIAN_POINT('', (10.000033333333334, 0.5879750004178578, 0.08849774073872553));
#3457 = CARTESIAN_POINT('', (10.000033333333338, 0.5496609962563307, 0.10680587176784903));
#3458 = CARTESIAN_POINT('', (10.000033333333338, 0.5121585334271659, 0.12672359903693572));
#3459 = CARTESIAN_POINT('', (10.000033333333329, 0.47553519390664506, 0.1482150294110059));
#3460 = CARTESIAN_POINT('', (10.000033333333338, 0.43985697541822716, 0.17124143388092083));
#3461 = CARTESIAN_POINT('', (10.000033333333322, 0.4051881724907707, 0.19576131725617957));
#3462 = CARTESIAN_POINT('', (10.000033333333327, 0.37159126068691306, 0.2217304931133481));
#3463 = CARTESIAN_POINT('', (10.000033333333372, 0.3391267839186853, 0.24910216324055193));
#3464 = CARTESIAN_POINT('', (10.000033333333297, 0.3078532453723587, 0.2778270020414025));
#3465 = CARTESIAN_POINT('', (10.000033333333365, 0.27782700204140287, 0.3078532453723596));
#3466 = CARTESIAN_POINT('', (10.0000333333333, 0.24910216324055115, 0.3391267839186842));
#3467 = CARTESIAN_POINT('', (10.000033333333372, 0.22173049311334864, 0.37159126068691384));
#3468 = CARTESIAN_POINT('', (10.000033333333302, 0.19576131725617915, 0.40518817249076966));
#3469 = CARTESIAN_POINT('', (10.000033333333361, 0.17124143388092153, 0.4398569754182283));
#3470 = CARTESIAN_POINT('', (10.000033333333317, 0.14821502941100528, 0.475535193906644));
#3471 = CARTESIAN_POINT('', (10.000033333333354, 0.1267235990369363, 0.5121585334271676));
#3472 = CARTESIAN_POINT('', (10.00003333333332, 0.10680587176784857, 0.5496609962563292));
#3473 = CARTESIAN_POINT('', (10.000033333333352, 0.0884977407387258, 0.5879750004178593));
#3474 = CARTESIAN_POINT('', (10.00003333333332, 0.07183219833132547, 0.6270315014727155));
#3475 = CARTESIAN_POINT('', (10.000033333333336, 0.05683927708843776, 0.6667601169508393));
#3476 = CARTESIAN_POINT('', (10.000033333333345, 0.04354599505801643, 0.7070892532388815));
#3477 = CARTESIAN_POINT('', (10.000033333333317, 0.03197630814233982, 0.7479462344826283));
#3478 = CARTESIAN_POINT('', (10.00003333333336, 0.02215106475284028, 0.7892574336779901));
#3479 = CARTESIAN_POINT('', (10.000033333333299, 0.014087972356768955, 0.8309484051630718));
#3480 = CARTESIAN_POINT('', (10.000033333333365, 7.8015578851E-3, 0.872944019138775));
#3481 = CARTESIAN_POINT('', (10.0000333333333, 3.3031561841E-3, 0.9151685964129548));
#3482 = CARTESIAN_POINT('', (10.00003333333338, 6.0086161170E-4, 0.957546045945075));
#3483 = CARTESIAN_POINT('', (10.000033333333336, 8.7039635483E-19, 0.9858486817405868));
#3484 = CARTESIAN_POINT('', (10.000033333333333, 0.0, 1.0));
#3485 = CARTESIAN_POINT('', (10.000066666666665, 1.0, 0.0));
#3486 = CARTESIAN_POINT('', (10.000066666666669, 0.985848681740587, 9.9261673506E-24));
#3487 = CARTESIAN_POINT('', (10.000066666666656, 0.9575460459450719, 6.0086161170E-4));
#3488 = CARTESIAN_POINT('', (10.00006666666665, 0.9151685964129558, 3.3031561841E-3));
#3489 = CARTESIAN_POINT('', (10.000066666666688, 0.8729440191387753, 7.8015578851E-3));
#3490 = CARTESIAN_POINT('', (10.000066666666633, 0.8309484051630714, 0.014087972356768787));
#3491 = CARTESIAN_POINT('', (10.000066666666681, 0.7892574336779891, 0.022151064752840427));
#3492 = CARTESIAN_POINT('', (10.000066666666656, 0.7479462344826293, 0.03197630814233981));
#3493 = CARTESIAN_POINT('', (10.000066666666678, 0.7070892532388802, 0.04354599505801642));
#3494 = CARTESIAN_POINT('', (10.000066666666685, 0.6667601169508411, 0.05683927708843778));
#3495 = CARTESIAN_POINT('', (10.000066666666667, 0.6270315014727165, 0.07183219833132581));
#3496 = CARTESIAN_POINT('', (10.000066666666667, 0.5879750004178578, 0.08849774073872553));
#3497 = CARTESIAN_POINT('', (10.00006666666667, 0.5496609962563308, 0.10680587176784903));
#3498 = CARTESIAN_POINT('', (10.00006666666667, 0.512158533427166, 0.12672359903693572));
#3499 = CARTESIAN_POINT('', (10.000066666666662, 0.47553519390664506, 0.1482150294110059));
#3500 = CARTESIAN_POINT('', (10.00006666666667, 0.4398569754182272, 0.17124143388092083));
#3501 = CARTESIAN_POINT('', (10.000066666666655, 0.4051881724907707, 0.19576131725617957));
#3502 = CARTESIAN_POINT('', (10.00006666666666, 0.3715912606869131, 0.2217304931133481));
#3503 = CARTESIAN_POINT('', (10.000066666666704, 0.33912678391868534, 0.24910216324055193));
#3504 = CARTESIAN_POINT('', (10.00006666666663, 0.3078532453723587, 0.2778270020414025));
#3505 = CARTESIAN_POINT('', (10.000066666666697, 0.27782700204140287, 0.3078532453723596));
#3506 = CARTESIAN_POINT('', (10.000066666666633, 0.24910216324055115, 0.3391267839186842));
#3507 = CARTESIAN_POINT('', (10.000066666666704, 0.22173049311334866, 0.37159126068691384));
#3508 = CARTESIAN_POINT('', (10.000066666666635, 0.19576131725617915, 0.40518817249076966));
#3509 = CARTESIAN_POINT('', (10.000066666666694, 0.17124143388092153, 0.4398569754182283));
#3510 = CARTESIAN_POINT('', (10.00006666666665, 0.14821502941100528, 0.475535193906644));
#3511 = CARTESIAN_POINT('', (10.000066666666687, 0.1267235990369363, 0.5121585334271676));
#3512 = CARTESIAN_POINT('', (10.000066666666653, 0.10680587176784857, 0.5496609962563292));
#3513 = CARTESIAN_POINT('', (10.000066666666685, 0.0884977407387258, 0.5879750004178593));
#3514 = CARTESIAN_POINT('', (10.000066666666653, 0.07183219833132547, 0.6270315014727155));
#3515 = CARTESIAN_POINT('', (10.000066666666669, 0.056839277088437765, 0.6667601169508393));
#3516 = CARTESIAN_POINT('', (10.000066666666678, 0.04354599505801643, 0.7070892532388815));
#3517 = CARTESIAN_POINT('', (10.00006666666665, 0.03197630814233982, 0.7479462344826283));
#3518 = CARTESIAN_POINT('', (10.000066666666692, 0.02215106475284028, 0.7892574336779901));
#3519 = CARTESIAN_POINT('', (10.000066666666632, 0.014087972356768955, 0.8309484051630718));
#3520 = CARTESIAN_POINT('', (10.000066666666697, 7.8015578851E-3, 0.872944019138775));
#3521 = CARTESIAN_POINT('', (10.000066666666633, 3.3031561841E-3, 0.9151685964129548));
#3522 = CARTESIAN_POINT('', (10.000066666666713, 6.0086161170E-4, 0.957546045945075));
#3523 = CARTESIAN_POINT('', (10.000066666666669, 8.7429632345E-19, 0.9858486817405868));
#3524 = CARTESIAN_POINT('', (10.000066666666665, 0.0, 1.0));
#3525 = CARTESIAN_POINT('', (10.000099999999998, 1.0, 0.0));
#3526 = CARTESIAN_POINT('', (10.000100000000002, 0.9858486817405872, 9.9261673506E-24));
#3527 = CARTESIAN_POINT('', (10.000099999999989, 0.9575460459450719, 6.0086161170E-4));
#3528 = CARTESIAN_POINT('', (10.000099999999982, 0.9151685964129558, 3.3031561841E-3));
#3529 = CARTESIAN_POINT('', (10.000100000000021, 0.8729440191387753, 7.8015578851E-3));
#3530 = CARTESIAN_POINT('', (10.000099999999966, 0.8309484051630714, 0.014087972356768787));
#3531 = CARTESIAN_POINT('', (10.000100000000014, 0.7892574336779891, 0.022151064752840427));
#3532 = CARTESIAN_POINT('', (10.000099999999989, 0.7479462344826293, 0.03197630814233981));
#3533 = CARTESIAN_POINT('', (10.00010000000001, 0.7070892532388802, 0.04354599505801642));
#3534 = CARTESIAN_POINT('', (10.000100000000018, 0.6667601169508413, 0.05683927708843778));
#3535 = CARTESIAN_POINT('', (10.0001, 0.6270315014727165, 0.07183219833132581));
#3536 = CARTESIAN_POINT('', (10.0001, 0.5879750004178578, 0.08849774073872553));
#3537 = CARTESIAN_POINT('', (10.000100000000003, 0.5496609962563309, 0.10680587176784903));
#3538 = CARTESIAN_POINT('', (10.000100000000003, 0.5121585334271661, 0.12672359903693572));
#3539 = CARTESIAN_POINT('', (10.000099999999994, 0.47553519390664506, 0.1482150294110059));
#3540 = CARTESIAN_POINT('', (10.000100000000003, 0.43985697541822727, 0.17124143388092083));
#3541 = CARTESIAN_POINT('', (10.000099999999987, 0.4051881724907707, 0.19576131725617957));
#3542 = CARTESIAN_POINT('', (10.000099999999993, 0.37159126068691317, 0.2217304931133481));
#3543 = CARTESIAN_POINT('', (10.000100000000037, 0.3391267839186854, 0.24910216324055193));
#3544 = CARTESIAN_POINT('', (10.000099999999962, 0.3078532453723587, 0.2778270020414025));
#3545 = CARTESIAN_POINT('', (10.00010000000003, 0.27782700204140287, 0.3078532453723596));
#3546 = CARTESIAN_POINT('', (10.000099999999966, 0.24910216324055115, 0.3391267839186842));
#3547 = CARTESIAN_POINT('', (10.000100000000037, 0.2217304931133487, 0.37159126068691384));
#3548 = CARTESIAN_POINT('', (10.000099999999968, 0.19576131725617915, 0.40518817249076966));
#3549 = CARTESIAN_POINT('', (10.000100000000026, 0.17124143388092153, 0.4398569754182283));
#3550 = CARTESIAN_POINT('', (10.000099999999982, 0.14821502941100528, 0.475535193906644));
#3551 = CARTESIAN_POINT('', (10.00010000000002, 0.1267235990369363, 0.5121585334271676));
#3552 = CARTESIAN_POINT('', (10.000099999999986, 0.10680587176784857, 0.5496609962563292));
#3553 = CARTESIAN_POINT('', (10.000100000000018, 0.0884977407387258, 0.5879750004178593));
#3554 = CARTESIAN_POINT('', (10.000099999999986, 0.07183219833132547, 0.6270315014727155));
#3555 = CARTESIAN_POINT('', (10.000100000000002, 0.05683927708843777, 0.6667601169508393));
#3556 = CARTESIAN_POINT('', (10.00010000000001, 0.04354599505801643, 0.7070892532388815));
#3557 = CARTESIAN_POINT('', (10.000099999999982, 0.03197630814233982, 0.7479462344826283));
#3558 = CARTESIAN_POINT('', (10.000100000000025, 0.02215106475284028, 0.7892574336779901));
#3559 = CARTESIAN_POINT('', (10.000099999999964, 0.014087972356768955, 0.8309484051630718));
#3560 = CARTESIAN_POINT('', (10.00010000000003, 7.8015578851E-3, 0.872944019138775));
#3561 = CARTESIAN_POINT('', (10.000099999999966, 3.3031561841E-3, 0.9151685964129548));
#3562 = CARTESIAN_POINT('', (10.000100000000046, 6.0086161170E-4, 0.957546045945075));
#3563 = CARTESIAN_POINT('', (10.000100000000002, 8.7819641293E-19, 0.9858486817405868));
#3564 = CARTESIAN_POINT('', (10.000099999999998, 0.0, 1.0));
#3565 = DEFINITIONAL_REPRESENTATION('', (#3567), #3566);
#3566 = (
    GEOMETRIC_REPRESENTATION_CONTEXT(2)
    PARAMETRIC_REPRESENTATION_CONTEXT()
    REPRESENTATION_CONTEXT('2D SPACE', '')
);
#3567 = (
    BOUNDED_CURVE()
    B_SPLINE_CURVE(3, (#3568, #3569, #3570, #3571, #3572, #3573, #3574, #3575, #3576, #3577, #3578, #3579, #3580, #3581, #3582, #3583, #3584, #3585, #3586, #3587, #3588, #3589, #3590, #3591, #3592, #3593, #3594, #3595, #3596, #3597, #3598, #3599, #3600, #3601, #3602, #3603, #3604, #3605, #3606, #3607, #3608, #3609, #3610, #3611, #3612, #3613, #3614, #3615, #3616, #3617, #3618, #3619, #3620, #3621, #3622, #3623, #3624, #3625, #3626, #3627, #3628, #3629, #3630, #3631, #3632, #3633, #3634, #3635, #3636, #3637, #3638, #3639, #3640, #3641, #3642, #3643, #3644, #3645, #3646, #3647, #3648, #3649, #3650, #3651, #3652, #3653, #3654, #3655, #3656, #3657, #3658, #3659, #3660, #3661, #3662, #3663, #3664, #3665, #3666, #3667, #3668, #3669, #3670, #3671, #3672, #3673, #3674, #3675, #3676, #3677, #3678, #3679, #3680, #3681, #3682, #3683, #3684, #3685, #3686, #3687, #3688, #3689, #3690, #3691, #3692, #3693, #3694, #3695, #3696, #3697, #3698, #3699, #3700, #3701, #3702, #3703, #3704, #3705, #3706, #3707, #3708, #3709, #3710, #3711, #3712, #3713, #3714, #3715, #3716, #3717, #3718, #3719, #3720, #3721, #3722, #3723, #3724, #3725, #3726, #3727, #3728, #3729, #3730, #3731, #3732, #3733, #3734, #3735, #3736, #3737, #3738, #3739, #3740, #3741, #3742, #3743, #3744, #3745, #3746, #3747, #3748, #3749, #3750, #3751, #3752, #3753, #3754, #3755, #3756, #3757, #3758, #3759, #3760, #3761, #3762, #3763, #3764, #3765, #3766, #3767, #3768, #3769, #3770, #3771, #3772, #3773, #3774, #3775), .UNSPECIFIED., .U., .U.)
    B_SPLINE_CURVE_WITH_KNOTS((4, 3, 3, 3, 3, 3, 3, 3, 3, 3, 3, 3, 3, 3, 3, 3, 3, 3, 3, 3, 3, 3, 3, 3, 3, 3, 3, 3, 3, 3, 3, 3, 3, 3, 3, 3, 3, 3, 3, 3, 3, 3, 3, 3, 3, 3, 3, 3, 3, 3, 3, 3, 3, 3, 3, 3, 3, 3, 3, 3, 3, 3, 3, 3, 3, 3, 3, 3, 3, 4), (0.0, 0.02272751903935618, 0.045454059520447586, 0.06818060048269636, 0.09090714097528889, 0.1136336817582029, 0.13636022234171305, 0.15908676312140888, 0.18181330374294513, 0.20453984440804007, 0.2272663851654261, 0.24999292577071786, 0.27271946659605545, 0.29544600713264463, 0.31817254803751016, 0.3408990885364997, 0.36362562943359833, 0.38635216992802474, 0.40907871079123187, 0.4318052513164114, 0.4545317921144754, 0.477258332707365, 0.49998487343029374, 0.522711414113602, 0.5454379547567445, 0.5681644955403137, 0.5908910361120072, 0.6136175769800216, 0.6363441174979808, 0.6590706584056795, 0.6817971988981926, 0.7045237397857235, 0.7272502802885278, 0.7499768211257355, 0.7727033616758132, 0.7954299024431967, 0.81815644307217, 0.8408829837608909, 0.863609524487173, 0.8863360650986272, 0.9090626059215334, 0.9317891464674658, 0.9545156873597044, 0.9772422278628673, 0.9999687687665482, 1.0226953092586988, 1.0454218501279966, 1.0681483906470102, 1.0908749314563917, 1.11360147203603, 1.1363280127706497, 1.1590545534406447, 1.181781094095069, 1.2045076348617858, 1.227234175444966, 1.2499607163056152, 1.2726872568266605, 1.2954137977285858, 1.3181403382297359, 1.3408668791262885, 1.3635934196117783, 1.3863199604562402, 1.409046501020118, 1.431773041795269, 1.4544995823748226, 1.4772261230912174, 1.4999526638514484, 1.5226792044340784, 1.5454057451885272, 1.5707623871705894), .UNSPECIFIED.)
    CURVE()
    GEOMETRIC_REPRESENTATION_ITEM()
    RATIONAL_B_SPLINE_CURVE((1.0, 1.0, 1.0, 1.0, 1.0, 1.0, 1.0, 1.0, 1.0, 1.0, 1.0, 1.0, 1.0, 1.0, 1.0, 1.0, 1.0, 1.0, 1.0, 1.0, 1.0, 1.0, 1.0, 1.0, 1.0, 1.0, 1.0, 1.0, 1.0, 1.0, 1.0, 1.0, 1.0, 1.0, 1.0, 1.0, 1.0, 1.0, 1.0, 1.0, 1.0, 1.0, 1.0, 1.0, 1.0, 1.0, 1.0, 1.0, 1.0, 1.0, 1.0, 1.0, 1.0, 1.0, 1.0, 1.0, 1.0, 1.0, 1.0, 1.0, 1.0, 1.0, 1.0, 1.0, 1.0, 1.0, 1.0, 1.0, 1.0, 1.0, 1.0, 1.0, 1.0, 1.0, 1.0, 1.0, 1.0, 1.0, 1.0, 1.0, 1.0, 1.0, 1.0, 1.0, 1.0, 1.0, 1.0, 1.0, 1.0, 1.0, 1.0, 1.0, 1.0, 1.0, 1.0, 1.0, 1.0, 1.0, 1.0, 1.0, 1.0, 1.0, 1.0, 1.0, 1.0, 1.0, 1.0, 1.0, 1.0, 1.0, 1.0, 1.0, 1.0, 1.0, 1.0, 1.0, 1.0, 1.0, 1.0, 1.0, 1.0, 1.0, 1.0, 1.0, 1.0, 1.0, 1.0, 1.0, 1.0, 1.0, 1.0, 1.0, 1.0, 1.0, 1.0, 1.0, 1.0, 1.0, 1.0, 1.0, 1.0, 1.0, 1.0, 1.0, 1.0, 1.0, 1.0, 1.0, 1.0, 1.0, 1.0, 1.0, 1.0, 1.0, 1.0, 1.0, 1.0, 1.0, 1.0, 1.0, 1.0, 1.0, 1.0, 1.0, 1.0, 1.0, 1.0, 1.0, 1.0, 1.0, 1.0, 1.0, 1.0, 1.0, 1.0, 1.0, 1.0, 1.0, 1.0, 1.0, 1.0, 1.0, 1.0, 1.0, 1.0, 1.0, 1.0, 1.0, 1.0, 1.0, 1.0, 1.0, 1.0, 1.0, 1.0, 1.0, 1.0, 1.0, 1.0, 1.0, 1.0, 1.0, 1.0, 1.0, 1.0, 1.0, 1.0, 1.0))
    REPRESENTATION_ITEM('')
);
#3568 = CARTESIAN_POINT('', (9.000000000000004, 0.0));
#3569 = CARTESIAN_POINT('', (9.000000000000004, 4.8229293324E-3));
#3570 = CARTESIAN_POINT('', (9.000000000000002, 9.6461700585E-3));
#3571 = CARTESIAN_POINT('', (9.000000000000002, 0.01446909937249112));
#3572 = CARTESIAN_POINT('', (9.000000000000002, 0.019291821029954654));
#3573 = CARTESIAN_POINT('', (9.000000000000012, 0.02411485420660266));
#3574 = CARTESIAN_POINT('', (9.000000000000012, 0.02893757596159569));
#3575 = CARTESIAN_POINT('', (9.000000000000012, 0.03376029781869348));
#3576 = CARTESIAN_POINT('', (9.000000000000014, 0.03858333087243089));
#3577 = CARTESIAN_POINT('', (9.000000000000014, 0.04340605257305623));
#3578 = CARTESIAN_POINT('', (9.000000000000014, 0.048228774174017414));
#3579 = CARTESIAN_POINT('', (9.000000000000007, 0.05305180730934109));
#3580 = CARTESIAN_POINT('', (9.000000000000007, 0.05787452901950307));
#3581 = CARTESIAN_POINT('', (9.000000000000007, 0.06269725079127318));
#3582 = CARTESIAN_POINT('', (8.999999999999993, 0.06752028380162757));
#3583 = CARTESIAN_POINT('', (8.999999999999993, 0.07234300553638327));
#3584 = CARTESIAN_POINT('', (8.999999999999993, 0.07716572722882416));
#3585 = CARTESIAN_POINT('', (8.999999999999996, 0.08198876048974452));
#3586 = CARTESIAN_POINT('', (8.999999999999996, 0.08681148219606681));
#3587 = CARTESIAN_POINT('', (8.999999999999996, 0.091634203944021));
#3588 = CARTESIAN_POINT('', (9.000000000000016, 0.09645723689760227));
#3589 = CARTESIAN_POINT('', (9.000000000000016, 0.10127995861698087));
#3590 = CARTESIAN_POINT('', (9.000000000000016, 0.10610268030279697));
#3591 = CARTESIAN_POINT('', (9.000000000000016, 0.1109257135520519));
#3592 = CARTESIAN_POINT('', (9.000000000000016, 0.11574843524643452));
#3593 = CARTESIAN_POINT('', (9.000000000000016, 0.12057115695006058));
#3594 = CARTESIAN_POINT('', (9.0, 0.1253941899141336));
#3595 = CARTESIAN_POINT('', (9.0, 0.13021691166027596));
#3596 = CARTESIAN_POINT('', (9.0, 0.13503963342600311));
#3597 = CARTESIAN_POINT('', (8.999999999999998, 0.1398626666903469));
#3598 = CARTESIAN_POINT('', (8.999999999999998, 0.14468538838425307));
#3599 = CARTESIAN_POINT('', (8.999999999999998, 0.14950811004588385));
#3600 = CARTESIAN_POINT('', (9.0, 0.15433114300485415));
#3601 = CARTESIAN_POINT('', (9.0, 0.1591538647482885));
#3602 = CARTESIAN_POINT('', (9.0, 0.163976586538418));
#3603 = CARTESIAN_POINT('', (9.000000000000002, 0.16879961975807042));
#3604 = CARTESIAN_POINT('', (9.000000000000002, 0.17362234145836752));
#3605 = CARTESIAN_POINT('', (9.000000000000002, 0.1784450630973903));
#3606 = CARTESIAN_POINT('', (8.999999999999993, 0.18326809610555975));
#3607 = CARTESIAN_POINT('', (8.999999999999993, 0.1880908178578316));
#3608 = CARTESIAN_POINT('', (8.999999999999993, 0.19291353968825412));
#3609 = CARTESIAN_POINT('', (8.99999999999999, 0.19773657284943486));
#3610 = CARTESIAN_POINT('', (8.99999999999999, 0.2025592945560448));
#3611 = CARTESIAN_POINT('', (8.99999999999999, 0.20738201617652519));
#3612 = CARTESIAN_POINT('', (8.999999999999986, 0.21220504923807532));
#3613 = CARTESIAN_POINT('', (8.999999999999986, 0.2170277709805049));
#3614 = CARTESIAN_POINT('', (8.999999999999986, 0.22185049280741587));
#3615 = CARTESIAN_POINT('', (8.999999999999993, 0.2266735258973708));
#3616 = CARTESIAN_POINT('', (8.999999999999993, 0.2314962476099898));
#3617 = CARTESIAN_POINT('', (8.999999999999993, 0.23631896923715912));
#3618 = CARTESIAN_POINT('', (9.0, 0.24114200237772937));
#3619 = CARTESIAN_POINT('', (9.0, 0.2459647241060629));
#3620 = CARTESIAN_POINT('', (9.0, 0.2507874459126541));
#3621 = CARTESIAN_POINT('', (9.0, 0.2556104789402291));
#3622 = CARTESIAN_POINT('', (9.0, 0.26043320065685793));
#3623 = CARTESIAN_POINT('', (9.0, 0.2652559223017551));
#3624 = CARTESIAN_POINT('', (8.999999999999998, 0.2700789555065959));
#3625 = CARTESIAN_POINT('', (8.999999999999998, 0.2749016772176753));
#3626 = CARTESIAN_POINT('', (8.999999999999998, 0.27972439898666257));
#3627 = CARTESIAN_POINT('', (9.0, 0.28454743196964766));
#3628 = CARTESIAN_POINT('', (9.0, 0.2893701536943939));
#3629 = CARTESIAN_POINT('', (9.0, 0.2941928753756008));
#3630 = CARTESIAN_POINT('', (8.999999999999998, 0.2990159086265784));
#3631 = CARTESIAN_POINT('', (8.999999999999998, 0.3038386303254498));
#3632 = CARTESIAN_POINT('', (8.999999999999998, 0.3086613520519163));
#3633 = CARTESIAN_POINT('', (8.999999999999998, 0.3134843850094597));
#3634 = CARTESIAN_POINT('', (8.999999999999998, 0.3183071067429796));
#3635 = CARTESIAN_POINT('', (8.999999999999998, 0.3231298284680917));
#3636 = CARTESIAN_POINT('', (9.0, 0.32795286173278687));
#3637 = CARTESIAN_POINT('', (9.0, 0.332775583426451));
#3638 = CARTESIAN_POINT('', (9.0, 0.3375983051115917));
#3639 = CARTESIAN_POINT('', (9.000000000000005, 0.34242133806784747));
#3640 = CARTESIAN_POINT('', (9.000000000000005, 0.34724405981105244));
#3641 = CARTESIAN_POINT('', (9.000000000000005, 0.35206678158405685));
#3642 = CARTESIAN_POINT('', (9.0, 0.3568898148304943));
#3643 = CARTESIAN_POINT('', (9.0, 0.3617125365264813));
#3644 = CARTESIAN_POINT('', (9.0, 0.3665352581775069));
#3645 = CARTESIAN_POINT('', (9.000000000000002, 0.37135829115645114));
#3646 = CARTESIAN_POINT('', (9.000000000000002, 0.3761810129059866));
#3647 = CARTESIAN_POINT('', (9.000000000000002, 0.3810037347184033));
#3648 = CARTESIAN_POINT('', (9.000000000000007, 0.38582676791675463));
#3649 = CARTESIAN_POINT('', (9.000000000000007, 0.39064948961983476));
#3650 = CARTESIAN_POINT('', (9.000000000000007, 0.39547221124863086));
#3651 = CARTESIAN_POINT('', (9.000000000000016, 0.40029524427537483));
#3652 = CARTESIAN_POINT('', (9.000000000000016, 0.4051179660242325));
#3653 = CARTESIAN_POINT('', (9.000000000000016, 0.40994068785579546));
#3654 = CARTESIAN_POINT('', (9.000000000000012, 0.4147637209865057));
#3655 = CARTESIAN_POINT('', (9.000000000000012, 0.4195864426963273));
#3656 = CARTESIAN_POINT('', (9.000000000000012, 0.4244091643180437));
#3657 = CARTESIAN_POINT('', (9.0, 0.42923219741374524));
#3658 = CARTESIAN_POINT('', (9.0, 0.4340549191510352));
#3659 = CARTESIAN_POINT('', (9.0, 0.43887764097215054));
#3660 = CARTESIAN_POINT('', (8.999999999999988, 0.44370067403375535));
#3661 = CARTESIAN_POINT('', (8.999999999999988, 0.44852339574748845));
#3662 = CARTESIAN_POINT('', (8.999999999999988, 0.45334611737958));
#3663 = CARTESIAN_POINT('', (8.999999999999988, 0.4581691505486004));
#3664 = CARTESIAN_POINT('', (8.999999999999988, 0.46299187226911104));
#3665 = CARTESIAN_POINT('', (8.999999999999988, 0.4678145940605843));
#3666 = CARTESIAN_POINT('', (9.000000000000005, 0.4726376270669561));
#3667 = CARTESIAN_POINT('', (9.000000000000005, 0.47746034878683896));
#3668 = CARTESIAN_POINT('', (9.000000000000005, 0.48228307044579094));
#3669 = CARTESIAN_POINT('', (9.000000000000012, 0.48710610367385887));
#3670 = CARTESIAN_POINT('', (9.000000000000012, 0.49192882537916605));
#3671 = CARTESIAN_POINT('', (9.000000000000012, 0.49675154713058695));
#3672 = CARTESIAN_POINT('', (8.999999999999996, 0.5015745801001799));
#3673 = CARTESIAN_POINT('', (8.999999999999996, 0.5063973018285709));
#3674 = CARTESIAN_POINT('', (8.999999999999996, 0.5112200235275904));
#3675 = CARTESIAN_POINT('', (8.999999999999993, 0.5160430567883774));
#3676 = CARTESIAN_POINT('', (8.999999999999993, 0.5208657784841741));
#3677 = CARTESIAN_POINT('', (8.999999999999993, 0.5256885001926498));
#3678 = CARTESIAN_POINT('', (9.000000000000012, 0.5305115331468525));
#3679 = CARTESIAN_POINT('', (9.000000000000012, 0.535334254884727));
#3680 = CARTESIAN_POINT('', (9.000000000000012, 0.5401569766305722));
#3681 = CARTESIAN_POINT('', (9.000000000000007, 0.5449800098915663));
#3682 = CARTESIAN_POINT('', (9.000000000000007, 0.5498027315853734));
#3683 = CARTESIAN_POINT('', (9.000000000000007, 0.5546254532548133));
#3684 = CARTESIAN_POINT('', (8.999999999999991, 0.5594484862175485));
#3685 = CARTESIAN_POINT('', (8.999999999999991, 0.5642712079638593));
#3686 = CARTESIAN_POINT('', (8.999999999999991, 0.5690939297550416));
#3687 = CARTESIAN_POINT('', (8.999999999999996, 0.5739169629840157));
#3688 = CARTESIAN_POINT('', (8.999999999999996, 0.5787396846824789));
#3689 = CARTESIAN_POINT('', (8.999999999999996, 0.5835624063221665));
#3690 = CARTESIAN_POINT('', (9.000000000000007, 0.588385439318242));
#3691 = CARTESIAN_POINT('', (9.000000000000007, 0.59320816106859));
#3692 = CARTESIAN_POINT('', (9.000000000000007, 0.5980308828924263));
#3693 = CARTESIAN_POINT('', (9.000000000000004, 0.6028539160637453));
#3694 = CARTESIAN_POINT('', (9.000000000000004, 0.6076766377701578));
#3695 = CARTESIAN_POINT('', (9.000000000000004, 0.6124993593940058));
#3696 = CARTESIAN_POINT('', (8.999999999999993, 0.617322392448192));
#3697 = CARTESIAN_POINT('', (8.999999999999993, 0.6221451141934156));
#3698 = CARTESIAN_POINT('', (8.999999999999993, 0.6269678360236317));
#3699 = CARTESIAN_POINT('', (9.000000000000002, 0.631790869123741));
#3700 = CARTESIAN_POINT('', (9.000000000000002, 0.6366135908351607));
#3701 = CARTESIAN_POINT('', (9.000000000000002, 0.6414363124592509));
#3702 = CARTESIAN_POINT('', (9.000000000000002, 0.6462593455869253));
#3703 = CARTESIAN_POINT('', (9.000000000000002, 0.651082067317466));
#3704 = CARTESIAN_POINT('', (9.000000000000002, 0.6559047891280397));
#3705 = CARTESIAN_POINT('', (9.000000000000002, 0.6607278221644464));
#3706 = CARTESIAN_POINT('', (9.000000000000002, 0.6655505438805724));
#3707 = CARTESIAN_POINT('', (9.000000000000002, 0.6703732655223659));
#3708 = CARTESIAN_POINT('', (8.999999999999995, 0.6751962987190258));
#3709 = CARTESIAN_POINT('', (8.999999999999995, 0.6800190204323318));
#3710 = CARTESIAN_POINT('', (8.999999999999995, 0.6848417422072558));
#3711 = CARTESIAN_POINT('', (9.0, 0.6896647751950784));
#3712 = CARTESIAN_POINT('', (9.0, 0.6944874969180789));
#3713 = CARTESIAN_POINT('', (9.0, 0.6993102185923263));
#3714 = CARTESIAN_POINT('', (9.000000000000004, 0.7041332518379434));
#3715 = CARTESIAN_POINT('', (9.000000000000004, 0.7089559735385188));
#3716 = CARTESIAN_POINT('', (9.000000000000004, 0.7137786952719822));
#3717 = CARTESIAN_POINT('', (8.999999999999996, 0.7186017282327201));
#3718 = CARTESIAN_POINT('', (8.999999999999996, 0.7234244499651736));
#3719 = CARTESIAN_POINT('', (8.999999999999996, 0.7282471716839135));
#3720 = CARTESIAN_POINT('', (8.999999999999998, 0.7330702049485396));
#3721 = CARTESIAN_POINT('', (8.999999999999998, 0.7378929266420846));
#3722 = CARTESIAN_POINT('', (8.999999999999998, 0.7427156483323254));
#3723 = CARTESIAN_POINT('', (9.000000000000005, 0.747538681286299));
#3724 = CARTESIAN_POINT('', (9.000000000000005, 0.7523614030281095));
#3725 = CARTESIAN_POINT('', (9.000000000000005, 0.7571841247937492));
#3726 = CARTESIAN_POINT('', (9.000000000000009, 0.7620071580459107));
#3727 = CARTESIAN_POINT('', (9.000000000000009, 0.7668298797421206));
#3728 = CARTESIAN_POINT('', (9.000000000000009, 0.7716526013993829));
#3729 = CARTESIAN_POINT('', (9.000000000000007, 0.7764756343749174));
#3730 = CARTESIAN_POINT('', (9.000000000000007, 0.7812983561236475));
#3731 = CARTESIAN_POINT('', (9.000000000000007, 0.7861210779312584));
#3732 = CARTESIAN_POINT('', (8.999999999999996, 0.7909441111362339));
#3733 = CARTESIAN_POINT('', (8.999999999999996, 0.7957668328363855));
#3734 = CARTESIAN_POINT('', (8.999999999999996, 0.800589554464471));
#3735 = CARTESIAN_POINT('', (8.999999999999996, 0.8054125874799462));
#3736 = CARTESIAN_POINT('', (8.999999999999996, 0.8102353092303192));
#3737 = CARTESIAN_POINT('', (8.999999999999996, 0.8150580310615174));
#3738 = CARTESIAN_POINT('', (9.000000000000005, 0.8198810642072839));
#3739 = CARTESIAN_POINT('', (9.000000000000005, 0.8247037859188675));
#3740 = CARTESIAN_POINT('', (9.000000000000005, 0.8295265075454039));
#3741 = CARTESIAN_POINT('', (9.000000000000009, 0.8343495406328831));
#3742 = CARTESIAN_POINT('', (9.000000000000009, 0.8391722623699903));
#3743 = CARTESIAN_POINT('', (9.000000000000009, 0.8439949841910045));
#3744 = CARTESIAN_POINT('', (9.0, 0.8488180172547319));
#3745 = CARTESIAN_POINT('', (9.0, 0.8536407389640066));
#3746 = CARTESIAN_POINT('', (9.0, 0.858463460586051));
#3747 = CARTESIAN_POINT('', (9.000000000000002, 0.8632864937420155));
#3748 = CARTESIAN_POINT('', (9.000000000000002, 0.8681092154705409));
#3749 = CARTESIAN_POINT('', (9.000000000000002, 0.8729319372752425));
#3750 = CARTESIAN_POINT('', (9.000000000000012, 0.8777549703017538));
#3751 = CARTESIAN_POINT('', (9.000000000000012, 0.8825776920258925));
#3752 = CARTESIAN_POINT('', (9.000000000000012, 0.8874004136904895));
#3753 = CARTESIAN_POINT('', (9.000000000000014, 0.8922234469109828));
#3754 = CARTESIAN_POINT('', (9.000000000000014, 0.8970461686086569));
#3755 = CARTESIAN_POINT('', (9.000000000000014, 0.9018688903511646));
#3756 = CARTESIAN_POINT('', (8.999999999999998, 0.9066919233052119));
#3757 = CARTESIAN_POINT('', (8.999999999999998, 0.9115146450261028));
#3758 = CARTESIAN_POINT('', (8.999999999999998, 0.9163373667054867));
#3759 = CARTESIAN_POINT('', (8.999999999999996, 0.9211603999710464));
#3760 = CARTESIAN_POINT('', (8.999999999999996, 0.9259831216831635));
#3761 = CARTESIAN_POINT('', (8.999999999999996, 0.9308058434243194));
#3762 = CARTESIAN_POINT('', (9.000000000000012, 0.9356288764066423));
#3763 = CARTESIAN_POINT('', (9.000000000000012, 0.940451598147285));
#3764 = CARTESIAN_POINT('', (9.000000000000012, 0.94527431989723));
#3765 = CARTESIAN_POINT('', (9.000000000000004, 0.9500973531363958));
#3766 = CARTESIAN_POINT('', (9.000000000000004, 0.9549200748077357));
#3767 = CARTESIAN_POINT('', (9.000000000000004, 0.9597427964413875));
#3768 = CARTESIAN_POINT('', (8.999999999999982, 0.9645658293697379));
#3769 = CARTESIAN_POINT('', (8.999999999999982, 0.9693885511200842));
#3770 = CARTESIAN_POINT('', (8.999999999999982, 0.9742112729068915));
#3771 = CARTESIAN_POINT('', (8.999999999999984, 0.9790343061985008));
#3772 = CARTESIAN_POINT('', (8.999999999999984, 0.9838570279277405));
#3773 = CARTESIAN_POINT('', (8.999999999999984, 0.9892378744713795));
#3774 = CARTESIAN_POINT('', (9.000000000000005, 0.9946191534511244));
#3775 = CARTESIAN_POINT('', (9.000000000000005, 1.0));
#3776 = SURFACE_CURVE('', #3777, (#3780, #3791), .CURVE_3D.);
#3777 = (
    BOUNDED_CURVE()
    B_SPLINE_CURVE(1, (#3778, #3779), .UNSPECIFIED., .U., .U.)
    B_SPLINE_CURVE_WITH_KNOTS((2, 2), (0.0, 10.0), .UNSPECIFIED.)
    CURVE()
    GEOMETRIC_REPRESENTATION_ITEM()
    RATIONAL_B_SPLINE_CURVE((1.0, 1.0))
    REPRESENTATION_ITEM('')
);
#3778 = CARTESIAN_POINT('', (10.0, 10.0, 0.0));
#3779 = CARTESIAN_POINT('', (10.0, 10.0, 10.0));
#3780 = PCURVE('', #3781, #3786);
#3781 = (
    BOUNDED_SURFACE()
    B_SPLINE_SURFACE(1, 1, ((#3782, #3783), (#3784, #3785)), .UNSPECIFIED., .U., .U., .U.)
    B_SPLINE_SURFACE_WITH_KNOTS((2, 2), (2, 2), (0.0, 1.0), (0.0, 1.0), .UNSPECIFIED.)
    GEOMETRIC_REPRESENTATION_ITEM()
    RATIONAL_B_SPLINE_SURFACE(((1.0, 1.0), (1.0, 1.0)))
    REPRESENTATION_ITEM('')
    SURFACE()
);
#3782 = CARTESIAN_POINT('', (10.0, 0.0, 0.0));
#3783 = CARTESIAN_POINT('', (10.0, 0.0, 10.0));
#3784 = CARTESIAN_POINT('', (10.0, 10.0, 0.0));
#3785 = CARTESIAN_POINT('', (10.0, 10.0, 10.0));
#3786 = DEFINITIONAL_REPRESENTATION('', (#3788), #3787);
#3787 = (
    GEOMETRIC_REPRESENTATION_CONTEXT(2)
    PARAMETRIC_REPRESENTATION_CONTEXT()
    REPRESENTATION_CONTEXT('2D SPACE', '')
);
#3788 = (
    BOUNDED_CURVE()
    B_SPLINE_CURVE(1, (#3789, #3790), .UNSPECIFIED., .U., .U.)
    B_SPLINE_CURVE_WITH_KNOTS((2, 2), (0.0, 10.0), .UNSPECIFIED.)
    CURVE()
    GEOMETRIC_REPRESENTATION_ITEM()
    RATIONAL_B_SPLINE_CURVE((1.0, 1.0))
    REPRESENTATION_ITEM('')
);
#3789 = CARTESIAN_POINT('', (1.0, 0.0));
#3790 = CARTESIAN_POINT('', (1.0, 1.0));
#3791 = PCURVE('', #3792, #3797);
#3792 = (
    BOUNDED_SURFACE()
    B_SPLINE_SURFACE(1, 1, ((#3793, #3794), (#3795, #3796)), .UNSPECIFIED., .U., .U., .U.)
    B_SPLINE_SURFACE_WITH_KNOTS((2, 2), (2, 2), (0.0, 1.0), (0.0, 1.0), .UNSPECIFIED.)
    GEOMETRIC_REPRESENTATION_ITEM()
    RATIONAL_B_SPLINE_SURFACE(((1.0, 1.0), (1.0, 1.0)))
    REPRESENTATION_ITEM('')
    SURFACE()
);
#3793 = CARTESIAN_POINT('', (10.0, 10.0, 0.0));
#3794 = CARTESIAN_POINT('', (10.0, 10.0, 10.0));
#3795 = CARTESIAN_POINT('', (0.0, 10.0, 0.0));
#3796 = CARTESIAN_POINT('', (0.0, 10.0, 10.0));
#3797 = DEFINITIONAL_REPRESENTATION('', (#3799), #3798);
#3798 = (
    GEOMETRIC_REPRESENTATION_CONTEXT(2)
    PARAMETRIC_REPRESENTATION_CONTEXT()
    REPRESENTATION_CONTEXT('2D SPACE', '')
);
#3799 = (
    BOUNDED_CURVE()
    B_SPLINE_CURVE(1, (#3800, #3801), .UNSPECIFIED., .U., .U.)
    B_SPLINE_CURVE_WITH_KNOTS((2, 2), (0.0, 10.0), .UNSPECIFIED.)
    CURVE()
    GEOMETRIC_REPRESENTATION_ITEM()
    RATIONAL_B_SPLINE_CURVE((1.0, 1.0))
    REPRESENTATION_ITEM('')
);
#3800 = CARTESIAN_POINT('', (0.0, 0.0));
#3801 = CARTESIAN_POINT('', (0.0, 1.0));
#3802 = SURFACE_CURVE('', #3803, (#3806, #3817), .CURVE_3D.);
#3803 = (
    BOUNDED_CURVE()
    B_SPLINE_CURVE(1, (#3804, #3805), .UNSPECIFIED., .U., .U.)
    B_SPLINE_CURVE_WITH_KNOTS((2, 2), (0.0, 10.0), .UNSPECIFIED.)
    CURVE()
    GEOMETRIC_REPRESENTATION_ITEM()
    RATIONAL_B_SPLINE_CURVE((1.0, 1.0))
    REPRESENTATION_ITEM('')
);
#3804 = CARTESIAN_POINT('', (10.0, 0.0, 10.0));
#3805 = CARTESIAN_POINT('', (10.0, 10.0, 10.0));
#3806 = PCURVE('', #3807, #3812);
#3807 = (
    BOUNDED_SURFACE()
    B_SPLINE_SURFACE(1, 1, ((#3808, #3809), (#3810, #3811)), .UNSPECIFIED., .U., .U., .U.)
    B_SPLINE_SURFACE_WITH_KNOTS((2, 2), (2, 2), (0.0, 1.0), (0.0, 1.0), .UNSPECIFIED.)
    GEOMETRIC_REPRESENTATION_ITEM()
    RATIONAL_B_SPLINE_SURFACE(((1.0, 1.0), (1.0, 1.0)))
    REPRESENTATION_ITEM('')
    SURFACE()
);
#3808 = CARTESIAN_POINT('', (10.0, 0.0, 0.0));
#3809 = CARTESIAN_POINT('', (10.0, 0.0, 10.0));
#3810 = CARTESIAN_POINT('', (10.0, 10.0, 0.0));
#3811 = CARTESIAN_POINT('', (10.0, 10.0, 10.0));
#3812 = DEFINITIONAL_REPRESENTATION('', (#3814), #3813);
#3813 = (
    GEOMETRIC_REPRESENTATION_CONTEXT(2)
    PARAMETRIC_REPRESENTATION_CONTEXT()
    REPRESENTATION_CONTEXT('2D SPACE', '')
);
#3814 = (
    BOUNDED_CURVE()
    B_SPLINE_CURVE(1, (#3815, #3816), .UNSPECIFIED., .U., .U.)
    B_SPLINE_CURVE_WITH_KNOTS((2, 2), (0.0, 10.0), .UNSPECIFIED.)
    CURVE()
    GEOMETRIC_REPRESENTATION_ITEM()
    RATIONAL_B_SPLINE_CURVE((1.0, 1.0))
    REPRESENTATION_ITEM('')
);
#3815 = CARTESIAN_POINT('', (0.0, 1.0));
#3816 = CARTESIAN_POINT('', (1.0, 1.0));
#3817 = PCURVE('', #3818, #3823);
#3818 = (
    BOUNDED_SURFACE()
    B_SPLINE_SURFACE(1, 1, ((#3819, #3820), (#3821, #3822)), .UNSPECIFIED., .U., .U., .U.)
    B_SPLINE_SURFACE_WITH_KNOTS((2, 2), (2, 2), (0.0, 1.0), (0.0, 1.0), .UNSPECIFIED.)
    GEOMETRIC_REPRESENTATION_ITEM()
    RATIONAL_B_SPLINE_SURFACE(((1.0, 1.0), (1.0, 1.0)))
    REPRESENTATION_ITEM('')
    SURFACE()
);
#3819 = CARTESIAN_POINT('', (0.0, 0.0, 10.0));
#3820 = CARTESIAN_POINT('', (0.0, 10.0, 10.0));
#3821 = CARTESIAN_POINT('', (10.0, 0.0, 10.0));
#3822 = CARTESIAN_POINT('', (10.0, 10.0, 10.0));
#3823 = DEFINITIONAL_REPRESENTATION('', (#3825), #3824);
#3824 = (
    GEOMETRIC_REPRESENTATION_CONTEXT(2)
    PARAMETRIC_REPRESENTATION_CONTEXT()
    REPRESENTATION_CONTEXT('2D SPACE', '')
);
#3825 = (
    BOUNDED_CURVE()
    B_SPLINE_CURVE(1, (#3826, #3827), .UNSPECIFIED., .U., .U.)
    B_SPLINE_CURVE_WITH_KNOTS((2, 2), (0.0, 10.0), .UNSPECIFIED.)
    CURVE()
    GEOMETRIC_REPRESENTATION_ITEM()
    RATIONAL_B_SPLINE_CURVE((1.0, 1.0))
    REPRESENTATION_ITEM('')
);
#3826 = CARTESIAN_POINT('', (1.0, 0.0));
#3827 = CARTESIAN_POINT('', (1.0, 1.0));
#3828 = SURFACE_CURVE('', #3829, (#3832, #3843), .CURVE_3D.);
#3829 = (
    BOUNDED_CURVE()
    B_SPLINE_CURVE(1, (#3830, #3831), .UNSPECIFIED., .U., .U.)
    B_SPLINE_CURVE_WITH_KNOTS((2, 2), (1.0, 10.0), .UNSPECIFIED.)
    CURVE()
    GEOMETRIC_REPRESENTATION_ITEM()
    RATIONAL_B_SPLINE_CURVE((1.0, 1.0))
    REPRESENTATION_ITEM('')
);
#3830 = CARTESIAN_POINT('', (10.0, 0.0, 1.0));
#3831 = CARTESIAN_POINT('', (10.0, 0.0, 10.0));
#3832 = PCURVE('', #3833, #3838);
#3833 = (
    BOUNDED_SURFACE()
    B_SPLINE_SURFACE(1, 1, ((#3834, #3835), (#3836, #3837)), .UNSPECIFIED., .U., .U., .U.)
    B_SPLINE_SURFACE_WITH_KNOTS((2, 2), (2, 2), (0.0, 1.0), (0.0, 1.0), .UNSPECIFIED.)
    GEOMETRIC_REPRESENTATION_ITEM()
    RATIONAL_B_SPLINE_SURFACE(((1.0, 1.0), (1.0, 1.0)))
    REPRESENTATION_ITEM('')
    SURFACE()
);
#3834 = CARTESIAN_POINT('', (10.0, 0.0, 0.0));
#3835 = CARTESIAN_POINT('', (10.0, 0.0, 10.0));
#3836 = CARTESIAN_POINT('', (10.0, 10.0, 0.0));
#3837 = CARTESIAN_POINT('', (10.0, 10.0, 10.0));
#3838 = DEFINITIONAL_REPRESENTATION('', (#3840), #3839);
#3839 = (
    GEOMETRIC_REPRESENTATION_CONTEXT(2)
    PARAMETRIC_REPRESENTATION_CONTEXT()
    REPRESENTATION_CONTEXT('2D SPACE', '')
);
#3840 = (
    BOUNDED_CURVE()
    B_SPLINE_CURVE(1, (#3841, #3842), .UNSPECIFIED., .U., .U.)
    B_SPLINE_CURVE_WITH_KNOTS((2, 2), (1.0, 10.0), .UNSPECIFIED.)
    CURVE()
    GEOMETRIC_REPRESENTATION_ITEM()
    RATIONAL_B_SPLINE_CURVE((1.0, 1.0))
    REPRESENTATION_ITEM('')
);
#3841 = CARTESIAN_POINT('', (0.0, 0.1));
#3842 = CARTESIAN_POINT('', (0.0, 1.0));
#3843 = PCURVE('', #3844, #3849);
#3844 = (
    BOUNDED_SURFACE()
    B_SPLINE_SURFACE(1, 1, ((#3845, #3846), (#3847, #3848)), .UNSPECIFIED., .U., .U., .U.)
    B_SPLINE_SURFACE_WITH_KNOTS((2, 2), (2, 2), (0.0, 1.0), (0.0, 1.0), .UNSPECIFIED.)
    GEOMETRIC_REPRESENTATION_ITEM()
    RATIONAL_B_SPLINE_SURFACE(((1.0, 1.0), (1.0, 1.0)))
    REPRESENTATION_ITEM('')
    SURFACE()
);
#3845 = CARTESIAN_POINT('', (0.0, 0.0, 0.0));
#3846 = CARTESIAN_POINT('', (0.0, 0.0, 10.0));
#3847 = CARTESIAN_POINT('', (10.0, 0.0, 0.0));
#3848 = CARTESIAN_POINT('', (10.0, 0.0, 10.0));
#3849 = DEFINITIONAL_REPRESENTATION('', (#3851), #3850);
#3850 = (
    GEOMETRIC_REPRESENTATION_CONTEXT(2)
    PARAMETRIC_REPRESENTATION_CONTEXT()
    REPRESENTATION_CONTEXT('2D SPACE', '')
);
#3851 = (
    BOUNDED_CURVE()
    B_SPLINE_CURVE(1, (#3852, #3853), .UNSPECIFIED., .U., .U.)
    B_SPLINE_CURVE_WITH_KNOTS((2, 2), (1.0, 10.0), .UNSPECIFIED.)
    CURVE()
    GEOMETRIC_REPRESENTATION_ITEM()
    RATIONAL_B_SPLINE_CURVE((1.0, 1.0))
    REPRESENTATION_ITEM('')
);
#3852 = CARTESIAN_POINT('', (1.0, 0.1));
#3853 = CARTESIAN_POINT('', (1.0, 1.0));
#3854 = SURFACE_CURVE('', #3855, (#4064, #4281), .CURVE_3D.);
#3855 = (
    BOUNDED_CURVE()
    B_SPLINE_CURVE(3, (#3856, #3857, #3858, #3859, #3860, #3861, #3862, #3863, #3864, #3865, #3866, #3867, #3868, #3869, #3870, #3871, #3872, #3873, #3874, #3875, #3876, #3877, #3878, #3879, #3880, #3881, #3882, #3883, #3884, #3885, #3886, #3887, #3888, #3889, #3890, #3891, #3892, #3893, #3894, #3895, #3896, #3897, #3898, #3899, #3900, #3901, #3902, #3903, #3904, #3905, #3906, #3907, #3908, #3909, #3910, #3911, #3912, #3913, #3914, #3915, #3916, #3917, #3918, #3919, #3920, #3921, #3922, #3923, #3924, #3925, #3926, #3927, #3928, #3929, #3930, #3931, #3932, #3933, #3934, #3935, #3936, #3937, #3938, #3939, #3940, #3941, #3942, #3943, #3944, #3945, #3946, #3947, #3948, #3949, #3950, #3951, #3952, #3953, #3954, #3955, #3956, #3957, #3958, #3959, #3960, #3961, #3962, #3963, #3964, #3965, #3966, #3967, #3968, #3969, #3970, #3971, #3972, #3973, #3974, #3975, #3976, #3977, #3978, #3979, #3980, #3981, #3982, #3983, #3984, #3985, #3986, #3987, #3988, #3989, #3990, #3991, #3992, #3993, #3994, #3995, #3996, #3997, #3998, #3999, #4000, #4001, #4002, #4003, #4004, #4005, #4006, #4007, #4008, #4009, #4010, #4011, #4012, #4013, #4014, #4015, #4016, #4017, #4018, #4019, #4020, #4021, #4022, #4023, #4024, #4025, #4026, #4027, #4028, #4029, #4030, #4031, #4032, #4033, #4034, #4035, #4036, #4037, #4038, #4039, #4040, #4041, #4042, #4043, #4044, #4045, #4046, #4047, #4048, #4049, #4050, #4051, #4052, #4053, #4054, #4055, #4056, #4057, #4058, #4059, #4060, #4061, #4062, #4063), .UNSPECIFIED., .U., .U.)
    B_SPLINE_CURVE_WITH_KNOTS((4, 3, 3, 3, 3, 3, 3, 3, 3, 3, 3, 3, 3, 3, 3, 3, 3, 3, 3, 3, 3, 3, 3, 3, 3, 3, 3, 3, 3, 3, 3, 3, 3, 3, 3, 3, 3, 3, 3, 3, 3, 3, 3, 3, 3, 3, 3, 3, 3, 3, 3, 3, 3, 3, 3, 3, 3, 3, 3, 3, 3, 3, 3, 3, 3, 3, 3, 3, 3, 4), (0.0, 0.02272751903935629, 0.04545405952044758, 0.06818060048269636, 0.09090714097528899, 0.11363368175820297, 0.13636022234171286, 0.15908676312140868, 0.18181330374294488, 0.2045398444080396, 0.22726638516542558, 0.2499929257707176, 0.27271946659605506, 0.2954460071326443, 0.31817254803750983, 0.34089908853649936, 0.36362562943359783, 0.38635216992802446, 0.4090787107912313, 0.431805251316411, 0.4545317921144751, 0.47725833270736495, 0.49998487343029346, 0.5227114141136014, 0.545437954756744, 0.568164495540313, 0.5908910361120066, 0.613617576980021, 0.6363441174979801, 0.6590706584056788, 0.6817971988981921, 0.7045237397857228, 0.7272502802885269, 0.7499768211257347, 0.7727033616758123, 0.7954299024431959, 0.8181564430721693, 0.8408829837608902, 0.8636095244871724, 0.8863360650986264, 0.9090626059215327, 0.931789146467465, 0.9545156873597033, 0.9772422278628663, 0.9999687687665473, 1.0226953092586981, 1.045421850127996, 1.06814839064701, 1.0908749314563913, 1.1136014720360297, 1.1363280127706492, 1.1590545534406442, 1.181781094095069, 1.2045076348617858, 1.2272341754449656, 1.2499607163056152, 1.2726872568266605, 1.2954137977285858, 1.3181403382297354, 1.340866879126288, 1.3635934196117776, 1.3863199604562397, 1.4090465010201172, 1.4317730417952683, 1.4544995823748221, 1.4772261230912163, 1.4999526638514473, 1.5226792044340776, 1.5454057451885261, 1.570762387170589), .UNSPECIFIED.)
    CURVE()
    GEOMETRIC_REPRESENTATION_ITEM()
    RATIONAL_B_SPLINE_CURVE((1.0, 1.0, 1.0, 1.0, 1.0, 1.0, 1.0, 1.0, 1.0, 1.0, 1.0, 1.0, 1.0, 1.0, 1.0, 1.0, 1.0, 1.0, 1.0, 1.0, 1.0, 1.0, 1.0, 1.0, 1.0, 1.0, 1.0, 1.0, 1.0, 1.0, 1.0, 1.0, 1.0, 1.0, 1.0, 1.0, 1.0, 1.0, 1.0, 1.0, 1.0, 1.0, 1.0, 1.0, 1.0, 1.0, 1.0, 1.0, 1.0, 1.0, 1.0, 1.0, 1.0, 1.0, 1.0, 1.0, 1.0, 1.0, 1.0, 1.0, 1.0, 1.0, 1.0, 1.0, 1.0, 1.0, 1.0, 1.0, 1.0, 1.0, 1.0, 1.0, 1.0, 1.0, 1.0, 1.0, 1.0, 1.0, 1.0, 1.0, 1.0, 1.0, 1.0, 1.0, 1.0, 1.0, 1.0, 1.0, 1.0, 1.0, 1.0, 1.0, 1.0, 1.0, 1.0, 1.0, 1.0, 1.0, 1.0, 1.0, 1.0, 1.0, 1.0, 1.0, 1.0, 1.0, 1.0, 1.0, 1.0, 1.0, 1.0, 1.0, 1.0, 1.0, 1.0, 1.0, 1.0, 1.0, 1.0, 1.0, 1.0, 1.0, 1.0, 1.0, 1.0, 1.0, 1.0, 1.0, 1.0, 1.0, 1.0, 1.0, 1.0, 1.0, 1.0, 1.0, 1.0, 1.0, 1.0, 1.0, 1.0, 1.0, 1.0, 1.0, 1.0, 1.0, 1.0, 1.0, 1.0, 1.0, 1.0, 1.0, 1.0, 1.0, 1.0, 1.0, 1.0, 1.0, 1.0, 1.0, 1.0, 1.0, 1.0, 1.0, 1.0, 1.0, 1.0, 1.0, 1.0, 1.0, 1.0, 1.0, 1.0, 1.0, 1.0, 1.0, 1.0, 1.0, 1.0, 1.0, 1.0, 1.0, 1.0, 1.0, 1.0, 1.0, 1.0, 1.0, 1.0, 1.0, 1.0, 1.0, 1.0, 1.0, 1.0, 1.0, 1.0, 1.0, 1.0, 1.0, 1.0, 1.0, 1.0, 1.0, 1.0, 1.0, 1.0, 1.0))
    REPRESENTATION_ITEM('')
);
#3856 = CARTESIAN_POINT('', (0.0, 10.0, 0.9999999999999999));
#3857 = CARTESIAN_POINT('', (5.3139256078E-24, 10.0, 0.9924241603202144));
#3858 = CARTESIAN_POINT('', (8.6109209057E-5, 10.0, 0.9848478316502121));
#3859 = CARTESIAN_POINT('', (2.5827603628E-4, 10.0, 0.9772739485353616));
#3860 = CARTESIAN_POINT('', (4.3043545067E-4, 10.0, 0.9697003915223575));
#3861 = CARTESIAN_POINT('', (6.8866859067E-4, 10.0, 0.9621283017865975));
#3862 = CARTESIAN_POINT('', (1.0328976028E-3, 10.0, 0.9545606131645406));
#3863 = CARTESIAN_POINT('', (1.3771266222E-3, 10.0, 0.9469929243822635));
#3864 = CARTESIAN_POINT('', (1.8073875235E-3, 10.0, 0.9394286594609015));
#3865 = CARTESIAN_POINT('', (2.3234996055E-3, 10.0, 0.9318707473522607));
#3866 = CARTESIAN_POINT('', (2.8396116769E-3, 10.0, 0.9243128353998082));
#3867 = CARTESIAN_POINT('', (3.4416457821E-3, 10.000000000000004, 0.9167603005516549));
#3868 = CARTESIAN_POINT('', (4.1293849122E-3, 10.000000000000004, 0.9092160696670555));
#3869 = CARTESIAN_POINT('', (4.8171240512E-3, 10.000000000000004, 0.9016718386860819));
#3870 = CARTESIAN_POINT('', (5.5906452989E-3, 10.0, 0.8941349367000738));
#3871 = CARTESIAN_POINT('', (6.4496418587E-3, 10.0, 0.8866082819898056));
#3872 = CARTESIAN_POINT('', (7.3086384111E-3, 10.0, 0.8790816273455766));
#3873 = CARTESIAN_POINT('', (8.2532290593E-3, 10.0, 0.8715642490079197));
#3874 = CARTESIAN_POINT('', (9.2830561153E-3, 10.0, 0.8640590600399373));
#3875 = CARTESIAN_POINT('', (0.010312883180243518, 10.0, 0.8565538710071665));
#3876 = CARTESIAN_POINT('', (0.011428067646926967, 10.0, 0.8490599007568458));
#3877 = CARTESIAN_POINT('', (0.012628175785268113, 10.0, 0.8415800513828591));
#3878 = CARTESIAN_POINT('', (0.013828283915257408, 10.0, 0.8341002020609265));
#3879 = CARTESIAN_POINT('', (0.015113481431804618, 10.0, 0.8266335096139622));
#3880 = CARTESIAN_POINT('', (0.0164832682450202, 10.0, 0.8191828660519052));
#3881 = CARTESIAN_POINT('', (0.017853055060861166, 10.0, 0.8117322224755679));
#3882 = CARTESIAN_POINT('', (0.01930759844799552, 10.0, 0.8042966640233266));
#3883 = CARTESIAN_POINT('', (0.020846339257468878, 10.0, 0.7968790712639653));
#3884 = CARTESIAN_POINT('', (0.02238508007319098, 10.0, 0.7894614784744816));
#3885 = CARTESIAN_POINT('', (0.024008229031017295, 10.0, 0.7820608962828969));
#3886 = CARTESIAN_POINT('', (0.025715145498108605, 10.0, 0.7746801888464148));
#3887 = CARTESIAN_POINT('', (0.02742206195377663, 10.0, 0.7672994814593269));
#3888 = CARTESIAN_POINT('', (0.029212960142048137, 10.000000000000004, 0.7599376943346438));
#3889 = CARTESIAN_POINT('', (0.03108715617250858, 10.000000000000004, 0.75259768108126));
#3890 = CARTESIAN_POINT('', (0.03296135222111558, 10.000000000000004, 0.7452576677568079));
#3891 = CARTESIAN_POINT('', (0.0349190985455294, 10.0, 0.7379384834737138));
#3892 = CARTESIAN_POINT('', (0.03695961819861407, 10.0, 0.7306429584085028));
#3893 = CARTESIAN_POINT('', (0.03900013782577326, 10.0, 0.7233474334359837));
#3894 = CARTESIAN_POINT('', (0.041123691550330264, 10.0, 0.716074624775464));
#3895 = CARTESIAN_POINT('', (0.043329472190722106, 10.0, 0.7088273537897796));
#3896 = CARTESIAN_POINT('', (0.04553525286685791, 10.0, 0.7015800826866555));
#3897 = CARTESIAN_POINT('', (0.04782355034385837, 10.0, 0.6943574153344321));
#3898 = CARTESIAN_POINT('', (0.05019345793677106, 10.0, 0.6871621429396964));
#3899 = CARTESIAN_POINT('', (0.052563365487359286, 10.0, 0.6799668706734618));
#3900 = CARTESIAN_POINT('', (0.05501518902745941, 9.999999999999996, 0.6727980640654637));
#3901 = CARTESIAN_POINT('', (0.05754799876626214, 9.999999999999996, 0.6656585066834824));
#3902 = CARTESIAN_POINT('', (0.060080808549433005, 9.999999999999996, 0.6585189491764348));
#3903 = CARTESIAN_POINT('', (0.06269492756096261, 10.0, 0.6514077179217137));
#3904 = CARTESIAN_POINT('', (0.06538932752593711, 10.0, 0.6443275614528982));
#3905 = CARTESIAN_POINT('', (0.06808372744317188, 10.0, 0.6372474051095297));
#3906 = CARTESIAN_POINT('', (0.07085875850053293, 10.000000000000002, 0.6301974100651122));
#3907 = CARTESIAN_POINT('', (0.0737133643415695, 10.000000000000002, 0.6231803144940903));
#3908 = CARTESIAN_POINT('', (0.07656797022892733, 10.000000000000002, 0.616163218809203));
#3909 = CARTESIAN_POINT('', (0.07950250985047011, 10.0, 0.6091781128992204));
#3910 = CARTESIAN_POINT('', (0.08251583655897797, 10.0, 0.6022276978921295));
#3911 = CARTESIAN_POINT('', (0.0855291632226666, 10.0, 0.5952772829884168));
#3912 = CARTESIAN_POINT('', (0.08862167139730107, 10.0, 0.5883606637801841));
#3913 = CARTESIAN_POINT('', (0.09179217542052831, 10.0, 0.5814805250348863));
#3914 = CARTESIAN_POINT('', (0.09496267948182475, 10.0, 0.5746003862069766));
#3915 = CARTESIAN_POINT('', (0.09821157752719006, 10.0, 0.5677558344932621));
#3916 = CARTESIAN_POINT('', (0.10153760669943979, 10.0, 0.5609495185852725));
#3917 = CARTESIAN_POINT('', (0.10486363584166226, 10.0, 0.5541432027387301));
#3918 = CARTESIAN_POINT('', (0.10826723392449633, 10.0, 0.5473742479659628));
#3919 = CARTESIAN_POINT('', (0.11174708589787147, 10.0, 0.5406452780967179));
#3920 = CARTESIAN_POINT('', (0.11522693789115791, 10.0, 0.5339163081889706));
#3921 = CARTESIAN_POINT('', (0.11878348303503078, 10.0, 0.5272264492342092));
#3922 = CARTESIAN_POINT('', (0.12241534461570866, 10.0, 0.5205782925443182));
#3923 = CARTESIAN_POINT('', (0.1260472061900549, 10.0, 0.5139301358660172));
#3924 = CARTESIAN_POINT('', (0.12975486344336043, 10.0, 0.507322828794153));
#3925 = CARTESIAN_POINT('', (0.13353687433805164, 10.0, 0.5007589275679852));
#3926 = CARTESIAN_POINT('', (0.13731888522605876, 10.0, 0.49419502635341805));
#3927 = CARTESIAN_POINT('', (0.14117573081761778, 10.000000000000002, 0.4876736792499045));
#3928 = CARTESIAN_POINT('', (0.14510592311440512, 10.000000000000002, 0.4811974153561248));
#3929 = CARTESIAN_POINT('', (0.14903611543547698, 10.000000000000002, 0.4747211514223285));
#3930 = CARTESIAN_POINT('', (0.15304017216912014, 9.999999999999998, 0.4682891409305353));
#3931 = CARTESIAN_POINT('', (0.15711652900035256, 9.999999999999998, 0.46190386715369003));
#3932 = CARTESIAN_POINT('', (0.16119288579358182, 9.999999999999998, 0.4555185934363735));
#3933 = CARTESIAN_POINT('', (0.1653420650326618, 10.0, 0.44917922929799514));
#3934 = CARTESIAN_POINT('', (0.1695624702027476, 10.0, 0.44288823690004453));
#3935 = CARTESIAN_POINT('', (0.1737828754278613, 10.0, 0.4365972444200686));
#3936 = CARTESIAN_POINT('', (0.17807505891585143, 10.0, 0.43035381666530054));
#3937 = CARTESIAN_POINT('', (0.18243734086557017, 10.0, 0.4241603602120396));
#3938 = CARTESIAN_POINT('', (0.18679962274809703, 10.0, 0.41796690385417606));
#3939 = CARTESIAN_POINT('', (0.1912325651171939, 10.0, 0.4118226180191725));
#3940 = CARTESIAN_POINT('', (0.1957344659126975, 10.0, 0.4057298933325626));
#3941 = CARTESIAN_POINT('', (0.2002363667854046, 10.0, 0.39963716854146797));
#3942 = CARTESIAN_POINT('', (0.20480780847328917, 10.0, 0.39359521938640074));
#3943 = CARTESIAN_POINT('', (0.20944700428312363, 10.0, 0.38760637399803793));
#3944 = CARTESIAN_POINT('', (0.2140862000082058, 10.0, 0.3816175287190838));
#3945 = CARTESIAN_POINT('', (0.21879374968897955, 10.0, 0.37568101432629386));
#3946 = CARTESIAN_POINT('', (0.22356784662563994, 10.0, 0.36979914360430055));
#3947 = CARTESIAN_POINT('', (0.22834194364528046, 10.0, 0.3639172727800726));
#3948 = CARTESIAN_POINT('', (0.23318319847654598, 10.000000000000002, 0.3580892817474473));
#3949 = CARTESIAN_POINT('', (0.23808972502473175, 10.000000000000002, 0.35231741861863064));
#3950 = CARTESIAN_POINT('', (0.24299625148985732, 10.000000000000002, 0.34654555558752304));
#3951 = CARTESIAN_POINT('', (0.2479686861369016, 10.0, 0.3408290775257545));
#3952 = CARTESIAN_POINT('', (0.25300511620180116, 10.0, 0.33517021041261075));
#3953 = CARTESIAN_POINT('', (0.25804154634080795, 10.0, 0.3295113432162011));
#3954 = CARTESIAN_POINT('', (0.2631426133972261, 10.0, 0.323909348756052));
#3955 = CARTESIAN_POINT('', (0.26830633548326105, 10.0, 0.31836639099778863));
#3956 = CARTESIAN_POINT('', (0.27347005750405684, 10.0, 0.31282343330955575));
#3957 = CARTESIAN_POINT('', (0.2786971066897548, 10.0, 0.307338801587057));
#3958 = CARTESIAN_POINT('', (0.28398546518782647, 10.0, 0.3019146270473262));
#3959 = CARTESIAN_POINT('', (0.28927382373646426, 10.0, 0.29649045245573064));
#3960 = CARTESIAN_POINT('', (0.294624165622711, 10.0, 0.29112602628492223));
#3961 = CARTESIAN_POINT('', (0.300034416872835, 10.0, 0.28582342432460195));
#3962 = CARTESIAN_POINT('', (0.30544466809000925, 10.0, 0.28052082239657583));
#3963 = CARTESIAN_POINT('', (0.31091553459141025, 10.000000000000002, 0.27527936758467864));
#3964 = CARTESIAN_POINT('', (0.31644489665494074, 10.000000000000002, 0.27010108981978115));
#3965 = CARTESIAN_POINT('', (0.32197425873300783, 10.000000000000002, 0.2649228120412701));
#3966 = CARTESIAN_POINT('', (0.32756282330837083, 10.000000000000002, 0.2598070352626866));
#3967 = CARTESIAN_POINT('', (0.333208428192857, 10.000000000000002, 0.25475574322697403));
#3968 = CARTESIAN_POINT('', (0.33885403308667394, 10.000000000000002, 0.24970445118291293));
#3969 = CARTESIAN_POINT('', (0.3445574153104599, 10.0, 0.24471700089313111));
#3970 = CARTESIAN_POINT('', (0.35031635844981923, 10.0, 0.23979531623753692));
#3971 = CARTESIAN_POINT('', (0.3560753015600809, 10.0, 0.23487363160681005));
#3972 = CARTESIAN_POINT('', (0.3618905447425949, 9.999999999999998, 0.2300170718488209));
#3973 = CARTESIAN_POINT('', (0.36775984162455433, 9.999999999999998, 0.22522752495344714));
#3974 = CARTESIAN_POINT('', (0.3736291385611229, 9.999999999999998, 0.22043797801351048));
#3975 = CARTESIAN_POINT('', (0.37955325400078016, 9.999999999999998, 0.21571483440278527));
#3976 = CARTESIAN_POINT('', (0.3855298816635006, 9.999999999999998, 0.211059909247568));
#3977 = CARTESIAN_POINT('', (0.39150650925338243, 9.999999999999998, 0.20640498414908146));
#3978 = CARTESIAN_POINT('', (0.39753641882599045, 10.0, 0.20181767374753593));
#3979 = CARTESIAN_POINT('', (0.40361728400996, 10.0, 0.1972997667503697));
#3980 = CARTESIAN_POINT('', (0.40969814928658943, 10.0, 0.19278185968435985));
#3981 = CARTESIAN_POINT('', (0.41583075899367283, 9.999999999999998, 0.1883327780659887));
#3982 = CARTESIAN_POINT('', (0.4220127251130842, 9.999999999999998, 0.1839542278872115));
#3983 = CARTESIAN_POINT('', (0.42819469112666114, 9.999999999999998, 0.17957567778339448));
#3984 = CARTESIAN_POINT('', (0.43442681158340407, 9.999999999999998, 0.17526709317030226));
#3985 = CARTESIAN_POINT('', (0.44070668426513904, 9.999999999999998, 0.17103015985647074));
#3986 = CARTESIAN_POINT('', (0.4469865570575465, 9.999999999999998, 0.16679322646797023));
#3987 = CARTESIAN_POINT('', (0.4533149911296142, 10.0, 0.16262739515688188));
#3988 = CARTESIAN_POINT('', (0.45968952559718607, 10.0, 0.15853426467409149));
#3989 = CARTESIAN_POINT('', (0.4660640599493284, 10.0, 0.15444113426541914));
#3990 = CARTESIAN_POINT('', (0.4724855189718468, 10.000000000000002, 0.15042017773483637));
#3991 = CARTESIAN_POINT('', (0.478951426174106, 10.000000000000002, 0.14647297001281137));
#3992 = CARTESIAN_POINT('', (0.485417333483667, 10.000000000000002, 0.14252576222528246));
#3993 = CARTESIAN_POINT('', (0.4919285185937809, 10.0, 0.13865178546556928));
#3994 = CARTESIAN_POINT('', (0.49848245363265276, 10.0, 0.1348525299911361));
#3995 = CARTESIAN_POINT('', (0.5050363885705089, 10.0, 0.13105327457526075));
#3996 = CARTESIAN_POINT('', (0.5116339223894238, 10.0, 0.12732825437268627));
#3997 = CARTESIAN_POINT('', (0.5182725066441615, 10.0, 0.12367892512233647));
#3998 = CARTESIAN_POINT('', (0.5249110909837175, 10.0, 0.12002959582536074));
#3999 = CARTESIAN_POINT('', (0.5315915768829755, 10.0, 0.11645547566562198));
#4000 = CARTESIAN_POINT('', (0.5383113742072461, 10.0, 0.11295794363976569));
#4001 = CARTESIAN_POINT('', (0.545031171463586, 10.0, 0.109460411649266));
#4002 = CARTESIAN_POINT('', (0.5517911518755968, 10.0, 0.10603902401086146));
#4003 = CARTESIAN_POINT('', (0.5585886992390788, 10.0, 0.1026951108791993));
#4004 = CARTESIAN_POINT('', (0.5653862466489159, 10.0, 0.09935119772473369));
#4005 = CARTESIAN_POINT('', (0.5722222335083864, 10.0, 0.09608431696348416));
#4006 = CARTESIAN_POINT('', (0.5790940122539721, 10.0, 0.09289573376003653));
#4007 = CARTESIAN_POINT('', (0.5859657909800173, 10.0, 0.08970715056565587));
#4008 = CARTESIAN_POINT('', (0.592874253640991, 10.0, 0.08659646371814092));
#4009 = CARTESIAN_POINT('', (0.5998167219899311, 10.0, 0.08356487356259859));
#4010 = CARTESIAN_POINT('', (0.6067591903341147, 10.0, 0.08053328340913324));
#4011 = CARTESIAN_POINT('', (0.6137365572113204, 10.0, 0.07758039034696784));
#4012 = CARTESIAN_POINT('', (0.6207461225727859, 10.0, 0.07470734335606735));
#4013 = CARTESIAN_POINT('', (0.6277556879688858, 10.0, 0.07183429635097113));
#4014 = CARTESIAN_POINT('', (0.6347983613932675, 10.000000000000002, 0.06904073584509823));
#4015 = CARTESIAN_POINT('', (0.6418714094094974, 10.000000000000002, 0.06632773051967043));
#4016 = CARTESIAN_POINT('', (0.6489444573686062, 10.000000000000002, 0.06361472521615255));
#4017 = CARTESIAN_POINT('', (0.6560487913615445, 10.0, 0.06098191976795281));
#4018 = CARTESIAN_POINT('', (0.6631816638851782, 10.0, 0.05843034480915585));
#4019 = CARTESIAN_POINT('', (0.6703145364958977, 10.0, 0.055878769819206545));
#4020 = CARTESIAN_POINT('', (0.6774768716907399, 10.0, 0.05340810516524106));
#4021 = CARTESIAN_POINT('', (0.684665888444501, 10.0, 0.05101928857030792));
#4022 = CARTESIAN_POINT('', (0.6918549050908361, 10.0, 0.04863047201107104));
#4023 = CARTESIAN_POINT('', (0.6990715310558244, 10.0, 0.04632319308407475));
#4024 = CARTESIAN_POINT('', (0.7063129765109779, 10.0, 0.04409836216577905));
#4025 = CARTESIAN_POINT('', (0.7135544220874926, 10.0, 0.04187353121019683));
#4026 = CARTESIAN_POINT('', (0.7208216227867934, 10.0, 0.03973086399592373));
#4027 = CARTESIAN_POINT('', (0.7281117578957945, 10.0, 0.03767117059372717));
#4028 = CARTESIAN_POINT('', (0.7354018928762363, 10.0, 0.03561147722785267));
#4029 = CARTESIAN_POINT('', (0.7427159038917985, 10.0, 0.03363449216746472));
#4030 = CARTESIAN_POINT('', (0.7500509634801623, 10.0, 0.03174100183750766));
#4031 = CARTESIAN_POINT('', (0.7573860231961436, 10.0, 0.029847511474607097));
#4032 = CARTESIAN_POINT('', (0.7647430767378536, 10.000000000000002, 0.028037265317983003));
#4033 = CARTESIAN_POINT('', (0.7721192709783399, 10.000000000000002, 0.026310949785403152));
#4034 = CARTESIAN_POINT('', (0.7794954650854102, 10.000000000000002, 0.024584634284047797));
#4035 = CARTESIAN_POINT('', (0.7868917531792504, 10.0, 0.022942029633755252));
#4036 = CARTESIAN_POINT('', (0.7943052742683451, 10.0, 0.02138379031421935));
#4037 = CARTESIAN_POINT('', (0.8017187954745386, 10.0, 0.019825550970070584));
#4038 = CARTESIAN_POINT('', (0.809150504373058, 10.0, 0.018351464816450662));
#4039 = CARTESIAN_POINT('', (0.8165975208209393, 10.0, 0.016962093536583508));
#4040 = CARTESIAN_POINT('', (0.8240445371768788, 10.0, 0.015572722273869702));
#4041 = CARTESIAN_POINT('', (0.8315078239359431, 10.0, 0.014267893134895631));
#4042 = CARTESIAN_POINT('', (0.8389844919446452, 10.0, 0.013048122419172165));
#4043 = CARTESIAN_POINT('', (0.8464611600228529, 10.0, 0.011828351692109293));
#4044 = CARTESIAN_POINT('', (0.8539521726180326, 10.0, 0.010693469842631519));
#4045 = CARTESIAN_POINT('', (0.8614546280100486, 10.0, 9.6439131414E-3));
#4046 = CARTESIAN_POINT('', (0.8689570833374942, 10.0, 8.5943564492E-3));
#4047 = CARTESIAN_POINT('', (0.8764719515514627, 10.0, 7.6299994896E-3));
#4048 = CARTESIAN_POINT('', (0.8839963216913727, 10.0, 6.7512167018E-3));
#4049 = CARTESIAN_POINT('', (0.8915206918765881, 10.0, 5.8724339088E-3));
#4050 = CARTESIAN_POINT('', (0.8990555342356685, 10.0, 5.0791012115E-3));
#4051 = CARTESIAN_POINT('', (0.9065979308024366, 10.0, 4.3715279565E-3));
#4052 = CARTESIAN_POINT('', (0.9141403273837531, 10.0, 3.6639547002E-3));
#4053 = CARTESIAN_POINT('', (0.9216912530317607, 10.0, 3.0420614878E-3));
#4054 = CARTESIAN_POINT('', (0.9292477820102798, 10.0, 2.5060802384E-3));
#4055 = CARTESIAN_POINT('', (0.936804310929747, 10.0, 1.9700989932E-3));
#4056 = CARTESIAN_POINT('', (0.9443674183997895, 9.999999999999998, 1.5199531683E-3));
#4057 = CARTESIAN_POINT('', (0.9519341757388006, 9.999999999999998, 1.1558260222E-3));
#4058 = CARTESIAN_POINT('', (0.9595009331350182, 9.999999999999998, 7.9169887333E-4));
#4059 = CARTESIAN_POINT('', (0.9670723177737564, 10.0, 5.1355527580E-4));
#4060 = CARTESIAN_POINT('', (0.9746453960742602, 10.0, 3.2148464251E-4));
#4061 = CARTESIAN_POINT('', (0.9830948929529444, 10.0, 1.0718602415E-4));
#4062 = CARTESIAN_POINT('', (0.9915477860059789, 10.0, 5.1753580610E-19));
#4063 = CARTESIAN_POINT('', (0.9999999999999999, 10.0, 0.0));
#4064 = PCURVE('', #4065, #4070);
#4065 = (
    BOUNDED_SURFACE()
    B_SPLINE_SURFACE(1, 1, ((#4066, #4067), (#4068, #4069)), .UNSPECIFIED., .U., .U., .U.)
    B_SPLINE_SURFACE_WITH_KNOTS((2, 2), (2, 2), (0.0, 1.0), (0.0, 1.0), .UNSPECIFIED.)
    GEOMETRIC_REPRESENTATION_ITEM()
    RATIONAL_B_SPLINE_SURFACE(((1.0, 1.0), (1.0, 1.0)))
    REPRESENTATION_ITEM('')
    SURFACE()
);
#4066 = CARTESIAN_POINT('', (10.0, 10.0, 0.0));
#4067 = CARTESIAN_POINT('', (10.0, 10.0, 10.0));
#4068 = CARTESIAN_POINT('', (0.0, 10.0, 0.0));
#4069 = CARTESIAN_POINT('', (0.0, 10.0, 10.0));
#4070 = DEFINITIONAL_REPRESENTATION('', (#4072), #4071);
#4071 = (
    GEOMETRIC_REPRESENTATION_CONTEXT(2)
    PARAMETRIC_REPRESENTATION_CONTEXT()
    REPRESENTATION_CONTEXT('2D SPACE', '')
);
#4072 = (
    BOUNDED_CURVE()
    B_SPLINE_CURVE(3, (#4073, #4074, #4075, #4076, #4077, #4078, #4079, #4080, #4081, #4082, #4083, #4084, #4085, #4086, #4087, #4088, #4089, #4090, #4091, #4092, #4093, #4094, #4095, #4096, #4097, #4098, #4099, #4100, #4101, #4102, #4103, #4104, #4105, #4106, #4107, #4108, #4109, #4110, #4111, #4112, #4113, #4114, #4115, #4116, #4117, #4118, #4119, #4120, #4121, #4122, #4123, #4124, #4125, #4126, #4127, #4128, #4129, #4130, #4131, #4132, #4133, #4134, #4135, #4136, #4137, #4138, #4139, #4140, #4141, #4142, #4143, #4144, #4145, #4146, #4147, #4148, #4149, #4150, #4151, #4152, #4153, #4154, #4155, #4156, #4157, #4158, #4159, #4160, #4161, #4162, #4163, #4164, #4165, #4166, #4167, #4168, #4169, #4170, #4171, #4172, #4173, #4174, #4175, #4176, #4177, #4178, #4179, #4180, #4181, #4182, #4183, #4184, #4185, #4186, #4187, #4188, #4189, #4190, #4191, #4192, #4193, #4194, #4195, #4196, #4197, #4198, #4199, #4200, #4201, #4202, #4203, #4204, #4205, #4206, #4207, #4208, #4209, #4210, #4211, #4212, #4213, #4214, #4215, #4216, #4217, #4218, #4219, #4220, #4221, #4222, #4223, #4224, #4225, #4226, #4227, #4228, #4229, #4230, #4231, #4232, #4233, #4234, #4235, #4236, #4237, #4238, #4239, #4240, #4241, #4242, #4243, #4244, #4245, #4246, #4247, #4248, #4249, #4250, #4251, #4252, #4253, #4254, #4255, #4256, #4257, #4258, #4259, #4260, #4261, #4262, #4263, #4264, #4265, #4266, #4267, #4268, #4269, #4270, #4271, #4272, #4273, #4274, #4275, #4276, #4277, #4278, #4279, #4280), .UNSPECIFIED., .U., .U.)
    B_SPLINE_CURVE_WITH_KNOTS((4, 3, 3, 3, 3, 3, 3, 3, 3, 3, 3, 3, 3, 3, 3, 3, 3, 3, 3, 3, 3, 3, 3, 3, 3, 3, 3, 3, 3, 3, 3, 3, 3, 3, 3, 3, 3, 3, 3, 3, 3, 3, 3, 3, 3, 3, 3, 3, 3, 3, 3, 3, 3, 3, 3, 3, 3, 3, 3, 3, 3, 3, 3, 3, 3, 3, 3, 3, 3, 4), (0.0, 0.02272751903935629, 0.04545405952044758, 0.06818060048269636, 0.09090714097528899, 0.11363368175820297, 0.13636022234171286, 0.15908676312140868, 0.18181330374294488, 0.2045398444080396, 0.22726638516542558, 0.2499929257707176, 0.27271946659605506, 0.2954460071326443, 0.31817254803750983, 0.34089908853649936, 0.36362562943359783, 0.38635216992802446, 0.4090787107912313, 0.431805251316411, 0.4545317921144751, 0.47725833270736495, 0.49998487343029346, 0.5227114141136014, 0.545437954756744, 0.568164495540313, 0.5908910361120066, 0.613617576980021, 0.6363441174979801, 0.6590706584056788, 0.6817971988981921, 0.7045237397857228, 0.7272502802885269, 0.7499768211257347, 0.7727033616758123, 0.7954299024431959, 0.8181564430721693, 0.8408829837608902, 0.8636095244871724, 0.8863360650986264, 0.9090626059215327, 0.931789146467465, 0.9545156873597033, 0.9772422278628663, 0.9999687687665473, 1.0226953092586981, 1.045421850127996, 1.06814839064701, 1.0908749314563913, 1.1136014720360297, 1.1363280127706492, 1.1590545534406442, 1.181781094095069, 1.2045076348617858, 1.2272341754449656, 1.2499607163056152, 1.2726872568266605, 1.2954137977285858, 1.3181403382297354, 1.340866879126288, 1.3635934196117776, 1.3863199604562397, 1.4090465010201172, 1.4317730417952683, 1.4544995823748221, 1.4772261230912163, 1.4999526638514473, 1.5226792044340776, 1.5454057451885261, 1.570762387170589), .UNSPECIFIED.)
    CURVE()
    GEOMETRIC_REPRESENTATION_ITEM()
    RATIONAL_B_SPLINE_CURVE((1.0, 1.0, 1.0, 1.0, 1.0, 1.0, 1.0, 1.0, 1.0, 1.0, 1.0, 1.0, 1.0, 1.0, 1.0, 1.0, 1.0, 1.0, 1.0, 1.0, 1.0, 1.0, 1.0, 1.0, 1.0, 1.0, 1.0, 1.0, 1.0, 1.0, 1.0, 1.0, 1.0, 1.0, 1.0, 1.0, 1.0, 1.0, 1.0, 1.0, 1.0, 1.0, 1.0, 1.0, 1.0, 1.0, 1.0, 1.0, 1.0, 1.0, 1.0, 1.0, 1.0, 1.0, 1.0, 1.0, 1.0, 1.0, 1.0, 1.0, 1.0, 1.0, 1.0, 1.0, 1.0, 1.0, 1.0, 1.0, 1.0, 1.0, 1.0, 1.0, 1.0, 1.0, 1.0, 1.0, 1.0, 1.0, 1.0, 1.0, 1.0, 1.0, 1.0, 1.0, 1.0, 1.0, 1.0, 1.0, 1.0, 1.0, 1.0, 1.0, 1.0, 1.0, 1.0, 1.0, 1.0, 1.0, 1.0, 1.0, 1.0, 1.0, 1.0, 1.0, 1.0, 1.0, 1.0, 1.0, 1.0, 1.0, 1.0, 1.0, 1.0, 1.0, 1.0, 1.0, 1.0, 1.0, 1.0, 1.0, 1.0, 1.0, 1.0, 1.0, 1.0, 1.0, 1.0, 1.0, 1.0, 1.0, 1.0, 1.0, 1.0, 1.0, 1.0, 1.0, 1.0, 1.0, 1.0, 1.0, 1.0, 1.0, 1.0, 1.0, 1.0, 1.0, 1.0, 1.0, 1.0, 1.0, 1.0, 1.0, 1.0, 1.0, 1.0, 1.0, 1.0, 1.0, 1.0, 1.0, 1.0, 1.0, 1.0, 1.0, 1.0, 1.0, 1.0, 1.0, 1.0, 1.0, 1.0, 1.0, 1.0, 1.0, 1.0, 1.0, 1.0, 1.0, 1.0, 1.0, 1.0, 1.0, 1.0, 1.0, 1.0, 1.0, 1.0, 1.0, 1.0, 1.0, 1.0, 1.0, 1.0, 1.0, 1.0, 1.0, 1.0, 1.0, 1.0, 1.0, 1.0, 1.0, 1.0, 1.0, 1.0, 1.0, 1.0, 1.0))
    REPRESENTATION_ITEM('')
);
#4073 = CARTESIAN_POINT('', (1.0, 0.09999999999999999));
#4074 = CARTESIAN_POINT('', (1.0, 0.09924241603202144));
#4075 = CARTESIAN_POINT('', (0.9999913890790942, 0.09848478316502121));
#4076 = CARTESIAN_POINT('', (0.999974172396372, 0.09772739485353617));
#4077 = CARTESIAN_POINT('', (0.9999569564549329, 0.09697003915223576));
#4078 = CARTESIAN_POINT('', (0.9999311331409327, 0.09621283017865975));
#4079 = CARTESIAN_POINT('', (0.9998967102397218, 0.09545606131645405));
#4080 = CARTESIAN_POINT('', (0.9998622873377823, 0.09469929243822635));
#4081 = CARTESIAN_POINT('', (0.9998192612476536, 0.09394286594609015));
#4082 = CARTESIAN_POINT('', (0.9997676500394468, 0.09318707473522607));
#4083 = CARTESIAN_POINT('', (0.9997160388323063, 0.09243128353998083));
#4084 = CARTESIAN_POINT('', (0.9996558354217921, 0.09167603005516549));
#4085 = CARTESIAN_POINT('', (0.9995870615087779, 0.09092160696670555));
#4086 = CARTESIAN_POINT('', (0.9995182875948849, 0.0901671838686082));
#4087 = CARTESIAN_POINT('', (0.9994409354701148, 0.08941349367000738));
#4088 = CARTESIAN_POINT('', (0.9993550358141265, 0.08866082819898055));
#4089 = CARTESIAN_POINT('', (0.9992691361588919, 0.08790816273455766));
#4090 = CARTESIAN_POINT('', (0.9991746770940686, 0.08715642490079198));
#4091 = CARTESIAN_POINT('', (0.9990716943884665, 0.08640590600399373));
#4092 = CARTESIAN_POINT('', (0.9989687116819755, 0.08565538710071666));
#4093 = CARTESIAN_POINT('', (0.9988571932353073, 0.08490599007568458));
#4094 = CARTESIAN_POINT('', (0.9987371824214731, 0.0841580051382859));
#4095 = CARTESIAN_POINT('', (0.9986171716084742, 0.08341002020609264));
#4096 = CARTESIAN_POINT('', (0.9984886518568196, 0.08266335096139622));
#4097 = CARTESIAN_POINT('', (0.998351673175498, 0.08191828660519052));
#4098 = CARTESIAN_POINT('', (0.9982146944939139, 0.08117322224755678));
#4099 = CARTESIAN_POINT('', (0.9980692401552005, 0.08042966640233265));
#4100 = CARTESIAN_POINT('', (0.9979153660742531, 0.07968790712639653));
#4101 = CARTESIAN_POINT('', (0.9977614919926809, 0.07894614784744816));
#4102 = CARTESIAN_POINT('', (0.9975991770968984, 0.07820608962828969));
#4103 = CARTESIAN_POINT('', (0.9974284854501893, 0.07746801888464147));
#4104 = CARTESIAN_POINT('', (0.9972577938046223, 0.07672994814593269));
#4105 = CARTESIAN_POINT('', (0.9970787039857951, 0.07599376943346438));
#4106 = CARTESIAN_POINT('', (0.9968912843827491, 0.075259768108126));
#4107 = CARTESIAN_POINT('', (0.9967038647778885, 0.07452576677568079));
#4108 = CARTESIAN_POINT('', (0.9965080901454471, 0.07379384834737138));
#4109 = CARTESIAN_POINT('', (0.9963040381801387, 0.07306429584085028));
#4110 = CARTESIAN_POINT('', (0.9960999862174227, 0.07233474334359838));
#4111 = CARTESIAN_POINT('', (0.9958876308449669, 0.0716074624775464));
#4112 = CARTESIAN_POINT('', (0.9956670527809278, 0.07088273537897796));
#4113 = CARTESIAN_POINT('', (0.9954464747133143, 0.07015800826866556));
#4114 = CARTESIAN_POINT('', (0.9952176449656142, 0.0694357415334432));
#4115 = CARTESIAN_POINT('', (0.9949806542063229, 0.06871621429396964));
#4116 = CARTESIAN_POINT('', (0.9947436634512641, 0.06799668706734618));
#4117 = CARTESIAN_POINT('', (0.994498481097254, 0.06727980640654638));
#4118 = CARTESIAN_POINT('', (0.9942452001233738, 0.06656585066834823));
#4119 = CARTESIAN_POINT('', (0.9939919191450567, 0.06585189491764348));
#4120 = CARTESIAN_POINT('', (0.9937305072439038, 0.06514077179217137));
#4121 = CARTESIAN_POINT('', (0.9934610672474063, 0.06443275614528982));
#4122 = CARTESIAN_POINT('', (0.9931916272556828, 0.06372474051095298));
#4123 = CARTESIAN_POINT('', (0.9929141241499467, 0.06301974100651123));
#4124 = CARTESIAN_POINT('', (0.992628663565843, 0.06231803144940903));
#4125 = CARTESIAN_POINT('', (0.9923432029771073, 0.0616163218809203));
#4126 = CARTESIAN_POINT('', (0.9920497490149529, 0.06091781128992204));
#4127 = CARTESIAN_POINT('', (0.9917484163441023, 0.06022276978921295));
#4128 = CARTESIAN_POINT('', (0.9914470836777334, 0.059527728298841676));
#4129 = CARTESIAN_POINT('', (0.99113783286027, 0.058836066378018415));
#4130 = CARTESIAN_POINT('', (0.9908207824579472, 0.05814805250348863));
#4131 = CARTESIAN_POINT('', (0.9905037320518175, 0.057460038620697665));
#4132 = CARTESIAN_POINT('', (0.990178842247281, 0.056775583449326206));
#4133 = CARTESIAN_POINT('', (0.989846239330056, 0.05609495185852725));
#4134 = CARTESIAN_POINT('', (0.9895136364158338, 0.05541432027387301));
#4135 = CARTESIAN_POINT('', (0.9891732766075503, 0.05473742479659628));
#4136 = CARTESIAN_POINT('', (0.9888252914102129, 0.05406452780967179));
#4137 = CARTESIAN_POINT('', (0.9884773062108841, 0.053391630818897064));
#4138 = CARTESIAN_POINT('', (0.9881216516964969, 0.05272264492342092));
#4139 = CARTESIAN_POINT('', (0.9877584655384292, 0.05205782925443182));
#4140 = CARTESIAN_POINT('', (0.9873952793809945, 0.05139301358660172));
#4141 = CARTESIAN_POINT('', (0.987024513655664, 0.0507322828794153));
#4142 = CARTESIAN_POINT('', (0.9866463125661948, 0.050075892756798523));
#4143 = CARTESIAN_POINT('', (0.9862681114773941, 0.049419502635341804));
#4144 = CARTESIAN_POINT('', (0.9858824269182381, 0.04876736792499045));
#4145 = CARTESIAN_POINT('', (0.9854894076885594, 0.04811974153561248));
#4146 = CARTESIAN_POINT('', (0.9850963884564523, 0.04747211514223285));
#4147 = CARTESIAN_POINT('', (0.9846959827830879, 0.04682891409305353));
#4148 = CARTESIAN_POINT('', (0.9842883470999647, 0.046190386715369));
#4149 = CARTESIAN_POINT('', (0.9838807114206418, 0.045551859343637355));
#4150 = CARTESIAN_POINT('', (0.9834657934967339, 0.044917922929799514));
#4151 = CARTESIAN_POINT('', (0.9830437529797253, 0.044288823690004454));
#4152 = CARTESIAN_POINT('', (0.9826217124572139, 0.04365972444200686));
#4153 = CARTESIAN_POINT('', (0.9821924941084148, 0.04303538166653005));
#4154 = CARTESIAN_POINT('', (0.9817562659134429, 0.04241603602120396));
#4155 = CARTESIAN_POINT('', (0.9813200377251903, 0.041796690385417605));
#4156 = CARTESIAN_POINT('', (0.9808767434882807, 0.04118226180191725));
#4157 = CARTESIAN_POINT('', (0.9804265534087303, 0.04057298933325626));
#4158 = CARTESIAN_POINT('', (0.9799763633214595, 0.0399637168541468));
#4159 = CARTESIAN_POINT('', (0.9795192191526712, 0.03935952193864008));
#4160 = CARTESIAN_POINT('', (0.9790552995716876, 0.038760637399803795));
#4161 = CARTESIAN_POINT('', (0.9785913799991794, 0.03816175287190838));
#4162 = CARTESIAN_POINT('', (0.9781206250311021, 0.03756810143262938));
#4163 = CARTESIAN_POINT('', (0.977643215337436, 0.036979914360430056));
#4164 = CARTESIAN_POINT('', (0.9771658056354721, 0.036391727278007255));
#4165 = CARTESIAN_POINT('', (0.9766816801523455, 0.03580892817474473));
#4166 = CARTESIAN_POINT('', (0.9761910274975267, 0.035231741861863064));
#4167 = CARTESIAN_POINT('', (0.9757003748510142, 0.034654555558752305));
#4168 = CARTESIAN_POINT('', (0.9752031313863098, 0.03408290775257545));
#4169 = CARTESIAN_POINT('', (0.9746994883798198, 0.03351702104126107));
#4170 = CARTESIAN_POINT('', (0.9741958453659192, 0.03295113432162011));
#4171 = CARTESIAN_POINT('', (0.9736857386602773, 0.032390934875605196));
#4172 = CARTESIAN_POINT('', (0.9731693664516738, 0.031836639099778866));
#4173 = CARTESIAN_POINT('', (0.9726529942495944, 0.03128234333095557));
#4174 = CARTESIAN_POINT('', (0.9721302893310245, 0.0307338801587057));
#4175 = CARTESIAN_POINT('', (0.9716014534812173, 0.030191462704732618));
#4176 = CARTESIAN_POINT('', (0.9710726176263537, 0.029649045245573064));
#4177 = CARTESIAN_POINT('', (0.9705375834377289, 0.029112602628492225));
#4178 = CARTESIAN_POINT('', (0.9699965583127165, 0.028582342432460196));
#4179 = CARTESIAN_POINT('', (0.9694555331909991, 0.028052082239657584));
#4180 = CARTESIAN_POINT('', (0.968908446540859, 0.027527936758467864));
#4181 = CARTESIAN_POINT('', (0.9683555103345058, 0.027010108981978115));
#4182 = CARTESIAN_POINT('', (0.9678025741266992, 0.02649228120412701));
#4183 = CARTESIAN_POINT('', (0.9672437176691628, 0.02598070352626866));
#4184 = CARTESIAN_POINT('', (0.9666791571807144, 0.025475574322697404));
#4185 = CARTESIAN_POINT('', (0.9661145966913326, 0.024970445118291294));
#4186 = CARTESIAN_POINT('', (0.965544258468954, 0.02447170008931311));
#4187 = CARTESIAN_POINT('', (0.9649683641550182, 0.023979531623753693));
#4188 = CARTESIAN_POINT('', (0.964392469843992, 0.023487363160681004));
#4189 = CARTESIAN_POINT('', (0.9638109455257405, 0.02300170718488209));
#4190 = CARTESIAN_POINT('', (0.9632240158375446, 0.022522752495344713));
#4191 = CARTESIAN_POINT('', (0.9626370861438878, 0.02204379780135105));
#4192 = CARTESIAN_POINT('', (0.9620446745999219, 0.021571483440278528));
#4193 = CARTESIAN_POINT('', (0.9614470118336499, 0.0211059909247568));
#4194 = CARTESIAN_POINT('', (0.9608493490746618, 0.020640498414908146));
#4195 = CARTESIAN_POINT('', (0.960246358117401, 0.020181767374753593));
#4196 = CARTESIAN_POINT('', (0.9596382715990041, 0.01972997667503697));
#4197 = CARTESIAN_POINT('', (0.9590301850713411, 0.019278185968435984));
#4198 = CARTESIAN_POINT('', (0.9584169241006327, 0.01883327780659887));
#4199 = CARTESIAN_POINT('', (0.9577987274886915, 0.01839542278872115));
#4200 = CARTESIAN_POINT('', (0.9571805308873339, 0.01795756777833945));
#4201 = CARTESIAN_POINT('', (0.9565573188416596, 0.017526709317030226));
#4202 = CARTESIAN_POINT('', (0.955929331573486, 0.017103015985647074));
#4203 = CARTESIAN_POINT('', (0.9553013442942454, 0.016679322646797022));
#4204 = CARTESIAN_POINT('', (0.9546685008870386, 0.01626273951568819));
#4205 = CARTESIAN_POINT('', (0.9540310474402813, 0.01585342646740915));
#4206 = CARTESIAN_POINT('', (0.9533935940050672, 0.015444113426541914));
#4207 = CARTESIAN_POINT('', (0.9527514481028152, 0.015042017773483638));
#4208 = CARTESIAN_POINT('', (0.9521048573825894, 0.014647297001281137));
#4209 = CARTESIAN_POINT('', (0.9514582666516332, 0.014252576222528245));
#4210 = CARTESIAN_POINT('', (0.950807148140622, 0.013865178546556927));
#4211 = CARTESIAN_POINT('', (0.9501517546367347, 0.01348525299911361));
#4212 = CARTESIAN_POINT('', (0.949496361142949, 0.013105327457526076));
#4213 = CARTESIAN_POINT('', (0.9488366077610577, 0.012732825437268627));
#4214 = CARTESIAN_POINT('', (0.9481727493355839, 0.012367892512233646));
#4215 = CARTESIAN_POINT('', (0.9475088909016283, 0.012002959582536074));
#4216 = CARTESIAN_POINT('', (0.9468408423117024, 0.011645547566562197));
#4217 = CARTESIAN_POINT('', (0.9461688625792753, 0.011295794363976569));
#4218 = CARTESIAN_POINT('', (0.9454968828536414, 0.0109460411649266));
#4219 = CARTESIAN_POINT('', (0.9448208848124404, 0.010603902401086145));
#4220 = CARTESIAN_POINT('', (0.944141130076092, 0.01026951108791993));
#4221 = CARTESIAN_POINT('', (0.9434613753351083, 9.9351197725E-3));
#4222 = CARTESIAN_POINT('', (0.9427777766491614, 9.6084316963E-3));
#4223 = CARTESIAN_POINT('', (0.9420905987746029, 9.2895733760E-3));
#4224 = CARTESIAN_POINT('', (0.9414034209019982, 8.9707150566E-3));
#4225 = CARTESIAN_POINT('', (0.9407125746359009, 8.6596463718E-3));
#4226 = CARTESIAN_POINT('', (0.9400183278010068, 8.3564873563E-3));
#4227 = CARTESIAN_POINT('', (0.9393240809665885, 8.0533283409E-3));
#4228 = CARTESIAN_POINT('', (0.938626344278868, 7.7580390347E-3));
#4229 = CARTESIAN_POINT('', (0.9379253877427214, 7.4707343356E-3));
#4230 = CARTESIAN_POINT('', (0.9372244312031114, 7.1834296351E-3));
#4231 = CARTESIAN_POINT('', (0.9365201638606733, 6.9040735845E-3));
#4232 = CARTESIAN_POINT('', (0.9358128590590503, 6.6327730520E-3));
#4233 = CARTESIAN_POINT('', (0.9351055542631395, 6.3614725216E-3));
#4234 = CARTESIAN_POINT('', (0.9343951208638455, 6.0981919768E-3));
#4235 = CARTESIAN_POINT('', (0.9336818336114823, 5.8430344809E-3));
#4236 = CARTESIAN_POINT('', (0.9329685463504103, 5.5878769819E-3));
#4237 = CARTESIAN_POINT('', (0.932252312830926, 5.3408105165E-3));
#4238 = CARTESIAN_POINT('', (0.9315334111555499, 5.1019288570E-3));
#4239 = CARTESIAN_POINT('', (0.9308145094909165, 4.8630472011E-3));
#4240 = CARTESIAN_POINT('', (0.9300928468944175, 4.6323193084E-3));
#4241 = CARTESIAN_POINT('', (0.9293687023489022, 4.4098362166E-3));
#4242 = CARTESIAN_POINT('', (0.9286445577912508, 4.1873531210E-3));
#4243 = CARTESIAN_POINT('', (0.9279178377213206, 3.9730863996E-3));
#4244 = CARTESIAN_POINT('', (0.9271888242104206, 3.7671170594E-3));
#4245 = CARTESIAN_POINT('', (0.9264598107123764, 3.5611477228E-3));
#4246 = CARTESIAN_POINT('', (0.92572840961082, 3.3634492167E-3));
#4247 = CARTESIAN_POINT('', (0.9249949036519837, 3.1741001838E-3));
#4248 = CARTESIAN_POINT('', (0.9242613976803856, 2.9847511475E-3));
#4249 = CARTESIAN_POINT('', (0.9235256923262145, 2.8037265318E-3));
#4250 = CARTESIAN_POINT('', (0.922788072902166, 2.6310949785E-3));
#4251 = CARTESIAN_POINT('', (0.9220504534914589, 2.4584634284E-3));
#4252 = CARTESIAN_POINT('', (0.9213108246820749, 2.2942029634E-3));
#4253 = CARTESIAN_POINT('', (0.9205694725731656, 2.1383790314E-3));
#4254 = CARTESIAN_POINT('', (0.9198281204525461, 1.9825550970E-3));
#4255 = CARTESIAN_POINT('', (0.9190849495626943, 1.8351464816E-3));
#4256 = CARTESIAN_POINT('', (0.918340247917906, 1.6962093537E-3));
#4257 = CARTESIAN_POINT('', (0.9175955462823122, 1.5572722274E-3));
#4258 = CARTESIAN_POINT('', (0.9168492176064056, 1.4267893135E-3));
#4259 = CARTESIAN_POINT('', (0.9161015508055355, 1.3048122419E-3));
#4260 = CARTESIAN_POINT('', (0.9153538839977147, 1.1828351692E-3));
#4261 = CARTESIAN_POINT('', (0.9146047827381967, 1.0693469843E-3));
#4262 = CARTESIAN_POINT('', (0.9138545371989952, 9.6439131414E-4));
#4263 = CARTESIAN_POINT('', (0.9131042916662505, 8.5943564492E-4));
#4264 = CARTESIAN_POINT('', (0.9123528048448538, 7.6299994896E-4));
#4265 = CARTESIAN_POINT('', (0.9116003678308628, 6.7512167018E-4));
#4266 = CARTESIAN_POINT('', (0.9108479308123412, 5.8724339088E-4));
#4267 = CARTESIAN_POINT('', (0.9100944465764332, 5.0791012115E-4));
#4268 = CARTESIAN_POINT('', (0.9093402069197563, 4.3715279565E-4));
#4269 = CARTESIAN_POINT('', (0.9085859672616247, 3.6639547002E-4));
#4270 = CARTESIAN_POINT('', (0.907830874696824, 3.0420614878E-4));
#4271 = CARTESIAN_POINT('', (0.9070752217989722, 2.5060802384E-4));
#4272 = CARTESIAN_POINT('', (0.9063195689070254, 1.9700989932E-4));
#4273 = CARTESIAN_POINT('', (0.905563258160021, 1.5199531683E-4));
#4274 = CARTESIAN_POINT('', (0.9048065824261199, 1.1558260222E-4));
#4275 = CARTESIAN_POINT('', (0.9040499066864982, 7.9169887333E-5));
#4276 = CARTESIAN_POINT('', (0.9032927682226244, 5.1355527580E-5));
#4277 = CARTESIAN_POINT('', (0.9025354603925739, 3.2148464251E-5));
#4278 = CARTESIAN_POINT('', (0.9016905107047055, 1.0718602415E-5));
#4279 = CARTESIAN_POINT('', (0.900845221399402, 0.0));
#4280 = CARTESIAN_POINT('', (0.9, 0.0));
#4281 = PCURVE('', #4282, #4603);
#4282 = (
    BOUNDED_SURFACE()
    B_SPLINE_SURFACE(3, 3, ((#4283, #4284, #4285, #4286, #4287, #4288, #4289, #4290, #4291, #4292, #4293, #4294, #4295, #4296, #4297, #4298, #4299, #4300, #4301, #4302, #4303, #4304, #4305, #4306, #4307, #4308, #4309, #4310, #4311, #4312, #4313, #4314, #4315, #4316, #4317, #4318, #4319, #4320, #4321, #4322), (#4323, #4324, #4325, #4326, #4327, #4328, #4329, #4330, #4331, #4332, #4333, #4334, #4335, #4336, #4337, #4338, #4339, #4340, #4341, #4342, #4343, #4344, #4345, #4346, #4347, #4348, #4349, #4350, #4351, #4352, #4353, #4354, #4355, #4356, #4357, #4358, #4359, #4360, #4361, #4362), (#4363, #4364, #4365, #4366, #4367, #4368, #4369, #4370, #4371, #4372, #4373, #4374, #4375, #4376, #4377, #4378, #4379, #4380, #4381, #4382, #4383, #4384, #4385, #4386, #4387, #4388, #4389, #4390, #4391, #4392, #4393, #4394, #4395, #4396, #4397, #4398, #4399, #4400, #4401, #4402), (#4403, #4404, #4405, #4406, #4407, #4408, #4409, #4410, #4411, #4412, #4413, #4414, #4415, #4416, #4417, #4418, #4419, #4420, #4421, #4422, #4423, #4424, #4425, #4426, #4427, #4428, #4429, #4430, #4431, #4432, #4433, #4434, #4435, #4436, #4437, #4438, #4439, #4440, #4441, #4442), (#4443, #4444, #4445, #4446, #4447, #4448, #4449, #4450, #4451, #4452, #4453, #4454, #4455, #4456, #4457, #4458, #4459, #4460, #4461, #4462, #4463, #4464, #4465, #4466, #4467, #4468, #4469, #4470, #4471, #4472, #4473, #4474, #4475, #4476, #4477, #4478, #4479, #4480, #4481, #4482), (#4483, #4484, #4485, #4486, #4487, #4488, #4489, #4490, #4491, #4492, #4493, #4494, #4495, #4496, #4497, #4498, #4499, #4500, #4501, #4502, #4503, #4504, #4505, #4506, #4507, #4508, #4509, #4510, #4511, #4512, #4513, #4514, #4515, #4516, #4517, #4518, #4519, #4520, #4521, #4522), (#4523, #4524, #4525, #4526, #4527, #4528, #4529, #4530, #4531, #4532, #4533, #4534, #4535, #4536, #4537, #4538, #4539, #4540, #4541, #4542, #4543, #4544, #4545, #4546, #4547, #4548, #4549, #4550, #4551, #4552, #4553, #4554, #4555, #4556, #4557, #4558, #4559, #4560, #4561, #4562), (#4563, #4564, #4565, #4566, #4567, #4568, #4569, #4570, #4571, #4572, #4573, #4574, #4575, #4576, #4577, #4578, #4579, #4580, #4581, #4582, #4583, #4584, #4585, #4586, #4587, #4588, #4589, #4590, #4591, #4592, #4593, #4594, #4595, #4596, #4597, #4598, #4599, #4600, #4601, #4602)), .UNSPECIFIED., .U., .U., .U.)
    B_SPLINE_SURFACE_WITH_KNOTS((4, 1, 3, 4), (4, 1, 1, 1, 1, 1, 1, 1, 1, 1, 1, 1, 1, 1, 1, 1, 1, 1, 1, 1, 1, 1, 1, 1, 1, 1, 1, 1, 1, 1, 1, 1, 1, 1, 1, 1, 1, 4), (0.0, 4.500000000000002, 9.000000000000004, 9.000100000000003), (0.0, 0.02702702702702703, 0.05405405405405406, 0.08108108108108109, 0.10810810810810811, 0.13513513513513514, 0.16216216216216217, 0.1891891891891892, 0.21621621621621623, 0.24324324324324326, 0.2702702702702703, 0.2972972972972973, 0.32432432432432434, 0.35135135135135137, 0.3783783783783784, 0.40540540540540543, 0.43243243243243246, 0.4594594594594595, 0.4864864864864865, 0.5135135135135136, 0.5405405405405406, 0.5675675675675675, 0.5945945945945946, 0.6216216216216217, 0.6486486486486487, 0.6756756756756757, 0.7027027027027027, 0.7297297297297298, 0.7567567567567568, 0.7837837837837838, 0.8108108108108109, 0.8378378378378379, 0.8648648648648649, 0.8918918918918919, 0.918918918918919, 0.945945945945946, 0.972972972972973, 1.0), .UNSPECIFIED.)
    GEOMETRIC_REPRESENTATION_ITEM()
    RATIONAL_B_SPLINE_SURFACE(((1.0, 1.0, 1.0, 1.0, 1.0, 1.0, 1.0, 1.0, 1.0, 1.0, 1.0, 1.0, 1.0, 1.0, 1.0, 1.0, 1.0, 1.0, 1.0, 1.0, 1.0, 1.0, 1.0, 1.0, 1.0, 1.0, 1.0, 1.0, 1.0, 1.0, 1.0, 1.0, 1.0, 1.0, 1.0, 1.0, 1.0, 1.0, 1.0, 1.0), (1.0, 1.0, 1.0, 1.0, 1.0, 1.0, 1.0, 1.0, 1.0, 1.0, 1.0, 1.0, 1.0, 1.0, 1.0, 1.0, 1.0, 1.0, 1.0, 1.0, 1.0, 1.0, 1.0, 1.0, 1.0, 1.0, 1.0, 1.0, 1.0, 1.0, 1.0, 1.0, 1.0, 1.0, 1.0, 1.0, 1.0, 1.0, 1.0, 1.0), (1.0, 1.0, 1.0, 1.0, 1.0, 1.0, 1.0, 1.0, 1.0, 1.0, 1.0, 1.0, 1.0, 1.0, 1.0, 1.0, 1.0, 1.0, 1.0, 1.0, 1.0, 1.0, 1.0, 1.0, 1.0, 1.0, 1.0, 1.0, 1.0, 1.0, 1.0, 1.0, 1.0, 1.0, 1.0, 1.0, 1.0, 1.0, 1.0, 1.0), (1.0, 1.0, 1.0, 1.0, 1.0, 1.0, 1.0, 1.0, 1.0, 1.0, 1.0, 1.0, 1.0, 1.0, 1.0, 1.0, 1.0, 1.0, 1.0, 1.0, 1.0, 1.0, 1.0, 1.0, 1.0, 1.0, 1.0, 1.0, 1.0, 1.0, 1.0, 1.0, 1.0, 1.0, 1.0, 1.0, 1.0, 1.0, 1.0, 1.0), (1.0, 1.0, 1.0, 1.0, 1.0, 1.0, 1.0, 1.0, 1.0, 1.0, 1.0, 1.0, 1.0, 1.0, 1.0, 1.0, 1.0, 1.0, 1.0, 1.0, 1.0, 1.0, 1.0, 1.0, 1.0, 1.0, 1.0, 1.0, 1.0, 1.0, 1.0, 1.0, 1.0, 1.0, 1.0, 1.0, 1.0, 1.0, 1.0, 1.0), (1.0, 1.0, 1.0, 1.0, 1.0, 1.0, 1.0, 1.0, 1.0, 1.0, 1.0, 1.0, 1.0, 1.0, 1.0, 1.0, 1.0, 1.0, 1.0, 1.0, 1.0, 1.0, 1.0, 1.0, 1.0, 1.0, 1.0, 1.0, 1.0, 1.0, 1.0, 1.0, 1.0, 1.0, 1.0, 1.0, 1.0, 1.0, 1.0, 1.0), (1.0, 1.0, 1.0, 1.0, 1.0, 1.0, 1.0, 1.0, 1.0, 1.0, 1.0, 1.0, 1.0, 1.0, 1.0, 1.0, 1.0, 1.0, 1.0, 1.0, 1.0, 1.0, 1.0, 1.0, 1.0, 1.0, 1.0, 1.0, 1.0, 1.0, 1.0, 1.0, 1.0, 1.0, 1.0, 1.0, 1.0, 1.0, 1.0, 1.0), (1.0, 1.0, 1.0, 1.0, 1.0, 1.0, 1.0, 1.0, 1.0, 1.0, 1.0, 1.0, 1.0, 1.0, 1.0, 1.0, 1.0, 1.0, 1.0, 1.0, 1.0, 1.0, 1.0, 1.0, 1.0, 1.0, 1.0, 1.0, 1.0, 1.0, 1.0, 1.0, 1.0, 1.0, 1.0, 1.0, 1.0, 1.0, 1.0, 1.0)))
    REPRESENTATION_ITEM('')
    SURFACE()
);
#4283 = CARTESIAN_POINT('', (0.0, 0.9999999999999998, 1.0));
#4284 = CARTESIAN_POINT('', (9.9261673506E-24, 0.9999999999999998, 0.9858486817405865));
#4285 = CARTESIAN_POINT('', (6.0086161170E-4, 1.0000000000000002, 0.9575460459450715));
#4286 = CARTESIAN_POINT('', (3.3031561841E-3, 0.9999999999999972, 0.9151685964129556));
#4287 = CARTESIAN_POINT('', (7.8015578851E-3, 1.0000000000000018, 0.872944019138775));
#4288 = CARTESIAN_POINT('', (0.014087972356768782, 0.9999999999999966, 0.830948405163071));
#4289 = CARTESIAN_POINT('', (0.022151064752840417, 1.000000000000002, 0.7892574336779888));
#4290 = CARTESIAN_POINT('', (0.0319763081423398, 1.0, 0.747946234482629));
#4291 = CARTESIAN_POINT('', (0.04354599505801641, 0.9999999999999984, 0.70708925323888));
#4292 = CARTESIAN_POINT('', (0.056839277088437765, 1.0000000000000027, 0.6667601169508407));
#4293 = CARTESIAN_POINT('', (0.07183219833132579, 0.9999999999999977, 0.6270315014727162));
#4294 = CARTESIAN_POINT('', (0.0884977407387255, 1.0000000000000016, 0.5879750004178576));
#4295 = CARTESIAN_POINT('', (0.10680587176784899, 0.9999999999999994, 0.5496609962563305));
#4296 = CARTESIAN_POINT('', (0.12672359903693567, 1.0, 0.5121585334271657));
#4297 = CARTESIAN_POINT('', (0.14821502941100584, 0.9999999999999992, 0.47553519390664495));
#4298 = CARTESIAN_POINT('', (0.17124143388092075, 1.0000000000000009, 0.43985697541822694));
#4299 = CARTESIAN_POINT('', (0.19576131725617948, 0.999999999999999, 0.40518817249077055));
#4300 = CARTESIAN_POINT('', (0.22173049311334803, 1.0000000000000013, 0.3715912606869129));
#4301 = CARTESIAN_POINT('', (0.24910216324055184, 1.0000000000000007, 0.33912678391868517));
#4302 = CARTESIAN_POINT('', (0.27782700204140237, 1.000000000000001, 0.30785324537235864));
#4303 = CARTESIAN_POINT('', (0.3078532453723595, 0.9999999999999974, 0.2778270020414028));
#4304 = CARTESIAN_POINT('', (0.3391267839186841, 1.000000000000002, 0.24910216324055107));
#4305 = CARTESIAN_POINT('', (0.3715912606869137, 0.9999999999999994, 0.22173049311334855));
#4306 = CARTESIAN_POINT('', (0.40518817249076955, 1.0, 0.1957613172561791));
#4307 = CARTESIAN_POINT('', (0.43985697541822816, 1.0000000000000007, 0.17124143388092147));
#4308 = CARTESIAN_POINT('', (0.4755351939066439, 1.0000000000000007, 0.14821502941100523));
#4309 = CARTESIAN_POINT('', (0.5121585334271673, 0.9999999999999997, 0.12672359903693628));
#4310 = CARTESIAN_POINT('', (0.549660996256329, 1.0000000000000009, 0.10680587176784856));
#4311 = CARTESIAN_POINT('', (0.5879750004178591, 0.9999999999999998, 0.08849774073872577));
#4312 = CARTESIAN_POINT('', (0.6270315014727152, 1.000000000000001, 0.07183219833132544));
#4313 = CARTESIAN_POINT('', (0.666760116950839, 0.9999999999999976, 0.05683927708843773));
#4314 = CARTESIAN_POINT('', (0.7070892532388812, 1.0000000000000027, 0.043545995058016415));
#4315 = CARTESIAN_POINT('', (0.747946234482628, 0.9999999999999977, 0.031976308142339815));
#4316 = CARTESIAN_POINT('', (0.7892574336779898, 1.000000000000003, 0.022151064752840278));
#4317 = CARTESIAN_POINT('', (0.8309484051630716, 0.9999999999999968, 0.01408797235676895));
#4318 = CARTESIAN_POINT('', (0.8729440191387747, 1.0000000000000024, 7.8015578851E-3));
#4319 = CARTESIAN_POINT('', (0.9151685964129546, 0.9999999999999961, 3.3031561841E-3));
#4320 = CARTESIAN_POINT('', (0.9575460459450745, 1.000000000000005, 6.0086161170E-4));
#4321 = CARTESIAN_POINT('', (0.9858486817405865, 1.0000000000000002, 8.6649650707E-19));
#4322 = CARTESIAN_POINT('', (1.0000000000000002, 1.0000000000000002, 0.0));
#4323 = CARTESIAN_POINT('', (0.0, 2.5000000000000004, 1.0));
#4324 = CARTESIAN_POINT('', (9.9261673506E-24, 2.500000000000001, 0.9858486817405869));
#4325 = CARTESIAN_POINT('', (6.0086161170E-4, 2.4999999999999942, 0.9575460459450718));
#4326 = CARTESIAN_POINT('', (3.3031561841E-3, 2.5000000000000067, 0.9151685964129561));
#4327 = CARTESIAN_POINT('', (7.8015578851E-3, 2.5, 0.8729440191387754));
#4328 = CARTESIAN_POINT('', (0.014087972356768784, 2.4999999999999987, 0.8309484051630713));
#4329 = CARTESIAN_POINT('', (0.02215106475284042, 2.500000000000006, 0.7892574336779892));
#4330 = CARTESIAN_POINT('', (0.03197630814233981, 2.5, 0.7479462344826292));
#4331 = CARTESIAN_POINT('', (0.043545995058016415, 2.500000000000004, 0.7070892532388804));
#4332 = CARTESIAN_POINT('', (0.05683927708843778, 2.499999999999995, 0.666760116950841));
#4333 = CARTESIAN_POINT('', (0.0718321983313258, 2.500000000000007, 0.6270315014727166));
#4334 = CARTESIAN_POINT('', (0.08849774073872553, 2.499999999999994, 0.5879750004178579));
#4335 = CARTESIAN_POINT('', (0.106805871767849, 2.500000000000014, 0.5496609962563307));
#4336 = CARTESIAN_POINT('', (0.1267235990369357, 2.4999999999999933, 0.5121585334271659));
#4337 = CARTESIAN_POINT('', (0.14821502941100587, 2.5000000000000036, 0.4755351939066452));
#4338 = CARTESIAN_POINT('', (0.17124143388092078, 2.499999999999994, 0.4398569754182272));
#4339 = CARTESIAN_POINT('', (0.1957613172561795, 2.500000000000004, 0.40518817249077077));
#4340 = CARTESIAN_POINT('', (0.22173049311334805, 2.499999999999996, 0.37159126068691317));
#4341 = CARTESIAN_POINT('', (0.24910216324055187, 2.50000000000001, 0.33912678391868545));
#4342 = CARTESIAN_POINT('', (0.2778270020414024, 2.5000000000000093, 0.30785324537235886));
#4343 = CARTESIAN_POINT('', (0.3078532453723596, 2.4999999999999902, 0.2778270020414031));
#4344 = CARTESIAN_POINT('', (0.33912678391868417, 2.5000000000000093, 0.2491021632405513));
#4345 = CARTESIAN_POINT('', (0.3715912606869138, 2.4999999999999916, 0.22173049311334886));
#4346 = CARTESIAN_POINT('', (0.40518817249076966, 2.5000000000000036, 0.19576131725617935));
#4347 = CARTESIAN_POINT('', (0.4398569754182282, 2.5000000000000013, 0.17124143388092172));
#4348 = CARTESIAN_POINT('', (0.475535193906644, 2.5000000000000027, 0.14821502941100545));
#4349 = CARTESIAN_POINT('', (0.5121585334271674, 2.4999999999999973, 0.12672359903693653));
#4350 = CARTESIAN_POINT('', (0.5496609962563291, 2.500000000000004, 0.10680587176784878));
#4351 = CARTESIAN_POINT('', (0.5879750004178592, 2.500000000000001, 0.08849774073872599));
#4352 = CARTESIAN_POINT('', (0.6270315014727154, 2.5000000000000013, 0.07183219833132565));
#4353 = CARTESIAN_POINT('', (0.6667601169508391, 2.4999999999999987, 0.05683927708843794));
#4354 = CARTESIAN_POINT('', (0.7070892532388813, 2.499999999999994, 0.04354599505801662));
#4355 = CARTESIAN_POINT('', (0.7479462344826281, 2.500000000000009, 0.031976308142340024));
#4356 = CARTESIAN_POINT('', (0.7892574336779901, 2.499999999999993, 0.022151064752840486));
#4357 = CARTESIAN_POINT('', (0.8309484051630718, 2.5000000000000138, 0.014087972356769157));
#4358 = CARTESIAN_POINT('', (0.872944019138775, 2.499999999999987, 7.8015578851E-3));
#4359 = CARTESIAN_POINT('', (0.9151685964129547, 2.5000000000000098, 3.3031561841E-3));
#4360 = CARTESIAN_POINT('', (0.9575460459450746, 2.4999999999999987, 6.0086161170E-4));
#4361 = CARTESIAN_POINT('', (0.9858486817405867, 2.5000000000000004, 2.0371175574E-16));
#4362 = CARTESIAN_POINT('', (1.0000000000000002, 2.500000000000001, 0.0));
#4363 = CARTESIAN_POINT('', (0.0, 5.5, 1.0));
#4364 = CARTESIAN_POINT('', (9.9261673506E-24, 5.500000000000002, 0.9858486817405869));
#4365 = CARTESIAN_POINT('', (6.0086161170E-4, 5.499999999999989, 0.9575460459450719));
#4366 = CARTESIAN_POINT('', (3.3031561841E-3, 5.500000000000004, 0.9151685964129559));
#4367 = CARTESIAN_POINT('', (7.8015578851E-3, 5.500000000000005, 0.8729440191387754));
#4368 = CARTESIAN_POINT('', (0.014087972356768785, 5.499999999999992, 0.8309484051630713));
#4369 = CARTESIAN_POINT('', (0.022151064752840424, 5.500000000000009, 0.7892574336779892));
#4370 = CARTESIAN_POINT('', (0.031976308142339815, 5.499999999999998, 0.7479462344826291));
#4371 = CARTESIAN_POINT('', (0.04354599505801643, 5.500000000000009, 0.7070892532388803));
#4372 = CARTESIAN_POINT('', (0.05683927708843779, 5.500000000000001, 0.666760116950841));
#4373 = CARTESIAN_POINT('', (0.07183219833132581, 5.500000000000007, 0.6270315014727166));
#4374 = CARTESIAN_POINT('', (0.08849774073872554, 5.4999999999999964, 0.5879750004178579));
#4375 = CARTESIAN_POINT('', (0.10680587176784903, 5.500000000000017, 0.5496609962563306));
#4376 = CARTESIAN_POINT('', (0.12672359903693572, 5.4999999999999964, 0.5121585334271659));
#4377 = CARTESIAN_POINT('', (0.1482150294110059, 5.5, 0.4755351939066451));
#4378 = CARTESIAN_POINT('', (0.1712414338809208, 5.4999999999999964, 0.4398569754182271));
#4379 = CARTESIAN_POINT('', (0.19576131725617957, 5.5, 0.40518817249077066));
#4380 = CARTESIAN_POINT('', (0.22173049311334808, 5.499999999999995, 0.371591260686913));
#4381 = CARTESIAN_POINT('', (0.24910216324055193, 5.500000000000023, 0.3391267839186852));
#4382 = CARTESIAN_POINT('', (0.2778270020414024, 5.4999999999999964, 0.30785324537235875));
#4383 = CARTESIAN_POINT('', (0.30785324537235964, 5.500000000000002, 0.2778270020414029));
#4384 = CARTESIAN_POINT('', (0.3391267839186842, 5.4999999999999964, 0.24910216324055118));
#4385 = CARTESIAN_POINT('', (0.37159126068691384, 5.500000000000004, 0.22173049311334866));
#4386 = CARTESIAN_POINT('', (0.40518817249076977, 5.499999999999993, 0.19576131725617918));
#4387 = CARTESIAN_POINT('', (0.43985697541822827, 5.500000000000011, 0.17124143388092156));
#4388 = CARTESIAN_POINT('', (0.475535193906644, 5.499999999999995, 0.14821502941100528));
#4389 = CARTESIAN_POINT('', (0.5121585334271674, 5.500000000000006, 0.12672359903693634));
#4390 = CARTESIAN_POINT('', (0.5496609962563292, 5.499999999999998, 0.10680587176784859));
#4391 = CARTESIAN_POINT('', (0.5879750004178592, 5.500000000000011, 0.08849774073872581));
#4392 = CARTESIAN_POINT('', (0.6270315014727155, 5.4999999999999964, 0.07183219833132545));
#4393 = CARTESIAN_POINT('', (0.6667601169508393, 5.5000000000000036, 0.05683927708843775));
#4394 = CARTESIAN_POINT('', (0.7070892532388815, 5.499999999999991, 0.04354599505801643));
#4395 = CARTESIAN_POINT('', (0.7479462344826282, 5.50000000000001, 0.03197630814233983));
#4396 = CARTESIAN_POINT('', (0.7892574336779902, 5.4999999999999964, 0.022151064752840288));
#4397 = CARTESIAN_POINT('', (0.8309484051630719, 5.500000000000009, 0.014087972356768957));
#4398 = CARTESIAN_POINT('', (0.8729440191387751, 5.499999999999995, 7.8015578851E-3));
#4399 = CARTESIAN_POINT('', (0.9151685964129548, 5.500000000000003, 3.3031561841E-3));
#4400 = CARTESIAN_POINT('', (0.9575460459450748, 5.500000000000011, 6.0086161170E-4));
#4401 = CARTESIAN_POINT('', (0.9858486817405869, 5.500000000000002, 8.6649650707E-19));
#4402 = CARTESIAN_POINT('', (1.0, 5.5, 0.0));
#4403 = CARTESIAN_POINT('', (0.0, 8.5, 1.0));
#4404 = CARTESIAN_POINT('', (9.9261673506E-24, 8.500000000000004, 0.9858486817405867));
#4405 = CARTESIAN_POINT('', (6.0086161170E-4, 8.499999999999991, 0.9575460459450718));
#4406 = CARTESIAN_POINT('', (3.3031561841E-3, 8.49999999999999, 0.9151685964129557));
#4407 = CARTESIAN_POINT('', (7.8015578851E-3, 8.500000000000018, 0.872944019138775));
#4408 = CARTESIAN_POINT('', (0.014087972356768785, 8.499999999999977, 0.8309484051630711));
#4409 = CARTESIAN_POINT('', (0.02215106475284042, 8.50000000000001, 0.7892574336779888));
#4410 = CARTESIAN_POINT('', (0.03197630814233981, 8.499999999999993, 0.747946234482629));
#4411 = CARTESIAN_POINT('', (0.043545995058016415, 8.50000000000001, 0.70708925323888));
#4412 = CARTESIAN_POINT('', (0.056839277088437785, 8.500000000000018, 0.6667601169508408));
#4413 = CARTESIAN_POINT('', (0.07183219833132581, 8.5, 0.6270315014727164));
#4414 = CARTESIAN_POINT('', (0.08849774073872553, 8.500000000000004, 0.5879750004178576));
#4415 = CARTESIAN_POINT('', (0.10680587176784903, 8.500000000000004, 0.5496609962563306));
#4416 = CARTESIAN_POINT('', (0.12672359903693572, 8.500000000000007, 0.5121585334271657));
#4417 = CARTESIAN_POINT('', (0.1482150294110059, 8.499999999999995, 0.4755351939066449));
#4418 = CARTESIAN_POINT('', (0.1712414338809208, 8.500000000000005, 0.4398569754182269));
#4419 = CARTESIAN_POINT('', (0.19576131725617957, 8.49999999999999, 0.40518817249077055));
#4420 = CARTESIAN_POINT('', (0.22173049311334814, 8.499999999999996, 0.3715912606869127));
#4421 = CARTESIAN_POINT('', (0.24910216324055195, 8.500000000000032, 0.33912678391868506));
#4422 = CARTESIAN_POINT('', (0.2778270020414024, 8.49999999999997, 0.3078532453723586));
#4423 = CARTESIAN_POINT('', (0.3078532453723596, 8.500000000000027, 0.27782700204140265));
#4424 = CARTESIAN_POINT('', (0.3391267839186842, 8.499999999999972, 0.24910216324055096));
#4425 = CARTESIAN_POINT('', (0.37159126068691384, 8.500000000000032, 0.22173049311334841));
#4426 = CARTESIAN_POINT('', (0.4051881724907697, 8.499999999999975, 0.19576131725617896));
#4427 = CARTESIAN_POINT('', (0.43985697541822827, 8.500000000000025, 0.17124143388092133));
#4428 = CARTESIAN_POINT('', (0.475535193906644, 8.499999999999986, 0.14821502941100506));
#4429 = CARTESIAN_POINT('', (0.5121585334271674, 8.50000000000002, 0.1267235990369361));
#4430 = CARTESIAN_POINT('', (0.5496609962563292, 8.49999999999999, 0.10680587176784839));
#4431 = CARTESIAN_POINT('', (0.5879750004178593, 8.50000000000002, 0.0884977407387256));
#4432 = CARTESIAN_POINT('', (0.6270315014727155, 8.49999999999999, 0.07183219833132526));
#4433 = CARTESIAN_POINT('', (0.6667601169508393, 8.500000000000005, 0.05683927708843755));
#4434 = CARTESIAN_POINT('', (0.7070892532388815, 8.500000000000004, 0.043545995058016235));
#4435 = CARTESIAN_POINT('', (0.7479462344826282, 8.499999999999991, 0.03197630814233962));
#4436 = CARTESIAN_POINT('', (0.7892574336779901, 8.500000000000018, 0.02215106475284008));
#4437 = CARTESIAN_POINT('', (0.8309484051630719, 8.499999999999977, 0.014087972356768752));
#4438 = CARTESIAN_POINT('', (0.872944019138775, 8.500000000000025, 7.8015578851E-3));
#4439 = CARTESIAN_POINT('', (0.9151685964129548, 8.499999999999975, 3.3031561841E-3));
#4440 = CARTESIAN_POINT('', (0.9575460459450749, 8.500000000000039, 6.0086161170E-4));
#4441 = CARTESIAN_POINT('', (0.9858486817405868, 8.500000000000004, -2.0197876273E-16));
#4442 = CARTESIAN_POINT('', (1.0, 8.5, 0.0));
#4443 = CARTESIAN_POINT('', (0.0, 10.0, 1.0));
#4444 = CARTESIAN_POINT('', (9.9261673506E-24, 10.000000000000004, 0.9858486817405868));
#4445 = CARTESIAN_POINT('', (6.0086161170E-4, 9.999999999999991, 0.9575460459450719));
#4446 = CARTESIAN_POINT('', (3.3031561841E-3, 9.999999999999984, 0.9151685964129559));
#4447 = CARTESIAN_POINT('', (7.8015578851E-3, 10.000000000000023, 0.8729440191387752));
#4448 = CARTESIAN_POINT('', (0.014087972356768784, 9.99999999999997, 0.8309484051630712));
#4449 = CARTESIAN_POINT('', (0.02215106475284042, 10.000000000000016, 0.7892574336779891));
#4450 = CARTESIAN_POINT('', (0.03197630814233981, 9.99999999999999, 0.7479462344826291));
#4451 = CARTESIAN_POINT('', (0.043545995058016415, 10.000000000000012, 0.7070892532388802));
#4452 = CARTESIAN_POINT('', (0.056839277088437785, 10.00000000000002, 0.6667601169508409));
#4453 = CARTESIAN_POINT('', (0.07183219833132581, 10.000000000000002, 0.6270315014727165));
#4454 = CARTESIAN_POINT('', (0.08849774073872552, 10.000000000000002, 0.5879750004178578));
#4455 = CARTESIAN_POINT('', (0.10680587176784902, 10.000000000000004, 0.5496609962563307));
#4456 = CARTESIAN_POINT('', (0.12672359903693572, 10.000000000000005, 0.5121585334271659));
#4457 = CARTESIAN_POINT('', (0.1482150294110059, 9.999999999999996, 0.4755351939066451));
#4458 = CARTESIAN_POINT('', (0.1712414338809208, 10.000000000000005, 0.4398569754182271));
#4459 = CARTESIAN_POINT('', (0.19576131725617954, 9.99999999999999, 0.4051881724907707));
#4460 = CARTESIAN_POINT('', (0.22173049311334814, 9.999999999999995, 0.371591260686913));
#4461 = CARTESIAN_POINT('', (0.24910216324055195, 10.000000000000037, 0.3391267839186853));
#4462 = CARTESIAN_POINT('', (0.2778270020414024, 9.999999999999964, 0.30785324537235875));
#4463 = CARTESIAN_POINT('', (0.3078532453723596, 10.000000000000032, 0.2778270020414029));
#4464 = CARTESIAN_POINT('', (0.3391267839186842, 9.999999999999968, 0.2491021632405511));
#4465 = CARTESIAN_POINT('', (0.37159126068691384, 10.000000000000039, 0.22173049311334864));
#4466 = CARTESIAN_POINT('', (0.4051881724907697, 9.99999999999997, 0.19576131725617915));
#4467 = CARTESIAN_POINT('', (0.43985697541822827, 10.000000000000028, 0.17124143388092153));
#4468 = CARTESIAN_POINT('', (0.475535193906644, 9.999999999999984, 0.14821502941100528));
#4469 = CARTESIAN_POINT('', (0.5121585334271674, 10.000000000000021, 0.1267235990369363));
#4470 = CARTESIAN_POINT('', (0.5496609962563291, 9.99999999999999, 0.1068058717678486));
#4471 = CARTESIAN_POINT('', (0.5879750004178593, 10.00000000000002, 0.0884977407387258));
#4472 = CARTESIAN_POINT('', (0.6270315014727155, 9.999999999999988, 0.07183219833132547));
#4473 = CARTESIAN_POINT('', (0.6667601169508393, 10.000000000000004, 0.05683927708843775));
#4474 = CARTESIAN_POINT('', (0.7070892532388814, 10.000000000000012, 0.04354599505801643));
#4475 = CARTESIAN_POINT('', (0.7479462344826282, 9.999999999999984, 0.03197630814233983));
#4476 = CARTESIAN_POINT('', (0.7892574336779901, 10.000000000000027, 0.022151064752840285));
#4477 = CARTESIAN_POINT('', (0.8309484051630719, 9.999999999999966, 0.014087972356768954));
#4478 = CARTESIAN_POINT('', (0.872944019138775, 10.000000000000032, 7.8015578851E-3));
#4479 = CARTESIAN_POINT('', (0.9151685964129548, 9.999999999999968, 3.3031561841E-3));
#4480 = CARTESIAN_POINT('', (0.957546045945075, 10.000000000000048, 6.0086161170E-4));
#4481 = CARTESIAN_POINT('', (0.9858486817405868, 10.000000000000004, 8.6649650707E-19));
#4482 = CARTESIAN_POINT('', (1.0, 10.0, 0.0));
#4483 = CARTESIAN_POINT('', (0.0, 10.000033333333333, 1.0));
#4484 = CARTESIAN_POINT('', (9.9261673506E-24, 10.000033333333336, 0.9858486817405868));
#4485 = CARTESIAN_POINT('', (6.0086161170E-4, 10.000033333333324, 0.9575460459450719));
#4486 = CARTESIAN_POINT('', (3.3031561841E-3, 10.000033333333317, 0.9151685964129559));
#4487 = CARTESIAN_POINT('', (7.8015578851E-3, 10.000033333333356, 0.8729440191387752));
#4488 = CARTESIAN_POINT('', (0.014087972356768784, 10.000033333333302, 0.8309484051630712));
#4489 = CARTESIAN_POINT('', (0.02215106475284042, 10.000033333333349, 0.7892574336779891));
#4490 = CARTESIAN_POINT('', (0.03197630814233981, 10.000033333333322, 0.7479462344826291));
#4491 = CARTESIAN_POINT('', (0.043545995058016415, 10.000033333333345, 0.7070892532388802));
#4492 = CARTESIAN_POINT('', (0.05683927708843779, 10.000033333333352, 0.6667601169508409));
#4493 = CARTESIAN_POINT('', (0.07183219833132581, 10.000033333333334, 0.6270315014727165));
#4494 = CARTESIAN_POINT('', (0.08849774073872552, 10.000033333333334, 0.5879750004178578));
#4495 = CARTESIAN_POINT('', (0.10680587176784902, 10.000033333333336, 0.5496609962563307));
#4496 = CARTESIAN_POINT('', (0.12672359903693572, 10.000033333333338, 0.5121585334271659));
#4497 = CARTESIAN_POINT('', (0.1482150294110059, 10.000033333333329, 0.4755351939066451));
#4498 = CARTESIAN_POINT('', (0.1712414338809208, 10.000033333333338, 0.4398569754182271));
#4499 = CARTESIAN_POINT('', (0.19576131725617954, 10.000033333333322, 0.4051881724907707));
#4500 = CARTESIAN_POINT('', (0.22173049311334816, 10.000033333333327, 0.371591260686913));
#4501 = CARTESIAN_POINT('', (0.24910216324055195, 10.00003333333337, 0.3391267839186853));
#4502 = CARTESIAN_POINT('', (0.2778270020414024, 10.000033333333297, 0.30785324537235875));
#4503 = CARTESIAN_POINT('', (0.3078532453723596, 10.000033333333365, 0.2778270020414029));
#4504 = CARTESIAN_POINT('', (0.3391267839186843, 10.0000333333333, 0.2491021632405511));
#4505 = CARTESIAN_POINT('', (0.3715912606869139, 10.000033333333372, 0.22173049311334864));
#4506 = CARTESIAN_POINT('', (0.4051881724907697, 10.000033333333302, 0.19576131725617915));
#4507 = CARTESIAN_POINT('', (0.4398569754182283, 10.000033333333361, 0.17124143388092153));
#4508 = CARTESIAN_POINT('', (0.475535193906644, 10.000033333333317, 0.14821502941100528));
#4509 = CARTESIAN_POINT('', (0.5121585334271676, 10.000033333333354, 0.1267235990369363));
#4510 = CARTESIAN_POINT('', (0.5496609962563292, 10.000033333333322, 0.1068058717678486));
#4511 = CARTESIAN_POINT('', (0.5879750004178593, 10.000033333333352, 0.0884977407387258));
#4512 = CARTESIAN_POINT('', (0.6270315014727155, 10.00003333333332, 0.07183219833132547));
#4513 = CARTESIAN_POINT('', (0.6667601169508394, 10.000033333333336, 0.05683927708843775));
#4514 = CARTESIAN_POINT('', (0.7070892532388814, 10.000033333333345, 0.04354599505801643));
#4515 = CARTESIAN_POINT('', (0.7479462344826282, 10.000033333333317, 0.03197630814233983));
#4516 = CARTESIAN_POINT('', (0.7892574336779901, 10.00003333333336, 0.022151064752840285));
#4517 = CARTESIAN_POINT('', (0.8309484051630719, 10.000033333333299, 0.014087972356768954));
#4518 = CARTESIAN_POINT('', (0.872944019138775, 10.000033333333365, 7.8015578851E-3));
#4519 = CARTESIAN_POINT('', (0.9151685964129548, 10.0000333333333, 3.3031561841E-3));
#4520 = CARTESIAN_POINT('', (0.957546045945075, 10.00003333333338, 6.0086161170E-4));
#4521 = CARTESIAN_POINT('', (0.9858486817405869, 10.000033333333336, 8.7100417950E-19));
#4522 = CARTESIAN_POINT('', (1.0, 10.000033333333333, 0.0));
#4523 = CARTESIAN_POINT('', (0.0, 10.000066666666665, 1.0));
#4524 = CARTESIAN_POINT('', (9.9261673506E-24, 10.000066666666669, 0.9858486817405868));
#4525 = CARTESIAN_POINT('', (6.0086161170E-4, 10.000066666666656, 0.9575460459450719));
#4526 = CARTESIAN_POINT('', (3.3031561841E-3, 10.00006666666665, 0.9151685964129559));
#4527 = CARTESIAN_POINT('', (7.8015578851E-3, 10.000066666666688, 0.8729440191387752));
#4528 = CARTESIAN_POINT('', (0.014087972356768784, 10.000066666666635, 0.8309484051630712));
#4529 = CARTESIAN_POINT('', (0.02215106475284042, 10.000066666666681, 0.7892574336779891));
#4530 = CARTESIAN_POINT('', (0.03197630814233981, 10.000066666666655, 0.7479462344826291));
#4531 = CARTESIAN_POINT('', (0.043545995058016415, 10.000066666666678, 0.7070892532388802));
#4532 = CARTESIAN_POINT('', (0.0568392770884378, 10.000066666666685, 0.6667601169508409));
#4533 = CARTESIAN_POINT('', (0.07183219833132581, 10.000066666666667, 0.6270315014727165));
#4534 = CARTESIAN_POINT('', (0.08849774073872552, 10.000066666666667, 0.5879750004178578));
#4535 = CARTESIAN_POINT('', (0.10680587176784902, 10.000066666666669, 0.5496609962563307));
#4536 = CARTESIAN_POINT('', (0.12672359903693572, 10.00006666666667, 0.5121585334271659));
#4537 = CARTESIAN_POINT('', (0.1482150294110059, 10.000066666666662, 0.4755351939066451));
#4538 = CARTESIAN_POINT('', (0.1712414338809208, 10.00006666666667, 0.4398569754182271));
#4539 = CARTESIAN_POINT('', (0.19576131725617954, 10.000066666666655, 0.4051881724907707));
#4540 = CARTESIAN_POINT('', (0.2217304931133482, 10.00006666666666, 0.371591260686913));
#4541 = CARTESIAN_POINT('', (0.24910216324055195, 10.000066666666703, 0.3391267839186853));
#4542 = CARTESIAN_POINT('', (0.2778270020414024, 10.00006666666663, 0.30785324537235875));
#4543 = CARTESIAN_POINT('', (0.3078532453723596, 10.000066666666697, 0.2778270020414029));
#4544 = CARTESIAN_POINT('', (0.33912678391868434, 10.000066666666633, 0.2491021632405511));
#4545 = CARTESIAN_POINT('', (0.37159126068691395, 10.000066666666704, 0.22173049311334864));
#4546 = CARTESIAN_POINT('', (0.4051881724907697, 10.000066666666635, 0.19576131725617915));
#4547 = CARTESIAN_POINT('', (0.4398569754182284, 10.000066666666694, 0.17124143388092153));
#4548 = CARTESIAN_POINT('', (0.475535193906644, 10.00006666666665, 0.14821502941100528));
#4549 = CARTESIAN_POINT('', (0.5121585334271677, 10.000066666666687, 0.1267235990369363));
#4550 = CARTESIAN_POINT('', (0.5496609962563294, 10.000066666666655, 0.1068058717678486));
#4551 = CARTESIAN_POINT('', (0.5879750004178593, 10.000066666666685, 0.0884977407387258));
#4552 = CARTESIAN_POINT('', (0.6270315014727155, 10.000066666666653, 0.07183219833132547));
#4553 = CARTESIAN_POINT('', (0.6667601169508395, 10.000066666666669, 0.05683927708843775));
#4554 = CARTESIAN_POINT('', (0.7070892532388814, 10.000066666666678, 0.04354599505801643));
#4555 = CARTESIAN_POINT('', (0.7479462344826282, 10.00006666666665, 0.03197630814233983));
#4556 = CARTESIAN_POINT('', (0.7892574336779901, 10.000066666666692, 0.022151064752840285));
#4557 = CARTESIAN_POINT('', (0.8309484051630719, 10.000066666666632, 0.014087972356768954));
#4558 = CARTESIAN_POINT('', (0.872944019138775, 10.000066666666697, 7.8015578851E-3));
#4559 = CARTESIAN_POINT('', (0.9151685964129548, 10.000066666666633, 3.3031561841E-3));
#4560 = CARTESIAN_POINT('', (0.957546045945075, 10.000066666666713, 6.0086161170E-4));
#4561 = CARTESIAN_POINT('', (0.985848681740587, 10.000066666666669, 8.7551200218E-19));
#4562 = CARTESIAN_POINT('', (1.0, 10.000066666666665, 0.0));
#4563 = CARTESIAN_POINT('', (0.0, 10.000099999999998, 1.0));
#4564 = CARTESIAN_POINT('', (9.9261673506E-24, 10.000100000000002, 0.9858486817405868));
#4565 = CARTESIAN_POINT('', (6.0086161170E-4, 10.000099999999989, 0.9575460459450719));
#4566 = CARTESIAN_POINT('', (3.3031561841E-3, 10.000099999999982, 0.9151685964129559));
#4567 = CARTESIAN_POINT('', (7.8015578851E-3, 10.000100000000021, 0.8729440191387752));
#4568 = CARTESIAN_POINT('', (0.014087972356768784, 10.000099999999968, 0.8309484051630712));
#4569 = CARTESIAN_POINT('', (0.02215106475284042, 10.000100000000014, 0.7892574336779891));
#4570 = CARTESIAN_POINT('', (0.03197630814233981, 10.000099999999987, 0.7479462344826291));
#4571 = CARTESIAN_POINT('', (0.043545995058016415, 10.00010000000001, 0.7070892532388802));
#4572 = CARTESIAN_POINT('', (0.056839277088437806, 10.000100000000018, 0.6667601169508409));
#4573 = CARTESIAN_POINT('', (0.07183219833132581, 10.0001, 0.6270315014727165));
#4574 = CARTESIAN_POINT('', (0.08849774073872552, 10.0001, 0.5879750004178578));
#4575 = CARTESIAN_POINT('', (0.10680587176784902, 10.000100000000002, 0.5496609962563307));
#4576 = CARTESIAN_POINT('', (0.12672359903693572, 10.000100000000003, 0.5121585334271659));
#4577 = CARTESIAN_POINT('', (0.1482150294110059, 10.000099999999994, 0.4755351939066451));
#4578 = CARTESIAN_POINT('', (0.1712414338809208, 10.000100000000003, 0.4398569754182271));
#4579 = CARTESIAN_POINT('', (0.19576131725617954, 10.000099999999987, 0.4051881724907707));
#4580 = CARTESIAN_POINT('', (0.22173049311334822, 10.000099999999993, 0.371591260686913));
#4581 = CARTESIAN_POINT('', (0.24910216324055195, 10.000100000000035, 0.3391267839186853));
#4582 = CARTESIAN_POINT('', (0.2778270020414024, 10.000099999999962, 0.30785324537235875));
#4583 = CARTESIAN_POINT('', (0.3078532453723596, 10.00010000000003, 0.2778270020414029));
#4584 = CARTESIAN_POINT('', (0.3391267839186844, 10.000099999999966, 0.2491021632405511));
#4585 = CARTESIAN_POINT('', (0.371591260686914, 10.000100000000037, 0.22173049311334864));
#4586 = CARTESIAN_POINT('', (0.4051881724907697, 10.000099999999968, 0.19576131725617915));
#4587 = CARTESIAN_POINT('', (0.43985697541822844, 10.000100000000026, 0.17124143388092153));
#4588 = CARTESIAN_POINT('', (0.475535193906644, 10.000099999999982, 0.14821502941100528));
#4589 = CARTESIAN_POINT('', (0.5121585334271678, 10.00010000000002, 0.1267235990369363));
#4590 = CARTESIAN_POINT('', (0.5496609962563295, 10.000099999999987, 0.1068058717678486));
#4591 = CARTESIAN_POINT('', (0.5879750004178593, 10.000100000000018, 0.0884977407387258));
#4592 = CARTESIAN_POINT('', (0.6270315014727155, 10.000099999999986, 0.07183219833132547));
#4593 = CARTESIAN_POINT('', (0.6667601169508396, 10.000100000000002, 0.05683927708843775));
#4594 = CARTESIAN_POINT('', (0.7070892532388814, 10.00010000000001, 0.04354599505801643));
#4595 = CARTESIAN_POINT('', (0.7479462344826282, 10.000099999999982, 0.03197630814233983));
#4596 = CARTESIAN_POINT('', (0.7892574336779901, 10.000100000000025, 0.022151064752840285));
#4597 = CARTESIAN_POINT('', (0.8309484051630719, 10.000099999999964, 0.014087972356768954));
#4598 = CARTESIAN_POINT('', (0.872944019138775, 10.00010000000003, 7.8015578851E-3));
#4599 = CARTESIAN_POINT('', (0.9151685964129548, 10.000099999999966, 3.3031561841E-3));
#4600 = CARTESIAN_POINT('', (0.957546045945075, 10.000100000000046, 6.0086161170E-4));
#4601 = CARTESIAN_POINT('', (0.9858486817405872, 10.000100000000002, 8.8001997512E-19));
#4602 = CARTESIAN_POINT('', (1.0, 10.000099999999998, 0.0));
#4603 = DEFINITIONAL_REPRESENTATION('', (#4605), #4604);
#4604 = (
    GEOMETRIC_REPRESENTATION_CONTEXT(2)
    PARAMETRIC_REPRESENTATION_CONTEXT()
    REPRESENTATION_CONTEXT('2D SPACE', '')
);
#4605 = (
    BOUNDED_CURVE()
    B_SPLINE_CURVE(3, (#4606, #4607, #4608, #4609, #4610, #4611, #4612, #4613, #4614, #4615, #4616, #4617, #4618, #4619, #4620, #4621, #4622, #4623, #4624, #4625, #4626, #4627, #4628, #4629, #4630, #4631, #4632, #4633, #4634, #4635, #4636, #4637, #4638, #4639, #4640, #4641, #4642, #4643, #4644, #4645, #4646, #4647, #4648, #4649, #4650, #4651, #4652, #4653, #4654, #4655, #4656, #4657, #4658, #4659, #4660, #4661, #4662, #4663, #4664, #4665, #4666, #4667, #4668, #4669, #4670, #4671, #4672, #4673, #4674, #4675, #4676, #4677, #4678, #4679, #4680, #4681, #4682, #4683, #4684, #4685, #4686, #4687, #4688, #4689, #4690, #4691, #4692, #4693, #4694, #4695, #4696, #4697, #4698, #4699, #4700, #4701, #4702, #4703, #4704, #4705, #4706, #4707, #4708, #4709, #4710, #4711, #4712, #4713, #4714, #4715, #4716, #4717, #4718, #4719, #4720, #4721, #4722, #4723, #4724, #4725, #4726, #4727, #4728, #4729, #4730, #4731, #4732, #4733, #4734, #4735, #4736, #4737, #4738, #4739, #4740, #4741, #4742, #4743, #4744, #4745, #4746, #4747, #4748, #4749, #4750, #4751, #4752, #4753, #4754, #4755, #4756, #4757, #4758, #4759, #4760, #4761, #4762, #4763, #4764, #4765, #4766, #4767, #4768, #4769, #4770, #4771, #4772, #4773, #4774, #4775, #4776, #4777, #4778, #4779, #4780, #4781, #4782, #4783, #4784, #4785, #4786, #4787, #4788, #4789, #4790, #4791, #4792, #4793, #4794, #4795, #4796, #4797, #4798, #4799, #4800, #4801, #4802, #4803, #4804, #4805, #4806, #4807, #4808, #4809, #4810, #4811, #4812, #4813), .UNSPECIFIED., .U., .U.)
    B_SPLINE_CURVE_WITH_KNOTS((4, 3, 3, 3, 3, 3, 3, 3, 3, 3, 3, 3, 3, 3, 3, 3, 3, 3, 3, 3, 3, 3, 3, 3, 3, 3, 3, 3, 3, 3, 3, 3, 3, 3, 3, 3, 3, 3, 3, 3, 3, 3, 3, 3, 3, 3, 3, 3, 3, 3, 3, 3, 3, 3, 3, 3, 3, 3, 3, 3, 3, 3, 3, 3, 3, 3, 3, 3, 3, 4), (0.0, 0.02272751903935629, 0.04545405952044758, 0.06818060048269636, 0.09090714097528899, 0.11363368175820297, 0.13636022234171286, 0.15908676312140868, 0.18181330374294488, 0.2045398444080396, 0.22726638516542558, 0.2499929257707176, 0.27271946659605506, 0.2954460071326443, 0.31817254803750983, 0.34089908853649936, 0.36362562943359783, 0.38635216992802446, 0.4090787107912313, 0.431805251316411, 0.4545317921144751, 0.47725833270736495, 0.49998487343029346, 0.5227114141136014, 0.545437954756744, 0.568164495540313, 0.5908910361120066, 0.613617576980021, 0.6363441174979801, 0.6590706584056788, 0.6817971988981921, 0.7045237397857228, 0.7272502802885269, 0.7499768211257347, 0.7727033616758123, 0.7954299024431959, 0.8181564430721693, 0.8408829837608902, 0.8636095244871724, 0.8863360650986264, 0.9090626059215327, 0.931789146467465, 0.9545156873597033, 0.9772422278628663, 0.9999687687665473, 1.0226953092586981, 1.045421850127996, 1.06814839064701, 1.0908749314563913, 1.1136014720360297, 1.1363280127706492, 1.1590545534406442, 1.181781094095069, 1.2045076348617858, 1.2272341754449656, 1.2499607163056152, 1.2726872568266605, 1.2954137977285858, 1.3181403382297354, 1.340866879126288, 1.3635934196117776, 1.3863199604562397, 1.4090465010201172, 1.4317730417952683, 1.4544995823748221, 1.4772261230912163, 1.4999526638514473, 1.5226792044340776, 1.5454057451885261, 1.570762387170589), .UNSPECIFIED.)
    CURVE()
    GEOMETRIC_REPRESENTATION_ITEM()
    RATIONAL_B_SPLINE_CURVE((1.0, 1.0, 1.0, 1.0, 1.0, 1.0, 1.0, 1.0, 1.0, 1.0, 1.0, 1.0, 1.0, 1.0, 1.0, 1.0, 1.0, 1.0, 1.0, 1.0, 1.0, 1.0, 1.0, 1.0, 1.0, 1.0, 1.0, 1.0, 1.0, 1.0, 1.0, 1.0, 1.0, 1.0, 1.0, 1.0, 1.0, 1.0, 1.0, 1.0, 1.0, 1.0, 1.0, 1.0, 1.0, 1.0, 1.0, 1.0, 1.0, 1.0, 1.0, 1.0, 1.0, 1.0, 1.0, 1.0, 1.0, 1.0, 1.0, 1.0, 1.0, 1.0, 1.0, 1.0, 1.0, 1.0, 1.0, 1.0, 1.0, 1.0, 1.0, 1.0, 1.0, 1.0, 1.0, 1.0, 1.0, 1.0, 1.0, 1.0, 1.0, 1.0, 1.0, 1.0, 1.0, 1.0, 1.0, 1.0, 1.0, 1.0, 1.0, 1.0, 1.0, 1.0, 1.0, 1.0, 1.0, 1.0, 1.0, 1.0, 1.0, 1.0, 1.0, 1.0, 1.0, 1.0, 1.0, 1.0, 1.0, 1.0, 1.0, 1.0, 1.0, 1.0, 1.0, 1.0, 1.0, 1.0, 1.0, 1.0, 1.0, 1.0, 1.0, 1.0, 1.0, 1.0, 1.0, 1.0, 1.0, 1.0, 1.0, 1.0, 1.0, 1.0, 1.0, 1.0, 1.0, 1.0, 1.0, 1.0, 1.0, 1.0, 1.0, 1.0, 1.0, 1.0, 1.0, 1.0, 1.0, 1.0, 1.0, 1.0, 1.0, 1.0, 1.0, 1.0, 1.0, 1.0, 1.0, 1.0, 1.0, 1.0, 1.0, 1.0, 1.0, 1.0, 1.0, 1.0, 1.0, 1.0, 1.0, 1.0, 1.0, 1.0, 1.0, 1.0, 1.0, 1.0, 1.0, 1.0, 1.0, 1.0, 1.0, 1.0, 1.0, 1.0, 1.0, 1.0, 1.0, 1.0, 1.0, 1.0, 1.0, 1.0, 1.0, 1.0, 1.0, 1.0, 1.0, 1.0, 1.0, 1.0, 1.0, 1.0, 1.0, 1.0, 1.0, 1.0))
    REPRESENTATION_ITEM('')
);
#4606 = CARTESIAN_POINT('', (9.000000000000004, 0.0));
#4607 = CARTESIAN_POINT('', (9.000000000000004, 4.8229293324E-3));
#4608 = CARTESIAN_POINT('', (9.0, 9.6461700585E-3));
#4609 = CARTESIAN_POINT('', (9.0, 0.014469099372491401));
#4610 = CARTESIAN_POINT('', (9.0, 0.019291821029954977));
#4611 = CARTESIAN_POINT('', (9.000000000000007, 0.024114854206603132));
#4612 = CARTESIAN_POINT('', (9.000000000000007, 0.028937575961596084));
#4613 = CARTESIAN_POINT('', (9.000000000000007, 0.03376029781869383));
#4614 = CARTESIAN_POINT('', (9.000000000000014, 0.03858333087243097));
#4615 = CARTESIAN_POINT('', (9.000000000000014, 0.043406052573056284));
#4616 = CARTESIAN_POINT('', (9.000000000000014, 0.04822877417401747));
#4617 = CARTESIAN_POINT('', (9.000000000000009, 0.05305180730934135));
#4618 = CARTESIAN_POINT('', (9.000000000000009, 0.057874529019503386));
#4619 = CARTESIAN_POINT('', (9.000000000000009, 0.06269725079127353));
#4620 = CARTESIAN_POINT('', (8.999999999999995, 0.06752028380162765));
#4621 = CARTESIAN_POINT('', (8.999999999999995, 0.07234300553638337));
#4622 = CARTESIAN_POINT('', (8.999999999999995, 0.07716572722882423));
#4623 = CARTESIAN_POINT('', (8.999999999999993, 0.0819887604897446));
#4624 = CARTESIAN_POINT('', (8.999999999999993, 0.08681148219606678));
#4625 = CARTESIAN_POINT('', (8.999999999999993, 0.09163420394402091));
#4626 = CARTESIAN_POINT('', (9.00000000000001, 0.09645723689760226));
#4627 = CARTESIAN_POINT('', (9.00000000000001, 0.10127995861698084));
#4628 = CARTESIAN_POINT('', (9.00000000000001, 0.10610268030279692));
#4629 = CARTESIAN_POINT('', (9.000000000000014, 0.11092571355205168));
#4630 = CARTESIAN_POINT('', (9.000000000000014, 0.11574843524643436));
#4631 = CARTESIAN_POINT('', (9.000000000000014, 0.12057115695006045));
#4632 = CARTESIAN_POINT('', (9.000000000000004, 0.1253941899141333));
#4633 = CARTESIAN_POINT('', (9.000000000000004, 0.13021691166027566));
#4634 = CARTESIAN_POINT('', (9.000000000000004, 0.13503963342600284));
#4635 = CARTESIAN_POINT('', (8.999999999999998, 0.1398626666903466));
#4636 = CARTESIAN_POINT('', (8.999999999999998, 0.14468538838425282));
#4637 = CARTESIAN_POINT('', (8.999999999999998, 0.14950811004588369));
#4638 = CARTESIAN_POINT('', (9.000000000000007, 0.15433114300485393));
#4639 = CARTESIAN_POINT('', (9.000000000000007, 0.15915386474828833));
#4640 = CARTESIAN_POINT('', (9.000000000000007, 0.16397658653841782));
#4641 = CARTESIAN_POINT('', (9.000000000000004, 0.16879961975807015));
#4642 = CARTESIAN_POINT('', (9.000000000000004, 0.17362234145836722));
#4643 = CARTESIAN_POINT('', (9.000000000000004, 0.17844506309739003));
#4644 = CARTESIAN_POINT('', (8.999999999999995, 0.18326809610555944));
#4645 = CARTESIAN_POINT('', (8.999999999999995, 0.18809081785783135));
#4646 = CARTESIAN_POINT('', (8.999999999999995, 0.19291353968825395));
#4647 = CARTESIAN_POINT('', (8.999999999999988, 0.1977365728494347));
#4648 = CARTESIAN_POINT('', (8.999999999999988, 0.20255929455604466));
#4649 = CARTESIAN_POINT('', (8.999999999999988, 0.20738201617652505));
#4650 = CARTESIAN_POINT('', (8.999999999999984, 0.21220504923807507));
#4651 = CARTESIAN_POINT('', (8.999999999999984, 0.21702777098050466));
#4652 = CARTESIAN_POINT('', (8.999999999999984, 0.2218504928074156));
#4653 = CARTESIAN_POINT('', (8.999999999999991, 0.22667352589737064));
#4654 = CARTESIAN_POINT('', (8.999999999999991, 0.23149624760998955));
#4655 = CARTESIAN_POINT('', (8.999999999999991, 0.23631896923715884));
#4656 = CARTESIAN_POINT('', (9.0, 0.2411420023777293));
#4657 = CARTESIAN_POINT('', (9.0, 0.24596472410606288));
#4658 = CARTESIAN_POINT('', (9.0, 0.25078744591265406));
#4659 = CARTESIAN_POINT('', (9.000000000000002, 0.2556104789402288));
#4660 = CARTESIAN_POINT('', (9.000000000000002, 0.26043320065685766));
#4661 = CARTESIAN_POINT('', (9.000000000000002, 0.2652559223017549));
#4662 = CARTESIAN_POINT('', (9.000000000000002, 0.2700789555065957));
#4663 = CARTESIAN_POINT('', (9.000000000000002, 0.2749016772176751));
#4664 = CARTESIAN_POINT('', (9.000000000000002, 0.2797243989866624));
#4665 = CARTESIAN_POINT('', (9.000000000000002, 0.28454743196964744));
#4666 = CARTESIAN_POINT('', (9.000000000000002, 0.2893701536943937));
#4667 = CARTESIAN_POINT('', (9.000000000000002, 0.29419287537560057));
#4668 = CARTESIAN_POINT('', (9.000000000000002, 0.2990159086265783));
#4669 = CARTESIAN_POINT('', (9.000000000000002, 0.3038386303254498));
#4670 = CARTESIAN_POINT('', (9.000000000000002, 0.3086613520519163));
#4671 = CARTESIAN_POINT('', (9.000000000000002, 0.3134843850094597));
#4672 = CARTESIAN_POINT('', (9.000000000000002, 0.31830710674297946));
#4673 = CARTESIAN_POINT('', (9.000000000000002, 0.32312982846809146));
#4674 = CARTESIAN_POINT('', (9.000000000000002, 0.32795286173278676));
#4675 = CARTESIAN_POINT('', (9.000000000000002, 0.3327755834264508));
#4676 = CARTESIAN_POINT('', (9.000000000000002, 0.33759830511159145));
#4677 = CARTESIAN_POINT('', (9.000000000000002, 0.34242133806784736));
#4678 = CARTESIAN_POINT('', (9.000000000000002, 0.34724405981105233));
#4679 = CARTESIAN_POINT('', (9.000000000000002, 0.35206678158405674));
#4680 = CARTESIAN_POINT('', (9.0, 0.356889814830494));
#4681 = CARTESIAN_POINT('', (9.0, 0.36171253652648094));
#4682 = CARTESIAN_POINT('', (9.0, 0.36653525817750654));
#4683 = CARTESIAN_POINT('', (9.0, 0.37135829115645086));
#4684 = CARTESIAN_POINT('', (9.0, 0.3761810129059863));
#4685 = CARTESIAN_POINT('', (9.0, 0.38100373471840304));
#4686 = CARTESIAN_POINT('', (9.000000000000005, 0.3858267679167544));
#4687 = CARTESIAN_POINT('', (9.000000000000005, 0.39064948961983453));
#4688 = CARTESIAN_POINT('', (9.000000000000005, 0.39547221124863063));
#4689 = CARTESIAN_POINT('', (9.000000000000007, 0.40029524427537455));
#4690 = CARTESIAN_POINT('', (9.000000000000007, 0.4051179660242322));
#4691 = CARTESIAN_POINT('', (9.000000000000007, 0.4099406878557952));
#4692 = CARTESIAN_POINT('', (9.00000000000001, 0.4147637209865053));
#4693 = CARTESIAN_POINT('', (9.00000000000001, 0.4195864426963269));
#4694 = CARTESIAN_POINT('', (9.00000000000001, 0.4244091643180434));
#4695 = CARTESIAN_POINT('', (9.000000000000002, 0.42923219741374496));
#4696 = CARTESIAN_POINT('', (9.000000000000002, 0.43405491915103495));
#4697 = CARTESIAN_POINT('', (9.000000000000002, 0.4388776409721502));
#4698 = CARTESIAN_POINT('', (8.999999999999988, 0.44370067403375507));
#4699 = CARTESIAN_POINT('', (8.999999999999988, 0.44852339574748806));
#4700 = CARTESIAN_POINT('', (8.999999999999988, 0.4533461173795796));
#4701 = CARTESIAN_POINT('', (8.999999999999988, 0.4581691505486));
#4702 = CARTESIAN_POINT('', (8.999999999999988, 0.4629918722691106));
#4703 = CARTESIAN_POINT('', (8.999999999999988, 0.46781459406058384));
#4704 = CARTESIAN_POINT('', (9.000000000000007, 0.4726376270669557));
#4705 = CARTESIAN_POINT('', (9.000000000000007, 0.47746034878683863));
#4706 = CARTESIAN_POINT('', (9.000000000000007, 0.4822830704457906));
#4707 = CARTESIAN_POINT('', (9.000000000000014, 0.4871061036738585));
#4708 = CARTESIAN_POINT('', (9.000000000000014, 0.49192882537916566));
#4709 = CARTESIAN_POINT('', (9.000000000000014, 0.4967515471305866));
#4710 = CARTESIAN_POINT('', (8.999999999999996, 0.5015745801001794));
#4711 = CARTESIAN_POINT('', (8.999999999999996, 0.5063973018285705));
#4712 = CARTESIAN_POINT('', (8.999999999999996, 0.51122002352759));
#4713 = CARTESIAN_POINT('', (8.999999999999996, 0.516043056788377));
#4714 = CARTESIAN_POINT('', (8.999999999999996, 0.5208657784841738));
#4715 = CARTESIAN_POINT('', (8.999999999999996, 0.5256885001926495));
#4716 = CARTESIAN_POINT('', (9.000000000000016, 0.5305115331468522));
#4717 = CARTESIAN_POINT('', (9.000000000000016, 0.5353342548847266));
#4718 = CARTESIAN_POINT('', (9.000000000000016, 0.5401569766305718));
#4719 = CARTESIAN_POINT('', (9.000000000000007, 0.544980009891566));
#4720 = CARTESIAN_POINT('', (9.000000000000007, 0.5498027315853732));
#4721 = CARTESIAN_POINT('', (9.000000000000007, 0.554625453254813));
#4722 = CARTESIAN_POINT('', (8.999999999999988, 0.5594484862175483));
#4723 = CARTESIAN_POINT('', (8.999999999999988, 0.564271207963859));
#4724 = CARTESIAN_POINT('', (8.999999999999988, 0.5690939297550414));
#4725 = CARTESIAN_POINT('', (8.999999999999995, 0.5739169629840154));
#4726 = CARTESIAN_POINT('', (8.999999999999995, 0.5787396846824786));
#4727 = CARTESIAN_POINT('', (8.999999999999995, 0.5835624063221662));
#4728 = CARTESIAN_POINT('', (9.000000000000012, 0.5883854393182418));
#4729 = CARTESIAN_POINT('', (9.000000000000012, 0.5932081610685898));
#4730 = CARTESIAN_POINT('', (9.000000000000012, 0.5980308828924261));
#4731 = CARTESIAN_POINT('', (9.000000000000002, 0.6028539160637449));
#4732 = CARTESIAN_POINT('', (9.000000000000002, 0.6076766377701573));
#4733 = CARTESIAN_POINT('', (9.000000000000002, 0.6124993593940053));
#4734 = CARTESIAN_POINT('', (8.99999999999999, 0.6173223924481914));
#4735 = CARTESIAN_POINT('', (8.99999999999999, 0.6221451141934151));
#4736 = CARTESIAN_POINT('', (8.99999999999999, 0.6269678360236313));
#4737 = CARTESIAN_POINT('', (9.0, 0.6317908691237406));
#4738 = CARTESIAN_POINT('', (9.0, 0.6366135908351602));
#4739 = CARTESIAN_POINT('', (9.0, 0.6414363124592505));
#4740 = CARTESIAN_POINT('', (9.000000000000007, 0.646259345586925));
#4741 = CARTESIAN_POINT('', (9.000000000000007, 0.6510820673174658));
#4742 = CARTESIAN_POINT('', (9.000000000000007, 0.6559047891280396));
#4743 = CARTESIAN_POINT('', (8.999999999999998, 0.6607278221644461));
#4744 = CARTESIAN_POINT('', (8.999999999999998, 0.6655505438805722));
#4745 = CARTESIAN_POINT('', (8.999999999999998, 0.6703732655223658));
#4746 = CARTESIAN_POINT('', (8.999999999999995, 0.6751962987190258));
#4747 = CARTESIAN_POINT('', (8.999999999999995, 0.6800190204323319));
#4748 = CARTESIAN_POINT('', (8.999999999999995, 0.6848417422072558));
#4749 = CARTESIAN_POINT('', (9.000000000000002, 0.6896647751950784));
#4750 = CARTESIAN_POINT('', (9.000000000000002, 0.6944874969180788));
#4751 = CARTESIAN_POINT('', (9.000000000000002, 0.6993102185923262));
#4752 = CARTESIAN_POINT('', (9.000000000000004, 0.7041332518379432));
#4753 = CARTESIAN_POINT('', (9.000000000000004, 0.7089559735385186));
#4754 = CARTESIAN_POINT('', (9.000000000000004, 0.713778695271982));
#4755 = CARTESIAN_POINT('', (8.999999999999995, 0.7186017282327197));
#4756 = CARTESIAN_POINT('', (8.999999999999995, 0.7234244499651733));
#4757 = CARTESIAN_POINT('', (8.999999999999995, 0.7282471716839132));
#4758 = CARTESIAN_POINT('', (8.999999999999996, 0.7330702049485393));
#4759 = CARTESIAN_POINT('', (8.999999999999996, 0.7378929266420843));
#4760 = CARTESIAN_POINT('', (8.999999999999996, 0.7427156483323252));
#4761 = CARTESIAN_POINT('', (9.000000000000007, 0.7475386812862987));
#4762 = CARTESIAN_POINT('', (9.000000000000007, 0.7523614030281094));
#4763 = CARTESIAN_POINT('', (9.000000000000007, 0.7571841247937491));
#4764 = CARTESIAN_POINT('', (9.000000000000009, 0.7620071580459109));
#4765 = CARTESIAN_POINT('', (9.000000000000009, 0.7668298797421208));
#4766 = CARTESIAN_POINT('', (9.000000000000009, 0.771652601399383));
#4767 = CARTESIAN_POINT('', (9.000000000000002, 0.7764756343749172));
#4768 = CARTESIAN_POINT('', (9.000000000000002, 0.7812983561236472));
#4769 = CARTESIAN_POINT('', (9.000000000000002, 0.7861210779312582));
#4770 = CARTESIAN_POINT('', (8.999999999999998, 0.7909441111362339));
#4771 = CARTESIAN_POINT('', (8.999999999999998, 0.7957668328363856));
#4772 = CARTESIAN_POINT('', (8.999999999999998, 0.800589554464471));
#4773 = CARTESIAN_POINT('', (8.999999999999996, 0.8054125874799463));
#4774 = CARTESIAN_POINT('', (8.999999999999996, 0.8102353092303193));
#4775 = CARTESIAN_POINT('', (8.999999999999996, 0.8150580310615175));
#4776 = CARTESIAN_POINT('', (9.000000000000005, 0.819881064207284));
#4777 = CARTESIAN_POINT('', (9.000000000000005, 0.8247037859188676));
#4778 = CARTESIAN_POINT('', (9.000000000000005, 0.829526507545404));
#4779 = CARTESIAN_POINT('', (9.000000000000009, 0.8343495406328831));
#4780 = CARTESIAN_POINT('', (9.000000000000009, 0.8391722623699902));
#4781 = CARTESIAN_POINT('', (9.000000000000009, 0.8439949841910044));
#4782 = CARTESIAN_POINT('', (9.0, 0.8488180172547317));
#4783 = CARTESIAN_POINT('', (9.0, 0.8536407389640064));
#4784 = CARTESIAN_POINT('', (9.0, 0.8584634605860507));
#4785 = CARTESIAN_POINT('', (8.999999999999996, 0.8632864937420152));
#4786 = CARTESIAN_POINT('', (8.999999999999996, 0.8681092154705405));
#4787 = CARTESIAN_POINT('', (8.999999999999996, 0.8729319372752422));
#4788 = CARTESIAN_POINT('', (9.000000000000014, 0.8777549703017535));
#4789 = CARTESIAN_POINT('', (9.000000000000014, 0.8825776920258923));
#4790 = CARTESIAN_POINT('', (9.000000000000014, 0.8874004136904893));
#4791 = CARTESIAN_POINT('', (9.00000000000001, 0.8922234469109822));
#4792 = CARTESIAN_POINT('', (9.00000000000001, 0.8970461686086563));
#4793 = CARTESIAN_POINT('', (9.00000000000001, 0.901868890351164));
#4794 = CARTESIAN_POINT('', (8.999999999999998, 0.9066919233052114));
#4795 = CARTESIAN_POINT('', (8.999999999999998, 0.9115146450261025));
#4796 = CARTESIAN_POINT('', (8.999999999999998, 0.9163373667054864));
#4797 = CARTESIAN_POINT('', (8.999999999999995, 0.9211603999710462));
#4798 = CARTESIAN_POINT('', (8.999999999999995, 0.9259831216831634));
#4799 = CARTESIAN_POINT('', (8.999999999999995, 0.9308058434243192));
#4800 = CARTESIAN_POINT('', (9.00000000000001, 0.9356288764066417));
#4801 = CARTESIAN_POINT('', (9.00000000000001, 0.9404515981472843));
#4802 = CARTESIAN_POINT('', (9.00000000000001, 0.9452743198972293));
#4803 = CARTESIAN_POINT('', (9.000000000000002, 0.9500973531363951));
#4804 = CARTESIAN_POINT('', (9.000000000000002, 0.954920074807735));
#4805 = CARTESIAN_POINT('', (9.000000000000002, 0.9597427964413868));
#4806 = CARTESIAN_POINT('', (8.99999999999998, 0.9645658293697373));
#4807 = CARTESIAN_POINT('', (8.99999999999998, 0.9693885511200837));
#4808 = CARTESIAN_POINT('', (8.99999999999998, 0.974211272906891));
#4809 = CARTESIAN_POINT('', (8.999999999999988, 0.9790343061985001));
#4810 = CARTESIAN_POINT('', (8.999999999999988, 0.9838570279277399));
#4811 = CARTESIAN_POINT('', (8.999999999999988, 0.989237874471379));
#4812 = CARTESIAN_POINT('', (9.000000000000005, 0.9946191534511242));
#4813 = CARTESIAN_POINT('', (9.000000000000005, 1.0));
#4814 = SURFACE_CURVE('', #4815, (#4818, #4829), .CURVE_3D.);
#4815 = (
    BOUNDED_CURVE()
    B_SPLINE_CURVE(1, (#4816, #4817), .UNSPECIFIED., .U., .U.)
    B_SPLINE_CURVE_WITH_KNOTS((2, 2), (0.0, 10.0), .UNSPECIFIED.)
    CURVE()
    GEOMETRIC_REPRESENTATION_ITEM()
    RATIONAL_B_SPLINE_CURVE((1.0, 1.0))
    REPRESENTATION_ITEM('')
);
#4816 = CARTESIAN_POINT('', (0.0, 10.0, 10.0));
#4817 = CARTESIAN_POINT('', (10.0, 10.0, 10.0));
#4818 = PCURVE('', #4819, #4824);
#4819 = (
    BOUNDED_SURFACE()
    B_SPLINE_SURFACE(1, 1, ((#4820, #4821), (#4822, #4823)), .UNSPECIFIED., .U., .U., .U.)
    B_SPLINE_SURFACE_WITH_KNOTS((2, 2), (2, 2), (0.0, 1.0), (0.0, 1.0), .UNSPECIFIED.)
    GEOMETRIC_REPRESENTATION_ITEM()
    RATIONAL_B_SPLINE_SURFACE(((1.0, 1.0), (1.0, 1.0)))
    REPRESENTATION_ITEM('')
    SURFACE()
);
#4820 = CARTESIAN_POINT('', (10.0, 10.0, 0.0));
#4821 = CARTESIAN_POINT('', (10.0, 10.0, 10.0));
#4822 = CARTESIAN_POINT('', (0.0, 10.0, 0.0));
#4823 = CARTESIAN_POINT('', (0.0, 10.0, 10.0));
#4824 = DEFINITIONAL_REPRESENTATION('', (#4826), #4825);
#4825 = (
    GEOMETRIC_REPRESENTATION_CONTEXT(2)
    PARAMETRIC_REPRESENTATION_CONTEXT()
    REPRESENTATION_CONTEXT('2D SPACE', '')
);
#4826 = (
    BOUNDED_CURVE()
    B_SPLINE_CURVE(1, (#4827, #4828), .UNSPECIFIED., .U., .U.)
    B_SPLINE_CURVE_WITH_KNOTS((2, 2), (0.0, 10.0), .UNSPECIFIED.)
    CURVE()
    GEOMETRIC_REPRESENTATION_ITEM()
    RATIONAL_B_SPLINE_CURVE((1.0, 1.0))
    REPRESENTATION_ITEM('')
);
#4827 = CARTESIAN_POINT('', (1.0, 1.0));
#4828 = CARTESIAN_POINT('', (0.0, 1.0));
#4829 = PCURVE('', #4830, #4835);
#4830 = (
    BOUNDED_SURFACE()
    B_SPLINE_SURFACE(1, 1, ((#4831, #4832), (#4833, #4834)), .UNSPECIFIED., .U., .U., .U.)
    B_SPLINE_SURFACE_WITH_KNOTS((2, 2), (2, 2), (0.0, 1.0), (0.0, 1.0), .UNSPECIFIED.)
    GEOMETRIC_REPRESENTATION_ITEM()
    RATIONAL_B_SPLINE_SURFACE(((1.0, 1.0), (1.0, 1.0)))
    REPRESENTATION_ITEM('')
    SURFACE()
);
#4831 = CARTESIAN_POINT('', (0.0, 0.0, 10.0));
#4832 = CARTESIAN_POINT('', (0.0, 10.0, 10.0));
#4833 = CARTESIAN_POINT('', (10.0, 0.0, 10.0));
#4834 = CARTESIAN_POINT('', (10.0, 10.0, 10.0));
#4835 = DEFINITIONAL_REPRESENTATION('', (#4837), #4836);
#4836 = (
    GEOMETRIC_REPRESENTATION_CONTEXT(2)
    PARAMETRIC_REPRESENTATION_CONTEXT()
    REPRESENTATION_CONTEXT('2D SPACE', '')
);
#4837 = (
    BOUNDED_CURVE()
    B_SPLINE_CURVE(1, (#4838, #4839), .UNSPECIFIED., .U., .U.)
    B_SPLINE_CURVE_WITH_KNOTS((2, 2), (0.0, 10.0), .UNSPECIFIED.)
    CURVE()
    GEOMETRIC_REPRESENTATION_ITEM()
    RATIONAL_B_SPLINE_CURVE((1.0, 1.0))
    REPRESENTATION_ITEM('')
);
#4838 = CARTESIAN_POINT('', (0.0, 1.0));
#4839 = CARTESIAN_POINT('', (1.0, 1.0));
#4840 = SURFACE_CURVE('', #4841, (#4847, #4861), .CURVE_3D.);
#4841 = (
    BOUNDED_CURVE()
    B_SPLINE_CURVE(3, (#4842, #4843, #4844, #4845, #4846), .UNSPECIFIED., .U., .U.)
    B_SPLINE_CURVE_WITH_KNOTS((4, 1, 4), (0.0, 4.500000000000002, 9.000000000000004), .UNSPECIFIED.)
    CURVE()
    GEOMETRIC_REPRESENTATION_ITEM()
    RATIONAL_B_SPLINE_CURVE((1.0, 1.0, 1.0, 1.0, 1.0))
    REPRESENTATION_ITEM('')
);
#4842 = CARTESIAN_POINT('', (1.0000000000000002, 0.0, 1.0000000000000002));
#4843 = CARTESIAN_POINT('', (1.0000000000000002, 0.0, 2.500000000000001));
#4844 = CARTESIAN_POINT('', (1.0, 0.0, 5.5));
#4845 = CARTESIAN_POINT('', (1.0, 0.0, 8.5));
#4846 = CARTESIAN_POINT('', (1.0, 0.0, 10.0));
#4847 = PCURVE('', #4848, #4853);
#4848 = (
    BOUNDED_SURFACE()
    B_SPLINE_SURFACE(1, 1, ((#4849, #4850), (#4851, #4852)), .UNSPECIFIED., .U., .U., .U.)
    B_SPLINE_SURFACE_WITH_KNOTS((2, 2), (2, 2), (0.0, 1.0), (0.0, 1.0), .UNSPECIFIED.)
    GEOMETRIC_REPRESENTATION_ITEM()
    RATIONAL_B_SPLINE_SURFACE(((1.0, 1.0), (1.0, 1.0)))
    REPRESENTATION_ITEM('')
    SURFACE()
);
#4849 = CARTESIAN_POINT('', (0.0, 0.0, 0.0));
#4850 = CARTESIAN_POINT('', (0.0, 0.0, 10.0));
#4851 = CARTESIAN_POINT('', (10.0, 0.0, 0.0));
#4852 = CARTESIAN_POINT('', (10.0, 0.0, 10.0));
#4853 = DEFINITIONAL_REPRESENTATION('', (#4855), #4854);
#4854 = (
    GEOMETRIC_REPRESENTATION_CONTEXT(2)
    PARAMETRIC_REPRESENTATION_CONTEXT()
    REPRESENTATION_CONTEXT('2D SPACE', '')
);
#4855 = (
    BOUNDED_CURVE()
    B_SPLINE_CURVE(3, (#4856, #4857, #4858, #4859, #4860), .UNSPECIFIED., .U., .U.)
    B_SPLINE_CURVE_WITH_KNOTS((4, 1, 4), (0.0, 4.500000000000002, 9.000000000000004), .UNSPECIFIED.)
    CURVE()
    GEOMETRIC_REPRESENTATION_ITEM()
    RATIONAL_B_SPLINE_CURVE((1.0, 1.0, 1.0, 1.0, 1.0))
    REPRESENTATION_ITEM('')
);
#4856 = CARTESIAN_POINT('', (0.10000000000000002, 0.10000000000000002));
#4857 = CARTESIAN_POINT('', (0.10000000000000002, 0.2500000000000001));
#4858 = CARTESIAN_POINT('', (0.1, 0.55));
#4859 = CARTESIAN_POINT('', (0.1, 0.85));
#4860 = CARTESIAN_POINT('', (0.1, 1.0));
#4861 = PCURVE('', #4862, #5183);
#4862 = (
    BOUNDED_SURFACE()
    B_SPLINE_SURFACE(3, 3, ((#4863, #4864, #4865, #4866, #4867, #4868, #4869, #4870, #4871, #4872, #4873, #4874, #4875, #4876, #4877, #4878, #4879, #4880, #4881, #4882, #4883, #4884, #4885, #4886, #4887, #4888, #4889, #4890, #4891, #4892, #4893, #4894, #4895, #4896, #4897, #4898, #4899, #4900, #4901, #4902), (#4903, #4904, #4905, #4906, #4907, #4908, #4909, #4910, #4911, #4912, #4913, #4914, #4915, #4916, #4917, #4918, #4919, #4920, #4921, #4922, #4923, #4924, #4925, #4926, #4927, #4928, #4929, #4930, #4931, #4932, #4933, #4934, #4935, #4936, #4937, #4938, #4939, #4940, #4941, #4942), (#4943, #4944, #4945, #4946, #4947, #4948, #4949, #4950, #4951, #4952, #4953, #4954, #4955, #4956, #4957, #4958, #4959, #4960, #4961, #4962, #4963, #4964, #4965, #4966, #4967, #4968, #4969, #4970, #4971, #4972, #4973, #4974, #4975, #4976, #4977, #4978, #4979, #4980, #4981, #4982), (#4983, #4984, #4985, #4986, #4987, #4988, #4989, #4990, #4991, #4992, #4993, #4994, #4995, #4996, #4997, #4998, #4999, #5000, #5001, #5002, #5003, #5004, #5005, #5006, #5007, #5008, #5009, #5010, #5011, #5012, #5013, #5014, #5015, #5016, #5017, #5018, #5019, #5020, #5021, #5022), (#5023, #5024, #5025, #5026, #5027, #5028, #5029, #5030, #5031, #5032, #5033, #5034, #5035, #5036, #5037, #5038, #5039, #5040, #5041, #5042, #5043, #5044, #5045, #5046, #5047, #5048, #5049, #5050, #5051, #5052, #5053, #5054, #5055, #5056, #5057, #5058, #5059, #5060, #5061, #5062), (#5063, #5064, #5065, #5066, #5067, #5068, #5069, #5070, #5071, #5072, #5073, #5074, #5075, #5076, #5077, #5078, #5079, #5080, #5081, #5082, #5083, #5084, #5085, #5086, #5087, #5088, #5089, #5090, #5091, #5092, #5093, #5094, #5095, #5096, #5097, #5098, #5099, #5100, #5101, #5102), (#5103, #5104, #5105, #5106, #5107, #5108, #5109, #5110, #5111, #5112, #5113, #5114, #5115, #5116, #5117, #5118, #5119, #5120, #5121, #5122, #5123, #5124, #5125, #5126, #5127, #5128, #5129, #5130, #5131, #5132, #5133, #5134, #5135, #5136, #5137, #5138, #5139, #5140, #5141, #5142), (#5143, #5144, #5145, #5146, #5147, #5148, #5149, #5150, #5151, #5152, #5153, #5154, #5155, #5156, #5157, #5158, #5159, #5160, #5161, #5162, #5163, #5164, #5165, #5166, #5167, #5168, #5169, #5170, #5171, #5172, #5173, #5174, #5175, #5176, #5177, #5178, #5179, #5180, #5181, #5182)), .UNSPECIFIED., .U., .U., .U.)
    B_SPLINE_SURFACE_WITH_KNOTS((4, 1, 3, 4), (4, 1, 1, 1, 1, 1, 1, 1, 1, 1, 1, 1, 1, 1, 1, 1, 1, 1, 1, 1, 1, 1, 1, 1, 1, 1, 1, 1, 1, 1, 1, 1, 1, 1, 1, 1, 1, 4), (0.0, 4.500000000000002, 9.000000000000004, 9.000100000000003), (0.0, 0.02702702702702703, 0.05405405405405406, 0.08108108108108109, 0.10810810810810811, 0.13513513513513514, 0.16216216216216217, 0.1891891891891892, 0.21621621621621623, 0.24324324324324326, 0.2702702702702703, 0.2972972972972973, 0.32432432432432434, 0.35135135135135137, 0.3783783783783784, 0.40540540540540543, 0.43243243243243246, 0.4594594594594595, 0.4864864864864865, 0.5135135135135136, 0.5405405405405406, 0.5675675675675675, 0.5945945945945946, 0.6216216216216217, 0.6486486486486487, 0.6756756756756757, 0.7027027027027027, 0.7297297297297298, 0.7567567567567568, 0.7837837837837838, 0.8108108108108109, 0.8378378378378379, 0.8648648648648649, 0.8918918918918919, 0.918918918918919, 0.945945945945946, 0.972972972972973, 1.0), .UNSPECIFIED.)
    GEOMETRIC_REPRESENTATION_ITEM()
    RATIONAL_B_SPLINE_SURFACE(((1.0, 1.0, 1.0, 1.0, 1.0, 1.0, 1.0, 1.0, 1.0, 1.0, 1.0, 1.0, 1.0, 1.0, 1.0, 1.0, 1.0, 1.0, 1.0, 1.0, 1.0, 1.0, 1.0, 1.0, 1.0, 1.0, 1.0, 1.0, 1.0, 1.0, 1.0, 1.0, 1.0, 1.0, 1.0, 1.0, 1.0, 1.0, 1.0, 1.0), (1.0, 1.0, 1.0, 1.0, 1.0, 1.0, 1.0, 1.0, 1.0, 1.0, 1.0, 1.0, 1.0, 1.0, 1.0, 1.0, 1.0, 1.0, 1.0, 1.0, 1.0, 1.0, 1.0, 1.0, 1.0, 1.0, 1.0, 1.0, 1.0, 1.0, 1.0, 1.0, 1.0, 1.0, 1.0, 1.0, 1.0, 1.0, 1.0, 1.0), (1.0, 1.0, 1.0, 1.0, 1.0, 1.0, 1.0, 1.0, 1.0, 1.0, 1.0, 1.0, 1.0, 1.0, 1.0, 1.0, 1.0, 1.0, 1.0, 1.0, 1.0, 1.0, 1.0, 1.0, 1.0, 1.0, 1.0, 1.0, 1.0, 1.0, 1.0, 1.0, 1.0, 1.0, 1.0, 1.0, 1.0, 1.0, 1.0, 1.0), (1.0, 1.0, 1.0, 1.0, 1.0, 1.0, 1.0, 1.0, 1.0, 1.0, 1.0, 1.0, 1.0, 1.0, 1.0, 1.0, 1.0, 1.0, 1.0, 1.0, 1.0, 1.0, 1.0, 1.0, 1.0, 1.0, 1.0, 1.0, 1.0, 1.0, 1.0, 1.0, 1.0, 1.0, 1.0, 1.0, 1.0, 1.0, 1.0, 1.0), (1.0, 1.0, 1.0, 1.0, 1.0, 1.0, 1.0, 1.0, 1.0, 1.0, 1.0, 1.0, 1.0, 1.0, 1.0, 1.0, 1.0, 1.0, 1.0, 1.0, 1.0, 1.0, 1.0, 1.0, 1.0, 1.0, 1.0, 1.0, 1.0, 1.0, 1.0, 1.0, 1.0, 1.0, 1.0, 1.0, 1.0, 1.0, 1.0, 1.0), (1.0, 1.0, 1.0, 1.0, 1.0, 1.0, 1.0, 1.0, 1.0, 1.0, 1.0, 1.0, 1.0, 1.0, 1.0, 1.0, 1.0, 1.0, 1.0, 1.0, 1.0, 1.0, 1.0, 1.0, 1.0, 1.0, 1.0, 1.0, 1.0, 1.0, 1.0, 1.0, 1.0, 1.0, 1.0, 1.0, 1.0, 1.0, 1.0, 1.0), (1.0, 1.0, 1.0, 1.0, 1.0, 1.0, 1.0, 1.0, 1.0, 1.0, 1.0, 1.0, 1.0, 1.0, 1.0, 1.0, 1.0, 1.0, 1.0, 1.0, 1.0, 1.0, 1.0, 1.0, 1.0, 1.0, 1.0, 1.0, 1.0, 1.0, 1.0, 1.0, 1.0, 1.0, 1.0, 1.0, 1.0, 1.0, 1.0, 1.0), (1.0, 1.0, 1.0, 1.0, 1.0, 1.0, 1.0, 1.0, 1.0, 1.0, 1.0, 1.0, 1.0, 1.0, 1.0, 1.0, 1.0, 1.0, 1.0, 1.0, 1.0, 1.0, 1.0, 1.0, 1.0, 1.0, 1.0, 1.0, 1.0, 1.0, 1.0, 1.0, 1.0, 1.0, 1.0, 1.0, 1.0, 1.0, 1.0, 1.0)))
    REPRESENTATION_ITEM('')
    SURFACE()
);
#4863 = CARTESIAN_POINT('', (1.0000000000000002, 0.0, 1.0000000000000002));
#4864 = CARTESIAN_POINT('', (0.9858486817405867, 9.9261673506E-24, 1.0000000000000002));
#4865 = CARTESIAN_POINT('', (0.9575460459450705, 6.0086161170E-4, 1.0000000000000004));
#4866 = CARTESIAN_POINT('', (0.9151685964129563, 3.3031561841E-3, 0.9999999999999991));
#4867 = CARTESIAN_POINT('', (0.8729440191387751, 7.8015578851E-3, 1.0000000000000013));
#4868 = CARTESIAN_POINT('', (0.8309484051630711, 0.014087972356768782, 0.999999999999998));
#4869 = CARTESIAN_POINT('', (0.789257433677989, 0.022151064752840417, 1.000000000000001));
#4870 = CARTESIAN_POINT('', (0.7479462344826295, 0.0319763081423398, 1.0000000000000004));
#4871 = CARTESIAN_POINT('', (0.7070892532388805, 0.04354599505801641, 0.9999999999999993));
#4872 = CARTESIAN_POINT('', (0.6667601169508405, 0.056839277088437765, 1.0000000000000029));
#4873 = CARTESIAN_POINT('', (0.6270315014727166, 0.07183219833132579, 0.9999999999999979));
#4874 = CARTESIAN_POINT('', (0.5879750004178579, 0.0884977407387255, 1.0000000000000009));
#4875 = CARTESIAN_POINT('', (0.5496609962563305, 0.10680587176784899, 1.0000000000000009));
#4876 = CARTESIAN_POINT('', (0.5121585334271662, 0.12672359903693567, 0.9999999999999993));
#4877 = CARTESIAN_POINT('', (0.47553519390664506, 0.14821502941100584, 1.0000000000000002));
#4878 = CARTESIAN_POINT('', (0.4398569754182275, 0.17124143388092075, 1.0000000000000002));
#4879 = CARTESIAN_POINT('', (0.40518817249077027, 0.19576131725617948, 0.9999999999999992));
#4880 = CARTESIAN_POINT('', (0.3715912606869135, 0.22173049311334803, 1.000000000000001));
#4881 = CARTESIAN_POINT('', (0.33912678391868534, 0.24910216324055184, 1.0000000000000007));
#4882 = CARTESIAN_POINT('', (0.3078532453723589, 0.27782700204140237, 1.0000000000000009));
#4883 = CARTESIAN_POINT('', (0.27782700204140304, 0.3078532453723595, 0.9999999999999977));
#4884 = CARTESIAN_POINT('', (0.24910216324055112, 0.3391267839186841, 1.000000000000001));
#4885 = CARTESIAN_POINT('', (0.2217304931133488, 0.3715912606869137, 0.9999999999999992));
#4886 = CARTESIAN_POINT('', (0.19576131725617957, 0.40518817249076955, 0.999999999999999));
#4887 = CARTESIAN_POINT('', (0.17124143388092153, 0.43985697541822816, 1.0000000000000009));
#4888 = CARTESIAN_POINT('', (0.14821502941100556, 0.4755351939066439, 1.0000000000000004));
#4889 = CARTESIAN_POINT('', (0.12672359903693642, 0.5121585334271673, 0.999999999999999));
#4890 = CARTESIAN_POINT('', (0.1068058717678489, 0.549660996256329, 1.000000000000001));
#4891 = CARTESIAN_POINT('', (0.08849774073872597, 0.5879750004178591, 0.9999999999999982));
#4892 = CARTESIAN_POINT('', (0.07183219833132565, 0.6270315014727152, 1.000000000000001));
#4893 = CARTESIAN_POINT('', (0.056839277088437994, 0.666760116950839, 0.9999999999999976));
#4894 = CARTESIAN_POINT('', (0.043545995058016554, 0.7070892532388812, 1.000000000000002));
#4895 = CARTESIAN_POINT('', (0.03197630814234007, 0.747946234482628, 0.9999999999999979));
#4896 = CARTESIAN_POINT('', (0.022151064752840493, 0.7892574336779898, 1.0000000000000018));
#4897 = CARTESIAN_POINT('', (0.014087972356769169, 0.8309484051630716, 0.9999999999999984));
#4898 = CARTESIAN_POINT('', (7.8015578851E-3, 0.8729440191387747, 1.0000000000000013));
#4899 = CARTESIAN_POINT('', (3.3031561841E-3, 0.9151685964129546, 0.9999999999999973));
#4900 = CARTESIAN_POINT('', (6.0086161170E-4, 0.9575460459450745, 1.0000000000000033));
#4901 = CARTESIAN_POINT('', (2.2291110805E-16, 0.9858486817405865, 1.0));
#4902 = CARTESIAN_POINT('', (0.0, 0.9999999999999998, 1.0));
#4903 = CARTESIAN_POINT('', (1.0000000000000002, 0.0, 2.500000000000001));
#4904 = CARTESIAN_POINT('', (0.9858486817405869, 9.9261673506E-24, 2.5000000000000018));
#4905 = CARTESIAN_POINT('', (0.9575460459450713, 6.0086161170E-4, 2.4999999999999942));
#4906 = CARTESIAN_POINT('', (0.9151685964129563, 3.3031561841E-3, 2.500000000000009));
#4907 = CARTESIAN_POINT('', (0.8729440191387752, 7.8015578851E-3, 2.4999999999999982));
#4908 = CARTESIAN_POINT('', (0.8309484051630714, 0.014087972356768784, 2.500000000000002));
#4909 = CARTESIAN_POINT('', (0.7892574336779891, 0.02215106475284042, 2.5000000000000027));
#4910 = CARTESIAN_POINT('', (0.7479462344826296, 0.03197630814233981, 2.5000000000000027));
#4911 = CARTESIAN_POINT('', (0.7070892532388806, 0.043545995058016415, 2.5000000000000027));
#4912 = CARTESIAN_POINT('', (0.6667601169508408, 0.05683927708843778, 2.499999999999997));
#4913 = CARTESIAN_POINT('', (0.6270315014727167, 0.0718321983313258, 2.500000000000006));
#4914 = CARTESIAN_POINT('', (0.5879750004178579, 0.08849774073872553, 2.4999999999999942));
#4915 = CARTESIAN_POINT('', (0.5496609962563308, 0.106805871767849, 2.5000000000000138));
#4916 = CARTESIAN_POINT('', (0.5121585334271661, 0.1267235990369357, 2.4999999999999942));
#4917 = CARTESIAN_POINT('', (0.4755351939066452, 0.14821502941100587, 2.500000000000004));
#4918 = CARTESIAN_POINT('', (0.4398569754182274, 0.17124143388092078, 2.4999999999999933));
#4919 = CARTESIAN_POINT('', (0.40518817249077066, 0.1957613172561795, 2.500000000000003));
#4920 = CARTESIAN_POINT('', (0.37159126068691345, 0.22173049311334805, 2.4999999999999973));
#4921 = CARTESIAN_POINT('', (0.33912678391868545, 0.24910216324055187, 2.5000000000000093));
#4922 = CARTESIAN_POINT('', (0.307853245372359, 0.2778270020414024, 2.5000000000000093));
#4923 = CARTESIAN_POINT('', (0.2778270020414031, 0.3078532453723596, 2.4999999999999907));
#4924 = CARTESIAN_POINT('', (0.24910216324055123, 0.33912678391868417, 2.500000000000009));
#4925 = CARTESIAN_POINT('', (0.22173049311334886, 0.3715912606869138, 2.4999999999999916));
#4926 = CARTESIAN_POINT('', (0.19576131725617946, 0.40518817249076966, 2.500000000000004));
#4927 = CARTESIAN_POINT('', (0.17124143388092172, 0.4398569754182282, 2.5000000000000018));
#4928 = CARTESIAN_POINT('', (0.1482150294110055, 0.475535193906644, 2.5000000000000027));
#4929 = CARTESIAN_POINT('', (0.12672359903693653, 0.5121585334271674, 2.4999999999999987));
#4930 = CARTESIAN_POINT('', (0.10680587176784888, 0.5496609962563291, 2.5000000000000044));
#4931 = CARTESIAN_POINT('', (0.08849774073872603, 0.5879750004178592, 2.5000000000000018));
#4932 = CARTESIAN_POINT('', (0.07183219833132569, 0.6270315014727154, 2.5000000000000027));
#4933 = CARTESIAN_POINT('', (0.056839277088438014, 0.6667601169508391, 2.4999999999999987));
#4934 = CARTESIAN_POINT('', (0.04354599505801664, 0.7070892532388813, 2.4999999999999942));
#4935 = CARTESIAN_POINT('', (0.03197630814234009, 0.7479462344826281, 2.500000000000011));
#4936 = CARTESIAN_POINT('', (0.02215106475284053, 0.7892574336779901, 2.499999999999992));
#4937 = CARTESIAN_POINT('', (0.014087972356769198, 0.8309484051630718, 2.500000000000015));
#4938 = CARTESIAN_POINT('', (7.8015578851E-3, 0.872944019138775, 2.499999999999987));
#4939 = CARTESIAN_POINT('', (3.3031561841E-3, 0.9151685964129547, 2.500000000000009));
#4940 = CARTESIAN_POINT('', (6.0086161170E-4, 0.9575460459450746, 2.499999999999998));
#4941 = CARTESIAN_POINT('', (2.5037451630E-16, 0.9858486817405867, 2.5000000000000018));
#4942 = CARTESIAN_POINT('', (0.0, 0.9999999999999998, 2.500000000000001));
#4943 = CARTESIAN_POINT('', (1.0, 0.0, 5.5));
#4944 = CARTESIAN_POINT('', (0.9858486817405869, 9.9261673506E-24, 5.500000000000003));
#4945 = CARTESIAN_POINT('', (0.9575460459450721, 6.0086161170E-4, 5.499999999999989));
#4946 = CARTESIAN_POINT('', (0.9151685964129557, 3.3031561841E-3, 5.500000000000005));
#4947 = CARTESIAN_POINT('', (0.8729440191387753, 7.8015578851E-3, 5.500000000000004));
#4948 = CARTESIAN_POINT('', (0.8309484051630713, 0.014087972356768785, 5.499999999999991));
#4949 = CARTESIAN_POINT('', (0.7892574336779891, 0.022151064752840424, 5.500000000000008));
#4950 = CARTESIAN_POINT('', (0.7479462344826293, 0.031976308142339815, 5.499999999999998));
#4951 = CARTESIAN_POINT('', (0.7070892532388802, 0.04354599505801643, 5.500000000000009));
#4952 = CARTESIAN_POINT('', (0.666760116950841, 0.05683927708843779, 5.500000000000002));
#4953 = CARTESIAN_POINT('', (0.6270315014727164, 0.07183219833132581, 5.500000000000007));
#4954 = CARTESIAN_POINT('', (0.5879750004178577, 0.08849774073872554, 5.499999999999995));
#4955 = CARTESIAN_POINT('', (0.5496609962563307, 0.10680587176784903, 5.500000000000017));
#4956 = CARTESIAN_POINT('', (0.5121585334271657, 0.12672359903693572, 5.499999999999998));
#4957 = CARTESIAN_POINT('', (0.4755351939066451, 0.1482150294110059, 5.5));
#4958 = CARTESIAN_POINT('', (0.439856975418227, 0.1712414338809208, 5.4999999999999964));
#4959 = CARTESIAN_POINT('', (0.40518817249077077, 0.19576131725617957, 5.5));
#4960 = CARTESIAN_POINT('', (0.37159126068691295, 0.22173049311334808, 5.499999999999995));
#4961 = CARTESIAN_POINT('', (0.3391267839186853, 0.24910216324055193, 5.500000000000023));
#4962 = CARTESIAN_POINT('', (0.3078532453723587, 0.2778270020414024, 5.4999999999999964));
#4963 = CARTESIAN_POINT('', (0.27782700204140287, 0.30785324537235964, 5.500000000000002));
#4964 = CARTESIAN_POINT('', (0.24910216324055112, 0.3391267839186842, 5.499999999999996));
#4965 = CARTESIAN_POINT('', (0.22173049311334858, 0.37159126068691384, 5.5000000000000036));
#4966 = CARTESIAN_POINT('', (0.19576131725617907, 0.40518817249076977, 5.499999999999995));
#4967 = CARTESIAN_POINT('', (0.17124143388092153, 0.43985697541822827, 5.500000000000011));
#4968 = CARTESIAN_POINT('', (0.14821502941100523, 0.475535193906644, 5.499999999999995));
#4969 = CARTESIAN_POINT('', (0.1267235990369363, 0.5121585334271674, 5.500000000000008));
#4970 = CARTESIAN_POINT('', (0.10680587176784853, 0.5496609962563292, 5.499999999999998));
#4971 = CARTESIAN_POINT('', (0.08849774073872577, 0.5879750004178592, 5.5000000000000115));
#4972 = CARTESIAN_POINT('', (0.07183219833132543, 0.6270315014727155, 5.4999999999999964));
#4973 = CARTESIAN_POINT('', (0.056839277088437716, 0.6667601169508393, 5.5000000000000036));
#4974 = CARTESIAN_POINT('', (0.04354599505801641, 0.7070892532388815, 5.499999999999992));
#4975 = CARTESIAN_POINT('', (0.03197630814233979, 0.7479462344826282, 5.500000000000011));
#4976 = CARTESIAN_POINT('', (0.022151064752840247, 0.7892574336779902, 5.4999999999999964));
#4977 = CARTESIAN_POINT('', (0.01408797235676892, 0.8309484051630719, 5.500000000000009));
#4978 = CARTESIAN_POINT('', (7.8015578851E-3, 0.8729440191387751, 5.499999999999995));
#4979 = CARTESIAN_POINT('', (3.3031561841E-3, 0.9151685964129548, 5.500000000000001));
#4980 = CARTESIAN_POINT('', (6.0086161170E-4, 0.9575460459450748, 5.500000000000011));
#4981 = CARTESIAN_POINT('', (-3.6140938750E-17, 0.9858486817405869, 5.500000000000003));
#4982 = CARTESIAN_POINT('', (0.0, 0.9999999999999998, 5.5));
#4983 = CARTESIAN_POINT('', (1.0, 0.0, 8.5));
#4984 = CARTESIAN_POINT('', (0.9858486817405867, 9.9261673506E-24, 8.500000000000004));
#4985 = CARTESIAN_POINT('', (0.957546045945072, 6.0086161170E-4, 8.499999999999991));
#4986 = CARTESIAN_POINT('', (0.9151685964129554, 3.3031561841E-3, 8.499999999999988));
#4987 = CARTESIAN_POINT('', (0.8729440191387752, 7.8015578851E-3, 8.50000000000002));
#4988 = CARTESIAN_POINT('', (0.8309484051630711, 0.014087972356768785, 8.499999999999972));
#4989 = CARTESIAN_POINT('', (0.789257433677989, 0.02215106475284042, 8.500000000000014));
#4990 = CARTESIAN_POINT('', (0.7479462344826291, 0.03197630814233981, 8.499999999999993));
#4991 = CARTESIAN_POINT('', (0.70708925323888, 0.043545995058016415, 8.50000000000001));
#4992 = CARTESIAN_POINT('', (0.6667601169508408, 0.056839277088437785, 8.500000000000018));
#4993 = CARTESIAN_POINT('', (0.6270315014727161, 0.07183219833132581, 8.5));
#4994 = CARTESIAN_POINT('', (0.5879750004178577, 0.08849774073872553, 8.500000000000002));
#4995 = CARTESIAN_POINT('', (0.5496609962563305, 0.10680587176784903, 8.500000000000007));
#4996 = CARTESIAN_POINT('', (0.5121585334271656, 0.12672359903693572, 8.500000000000007));
#4997 = CARTESIAN_POINT('', (0.47553519390664495, 0.1482150294110059, 8.499999999999995));
#4998 = CARTESIAN_POINT('', (0.4398569754182269, 0.1712414338809208, 8.500000000000005));
#4999 = CARTESIAN_POINT('', (0.40518817249077066, 0.19576131725617957, 8.499999999999993));
#5000 = CARTESIAN_POINT('', (0.3715912606869128, 0.22173049311334814, 8.499999999999996));
#5001 = CARTESIAN_POINT('', (0.3391267839186851, 0.24910216324055195, 8.500000000000032));
#5002 = CARTESIAN_POINT('', (0.3078532453723586, 0.2778270020414024, 8.49999999999997));
#5003 = CARTESIAN_POINT('', (0.27782700204140265, 0.3078532453723596, 8.500000000000025));
#5004 = CARTESIAN_POINT('', (0.249102163240551, 0.3391267839186842, 8.49999999999997));
#5005 = CARTESIAN_POINT('', (0.22173049311334841, 0.37159126068691384, 8.500000000000032));
#5006 = CARTESIAN_POINT('', (0.19576131725617896, 0.4051881724907697, 8.499999999999975));
#5007 = CARTESIAN_POINT('', (0.17124143388092133, 0.43985697541822827, 8.500000000000025));
#5008 = CARTESIAN_POINT('', (0.14821502941100512, 0.475535193906644, 8.499999999999984));
#5009 = CARTESIAN_POINT('', (0.12672359903693614, 0.5121585334271674, 8.500000000000021));
#5010 = CARTESIAN_POINT('', (0.10680587176784839, 0.5496609962563292, 8.49999999999999));
#5011 = CARTESIAN_POINT('', (0.08849774073872563, 0.5879750004178593, 8.500000000000018));
#5012 = CARTESIAN_POINT('', (0.07183219833132529, 0.6270315014727155, 8.49999999999999));
#5013 = CARTESIAN_POINT('', (0.05683927708843757, 0.6667601169508393, 8.500000000000005));
#5014 = CARTESIAN_POINT('', (0.04354599505801626, 0.7070892532388815, 8.500000000000004));
#5015 = CARTESIAN_POINT('', (0.03197630814233964, 0.7479462344826282, 8.49999999999999));
#5016 = CARTESIAN_POINT('', (0.022151064752840108, 0.7892574336779901, 8.500000000000018));
#5017 = CARTESIAN_POINT('', (0.014087972356768782, 0.8309484051630719, 8.499999999999977));
#5018 = CARTESIAN_POINT('', (7.8015578851E-3, 0.872944019138775, 8.500000000000025));
#5019 = CARTESIAN_POINT('', (3.3031561841E-3, 0.9151685964129548, 8.499999999999975));
#5020 = CARTESIAN_POINT('', (6.0086161170E-4, 0.9575460459450749, 8.500000000000039));
#5021 = CARTESIAN_POINT('', (-1.7462665277E-16, 0.9858486817405868, 8.500000000000004));
#5022 = CARTESIAN_POINT('', (0.0, 0.9999999999999998, 8.5));
#5023 = CARTESIAN_POINT('', (1.0, 0.0, 10.0));
#5024 = CARTESIAN_POINT('', (0.9858486817405868, 9.9261673506E-24, 10.000000000000004));
#5025 = CARTESIAN_POINT('', (0.9575460459450719, 6.0086161170E-4, 9.999999999999991));
#5026 = CARTESIAN_POINT('', (0.9151685964129558, 3.3031561841E-3, 9.999999999999984));
#5027 = CARTESIAN_POINT('', (0.8729440191387753, 7.8015578851E-3, 10.000000000000025));
#5028 = CARTESIAN_POINT('', (0.8309484051630714, 0.014087972356768784, 9.999999999999968));
#5029 = CARTESIAN_POINT('', (0.7892574336779891, 0.02215106475284042, 10.000000000000016));
#5030 = CARTESIAN_POINT('', (0.7479462344826293, 0.03197630814233981, 9.999999999999993));
#5031 = CARTESIAN_POINT('', (0.7070892532388802, 0.043545995058016415, 10.000000000000012));
#5032 = CARTESIAN_POINT('', (0.6667601169508409, 0.056839277088437785, 10.000000000000021));
#5033 = CARTESIAN_POINT('', (0.6270315014727165, 0.07183219833132581, 10.000000000000002));
#5034 = CARTESIAN_POINT('', (0.5879750004178578, 0.08849774073872552, 10.000000000000002));
#5035 = CARTESIAN_POINT('', (0.5496609962563306, 0.10680587176784902, 10.000000000000007));
#5036 = CARTESIAN_POINT('', (0.5121585334271658, 0.12672359903693572, 10.000000000000005));
#5037 = CARTESIAN_POINT('', (0.47553519390664506, 0.1482150294110059, 9.999999999999998));
#5038 = CARTESIAN_POINT('', (0.4398569754182271, 0.1712414338809208, 10.000000000000005));
#5039 = CARTESIAN_POINT('', (0.4051881724907707, 0.19576131725617954, 9.999999999999991));
#5040 = CARTESIAN_POINT('', (0.371591260686913, 0.22173049311334814, 9.999999999999995));
#5041 = CARTESIAN_POINT('', (0.3391267839186852, 0.24910216324055195, 10.000000000000037));
#5042 = CARTESIAN_POINT('', (0.3078532453723587, 0.2778270020414024, 9.999999999999964));
#5043 = CARTESIAN_POINT('', (0.27782700204140287, 0.3078532453723596, 10.000000000000032));
#5044 = CARTESIAN_POINT('', (0.24910216324055115, 0.3391267839186842, 9.999999999999966));
#5045 = CARTESIAN_POINT('', (0.2217304931133486, 0.37159126068691384, 10.000000000000039));
#5046 = CARTESIAN_POINT('', (0.19576131725617915, 0.4051881724907697, 9.99999999999997));
#5047 = CARTESIAN_POINT('', (0.17124143388092153, 0.43985697541822827, 10.000000000000028));
#5048 = CARTESIAN_POINT('', (0.14821502941100528, 0.475535193906644, 9.999999999999982));
#5049 = CARTESIAN_POINT('', (0.1267235990369363, 0.5121585334271674, 10.000000000000023));
#5050 = CARTESIAN_POINT('', (0.10680587176784857, 0.5496609962563291, 9.99999999999999));
#5051 = CARTESIAN_POINT('', (0.0884977407387258, 0.5879750004178593, 10.00000000000002));
#5052 = CARTESIAN_POINT('', (0.07183219833132547, 0.6270315014727155, 9.99999999999999));
#5053 = CARTESIAN_POINT('', (0.05683927708843775, 0.6667601169508393, 10.000000000000004));
#5054 = CARTESIAN_POINT('', (0.04354599505801643, 0.7070892532388814, 10.00000000000001));
#5055 = CARTESIAN_POINT('', (0.03197630814233982, 0.7479462344826282, 9.999999999999984));
#5056 = CARTESIAN_POINT('', (0.02215106475284028, 0.7892574336779901, 10.000000000000027));
#5057 = CARTESIAN_POINT('', (0.014087972356768955, 0.8309484051630719, 9.999999999999966));
#5058 = CARTESIAN_POINT('', (7.8015578851E-3, 0.872944019138775, 10.000000000000032));
#5059 = CARTESIAN_POINT('', (3.3031561841E-3, 0.9151685964129548, 9.999999999999968));
#5060 = CARTESIAN_POINT('', (6.0086161170E-4, 0.957546045945075, 10.00000000000005));
#5061 = CARTESIAN_POINT('', (8.6649650707E-19, 0.9858486817405868, 10.000000000000004));
#5062 = CARTESIAN_POINT('', (0.0, 0.9999999999999998, 10.0));
#5063 = CARTESIAN_POINT('', (1.0, 0.0, 10.000033333333334));
#5064 = CARTESIAN_POINT('', (0.9858486817405869, 9.9261673506E-24, 10.000033333333338));
#5065 = CARTESIAN_POINT('', (0.9575460459450719, 6.0086161170E-4, 10.000033333333326));
#5066 = CARTESIAN_POINT('', (0.9151685964129558, 3.3031561841E-3, 10.000033333333318));
#5067 = CARTESIAN_POINT('', (0.8729440191387753, 7.8015578851E-3, 10.00003333333336));
#5068 = CARTESIAN_POINT('', (0.8309484051630714, 0.014087972356768784, 10.000033333333302));
#5069 = CARTESIAN_POINT('', (0.7892574336779891, 0.02215106475284042, 10.00003333333335));
#5070 = CARTESIAN_POINT('', (0.7479462344826293, 0.03197630814233981, 10.000033333333327));
#5071 = CARTESIAN_POINT('', (0.7070892532388802, 0.043545995058016415, 10.000033333333347));
#5072 = CARTESIAN_POINT('', (0.666760116950841, 0.05683927708843779, 10.000033333333356));
#5073 = CARTESIAN_POINT('', (0.6270315014727165, 0.07183219833132581, 10.000033333333336));
#5074 = CARTESIAN_POINT('', (0.5879750004178578, 0.08849774073872552, 10.000033333333336));
#5075 = CARTESIAN_POINT('', (0.5496609962563307, 0.10680587176784902, 10.000033333333342));
#5076 = CARTESIAN_POINT('', (0.5121585334271659, 0.12672359903693572, 10.00003333333334));
#5077 = CARTESIAN_POINT('', (0.47553519390664506, 0.1482150294110059, 10.000033333333333));
#5078 = CARTESIAN_POINT('', (0.43985697541822716, 0.1712414338809208, 10.00003333333334));
#5079 = CARTESIAN_POINT('', (0.4051881724907707, 0.19576131725617954, 10.000033333333326));
#5080 = CARTESIAN_POINT('', (0.37159126068691306, 0.22173049311334816, 10.000033333333329));
#5081 = CARTESIAN_POINT('', (0.3391267839186853, 0.24910216324055195, 10.000033333333372));
#5082 = CARTESIAN_POINT('', (0.3078532453723587, 0.2778270020414024, 10.000033333333299));
#5083 = CARTESIAN_POINT('', (0.27782700204140287, 0.3078532453723596, 10.000033333333366));
#5084 = CARTESIAN_POINT('', (0.24910216324055115, 0.3391267839186843, 10.0000333333333));
#5085 = CARTESIAN_POINT('', (0.22173049311334864, 0.3715912606869139, 10.000033333333374));
#5086 = CARTESIAN_POINT('', (0.19576131725617915, 0.4051881724907697, 10.000033333333304));
#5087 = CARTESIAN_POINT('', (0.17124143388092153, 0.4398569754182283, 10.000033333333363));
#5088 = CARTESIAN_POINT('', (0.14821502941100528, 0.475535193906644, 10.000033333333317));
#5089 = CARTESIAN_POINT('', (0.1267235990369363, 0.5121585334271676, 10.000033333333358));
#5090 = CARTESIAN_POINT('', (0.10680587176784857, 0.5496609962563292, 10.000033333333324));
#5091 = CARTESIAN_POINT('', (0.0884977407387258, 0.5879750004178593, 10.000033333333354));
#5092 = CARTESIAN_POINT('', (0.07183219833132547, 0.6270315014727155, 10.000033333333324));
#5093 = CARTESIAN_POINT('', (0.05683927708843776, 0.6667601169508394, 10.000033333333338));
#5094 = CARTESIAN_POINT('', (0.04354599505801643, 0.7070892532388814, 10.000033333333345));
#5095 = CARTESIAN_POINT('', (0.03197630814233982, 0.7479462344826282, 10.000033333333318));
#5096 = CARTESIAN_POINT('', (0.02215106475284028, 0.7892574336779901, 10.000033333333361));
#5097 = CARTESIAN_POINT('', (0.014087972356768955, 0.8309484051630719, 10.0000333333333));
#5098 = CARTESIAN_POINT('', (7.8015578851E-3, 0.872944019138775, 10.000033333333366));
#5099 = CARTESIAN_POINT('', (3.3031561841E-3, 0.9151685964129548, 10.000033333333302));
#5100 = CARTESIAN_POINT('', (6.0086161170E-4, 0.957546045945075, 10.000033333333384));
#5101 = CARTESIAN_POINT('', (8.7039635483E-19, 0.9858486817405869, 10.000033333333338));
#5102 = CARTESIAN_POINT('', (0.0, 0.9999999999999998, 10.000033333333334));
#5103 = CARTESIAN_POINT('', (1.0, 0.0, 10.000066666666669));
#5104 = CARTESIAN_POINT('', (0.985848681740587, 9.9261673506E-24, 10.000066666666672));
#5105 = CARTESIAN_POINT('', (0.9575460459450719, 6.0086161170E-4, 10.00006666666666));
#5106 = CARTESIAN_POINT('', (0.9151685964129558, 3.3031561841E-3, 10.000066666666653));
#5107 = CARTESIAN_POINT('', (0.8729440191387753, 7.8015578851E-3, 10.000066666666694));
#5108 = CARTESIAN_POINT('', (0.8309484051630714, 0.014087972356768784, 10.000066666666637));
#5109 = CARTESIAN_POINT('', (0.7892574336779891, 0.02215106475284042, 10.000066666666685));
#5110 = CARTESIAN_POINT('', (0.7479462344826293, 0.03197630814233981, 10.000066666666662));
#5111 = CARTESIAN_POINT('', (0.7070892532388802, 0.043545995058016415, 10.000066666666681));
#5112 = CARTESIAN_POINT('', (0.6667601169508411, 0.0568392770884378, 10.00006666666669));
#5113 = CARTESIAN_POINT('', (0.6270315014727165, 0.07183219833132581, 10.00006666666667));
#5114 = CARTESIAN_POINT('', (0.5879750004178578, 0.08849774073872552, 10.00006666666667));
#5115 = CARTESIAN_POINT('', (0.5496609962563308, 0.10680587176784902, 10.000066666666676));
#5116 = CARTESIAN_POINT('', (0.512158533427166, 0.12672359903693572, 10.000066666666674));
#5117 = CARTESIAN_POINT('', (0.47553519390664506, 0.1482150294110059, 10.000066666666667));
#5118 = CARTESIAN_POINT('', (0.4398569754182272, 0.1712414338809208, 10.000066666666674));
#5119 = CARTESIAN_POINT('', (0.4051881724907707, 0.19576131725617954, 10.00006666666666));
#5120 = CARTESIAN_POINT('', (0.3715912606869131, 0.2217304931133482, 10.000066666666664));
#5121 = CARTESIAN_POINT('', (0.33912678391868534, 0.24910216324055195, 10.000066666666706));
#5122 = CARTESIAN_POINT('', (0.3078532453723587, 0.2778270020414024, 10.000066666666633));
#5123 = CARTESIAN_POINT('', (0.27782700204140287, 0.3078532453723596, 10.0000666666667));
#5124 = CARTESIAN_POINT('', (0.24910216324055115, 0.33912678391868434, 10.000066666666635));
#5125 = CARTESIAN_POINT('', (0.22173049311334866, 0.37159126068691395, 10.000066666666708));
#5126 = CARTESIAN_POINT('', (0.19576131725617915, 0.4051881724907697, 10.000066666666639));
#5127 = CARTESIAN_POINT('', (0.17124143388092153, 0.4398569754182284, 10.000066666666697));
#5128 = CARTESIAN_POINT('', (0.14821502941100528, 0.475535193906644, 10.000066666666651));
#5129 = CARTESIAN_POINT('', (0.1267235990369363, 0.5121585334271677, 10.000066666666692));
#5130 = CARTESIAN_POINT('', (0.10680587176784857, 0.5496609962563294, 10.000066666666658));
#5131 = CARTESIAN_POINT('', (0.0884977407387258, 0.5879750004178593, 10.000066666666688));
#5132 = CARTESIAN_POINT('', (0.07183219833132547, 0.6270315014727155, 10.000066666666658));
#5133 = CARTESIAN_POINT('', (0.056839277088437765, 0.6667601169508395, 10.000066666666672));
#5134 = CARTESIAN_POINT('', (0.04354599505801643, 0.7070892532388814, 10.00006666666668));
#5135 = CARTESIAN_POINT('', (0.03197630814233982, 0.7479462344826282, 10.000066666666653));
#5136 = CARTESIAN_POINT('', (0.02215106475284028, 0.7892574336779901, 10.000066666666696));
#5137 = CARTESIAN_POINT('', (0.014087972356768955, 0.8309484051630719, 10.000066666666635));
#5138 = CARTESIAN_POINT('', (7.8015578851E-3, 0.872944019138775, 10.0000666666667));
#5139 = CARTESIAN_POINT('', (3.3031561841E-3, 0.9151685964129548, 10.000066666666637));
#5140 = CARTESIAN_POINT('', (6.0086161170E-4, 0.957546045945075, 10.000066666666719));
#5141 = CARTESIAN_POINT('', (8.7429632345E-19, 0.985848681740587, 10.000066666666672));
#5142 = CARTESIAN_POINT('', (0.0, 0.9999999999999998, 10.000066666666669));
#5143 = CARTESIAN_POINT('', (1.0, 0.0, 10.000100000000003));
#5144 = CARTESIAN_POINT('', (0.9858486817405872, 9.9261673506E-24, 10.000100000000007));
#5145 = CARTESIAN_POINT('', (0.9575460459450719, 6.0086161170E-4, 10.000099999999994));
#5146 = CARTESIAN_POINT('', (0.9151685964129558, 3.3031561841E-3, 10.000099999999987));
#5147 = CARTESIAN_POINT('', (0.8729440191387753, 7.8015578851E-3, 10.000100000000028));
#5148 = CARTESIAN_POINT('', (0.8309484051630714, 0.014087972356768784, 10.000099999999971));
#5149 = CARTESIAN_POINT('', (0.7892574336779891, 0.02215106475284042, 10.00010000000002));
#5150 = CARTESIAN_POINT('', (0.7479462344826293, 0.03197630814233981, 10.000099999999996));
#5151 = CARTESIAN_POINT('', (0.7070892532388802, 0.043545995058016415, 10.000100000000016));
#5152 = CARTESIAN_POINT('', (0.6667601169508413, 0.056839277088437806, 10.000100000000025));
#5153 = CARTESIAN_POINT('', (0.6270315014727165, 0.07183219833132581, 10.000100000000005));
#5154 = CARTESIAN_POINT('', (0.5879750004178578, 0.08849774073872552, 10.000100000000005));
#5155 = CARTESIAN_POINT('', (0.5496609962563309, 0.10680587176784902, 10.00010000000001));
#5156 = CARTESIAN_POINT('', (0.5121585334271661, 0.12672359903693572, 10.000100000000009));
#5157 = CARTESIAN_POINT('', (0.47553519390664506, 0.1482150294110059, 10.000100000000002));
#5158 = CARTESIAN_POINT('', (0.43985697541822727, 0.1712414338809208, 10.000100000000009));
#5159 = CARTESIAN_POINT('', (0.4051881724907707, 0.19576131725617954, 10.000099999999994));
#5160 = CARTESIAN_POINT('', (0.37159126068691317, 0.22173049311334822, 10.000099999999998));
#5161 = CARTESIAN_POINT('', (0.3391267839186854, 0.24910216324055195, 10.00010000000004));
#5162 = CARTESIAN_POINT('', (0.3078532453723587, 0.2778270020414024, 10.000099999999968));
#5163 = CARTESIAN_POINT('', (0.27782700204140287, 0.3078532453723596, 10.000100000000035));
#5164 = CARTESIAN_POINT('', (0.24910216324055115, 0.3391267839186844, 10.00009999999997));
#5165 = CARTESIAN_POINT('', (0.2217304931133487, 0.371591260686914, 10.000100000000042));
#5166 = CARTESIAN_POINT('', (0.19576131725617915, 0.4051881724907697, 10.000099999999973));
#5167 = CARTESIAN_POINT('', (0.17124143388092153, 0.43985697541822844, 10.000100000000032));
#5168 = CARTESIAN_POINT('', (0.14821502941100528, 0.475535193906644, 10.000099999999986));
#5169 = CARTESIAN_POINT('', (0.1267235990369363, 0.5121585334271678, 10.000100000000026));
#5170 = CARTESIAN_POINT('', (0.10680587176784857, 0.5496609962563295, 10.000099999999993));
#5171 = CARTESIAN_POINT('', (0.0884977407387258, 0.5879750004178593, 10.000100000000023));
#5172 = CARTESIAN_POINT('', (0.07183219833132547, 0.6270315014727155, 10.000099999999993));
#5173 = CARTESIAN_POINT('', (0.05683927708843777, 0.6667601169508396, 10.000100000000007));
#5174 = CARTESIAN_POINT('', (0.04354599505801643, 0.7070892532388814, 10.000100000000014));
#5175 = CARTESIAN_POINT('', (0.03197630814233982, 0.7479462344826282, 10.000099999999987));
#5176 = CARTESIAN_POINT('', (0.02215106475284028, 0.7892574336779901, 10.00010000000003));
#5177 = CARTESIAN_POINT('', (0.014087972356768955, 0.8309484051630719, 10.00009999999997));
#5178 = CARTESIAN_POINT('', (7.8015578851E-3, 0.872944019138775, 10.000100000000035));
#5179 = CARTESIAN_POINT('', (3.3031561841E-3, 0.9151685964129548, 10.000099999999971));
#5180 = CARTESIAN_POINT('', (6.0086161170E-4, 0.957546045945075, 10.000100000000053));
#5181 = CARTESIAN_POINT('', (8.7819641293E-19, 0.9858486817405872, 10.000100000000007));
#5182 = CARTESIAN_POINT('', (0.0, 0.9999999999999998, 10.000100000000003));
#5183 = DEFINITIONAL_REPRESENTATION('', (#5185), #5184);
#5184 = (
    GEOMETRIC_REPRESENTATION_CONTEXT(2)
    PARAMETRIC_REPRESENTATION_CONTEXT()
    REPRESENTATION_CONTEXT('2D SPACE', '')
);
#5185 = (
    BOUNDED_CURVE()
    B_SPLINE_CURVE(1, (#5186, #5187), .UNSPECIFIED., .U., .U.)
    B_SPLINE_CURVE_WITH_KNOTS((2, 2), (0.0, 9.000000000000004), .UNSPECIFIED.)
    CURVE()
    GEOMETRIC_REPRESENTATION_ITEM()
    RATIONAL_B_SPLINE_CURVE((1.0, 1.0))
    REPRESENTATION_ITEM('')
);
#5186 = CARTESIAN_POINT('', (0.0, 0.0));
#5187 = CARTESIAN_POINT('', (9.000000000000004, 0.0));
#5188 = SURFACE_CURVE('', #5189, (#5195, #5209), .CURVE_3D.);
#5189 = (
    BOUNDED_CURVE()
    B_SPLINE_CURVE(3, (#5190, #5191, #5192, #5193, #5194), .UNSPECIFIED., .U., .U.)
    B_SPLINE_CURVE_WITH_KNOTS((4, 1, 4), (0.0, 4.500000000000002, 9.000000000000004), .UNSPECIFIED.)
    CURVE()
    GEOMETRIC_REPRESENTATION_ITEM()
    RATIONAL_B_SPLINE_CURVE((1.0, 1.0, 1.0, 1.0, 1.0))
    REPRESENTATION_ITEM('')
);
#5190 = CARTESIAN_POINT('', (1.0000000000000002, 0.0, 1.0000000000000002));
#5191 = CARTESIAN_POINT('', (2.500000000000001, 0.0, 1.0000000000000002));
#5192 = CARTESIAN_POINT('', (5.5, 0.0, 1.0));
#5193 = CARTESIAN_POINT('', (8.5, 0.0, 1.0));
#5194 = CARTESIAN_POINT('', (10.0, 0.0, 1.0));
#5195 = PCURVE('', #5196, #5201);
#5196 = (
    BOUNDED_SURFACE()
    B_SPLINE_SURFACE(1, 1, ((#5197, #5198), (#5199, #5200)), .UNSPECIFIED., .U., .U., .U.)
    B_SPLINE_SURFACE_WITH_KNOTS((2, 2), (2, 2), (0.0, 1.0), (0.0, 1.0), .UNSPECIFIED.)
    GEOMETRIC_REPRESENTATION_ITEM()
    RATIONAL_B_SPLINE_SURFACE(((1.0, 1.0), (1.0, 1.0)))
    REPRESENTATION_ITEM('')
    SURFACE()
);
#5197 = CARTESIAN_POINT('', (0.0, 0.0, 0.0));
#5198 = CARTESIAN_POINT('', (0.0, 0.0, 10.0));
#5199 = CARTESIAN_POINT('', (10.0, 0.0, 0.0));
#5200 = CARTESIAN_POINT('', (10.0, 0.0, 10.0));
#5201 = DEFINITIONAL_REPRESENTATION('', (#5203), #5202);
#5202 = (
    GEOMETRIC_REPRESENTATION_CONTEXT(2)
    PARAMETRIC_REPRESENTATION_CONTEXT()
    REPRESENTATION_CONTEXT('2D SPACE', '')
);
#5203 = (
    BOUNDED_CURVE()
    B_SPLINE_CURVE(3, (#5204, #5205, #5206, #5207, #5208), .UNSPECIFIED., .U., .U.)
    B_SPLINE_CURVE_WITH_KNOTS((4, 1, 4), (0.0, 4.500000000000002, 9.000000000000004), .UNSPECIFIED.)
    CURVE()
    GEOMETRIC_REPRESENTATION_ITEM()
    RATIONAL_B_SPLINE_CURVE((1.0, 1.0, 1.0, 1.0, 1.0))
    REPRESENTATION_ITEM('')
);
#5204 = CARTESIAN_POINT('', (0.10000000000000002, 0.10000000000000002));
#5205 = CARTESIAN_POINT('', (0.2500000000000001, 0.10000000000000002));
#5206 = CARTESIAN_POINT('', (0.55, 0.1));
#5207 = CARTESIAN_POINT('', (0.85, 0.1));
#5208 = CARTESIAN_POINT('', (1.0, 0.1));
#5209 = PCURVE('', #5210, #5531);
#5210 = (
    BOUNDED_SURFACE()
    B_SPLINE_SURFACE(3, 3, ((#5211, #5212, #5213, #5214, #5215, #5216, #5217, #5218, #5219, #5220, #5221, #5222, #5223, #5224, #5225, #5226, #5227, #5228, #5229, #5230, #5231, #5232, #5233, #5234, #5235, #5236, #5237, #5238, #5239, #5240, #5241, #5242, #5243, #5244, #5245, #5246, #5247, #5248, #5249, #5250), (#5251, #5252, #5253, #5254, #5255, #5256, #5257, #5258, #5259, #5260, #5261, #5262, #5263, #5264, #5265, #5266, #5267, #5268, #5269, #5270, #5271, #5272, #5273, #5274, #5275, #5276, #5277, #5278, #5279, #5280, #5281, #5282, #5283, #5284, #5285, #5286, #5287, #5288, #5289, #5290), (#5291, #5292, #5293, #5294, #5295, #5296, #5297, #5298, #5299, #5300, #5301, #5302, #5303, #5304, #5305, #5306, #5307, #5308, #5309, #5310, #5311, #5312, #5313, #5314, #5315, #5316, #5317, #5318, #5319, #5320, #5321, #5322, #5323, #5324, #5325, #5326, #5327, #5328, #5329, #5330), (#5331, #5332, #5333, #5334, #5335, #5336, #5337, #5338, #5339, #5340, #5341, #5342, #5343, #5344, #5345, #5346, #5347, #5348, #5349, #5350, #5351, #5352, #5353, #5354, #5355, #5356, #5357, #5358, #5359, #5360, #5361, #5362, #5363, #5364, #5365, #5366, #5367, #5368, #5369, #5370), (#5371, #5372, #5373, #5374, #5375, #5376, #5377, #5378, #5379, #5380, #5381, #5382, #5383, #5384, #5385, #5386, #5387, #5388, #5389, #5390, #5391, #5392, #5393, #5394, #5395, #5396, #5397, #5398, #5399, #5400, #5401, #5402, #5403, #5404, #5405, #5406, #5407, #5408, #5409, #5410), (#5411, #5412, #5413, #5414, #5415, #5416, #5417, #5418, #5419, #5420, #5421, #5422, #5423, #5424, #5425, #5426, #5427, #5428, #5429, #5430, #5431, #5432, #5433, #5434, #5435, #5436, #5437, #5438, #5439, #5440, #5441, #5442, #5443, #5444, #5445, #5446, #5447, #5448, #5449, #5450), (#5451, #5452, #5453, #5454, #5455, #5456, #5457, #5458, #5459, #5460, #5461, #5462, #5463, #5464, #5465, #5466, #5467, #5468, #5469, #5470, #5471, #5472, #5473, #5474, #5475, #5476, #5477, #5478, #5479, #5480, #5481, #5482, #5483, #5484, #5485, #5486, #5487, #5488, #5489, #5490), (#5491, #5492, #5493, #5494, #5495, #5496, #5497, #5498, #5499, #5500, #5501, #5502, #5503, #5504, #5505, #5506, #5507, #5508, #5509, #5510, #5511, #5512, #5513, #5514, #5515, #5516, #5517, #5518, #5519, #5520, #5521, #5522, #5523, #5524, #5525, #5526, #5527, #5528, #5529, #5530)), .UNSPECIFIED., .U., .U., .U.)
    B_SPLINE_SURFACE_WITH_KNOTS((4, 1, 3, 4), (4, 1, 1, 1, 1, 1, 1, 1, 1, 1, 1, 1, 1, 1, 1, 1, 1, 1, 1, 1, 1, 1, 1, 1, 1, 1, 1, 1, 1, 1, 1, 1, 1, 1, 1, 1, 1, 4), (0.0, 4.500000000000002, 9.000000000000004, 9.000100000000003), (0.0, 0.02702702702702703, 0.05405405405405406, 0.08108108108108109, 0.10810810810810811, 0.13513513513513514, 0.16216216216216217, 0.1891891891891892, 0.21621621621621623, 0.24324324324324326, 0.2702702702702703, 0.2972972972972973, 0.32432432432432434, 0.35135135135135137, 0.3783783783783784, 0.40540540540540543, 0.43243243243243246, 0.4594594594594595, 0.4864864864864865, 0.5135135135135136, 0.5405405405405406, 0.5675675675675675, 0.5945945945945946, 0.6216216216216217, 0.6486486486486487, 0.6756756756756757, 0.7027027027027027, 0.7297297297297298, 0.7567567567567568, 0.7837837837837838, 0.8108108108108109, 0.8378378378378379, 0.8648648648648649, 0.8918918918918919, 0.918918918918919, 0.945945945945946, 0.972972972972973, 1.0), .UNSPECIFIED.)
    GEOMETRIC_REPRESENTATION_ITEM()
    RATIONAL_B_SPLINE_SURFACE(((1.0, 1.0, 1.0, 1.0, 1.0, 1.0, 1.0, 1.0, 1.0, 1.0, 1.0, 1.0, 1.0, 1.0, 1.0, 1.0, 1.0, 1.0, 1.0, 1.0, 1.0, 1.0, 1.0, 1.0, 1.0, 1.0, 1.0, 1.0, 1.0, 1.0, 1.0, 1.0, 1.0, 1.0, 1.0, 1.0, 1.0, 1.0, 1.0, 1.0), (1.0, 1.0, 1.0, 1.0, 1.0, 1.0, 1.0, 1.0, 1.0, 1.0, 1.0, 1.0, 1.0, 1.0, 1.0, 1.0, 1.0, 1.0, 1.0, 1.0, 1.0, 1.0, 1.0, 1.0, 1.0, 1.0, 1.0, 1.0, 1.0, 1.0, 1.0, 1.0, 1.0, 1.0, 1.0, 1.0, 1.0, 1.0, 1.0, 1.0), (1.0, 1.0, 1.0, 1.0, 1.0, 1.0, 1.0, 1.0, 1.0, 1.0, 1.0, 1.0, 1.0, 1.0, 1.0, 1.0, 1.0, 1.0, 1.0, 1.0, 1.0, 1.0, 1.0, 1.0, 1.0, 1.0, 1.0, 1.0, 1.0, 1.0, 1.0, 1.0, 1.0, 1.0, 1.0, 1.0, 1.0, 1.0, 1.0, 1.0), (1.0, 1.0, 1.0, 1.0, 1.0, 1.0, 1.0, 1.0, 1.0, 1.0, 1.0, 1.0, 1.0, 1.0, 1.0, 1.0, 1.0, 1.0, 1.0, 1.0, 1.0, 1.0, 1.0, 1.0, 1.0, 1.0, 1.0, 1.0, 1.0, 1.0, 1.0, 1.0, 1.0, 1.0, 1.0, 1.0, 1.0, 1.0, 1.0, 1.0), (1.0, 1.0, 1.0, 1.0, 1.0, 1.0, 1.0, 1.0, 1.0, 1.0, 1.0, 1.0, 1.0, 1.0, 1.0, 1.0, 1.0, 1.0, 1.0, 1.0, 1.0, 1.0, 1.0, 1.0, 1.0, 1.0, 1.0, 1.0, 1.0, 1.0, 1.0, 1.0, 1.0, 1.0, 1.0, 1.0, 1.0, 1.0, 1.0, 1.0), (1.0, 1.0, 1.0, 1.0, 1.0, 1.0, 1.0, 1.0, 1.0, 1.0, 1.0, 1.0, 1.0, 1.0, 1.0, 1.0, 1.0, 1.0, 1.0, 1.0, 1.0, 1.0, 1.0, 1.0, 1.0, 1.0, 1.0, 1.0, 1.0, 1.0, 1.0, 1.0, 1.0, 1.0, 1.0, 1.0, 1.0, 1.0, 1.0, 1.0), (1.0, 1.0, 1.0, 1.0, 1.0, 1.0, 1.0, 1.0, 1.0, 1.0, 1.0, 1.0, 1.0, 1.0, 1.0, 1.0, 1.0, 1.0, 1.0, 1.0, 1.0, 1.0, 1.0, 1.0, 1.0, 1.0, 1.0, 1.0, 1.0, 1.0, 1.0, 1.0, 1.0, 1.0, 1.0, 1.0, 1.0, 1.0, 1.0, 1.0), (1.0, 1.0, 1.0, 1.0, 1.0, 1.0, 1.0, 1.0, 1.0, 1.0, 1.0, 1.0, 1.0, 1.0, 1.0, 1.0, 1.0, 1.0, 1.0, 1.0, 1.0, 1.0, 1.0, 1.0, 1.0, 1.0, 1.0, 1.0, 1.0, 1.0, 1.0, 1.0, 1.0, 1.0, 1.0, 1.0, 1.0, 1.0, 1.0, 1.0)))
    REPRESENTATION_ITEM('')
    SURFACE()
);
#5211 = CARTESIAN_POINT('', (1.0000000000000002, 1.0000000000000002, 0.0));
#5212 = CARTESIAN_POINT('', (1.0000000000000002, 0.9858486817405867, 9.9261673506E-24));
#5213 = CARTESIAN_POINT('', (1.0000000000000004, 0.9575460459450705, 6.0086161170E-4));
#5214 = CARTESIAN_POINT('', (0.9999999999999991, 0.9151685964129563, 3.3031561841E-3));
#5215 = CARTESIAN_POINT('', (1.0000000000000013, 0.8729440191387751, 7.8015578851E-3));
#5216 = CARTESIAN_POINT('', (0.9999999999999978, 0.8309484051630711, 0.014087972356768782));
#5217 = CARTESIAN_POINT('', (1.000000000000001, 0.789257433677989, 0.022151064752840417));
#5218 = CARTESIAN_POINT('', (1.0000000000000004, 0.7479462344826295, 0.0319763081423398));
#5219 = CARTESIAN_POINT('', (0.9999999999999993, 0.7070892532388805, 0.04354599505801641));
#5220 = CARTESIAN_POINT('', (1.0000000000000027, 0.6667601169508405, 0.056839277088437765));
#5221 = CARTESIAN_POINT('', (0.9999999999999983, 0.6270315014727166, 0.07183219833132579));
#5222 = CARTESIAN_POINT('', (1.0000000000000009, 0.5879750004178579, 0.0884977407387255));
#5223 = CARTESIAN_POINT('', (1.000000000000001, 0.5496609962563305, 0.10680587176784899));
#5224 = CARTESIAN_POINT('', (0.9999999999999993, 0.5121585334271662, 0.12672359903693567));
#5225 = CARTESIAN_POINT('', (1.0000000000000007, 0.47553519390664506, 0.14821502941100584));
#5226 = CARTESIAN_POINT('', (1.0000000000000002, 0.4398569754182275, 0.17124143388092075));
#5227 = CARTESIAN_POINT('', (0.9999999999999992, 0.40518817249077027, 0.19576131725617948));
#5228 = CARTESIAN_POINT('', (1.0000000000000013, 0.3715912606869135, 0.22173049311334803));
#5229 = CARTESIAN_POINT('', (1.0000000000000018, 0.33912678391868534, 0.24910216324055184));
#5230 = CARTESIAN_POINT('', (1.0000000000000004, 0.3078532453723589, 0.27782700204140237));
#5231 = CARTESIAN_POINT('', (0.9999999999999983, 0.27782700204140304, 0.3078532453723595));
#5232 = CARTESIAN_POINT('', (1.0000000000000016, 0.24910216324055112, 0.3391267839186841));
#5233 = CARTESIAN_POINT('', (0.9999999999999999, 0.2217304931133488, 0.3715912606869137));
#5234 = CARTESIAN_POINT('', (1.0, 0.19576131725617957, 0.40518817249076955));
#5235 = CARTESIAN_POINT('', (1.000000000000001, 0.17124143388092153, 0.43985697541822816));
#5236 = CARTESIAN_POINT('', (1.0000000000000007, 0.14821502941100556, 0.4755351939066439));
#5237 = CARTESIAN_POINT('', (0.9999999999999997, 0.12672359903693642, 0.5121585334271673));
#5238 = CARTESIAN_POINT('', (1.0000000000000009, 0.1068058717678489, 0.549660996256329));
#5239 = CARTESIAN_POINT('', (0.9999999999999998, 0.08849774073872597, 0.5879750004178591));
#5240 = CARTESIAN_POINT('', (1.000000000000001, 0.07183219833132565, 0.6270315014727152));
#5241 = CARTESIAN_POINT('', (0.9999999999999976, 0.056839277088437994, 0.666760116950839));
#5242 = CARTESIAN_POINT('', (1.0000000000000027, 0.043545995058016554, 0.7070892532388812));
#5243 = CARTESIAN_POINT('', (0.9999999999999977, 0.03197630814234007, 0.747946234482628));
#5244 = CARTESIAN_POINT('', (1.000000000000003, 0.022151064752840493, 0.7892574336779898));
#5245 = CARTESIAN_POINT('', (0.9999999999999968, 0.014087972356769169, 0.8309484051630716));
#5246 = CARTESIAN_POINT('', (1.0000000000000024, 7.8015578851E-3, 0.8729440191387747));
#5247 = CARTESIAN_POINT('', (0.9999999999999961, 3.3031561841E-3, 0.9151685964129546));
#5248 = CARTESIAN_POINT('', (1.000000000000005, 6.0086161170E-4, 0.9575460459450745));
#5249 = CARTESIAN_POINT('', (1.0000000000000002, 2.2291110805E-16, 0.9858486817405865));
#5250 = CARTESIAN_POINT('', (1.0000000000000002, 0.0, 1.0000000000000002));
#5251 = CARTESIAN_POINT('', (2.500000000000001, 1.0000000000000002, 0.0));
#5252 = CARTESIAN_POINT('', (2.500000000000001, 0.9858486817405869, 9.9261673506E-24));
#5253 = CARTESIAN_POINT('', (2.4999999999999947, 0.9575460459450713, 6.0086161170E-4));
#5254 = CARTESIAN_POINT('', (2.500000000000008, 0.9151685964129563, 3.3031561841E-3));
#5255 = CARTESIAN_POINT('', (2.4999999999999996, 0.8729440191387752, 7.8015578851E-3));
#5256 = CARTESIAN_POINT('', (2.499999999999999, 0.8309484051630714, 0.014087972356768784));
#5257 = CARTESIAN_POINT('', (2.5000000000000053, 0.7892574336779891, 0.02215106475284042));
#5258 = CARTESIAN_POINT('', (2.500000000000001, 0.7479462344826296, 0.03197630814233981));
#5259 = CARTESIAN_POINT('', (2.5000000000000044, 0.7070892532388806, 0.043545995058016415));
#5260 = CARTESIAN_POINT('', (2.4999999999999956, 0.6667601169508408, 0.05683927708843778));
#5261 = CARTESIAN_POINT('', (2.5000000000000058, 0.6270315014727167, 0.0718321983313258));
#5262 = CARTESIAN_POINT('', (2.4999999999999942, 0.5879750004178579, 0.08849774073872552));
#5263 = CARTESIAN_POINT('', (2.5000000000000147, 0.5496609962563308, 0.106805871767849));
#5264 = CARTESIAN_POINT('', (2.4999999999999942, 0.5121585334271661, 0.1267235990369357));
#5265 = CARTESIAN_POINT('', (2.500000000000003, 0.4755351939066452, 0.14821502941100587));
#5266 = CARTESIAN_POINT('', (2.4999999999999933, 0.4398569754182274, 0.17124143388092078));
#5267 = CARTESIAN_POINT('', (2.5000000000000044, 0.40518817249077066, 0.1957613172561795));
#5268 = CARTESIAN_POINT('', (2.499999999999996, 0.37159126068691345, 0.22173049311334805));
#5269 = CARTESIAN_POINT('', (2.5000000000000107, 0.33912678391868545, 0.24910216324055187));
#5270 = CARTESIAN_POINT('', (2.500000000000009, 0.307853245372359, 0.2778270020414024));
#5271 = CARTESIAN_POINT('', (2.49999999999999, 0.2778270020414031, 0.3078532453723596));
#5272 = CARTESIAN_POINT('', (2.5000000000000098, 0.24910216324055123, 0.33912678391868417));
#5273 = CARTESIAN_POINT('', (2.4999999999999907, 0.22173049311334886, 0.3715912606869138));
#5274 = CARTESIAN_POINT('', (2.500000000000004, 0.19576131725617946, 0.40518817249076966));
#5275 = CARTESIAN_POINT('', (2.5000000000000013, 0.17124143388092172, 0.4398569754182282));
#5276 = CARTESIAN_POINT('', (2.5000000000000013, 0.1482150294110055, 0.475535193906644));
#5277 = CARTESIAN_POINT('', (2.4999999999999973, 0.12672359903693653, 0.5121585334271674));
#5278 = CARTESIAN_POINT('', (2.500000000000003, 0.10680587176784888, 0.549660996256329));
#5279 = CARTESIAN_POINT('', (2.500000000000001, 0.08849774073872603, 0.5879750004178592));
#5280 = CARTESIAN_POINT('', (2.5000000000000013, 0.07183219833132569, 0.6270315014727154));
#5281 = CARTESIAN_POINT('', (2.4999999999999987, 0.056839277088438014, 0.6667601169508391));
#5282 = CARTESIAN_POINT('', (2.499999999999994, 0.04354599505801664, 0.7070892532388813));
#5283 = CARTESIAN_POINT('', (2.500000000000009, 0.03197630814234009, 0.7479462344826282));
#5284 = CARTESIAN_POINT('', (2.499999999999993, 0.02215106475284053, 0.7892574336779901));
#5285 = CARTESIAN_POINT('', (2.5000000000000138, 0.014087972356769198, 0.8309484051630717));
#5286 = CARTESIAN_POINT('', (2.499999999999987, 7.8015578851E-3, 0.872944019138775));
#5287 = CARTESIAN_POINT('', (2.5000000000000098, 3.3031561841E-3, 0.9151685964129547));
#5288 = CARTESIAN_POINT('', (2.4999999999999987, 6.0086161170E-4, 0.9575460459450746));
#5289 = CARTESIAN_POINT('', (2.5000000000000004, 2.5037451630E-16, 0.9858486817405867));
#5290 = CARTESIAN_POINT('', (2.500000000000001, 0.0, 1.0000000000000002));
#5291 = CARTESIAN_POINT('', (5.5, 1.0, 0.0));
#5292 = CARTESIAN_POINT('', (5.500000000000002, 0.9858486817405869, 9.9261673506E-24));
#5293 = CARTESIAN_POINT('', (5.499999999999989, 0.9575460459450721, 6.0086161170E-4));
#5294 = CARTESIAN_POINT('', (5.500000000000005, 0.9151685964129557, 3.3031561841E-3));
#5295 = CARTESIAN_POINT('', (5.500000000000005, 0.8729440191387753, 7.8015578851E-3));
#5296 = CARTESIAN_POINT('', (5.499999999999991, 0.8309484051630713, 0.014087972356768785));
#5297 = CARTESIAN_POINT('', (5.500000000000009, 0.7892574336779891, 0.022151064752840427));
#5298 = CARTESIAN_POINT('', (5.499999999999998, 0.7479462344826293, 0.031976308142339815));
#5299 = CARTESIAN_POINT('', (5.500000000000009, 0.7070892532388802, 0.04354599505801643));
#5300 = CARTESIAN_POINT('', (5.500000000000001, 0.666760116950841, 0.05683927708843779));
#5301 = CARTESIAN_POINT('', (5.500000000000007, 0.6270315014727164, 0.07183219833132581));
#5302 = CARTESIAN_POINT('', (5.499999999999996, 0.5879750004178577, 0.08849774073872554));
#5303 = CARTESIAN_POINT('', (5.500000000000018, 0.5496609962563307, 0.10680587176784903));
#5304 = CARTESIAN_POINT('', (5.499999999999998, 0.5121585334271657, 0.12672359903693572));
#5305 = CARTESIAN_POINT('', (5.499999999999998, 0.4755351939066451, 0.1482150294110059));
#5306 = CARTESIAN_POINT('', (5.4999999999999964, 0.439856975418227, 0.17124143388092083));
#5307 = CARTESIAN_POINT('', (5.5, 0.40518817249077077, 0.19576131725617957));
#5308 = CARTESIAN_POINT('', (5.499999999999995, 0.37159126068691295, 0.22173049311334808));
#5309 = CARTESIAN_POINT('', (5.500000000000023, 0.3391267839186853, 0.2491021632405519));
#5310 = CARTESIAN_POINT('', (5.4999999999999964, 0.3078532453723587, 0.2778270020414025));
#5311 = CARTESIAN_POINT('', (5.500000000000002, 0.27782700204140287, 0.30785324537235964));
#5312 = CARTESIAN_POINT('', (5.4999999999999964, 0.24910216324055112, 0.3391267839186842));
#5313 = CARTESIAN_POINT('', (5.5000000000000036, 0.22173049311334858, 0.37159126068691384));
#5314 = CARTESIAN_POINT('', (5.499999999999993, 0.19576131725617907, 0.40518817249076977));
#5315 = CARTESIAN_POINT('', (5.500000000000011, 0.17124143388092153, 0.4398569754182283));
#5316 = CARTESIAN_POINT('', (5.499999999999995, 0.14821502941100523, 0.4755351939066441));
#5317 = CARTESIAN_POINT('', (5.500000000000006, 0.1267235990369363, 0.5121585334271676));
#5318 = CARTESIAN_POINT('', (5.499999999999997, 0.10680587176784853, 0.5496609962563292));
#5319 = CARTESIAN_POINT('', (5.500000000000011, 0.08849774073872577, 0.5879750004178592));
#5320 = CARTESIAN_POINT('', (5.4999999999999964, 0.07183219833132543, 0.6270315014727155));
#5321 = CARTESIAN_POINT('', (5.5000000000000036, 0.056839277088437716, 0.6667601169508393));
#5322 = CARTESIAN_POINT('', (5.499999999999991, 0.04354599505801641, 0.7070892532388815));
#5323 = CARTESIAN_POINT('', (5.50000000000001, 0.03197630814233979, 0.7479462344826283));
#5324 = CARTESIAN_POINT('', (5.4999999999999964, 0.022151064752840247, 0.7892574336779902));
#5325 = CARTESIAN_POINT('', (5.500000000000009, 0.01408797235676892, 0.8309484051630718));
#5326 = CARTESIAN_POINT('', (5.499999999999995, 7.8015578851E-3, 0.8729440191387752));
#5327 = CARTESIAN_POINT('', (5.500000000000003, 3.3031561841E-3, 0.9151685964129548));
#5328 = CARTESIAN_POINT('', (5.500000000000011, 6.0086161170E-4, 0.9575460459450749));
#5329 = CARTESIAN_POINT('', (5.500000000000002, -3.6140938750E-17, 0.9858486817405869));
#5330 = CARTESIAN_POINT('', (5.5, 0.0, 1.0));
#5331 = CARTESIAN_POINT('', (8.5, 1.0, 0.0));
#5332 = CARTESIAN_POINT('', (8.500000000000002, 0.9858486817405867, 9.9261673506E-24));
#5333 = CARTESIAN_POINT('', (8.499999999999991, 0.957546045945072, 6.0086161170E-4));
#5334 = CARTESIAN_POINT('', (8.49999999999999, 0.9151685964129554, 3.3031561841E-3));
#5335 = CARTESIAN_POINT('', (8.500000000000018, 0.8729440191387752, 7.8015578851E-3));
#5336 = CARTESIAN_POINT('', (8.499999999999975, 0.8309484051630711, 0.014087972356768787));
#5337 = CARTESIAN_POINT('', (8.500000000000012, 0.789257433677989, 0.022151064752840427));
#5338 = CARTESIAN_POINT('', (8.499999999999993, 0.7479462344826291, 0.03197630814233981));
#5339 = CARTESIAN_POINT('', (8.50000000000001, 0.70708925323888, 0.04354599505801642));
#5340 = CARTESIAN_POINT('', (8.500000000000016, 0.6667601169508408, 0.05683927708843778));
#5341 = CARTESIAN_POINT('', (8.500000000000002, 0.6270315014727161, 0.07183219833132581));
#5342 = CARTESIAN_POINT('', (8.500000000000004, 0.5879750004178577, 0.08849774073872553));
#5343 = CARTESIAN_POINT('', (8.500000000000005, 0.5496609962563305, 0.10680587176784903));
#5344 = CARTESIAN_POINT('', (8.500000000000005, 0.5121585334271656, 0.12672359903693572));
#5345 = CARTESIAN_POINT('', (8.499999999999995, 0.47553519390664495, 0.1482150294110059));
#5346 = CARTESIAN_POINT('', (8.500000000000005, 0.4398569754182269, 0.17124143388092083));
#5347 = CARTESIAN_POINT('', (8.49999999999999, 0.40518817249077066, 0.19576131725617957));
#5348 = CARTESIAN_POINT('', (8.499999999999996, 0.3715912606869128, 0.2217304931133481));
#5349 = CARTESIAN_POINT('', (8.500000000000032, 0.3391267839186851, 0.24910216324055193));
#5350 = CARTESIAN_POINT('', (8.49999999999997, 0.3078532453723586, 0.2778270020414025));
#5351 = CARTESIAN_POINT('', (8.500000000000028, 0.27782700204140265, 0.3078532453723596));
#5352 = CARTESIAN_POINT('', (8.499999999999972, 0.249102163240551, 0.3391267839186842));
#5353 = CARTESIAN_POINT('', (8.500000000000032, 0.22173049311334841, 0.37159126068691384));
#5354 = CARTESIAN_POINT('', (8.499999999999973, 0.19576131725617896, 0.40518817249076966));
#5355 = CARTESIAN_POINT('', (8.500000000000025, 0.17124143388092133, 0.4398569754182283));
#5356 = CARTESIAN_POINT('', (8.499999999999986, 0.14821502941100512, 0.475535193906644));
#5357 = CARTESIAN_POINT('', (8.50000000000002, 0.12672359903693614, 0.5121585334271676));
#5358 = CARTESIAN_POINT('', (8.49999999999999, 0.10680587176784839, 0.5496609962563292));
#5359 = CARTESIAN_POINT('', (8.50000000000002, 0.08849774073872563, 0.5879750004178593));
#5360 = CARTESIAN_POINT('', (8.49999999999999, 0.07183219833132529, 0.6270315014727155));
#5361 = CARTESIAN_POINT('', (8.500000000000005, 0.05683927708843757, 0.6667601169508393));
#5362 = CARTESIAN_POINT('', (8.500000000000004, 0.04354599505801626, 0.7070892532388815));
#5363 = CARTESIAN_POINT('', (8.499999999999991, 0.03197630814233964, 0.7479462344826283));
#5364 = CARTESIAN_POINT('', (8.500000000000018, 0.022151064752840108, 0.7892574336779901));
#5365 = CARTESIAN_POINT('', (8.499999999999977, 0.014087972356768782, 0.8309484051630718));
#5366 = CARTESIAN_POINT('', (8.500000000000025, 7.8015578851E-3, 0.872944019138775));
#5367 = CARTESIAN_POINT('', (8.499999999999975, 3.3031561841E-3, 0.9151685964129548));
#5368 = CARTESIAN_POINT('', (8.500000000000039, 6.0086161170E-4, 0.957546045945075));
#5369 = CARTESIAN_POINT('', (8.500000000000004, -1.7462665277E-16, 0.9858486817405868));
#5370 = CARTESIAN_POINT('', (8.5, 0.0, 1.0));
#5371 = CARTESIAN_POINT('', (10.0, 1.0, 0.0));
#5372 = CARTESIAN_POINT('', (10.000000000000004, 0.9858486817405868, 9.9261673506E-24));
#5373 = CARTESIAN_POINT('', (9.999999999999991, 0.9575460459450719, 6.0086161170E-4));
#5374 = CARTESIAN_POINT('', (9.999999999999984, 0.9151685964129558, 3.3031561841E-3));
#5375 = CARTESIAN_POINT('', (10.000000000000023, 0.8729440191387753, 7.8015578851E-3));
#5376 = CARTESIAN_POINT('', (9.999999999999968, 0.8309484051630714, 0.014087972356768787));
#5377 = CARTESIAN_POINT('', (10.000000000000016, 0.7892574336779891, 0.022151064752840427));
#5378 = CARTESIAN_POINT('', (9.999999999999991, 0.7479462344826293, 0.03197630814233981));
#5379 = CARTESIAN_POINT('', (10.000000000000012, 0.7070892532388802, 0.04354599505801642));
#5380 = CARTESIAN_POINT('', (10.00000000000002, 0.6667601169508409, 0.05683927708843778));
#5381 = CARTESIAN_POINT('', (10.000000000000002, 0.6270315014727165, 0.07183219833132581));
#5382 = CARTESIAN_POINT('', (10.000000000000002, 0.5879750004178578, 0.08849774073872553));
#5383 = CARTESIAN_POINT('', (10.000000000000005, 0.5496609962563306, 0.10680587176784903));
#5384 = CARTESIAN_POINT('', (10.000000000000005, 0.5121585334271658, 0.12672359903693572));
#5385 = CARTESIAN_POINT('', (9.999999999999996, 0.47553519390664506, 0.1482150294110059));
#5386 = CARTESIAN_POINT('', (10.000000000000005, 0.4398569754182271, 0.17124143388092083));
#5387 = CARTESIAN_POINT('', (9.99999999999999, 0.4051881724907707, 0.19576131725617957));
#5388 = CARTESIAN_POINT('', (9.999999999999995, 0.371591260686913, 0.2217304931133481));
#5389 = CARTESIAN_POINT('', (10.000000000000039, 0.3391267839186852, 0.24910216324055193));
#5390 = CARTESIAN_POINT('', (9.999999999999964, 0.3078532453723587, 0.2778270020414025));
#5391 = CARTESIAN_POINT('', (10.000000000000032, 0.27782700204140287, 0.3078532453723596));
#5392 = CARTESIAN_POINT('', (9.999999999999968, 0.24910216324055115, 0.3391267839186842));
#5393 = CARTESIAN_POINT('', (10.000000000000039, 0.2217304931133486, 0.37159126068691384));
#5394 = CARTESIAN_POINT('', (9.99999999999997, 0.19576131725617915, 0.40518817249076966));
#5395 = CARTESIAN_POINT('', (10.000000000000028, 0.17124143388092153, 0.4398569754182283));
#5396 = CARTESIAN_POINT('', (9.999999999999984, 0.14821502941100528, 0.475535193906644));
#5397 = CARTESIAN_POINT('', (10.000000000000021, 0.1267235990369363, 0.5121585334271676));
#5398 = CARTESIAN_POINT('', (9.999999999999988, 0.10680587176784857, 0.5496609962563292));
#5399 = CARTESIAN_POINT('', (10.00000000000002, 0.0884977407387258, 0.5879750004178593));
#5400 = CARTESIAN_POINT('', (9.999999999999988, 0.07183219833132547, 0.6270315014727155));
#5401 = CARTESIAN_POINT('', (10.000000000000004, 0.05683927708843775, 0.6667601169508393));
#5402 = CARTESIAN_POINT('', (10.000000000000012, 0.04354599505801643, 0.7070892532388815));
#5403 = CARTESIAN_POINT('', (9.999999999999984, 0.03197630814233982, 0.7479462344826283));
#5404 = CARTESIAN_POINT('', (10.000000000000027, 0.02215106475284028, 0.7892574336779901));
#5405 = CARTESIAN_POINT('', (9.999999999999966, 0.014087972356768955, 0.8309484051630718));
#5406 = CARTESIAN_POINT('', (10.000000000000032, 7.8015578851E-3, 0.872944019138775));
#5407 = CARTESIAN_POINT('', (9.999999999999968, 3.3031561841E-3, 0.9151685964129548));
#5408 = CARTESIAN_POINT('', (10.000000000000048, 6.0086161170E-4, 0.957546045945075));
#5409 = CARTESIAN_POINT('', (10.000000000000004, 8.6649650707E-19, 0.9858486817405868));
#5410 = CARTESIAN_POINT('', (10.0, 0.0, 1.0));
#5411 = CARTESIAN_POINT('', (10.000033333333333, 1.0, 0.0));
#5412 = CARTESIAN_POINT('', (10.000033333333336, 0.9858486817405869, 9.9261673506E-24));
#5413 = CARTESIAN_POINT('', (10.000033333333324, 0.9575460459450719, 6.0086161170E-4));
#5414 = CARTESIAN_POINT('', (10.000033333333317, 0.9151685964129558, 3.3031561841E-3));
#5415 = CARTESIAN_POINT('', (10.000033333333356, 0.8729440191387753, 7.8015578851E-3));
#5416 = CARTESIAN_POINT('', (10.0000333333333, 0.8309484051630714, 0.014087972356768787));
#5417 = CARTESIAN_POINT('', (10.000033333333349, 0.7892574336779891, 0.022151064752840427));
#5418 = CARTESIAN_POINT('', (10.000033333333324, 0.7479462344826293, 0.03197630814233981));
#5419 = CARTESIAN_POINT('', (10.000033333333345, 0.7070892532388802, 0.04354599505801642));
#5420 = CARTESIAN_POINT('', (10.000033333333352, 0.666760116950841, 0.05683927708843778));
#5421 = CARTESIAN_POINT('', (10.000033333333334, 0.6270315014727165, 0.07183219833132581));
#5422 = CARTESIAN_POINT('', (10.000033333333334, 0.5879750004178578, 0.08849774073872553));
#5423 = CARTESIAN_POINT('', (10.000033333333338, 0.5496609962563307, 0.10680587176784903));
#5424 = CARTESIAN_POINT('', (10.000033333333338, 0.5121585334271659, 0.12672359903693572));
#5425 = CARTESIAN_POINT('', (10.000033333333329, 0.47553519390664506, 0.1482150294110059));
#5426 = CARTESIAN_POINT('', (10.000033333333338, 0.43985697541822716, 0.17124143388092083));
#5427 = CARTESIAN_POINT('', (10.000033333333322, 0.4051881724907707, 0.19576131725617957));
#5428 = CARTESIAN_POINT('', (10.000033333333327, 0.37159126068691306, 0.2217304931133481));
#5429 = CARTESIAN_POINT('', (10.000033333333372, 0.3391267839186853, 0.24910216324055193));
#5430 = CARTESIAN_POINT('', (10.000033333333297, 0.3078532453723587, 0.2778270020414025));
#5431 = CARTESIAN_POINT('', (10.000033333333365, 0.27782700204140287, 0.3078532453723596));
#5432 = CARTESIAN_POINT('', (10.0000333333333, 0.24910216324055115, 0.3391267839186842));
#5433 = CARTESIAN_POINT('', (10.000033333333372, 0.22173049311334864, 0.37159126068691384));
#5434 = CARTESIAN_POINT('', (10.000033333333302, 0.19576131725617915, 0.40518817249076966));
#5435 = CARTESIAN_POINT('', (10.000033333333361, 0.17124143388092153, 0.4398569754182283));
#5436 = CARTESIAN_POINT('', (10.000033333333317, 0.14821502941100528, 0.475535193906644));
#5437 = CARTESIAN_POINT('', (10.000033333333354, 0.1267235990369363, 0.5121585334271676));
#5438 = CARTESIAN_POINT('', (10.00003333333332, 0.10680587176784857, 0.5496609962563292));
#5439 = CARTESIAN_POINT('', (10.000033333333352, 0.0884977407387258, 0.5879750004178593));
#5440 = CARTESIAN_POINT('', (10.00003333333332, 0.07183219833132547, 0.6270315014727155));
#5441 = CARTESIAN_POINT('', (10.000033333333336, 0.05683927708843776, 0.6667601169508393));
#5442 = CARTESIAN_POINT('', (10.000033333333345, 0.04354599505801643, 0.7070892532388815));
#5443 = CARTESIAN_POINT('', (10.000033333333317, 0.03197630814233982, 0.7479462344826283));
#5444 = CARTESIAN_POINT('', (10.00003333333336, 0.02215106475284028, 0.7892574336779901));
#5445 = CARTESIAN_POINT('', (10.000033333333299, 0.014087972356768955, 0.8309484051630718));
#5446 = CARTESIAN_POINT('', (10.000033333333365, 7.8015578851E-3, 0.872944019138775));
#5447 = CARTESIAN_POINT('', (10.0000333333333, 3.3031561841E-3, 0.9151685964129548));
#5448 = CARTESIAN_POINT('', (10.00003333333338, 6.0086161170E-4, 0.957546045945075));
#5449 = CARTESIAN_POINT('', (10.000033333333336, 8.7039635483E-19, 0.9858486817405868));
#5450 = CARTESIAN_POINT('', (10.000033333333333, 0.0, 1.0));
#5451 = CARTESIAN_POINT('', (10.000066666666665, 1.0, 0.0));
#5452 = CARTESIAN_POINT('', (10.000066666666669, 0.985848681740587, 9.9261673506E-24));
#5453 = CARTESIAN_POINT('', (10.000066666666656, 0.9575460459450719, 6.0086161170E-4));
#5454 = CARTESIAN_POINT('', (10.00006666666665, 0.9151685964129558, 3.3031561841E-3));
#5455 = CARTESIAN_POINT('', (10.000066666666688, 0.8729440191387753, 7.8015578851E-3));
#5456 = CARTESIAN_POINT('', (10.000066666666633, 0.8309484051630714, 0.014087972356768787));
#5457 = CARTESIAN_POINT('', (10.000066666666681, 0.7892574336779891, 0.022151064752840427));
#5458 = CARTESIAN_POINT('', (10.000066666666656, 0.7479462344826293, 0.03197630814233981));
#5459 = CARTESIAN_POINT('', (10.000066666666678, 0.7070892532388802, 0.04354599505801642));
#5460 = CARTESIAN_POINT('', (10.000066666666685, 0.6667601169508411, 0.05683927708843778));
#5461 = CARTESIAN_POINT('', (10.000066666666667, 0.6270315014727165, 0.07183219833132581));
#5462 = CARTESIAN_POINT('', (10.000066666666667, 0.5879750004178578, 0.08849774073872553));
#5463 = CARTESIAN_POINT('', (10.00006666666667, 0.5496609962563308, 0.10680587176784903));
#5464 = CARTESIAN_POINT('', (10.00006666666667, 0.512158533427166, 0.12672359903693572));
#5465 = CARTESIAN_POINT('', (10.000066666666662, 0.47553519390664506, 0.1482150294110059));
#5466 = CARTESIAN_POINT('', (10.00006666666667, 0.4398569754182272, 0.17124143388092083));
#5467 = CARTESIAN_POINT('', (10.000066666666655, 0.4051881724907707, 0.19576131725617957));
#5468 = CARTESIAN_POINT('', (10.00006666666666, 0.3715912606869131, 0.2217304931133481));
#5469 = CARTESIAN_POINT('', (10.000066666666704, 0.33912678391868534, 0.24910216324055193));
#5470 = CARTESIAN_POINT('', (10.00006666666663, 0.3078532453723587, 0.2778270020414025));
#5471 = CARTESIAN_POINT('', (10.000066666666697, 0.27782700204140287, 0.3078532453723596));
#5472 = CARTESIAN_POINT('', (10.000066666666633, 0.24910216324055115, 0.3391267839186842));
#5473 = CARTESIAN_POINT('', (10.000066666666704, 0.22173049311334866, 0.37159126068691384));
#5474 = CARTESIAN_POINT('', (10.000066666666635, 0.19576131725617915, 0.40518817249076966));
#5475 = CARTESIAN_POINT('', (10.000066666666694, 0.17124143388092153, 0.4398569754182283));
#5476 = CARTESIAN_POINT('', (10.00006666666665, 0.14821502941100528, 0.475535193906644));
#5477 = CARTESIAN_POINT('', (10.000066666666687, 0.1267235990369363, 0.5121585334271676));
#5478 = CARTESIAN_POINT('', (10.000066666666653, 0.10680587176784857, 0.5496609962563292));
#5479 = CARTESIAN_POINT('', (10.000066666666685, 0.0884977407387258, 0.5879750004178593));
#5480 = CARTESIAN_POINT('', (10.000066666666653, 0.07183219833132547, 0.6270315014727155));
#5481 = CARTESIAN_POINT('', (10.000066666666669, 0.056839277088437765, 0.6667601169508393));
#5482 = CARTESIAN_POINT('', (10.000066666666678, 0.04354599505801643, 0.7070892532388815));
#5483 = CARTESIAN_POINT('', (10.00006666666665, 0.03197630814233982, 0.7479462344826283));
#5484 = CARTESIAN_POINT('', (10.000066666666692, 0.02215106475284028, 0.7892574336779901));
#5485 = CARTESIAN_POINT('', (10.000066666666632, 0.014087972356768955, 0.8309484051630718));
#5486 = CARTESIAN_POINT('', (10.000066666666697, 7.8015578851E-3, 0.872944019138775));
#5487 = CARTESIAN_POINT('', (10.000066666666633, 3.3031561841E-3, 0.9151685964129548));
#5488 = CARTESIAN_POINT('', (10.000066666666713, 6.0086161170E-4, 0.957546045945075));
#5489 = CARTESIAN_POINT('', (10.000066666666669, 8.7429632345E-19, 0.9858486817405868));
#5490 = CARTESIAN_POINT('', (10.000066666666665, 0.0, 1.0));
#5491 = CARTESIAN_POINT('', (10.000099999999998, 1.0, 0.0));
#5492 = CARTESIAN_POINT('', (10.000100000000002, 0.9858486817405872, 9.9261673506E-24));
#5493 = CARTESIAN_POINT('', (10.000099999999989, 0.9575460459450719, 6.0086161170E-4));
#5494 = CARTESIAN_POINT('', (10.000099999999982, 0.9151685964129558, 3.3031561841E-3));
#5495 = CARTESIAN_POINT('', (10.000100000000021, 0.8729440191387753, 7.8015578851E-3));
#5496 = CARTESIAN_POINT('', (10.000099999999966, 0.8309484051630714, 0.014087972356768787));
#5497 = CARTESIAN_POINT('', (10.000100000000014, 0.7892574336779891, 0.022151064752840427));
#5498 = CARTESIAN_POINT('', (10.000099999999989, 0.7479462344826293, 0.03197630814233981));
#5499 = CARTESIAN_POINT('', (10.00010000000001, 0.7070892532388802, 0.04354599505801642));
#5500 = CARTESIAN_POINT('', (10.000100000000018, 0.6667601169508413, 0.05683927708843778));
#5501 = CARTESIAN_POINT('', (10.0001, 0.6270315014727165, 0.07183219833132581));
#5502 = CARTESIAN_POINT('', (10.0001, 0.5879750004178578, 0.08849774073872553));
#5503 = CARTESIAN_POINT('', (10.000100000000003, 0.5496609962563309, 0.10680587176784903));
#5504 = CARTESIAN_POINT('', (10.000100000000003, 0.5121585334271661, 0.12672359903693572));
#5505 = CARTESIAN_POINT('', (10.000099999999994, 0.47553519390664506, 0.1482150294110059));
#5506 = CARTESIAN_POINT('', (10.000100000000003, 0.43985697541822727, 0.17124143388092083));
#5507 = CARTESIAN_POINT('', (10.000099999999987, 0.4051881724907707, 0.19576131725617957));
#5508 = CARTESIAN_POINT('', (10.000099999999993, 0.37159126068691317, 0.2217304931133481));
#5509 = CARTESIAN_POINT('', (10.000100000000037, 0.3391267839186854, 0.24910216324055193));
#5510 = CARTESIAN_POINT('', (10.000099999999962, 0.3078532453723587, 0.2778270020414025));
#5511 = CARTESIAN_POINT('', (10.00010000000003, 0.27782700204140287, 0.3078532453723596));
#5512 = CARTESIAN_POINT('', (10.000099999999966, 0.24910216324055115, 0.3391267839186842));
#5513 = CARTESIAN_POINT('', (10.000100000000037, 0.2217304931133487, 0.37159126068691384));
#5514 = CARTESIAN_POINT('', (10.000099999999968, 0.19576131725617915, 0.40518817249076966));
#5515 = CARTESIAN_POINT('', (10.000100000000026, 0.17124143388092153, 0.4398569754182283));
#5516 = CARTESIAN_POINT('', (10.000099999999982, 0.14821502941100528, 0.475535193906644));
#5517 = CARTESIAN_POINT('', (10.00010000000002, 0.1267235990369363, 0.5121585334271676));
#5518 = CARTESIAN_POINT('', (10.000099999999986, 0.10680587176784857, 0.5496609962563292));
#5519 = CARTESIAN_POINT('', (10.000100000000018, 0.0884977407387258, 0.5879750004178593));
#5520 = CARTESIAN_POINT('', (10.000099999999986, 0.07183219833132547, 0.6270315014727155));
#5521 = CARTESIAN_POINT('', (10.000100000000002, 0.05683927708843777, 0.6667601169508393));
#5522 = CARTESIAN_POINT('', (10.00010000000001, 0.04354599505801643, 0.7070892532388815));
#5523 = CARTESIAN_POINT('', (10.000099999999982, 0.03197630814233982, 0.7479462344826283));
#5524 = CARTESIAN_POINT('', (10.000100000000025, 0.02215106475284028, 0.7892574336779901));
#5525 = CARTESIAN_POINT('', (10.000099999999964, 0.014087972356768955, 0.8309484051630718));
#5526 = CARTESIAN_POINT('', (10.00010000000003, 7.8015578851E-3, 0.872944019138775));
#5527 = CARTESIAN_POINT('', (10.000099999999966, 3.3031561841E-3, 0.9151685964129548));
#5528 = CARTESIAN_POINT('', (10.000100000000046, 6.0086161170E-4, 0.957546045945075));
#5529 = CARTESIAN_POINT('', (10.000100000000002, 8.7819641293E-19, 0.9858486817405868));
#5530 = CARTESIAN_POINT('', (10.000099999999998, 0.0, 1.0));
#5531 = DEFINITIONAL_REPRESENTATION('', (#5533), #5532);
#5532 = (
    GEOMETRIC_REPRESENTATION_CONTEXT(2)
    PARAMETRIC_REPRESENTATION_CONTEXT()
    REPRESENTATION_CONTEXT('2D SPACE', '')
);
#5533 = (
    BOUNDED_CURVE()
    B_SPLINE_CURVE(1, (#5534, #5535), .UNSPECIFIED., .U., .U.)
    B_SPLINE_CURVE_WITH_KNOTS((2, 2), (0.0, 9.000000000000004), .UNSPECIFIED.)
    CURVE()
    GEOMETRIC_REPRESENTATION_ITEM()
    RATIONAL_B_SPLINE_CURVE((1.0, 1.0))
    REPRESENTATION_ITEM('')
);
#5534 = CARTESIAN_POINT('', (0.0, 1.0));
#5535 = CARTESIAN_POINT('', (9.000000000000005, 1.0));
#5536 = SURFACE_CURVE('', #5537, (#5540, #5551), .CURVE_3D.);
#5537 = (
    BOUNDED_CURVE()
    B_SPLINE_CURVE(1, (#5538, #5539), .UNSPECIFIED., .U., .U.)
    B_SPLINE_CURVE_WITH_KNOTS((2, 2), (1.0, 10.0), .UNSPECIFIED.)
    CURVE()
    GEOMETRIC_REPRESENTATION_ITEM()
    RATIONAL_B_SPLINE_CURVE((1.0, 1.0))
    REPRESENTATION_ITEM('')
);
#5538 = CARTESIAN_POINT('', (1.0, 0.0, 10.0));
#5539 = CARTESIAN_POINT('', (10.0, 0.0, 10.0));
#5540 = PCURVE('', #5541, #5546);
#5541 = (
    BOUNDED_SURFACE()
    B_SPLINE_SURFACE(1, 1, ((#5542, #5543), (#5544, #5545)), .UNSPECIFIED., .U., .U., .U.)
    B_SPLINE_SURFACE_WITH_KNOTS((2, 2), (2, 2), (0.0, 1.0), (0.0, 1.0), .UNSPECIFIED.)
    GEOMETRIC_REPRESENTATION_ITEM()
    RATIONAL_B_SPLINE_SURFACE(((1.0, 1.0), (1.0, 1.0)))
    REPRESENTATION_ITEM('')
    SURFACE()
);
#5542 = CARTESIAN_POINT('', (0.0, 0.0, 0.0));
#5543 = CARTESIAN_POINT('', (0.0, 0.0, 10.0));
#5544 = CARTESIAN_POINT('', (10.0, 0.0, 0.0));
#5545 = CARTESIAN_POINT('', (10.0, 0.0, 10.0));
#5546 = DEFINITIONAL_REPRESENTATION('', (#5548), #5547);
#5547 = (
    GEOMETRIC_REPRESENTATION_CONTEXT(2)
    PARAMETRIC_REPRESENTATION_CONTEXT()
    REPRESENTATION_CONTEXT('2D SPACE', '')
);
#5548 = (
    BOUNDED_CURVE()
    B_SPLINE_CURVE(1, (#5549, #5550), .UNSPECIFIED., .U., .U.)
    B_SPLINE_CURVE_WITH_KNOTS((2, 2), (1.0, 10.0), .UNSPECIFIED.)
    CURVE()
    GEOMETRIC_REPRESENTATION_ITEM()
    RATIONAL_B_SPLINE_CURVE((1.0, 1.0))
    REPRESENTATION_ITEM('')
);
#5549 = CARTESIAN_POINT('', (0.1, 1.0));
#5550 = CARTESIAN_POINT('', (1.0, 1.0));
#5551 = PCURVE('', #5552, #5557);
#5552 = (
    BOUNDED_SURFACE()
    B_SPLINE_SURFACE(1, 1, ((#5553, #5554), (#5555, #5556)), .UNSPECIFIED., .U., .U., .U.)
    B_SPLINE_SURFACE_WITH_KNOTS((2, 2), (2, 2), (0.0, 1.0), (0.0, 1.0), .UNSPECIFIED.)
    GEOMETRIC_REPRESENTATION_ITEM()
    RATIONAL_B_SPLINE_SURFACE(((1.0, 1.0), (1.0, 1.0)))
    REPRESENTATION_ITEM('')
    SURFACE()
);
#5553 = CARTESIAN_POINT('', (0.0, 0.0, 10.0));
#5554 = CARTESIAN_POINT('', (0.0, 10.0, 10.0));
#5555 = CARTESIAN_POINT('', (10.0, 0.0, 10.0));
#5556 = CARTESIAN_POINT('', (10.0, 10.0, 10.0));
#5557 = DEFINITIONAL_REPRESENTATION('', (#5559), #5558);
#5558 = (
    GEOMETRIC_REPRESENTATION_CONTEXT(2)
    PARAMETRIC_REPRESENTATION_CONTEXT()
    REPRESENTATION_CONTEXT('2D SPACE', '')
);
#5559 = (
    BOUNDED_CURVE()
    B_SPLINE_CURVE(1, (#5560, #5561), .UNSPECIFIED., .U., .U.)
    B_SPLINE_CURVE_WITH_KNOTS((2, 2), (1.0, 10.0), .UNSPECIFIED.)
    CURVE()
    GEOMETRIC_REPRESENTATION_ITEM()
    RATIONAL_B_SPLINE_CURVE((1.0, 1.0))
    REPRESENTATION_ITEM('')
);
#5560 = CARTESIAN_POINT('', (0.1, 0.0));
#5561 = CARTESIAN_POINT('', (1.0, 0.0));
#5562 = SURFACE_CURVE('', #5563, (#5772, #5989), .CURVE_3D.);
#5563 = (
    BOUNDED_CURVE()
    B_SPLINE_CURVE(3, (#5564, #5565, #5566, #5567, #5568, #5569, #5570, #5571, #5572, #5573, #5574, #5575, #5576, #5577, #5578, #5579, #5580, #5581, #5582, #5583, #5584, #5585, #5586, #5587, #5588, #5589, #5590, #5591, #5592, #5593, #5594, #5595, #5596, #5597, #5598, #5599, #5600, #5601, #5602, #5603, #5604, #5605, #5606, #5607, #5608, #5609, #5610, #5611, #5612, #5613, #5614, #5615, #5616, #5617, #5618, #5619, #5620, #5621, #5622, #5623, #5624, #5625, #5626, #5627, #5628, #5629, #5630, #5631, #5632, #5633, #5634, #5635, #5636, #5637, #5638, #5639, #5640, #5641, #5642, #5643, #5644, #5645, #5646, #5647, #5648, #5649, #5650, #5651, #5652, #5653, #5654, #5655, #5656, #5657, #5658, #5659, #5660, #5661, #5662, #5663, #5664, #5665, #5666, #5667, #5668, #5669, #5670, #5671, #5672, #5673, #5674, #5675, #5676, #5677, #5678, #5679, #5680, #5681, #5682, #5683, #5684, #5685, #5686, #5687, #5688, #5689, #5690, #5691, #5692, #5693, #5694, #5695, #5696, #5697, #5698, #5699, #5700, #5701, #5702, #5703, #5704, #5705, #5706, #5707, #5708, #5709, #5710, #5711, #5712, #5713, #5714, #5715, #5716, #5717, #5718, #5719, #5720, #5721, #5722, #5723, #5724, #5725, #5726, #5727, #5728, #5729, #5730, #5731, #5732, #5733, #5734, #5735, #5736, #5737, #5738, #5739, #5740, #5741, #5742, #5743, #5744, #5745, #5746, #5747, #5748, #5749, #5750, #5751, #5752, #5753, #5754, #5755, #5756, #5757, #5758, #5759, #5760, #5761, #5762, #5763, #5764, #5765, #5766, #5767, #5768, #5769, #5770, #5771), .UNSPECIFIED., .U., .U.)
    B_SPLINE_CURVE_WITH_KNOTS((4, 3, 3, 3, 3, 3, 3, 3, 3, 3, 3, 3, 3, 3, 3, 3, 3, 3, 3, 3, 3, 3, 3, 3, 3, 3, 3, 3, 3, 3, 3, 3, 3, 3, 3, 3, 3, 3, 3, 3, 3, 3, 3, 3, 3, 3, 3, 3, 3, 3, 3, 3, 3, 3, 3, 3, 3, 3, 3, 3, 3, 3, 3, 3, 3, 3, 3, 3, 3, 4), (0.0, 0.022727519039356176, 0.04545405952044736, 0.06818060048269646, 0.09090714097528887, 0.11363368175820267, 0.13636022234171283, 0.15908676312140854, 0.18181330374294458, 0.20453984440803952, 0.22726638516542577, 0.24999292577071752, 0.2727194665960548, 0.2954460071326442, 0.3181725480375097, 0.34089908853649925, 0.3636256294335979, 0.3863521699280244, 0.40907871079123165, 0.43180525131641123, 0.4545317921144757, 0.4772583327073654, 0.4999848734302939, 0.5227114141136022, 0.5454379547567446, 0.5681644955403139, 0.5908910361120074, 0.6136175769800218, 0.6363441174979813, 0.6590706584056799, 0.681797198898193, 0.704523739785724, 0.7272502802885283, 0.749976821125736, 0.7727033616758137, 0.7954299024431971, 0.8181564430721705, 0.8408829837608914, 0.8636095244871734, 0.8863360650986276, 0.909062605921534, 0.9317891464674665, 0.9545156873597048, 0.9772422278628676, 0.9999687687665484, 1.022695309258699, 1.0454218501279968, 1.0681483906470104, 1.0908749314563917, 1.11360147203603, 1.1363280127706499, 1.1590545534406447, 1.181781094095069, 1.2045076348617858, 1.2272341754449658, 1.2499607163056152, 1.2726872568266607, 1.295413797728586, 1.3181403382297359, 1.3408668791262885, 1.3635934196117785, 1.3863199604562404, 1.4090465010201183, 1.431773041795269, 1.4544995823748226, 1.477226123091217, 1.499952663851448, 1.522679204434078, 1.5454057451885268, 1.5707623871705882), .UNSPECIFIED.)
    CURVE()
    GEOMETRIC_REPRESENTATION_ITEM()
    RATIONAL_B_SPLINE_CURVE((1.0, 1.0, 1.0, 1.0, 1.0, 1.0, 1.0, 1.0, 1.0, 1.0, 1.0, 1.0, 1.0, 1.0, 1.0, 1.0, 1.0, 1.0, 1.0, 1.0, 1.0, 1.0, 1.0, 1.0, 1.0, 1.0, 1.0, 1.0, 1.0, 1.0, 1.0, 1.0, 1.0, 1.0, 1.0, 1.0, 1.0, 1.0, 1.0, 1.0, 1.0, 1.0, 1.0, 1.0, 1.0, 1.0, 1.0, 1.0, 1.0, 1.0, 1.0, 1.0, 1.0, 1.0, 1.0, 1.0, 1.0, 1.0, 1.0, 1.0, 1.0, 1.0, 1.0, 1.0, 1.0, 1.0, 1.0, 1.0, 1.0, 1.0, 1.0, 1.0, 1.0, 1.0, 1.0, 1.0, 1.0, 1.0, 1.0, 1.0, 1.0, 1.0, 1.0, 1.0, 1.0, 1.0, 1.0, 1.0, 1.0, 1.0, 1.0, 1.0, 1.0, 1.0, 1.0, 1.0, 1.0, 1.0, 1.0, 1.0, 1.0, 1.0, 1.0, 1.0, 1.0, 1.0, 1.0, 1.0, 1.0, 1.0, 1.0, 1.0, 1.0, 1.0, 1.0, 1.0, 1.0, 1.0, 1.0, 1.0, 1.0, 1.0, 1.0, 1.0, 1.0, 1.0, 1.0, 1.0, 1.0, 1.0, 1.0, 1.0, 1.0, 1.0, 1.0, 1.0, 1.0, 1.0, 1.0, 1.0, 1.0, 1.0, 1.0, 1.0, 1.0, 1.0, 1.0, 1.0, 1.0, 1.0, 1.0, 1.0, 1.0, 1.0, 1.0, 1.0, 1.0, 1.0, 1.0, 1.0, 1.0, 1.0, 1.0, 1.0, 1.0, 1.0, 1.0, 1.0, 1.0, 1.0, 1.0, 1.0, 1.0, 1.0, 1.0, 1.0, 1.0, 1.0, 1.0, 1.0, 1.0, 1.0, 1.0, 1.0, 1.0, 1.0, 1.0, 1.0, 1.0, 1.0, 1.0, 1.0, 1.0, 1.0, 1.0, 1.0, 1.0, 1.0, 1.0, 1.0, 1.0, 1.0, 1.0, 1.0, 1.0, 1.0, 1.0, 1.0))
    REPRESENTATION_ITEM('')
);
#5564 = CARTESIAN_POINT('', (1.0, 0.0, 10.0));
#5565 = CARTESIAN_POINT('', (0.9924241603202146, 5.3139256078E-24, 10.0));
#5566 = CARTESIAN_POINT('', (0.9848478316502122, 8.6109209057E-5, 10.0));
#5567 = CARTESIAN_POINT('', (0.9772739485353619, 2.5827603628E-4, 10.0));
#5568 = CARTESIAN_POINT('', (0.9697003915223579, 4.3043545067E-4, 10.0));
#5569 = CARTESIAN_POINT('', (0.9621283017865978, 6.8866859067E-4, 10.000000000000004));
#5570 = CARTESIAN_POINT('', (0.9545606131645409, 1.0328976028E-3, 10.000000000000004));
#5571 = CARTESIAN_POINT('', (0.9469929243822637, 1.3771266222E-3, 10.000000000000004));
#5572 = CARTESIAN_POINT('', (0.9394286594609016, 1.8073875235E-3, 10.0));
#5573 = CARTESIAN_POINT('', (0.9318707473522607, 2.3234996055E-3, 10.0));
#5574 = CARTESIAN_POINT('', (0.9243128353998084, 2.8396116769E-3, 10.0));
#5575 = CARTESIAN_POINT('', (0.916760300551655, 3.4416457821E-3, 10.000000000000004));
#5576 = CARTESIAN_POINT('', (0.9092160696670557, 4.1293849122E-3, 10.000000000000004));
#5577 = CARTESIAN_POINT('', (0.9016718386860822, 4.8171240512E-3, 10.000000000000004));
#5578 = CARTESIAN_POINT('', (0.8941349367000743, 5.5906452989E-3, 9.999999999999998));
#5579 = CARTESIAN_POINT('', (0.886608281989806, 6.4496418587E-3, 9.999999999999998));
#5580 = CARTESIAN_POINT('', (0.8790816273455769, 7.3086384111E-3, 9.999999999999998));
#5581 = CARTESIAN_POINT('', (0.87156424900792, 8.2532290593E-3, 10.0));
#5582 = CARTESIAN_POINT('', (0.8640590600399374, 9.2830561153E-3, 10.0));
#5583 = CARTESIAN_POINT('', (0.8565538710071667, 0.010312883180243296, 10.0));
#5584 = CARTESIAN_POINT('', (0.849059900756846, 0.011428067646926736, 10.000000000000004));
#5585 = CARTESIAN_POINT('', (0.8415800513828593, 0.012628175785267873, 10.000000000000004));
#5586 = CARTESIAN_POINT('', (0.8341002020609267, 0.013828283915257158, 10.000000000000004));
#5587 = CARTESIAN_POINT('', (0.8266335096139626, 0.01511348143180472, 10.0));
#5588 = CARTESIAN_POINT('', (0.8191828660519056, 0.01648326824502029, 10.0));
#5589 = CARTESIAN_POINT('', (0.8117322224755683, 0.01785305506086127, 10.0));
#5590 = CARTESIAN_POINT('', (0.8042966640233268, 0.01930759844799567, 10.0));
#5591 = CARTESIAN_POINT('', (0.7968790712639655, 0.020846339257469034, 10.0));
#5592 = CARTESIAN_POINT('', (0.7894614784744818, 0.022385080073191146, 10.0));
#5593 = CARTESIAN_POINT('', (0.7820608962828969, 0.024008229031017226, 9.999999999999998));
#5594 = CARTESIAN_POINT('', (0.7746801888464147, 0.025715145498108563, 9.999999999999998));
#5595 = CARTESIAN_POINT('', (0.7672994814593269, 0.027422061953776576, 9.999999999999998));
#5596 = CARTESIAN_POINT('', (0.7599376943346438, 0.029212960142047946, 10.0));
#5597 = CARTESIAN_POINT('', (0.7525976810812601, 0.031087156172508373, 10.0));
#5598 = CARTESIAN_POINT('', (0.7452576677568081, 0.032961352221115355, 10.0));
#5599 = CARTESIAN_POINT('', (0.7379384834737143, 0.0349190985455296, 10.000000000000002));
#5600 = CARTESIAN_POINT('', (0.7306429584085032, 0.03695961819861425, 10.000000000000002));
#5601 = CARTESIAN_POINT('', (0.7233474334359842, 0.039000137825773454, 10.000000000000002));
#5602 = CARTESIAN_POINT('', (0.7160746247754642, 0.041123691550330285, 9.999999999999998));
#5603 = CARTESIAN_POINT('', (0.7088273537897798, 0.04332947219072213, 9.999999999999998));
#5604 = CARTESIAN_POINT('', (0.7015800826866557, 0.04553525286685793, 9.999999999999998));
#5605 = CARTESIAN_POINT('', (0.6943574153344323, 0.04782355034385839, 10.0));
#5606 = CARTESIAN_POINT('', (0.6871621429396966, 0.05019345793677109, 10.0));
#5607 = CARTESIAN_POINT('', (0.6799668706734621, 0.05256336548735933, 10.0));
#5608 = CARTESIAN_POINT('', (0.6727980640654639, 0.0550151890274594, 10.0));
#5609 = CARTESIAN_POINT('', (0.6656585066834826, 0.05754799876626213, 10.0));
#5610 = CARTESIAN_POINT('', (0.6585189491764349, 0.06008080854943301, 10.0));
#5611 = CARTESIAN_POINT('', (0.6514077179217139, 0.06269492756096272, 10.0));
#5612 = CARTESIAN_POINT('', (0.6443275614528983, 0.06538932752593724, 10.0));
#5613 = CARTESIAN_POINT('', (0.6372474051095299, 0.06808372744317198, 10.0));
#5614 = CARTESIAN_POINT('', (0.6301974100651122, 0.07085875850053276, 10.0));
#5615 = CARTESIAN_POINT('', (0.6231803144940904, 0.07371336434156932, 10.0));
#5616 = CARTESIAN_POINT('', (0.616163218809203, 0.0765679702289272, 10.0));
#5617 = CARTESIAN_POINT('', (0.6091781128992203, 0.07950250985047003, 10.0));
#5618 = CARTESIAN_POINT('', (0.6022276978921293, 0.08251583655897796, 10.0));
#5619 = CARTESIAN_POINT('', (0.5952772829884166, 0.08552916322266657, 10.0));
#5620 = CARTESIAN_POINT('', (0.588360663780184, 0.08862167139730097, 10.0));
#5621 = CARTESIAN_POINT('', (0.5814805250348862, 0.0917921754205282, 10.0));
#5622 = CARTESIAN_POINT('', (0.5746003862069764, 0.09496267948182469, 10.0));
#5623 = CARTESIAN_POINT('', (0.5677558344932618, 0.09821157752719037, 9.999999999999998));
#5624 = CARTESIAN_POINT('', (0.5609495185852722, 0.10153760669944015, 9.999999999999998));
#5625 = CARTESIAN_POINT('', (0.5541432027387299, 0.1048636358416626, 9.999999999999998));
#5626 = CARTESIAN_POINT('', (0.5473742479659623, 0.1082672339244964, 10.0));
#5627 = CARTESIAN_POINT('', (0.5406452780967176, 0.11174708589787151, 10.0));
#5628 = CARTESIAN_POINT('', (0.5339163081889704, 0.11522693789115795, 10.0));
#5629 = CARTESIAN_POINT('', (0.527226449234209, 0.11878348303503103, 10.000000000000002));
#5630 = CARTESIAN_POINT('', (0.520578292544318, 0.12241534461570891, 10.000000000000002));
#5631 = CARTESIAN_POINT('', (0.5139301358660169, 0.12604720619005522, 10.000000000000002));
#5632 = CARTESIAN_POINT('', (0.5073228287941526, 0.12975486344336082, 10.0));
#5633 = CARTESIAN_POINT('', (0.5007589275679847, 0.1335368743380521, 10.0));
#5634 = CARTESIAN_POINT('', (0.49419502635341755, 0.1373188852260592, 10.0));
#5635 = CARTESIAN_POINT('', (0.487673679249904, 0.14117573081761803, 10.000000000000004));
#5636 = CARTESIAN_POINT('', (0.48119741535612437, 0.14510592311440534, 10.000000000000004));
#5637 = CARTESIAN_POINT('', (0.474721151422328, 0.14903611543547726, 10.000000000000004));
#5638 = CARTESIAN_POINT('', (0.46828914093053475, 0.15304017216912041, 9.999999999999998));
#5639 = CARTESIAN_POINT('', (0.4619038671536894, 0.1571165290003529, 9.999999999999998));
#5640 = CARTESIAN_POINT('', (0.4555185934363729, 0.16119288579358218, 9.999999999999998));
#5641 = CARTESIAN_POINT('', (0.4491792292979945, 0.16534206503266213, 10.0));
#5642 = CARTESIAN_POINT('', (0.44288823690004386, 0.16956247020274792, 10.0));
#5643 = CARTESIAN_POINT('', (0.4365972444200679, 0.17378287542786164, 10.0));
#5644 = CARTESIAN_POINT('', (0.4303538166652998, 0.17807505891585187, 10.0));
#5645 = CARTESIAN_POINT('', (0.42416036021203896, 0.18243734086557062, 10.0));
#5646 = CARTESIAN_POINT('', (0.41796690385417534, 0.1867996227480975, 10.0));
#5647 = CARTESIAN_POINT('', (0.41182261801917186, 0.19123256511719455, 10.0));
#5648 = CARTESIAN_POINT('', (0.4057298933325619, 0.1957344659126982, 10.0));
#5649 = CARTESIAN_POINT('', (0.39963716854146725, 0.2002363667854053, 10.0));
#5650 = CARTESIAN_POINT('', (0.3935952193864, 0.20480780847329, 10.0));
#5651 = CARTESIAN_POINT('', (0.3876063739980372, 0.20944700428312446, 10.0));
#5652 = CARTESIAN_POINT('', (0.3816175287190831, 0.2140862000082066, 10.0));
#5653 = CARTESIAN_POINT('', (0.37568101432629303, 0.21879374968898016, 9.999999999999998));
#5654 = CARTESIAN_POINT('', (0.3697991436042998, 0.22356784662564047, 9.999999999999998));
#5655 = CARTESIAN_POINT('', (0.3639172727800717, 0.22834194364528104, 9.999999999999998));
#5656 = CARTESIAN_POINT('', (0.35808928174744636, 0.23318319847654667, 10.0));
#5657 = CARTESIAN_POINT('', (0.35231741861862964, 0.23808972502473252, 10.0));
#5658 = CARTESIAN_POINT('', (0.34654555558752204, 0.24299625148985815, 10.0));
#5659 = CARTESIAN_POINT('', (0.3408290775257535, 0.24796868613690254, 10.0));
#5660 = CARTESIAN_POINT('', (0.3351702104126097, 0.25300511620180216, 10.0));
#5661 = CARTESIAN_POINT('', (0.32951134321620007, 0.25804154634080895, 10.0));
#5662 = CARTESIAN_POINT('', (0.3239093487560508, 0.26314261339722694, 10.0));
#5663 = CARTESIAN_POINT('', (0.3183663909977875, 0.2683063354832619, 10.0));
#5664 = CARTESIAN_POINT('', (0.31282343330955464, 0.2734700575040577, 10.0));
#5665 = CARTESIAN_POINT('', (0.307338801587056, 0.2786971066897558, 10.0));
#5666 = CARTESIAN_POINT('', (0.3019146270473252, 0.2839854651878275, 10.0));
#5667 = CARTESIAN_POINT('', (0.2964904524557297, 0.28927382373646526, 10.0));
#5668 = CARTESIAN_POINT('', (0.2911260262849212, 0.2946241656227119, 10.0));
#5669 = CARTESIAN_POINT('', (0.28582342432460095, 0.3000344168728359, 10.0));
#5670 = CARTESIAN_POINT('', (0.28052082239657483, 0.30544466809001014, 10.0));
#5671 = CARTESIAN_POINT('', (0.2752793675846777, 0.3109155345914111, 10.0));
#5672 = CARTESIAN_POINT('', (0.2701010898197802, 0.3164448966549416, 10.0));
#5673 = CARTESIAN_POINT('', (0.26492281204126916, 0.32197425873300867, 10.0));
#5674 = CARTESIAN_POINT('', (0.259807035262686, 0.32756282330837183, 10.0));
#5675 = CARTESIAN_POINT('', (0.2547557432269734, 0.333208428192858, 10.0));
#5676 = CARTESIAN_POINT('', (0.24970445118291237, 0.33885403308667494, 10.0));
#5677 = CARTESIAN_POINT('', (0.24471700089313034, 0.34455741531046064, 9.999999999999996));
#5678 = CARTESIAN_POINT('', (0.2397953162375362, 0.3503163584498199, 9.999999999999996));
#5679 = CARTESIAN_POINT('', (0.2348736316068093, 0.3560753015600816, 9.999999999999996));
#5680 = CARTESIAN_POINT('', (0.23001707184882011, 0.36189054474259563, 10.0));
#5681 = CARTESIAN_POINT('', (0.22522752495344633, 0.3677598416245551, 10.0));
#5682 = CARTESIAN_POINT('', (0.22043797801350967, 0.3736291385611237, 10.0));
#5683 = CARTESIAN_POINT('', (0.21571483440278463, 0.3795532540007811, 10.000000000000002));
#5684 = CARTESIAN_POINT('', (0.21105990924756737, 0.38552988166350155, 10.000000000000002));
#5685 = CARTESIAN_POINT('', (0.20640498414908082, 0.3915065092533834, 10.000000000000002));
#5686 = CARTESIAN_POINT('', (0.20181767374753523, 0.39753641882599144, 10.0));
#5687 = CARTESIAN_POINT('', (0.197299766750369, 0.403617284009961, 10.0));
#5688 = CARTESIAN_POINT('', (0.19278185968435912, 0.4096981492865905, 10.0));
#5689 = CARTESIAN_POINT('', (0.18833277806598805, 0.41583075899367405, 9.999999999999998));
#5690 = CARTESIAN_POINT('', (0.18395422788721083, 0.4220127251130854, 9.999999999999998));
#5691 = CARTESIAN_POINT('', (0.17957567778339384, 0.4281946911266623, 9.999999999999998));
#5692 = CARTESIAN_POINT('', (0.17526709317030142, 0.434426811583405, 10.000000000000002));
#5693 = CARTESIAN_POINT('', (0.17103015985646997, 0.4407066842651399, 10.000000000000002));
#5694 = CARTESIAN_POINT('', (0.1667932264679695, 0.4469865570575473, 10.000000000000002));
#5695 = CARTESIAN_POINT('', (0.16262739515688115, 0.4533149911296151, 10.0));
#5696 = CARTESIAN_POINT('', (0.15853426467409085, 0.4596895255971869, 10.0));
#5697 = CARTESIAN_POINT('', (0.15444113426541856, 0.4660640599493292, 10.0));
#5698 = CARTESIAN_POINT('', (0.15042017773483585, 0.47248551897184754, 10.0));
#5699 = CARTESIAN_POINT('', (0.1464729700128109, 0.4789514261741067, 10.0));
#5700 = CARTESIAN_POINT('', (0.142525762225282, 0.48541733348366767, 10.0));
#5701 = CARTESIAN_POINT('', (0.13865178546556886, 0.4919285185937817, 10.0));
#5702 = CARTESIAN_POINT('', (0.13485252999113567, 0.4984824536326536, 10.0));
#5703 = CARTESIAN_POINT('', (0.13105327457526042, 0.5050363885705096, 10.0));
#5704 = CARTESIAN_POINT('', (0.12732825437268594, 0.5116339223894243, 10.0));
#5705 = CARTESIAN_POINT('', (0.1236789251223362, 0.5182725066441618, 10.0));
#5706 = CARTESIAN_POINT('', (0.12002959582536048, 0.5249110909837178, 10.0));
#5707 = CARTESIAN_POINT('', (0.11645547566562182, 0.5315915768829761, 10.0));
#5708 = CARTESIAN_POINT('', (0.11295794363976552, 0.5383113742072466, 10.0));
#5709 = CARTESIAN_POINT('', (0.10946041164926583, 0.5450311714635866, 10.0));
#5710 = CARTESIAN_POINT('', (0.1060390240108611, 0.5517911518755974, 10.0));
#5711 = CARTESIAN_POINT('', (0.10269511087919894, 0.5585886992390794, 10.0));
#5712 = CARTESIAN_POINT('', (0.0993511977247333, 0.5653862466489166, 10.0));
#5713 = CARTESIAN_POINT('', (0.09608431696348385, 0.5722222335083872, 10.0));
#5714 = CARTESIAN_POINT('', (0.09289573376003621, 0.579094012253973, 10.0));
#5715 = CARTESIAN_POINT('', (0.08970715056565559, 0.5859657909800182, 10.0));
#5716 = CARTESIAN_POINT('', (0.08659646371814064, 0.5928742536409918, 10.0));
#5717 = CARTESIAN_POINT('', (0.08356487356259834, 0.5998167219899317, 10.0));
#5718 = CARTESIAN_POINT('', (0.08053328340913304, 0.6067591903341153, 10.0));
#5719 = CARTESIAN_POINT('', (0.07758039034696763, 0.6137365572113209, 10.0));
#5720 = CARTESIAN_POINT('', (0.07470734335606721, 0.6207461225727864, 10.0));
#5721 = CARTESIAN_POINT('', (0.071834296350971, 0.6277556879688863, 10.0));
#5722 = CARTESIAN_POINT('', (0.06904073584509823, 0.6347983613932678, 10.000000000000004));
#5723 = CARTESIAN_POINT('', (0.06632773051967043, 0.6418714094094977, 10.000000000000004));
#5724 = CARTESIAN_POINT('', (0.06361472521615254, 0.6489444573686065, 10.000000000000004));
#5725 = CARTESIAN_POINT('', (0.06098191976795266, 0.656048791361545, 10.0));
#5726 = CARTESIAN_POINT('', (0.05843034480915568, 0.6631816638851789, 10.0));
#5727 = CARTESIAN_POINT('', (0.055878769819206406, 0.6703145364958982, 10.0));
#5728 = CARTESIAN_POINT('', (0.05340810516524082, 0.6774768716907403, 9.999999999999998));
#5729 = CARTESIAN_POINT('', (0.051019288570307714, 0.6846658884445014, 9.999999999999998));
#5730 = CARTESIAN_POINT('', (0.04863047201107082, 0.6918549050908366, 9.999999999999998));
#5731 = CARTESIAN_POINT('', (0.04632319308407451, 0.699071531055825, 10.0));
#5732 = CARTESIAN_POINT('', (0.044098362165778796, 0.7063129765109786, 10.0));
#5733 = CARTESIAN_POINT('', (0.04187353121019658, 0.7135544220874933, 10.0));
#5734 = CARTESIAN_POINT('', (0.03973086399592357, 0.7208216227867941, 10.0));
#5735 = CARTESIAN_POINT('', (0.037671170593727016, 0.7281117578957952, 10.0));
#5736 = CARTESIAN_POINT('', (0.03561147722785251, 0.735401892876237, 10.0));
#5737 = CARTESIAN_POINT('', (0.03363449216746456, 0.7427159038917993, 10.0));
#5738 = CARTESIAN_POINT('', (0.031741001837507485, 0.7500509634801632, 10.0));
#5739 = CARTESIAN_POINT('', (0.02984751147460693, 0.7573860231961446, 10.0));
#5740 = CARTESIAN_POINT('', (0.02803726531798278, 0.7647430767378544, 10.0));
#5741 = CARTESIAN_POINT('', (0.02631094978540294, 0.7721192709783407, 10.0));
#5742 = CARTESIAN_POINT('', (0.02458463428404756, 0.7794954650854111, 10.0));
#5743 = CARTESIAN_POINT('', (0.022942029633755086, 0.7868917531792514, 10.000000000000002));
#5744 = CARTESIAN_POINT('', (0.021383790314219164, 0.7943052742683463, 10.000000000000002));
#5745 = CARTESIAN_POINT('', (0.019825550970070424, 0.8017187954745397, 10.000000000000002));
#5746 = CARTESIAN_POINT('', (0.018351464816450416, 0.8091505043730592, 10.0));
#5747 = CARTESIAN_POINT('', (0.016962093536583282, 0.8165975208209404, 10.0));
#5748 = CARTESIAN_POINT('', (0.015572722273869459, 0.8240445371768801, 10.0));
#5749 = CARTESIAN_POINT('', (0.014267893134895486, 0.8315078239359445, 10.0));
#5750 = CARTESIAN_POINT('', (0.013048122419171998, 0.8389844919446466, 10.0));
#5751 = CARTESIAN_POINT('', (0.011828351692109154, 0.8464611600228542, 10.0));
#5752 = CARTESIAN_POINT('', (0.010693469842631344, 0.8539521726180337, 9.999999999999998));
#5753 = CARTESIAN_POINT('', (9.6439131414E-3, 0.8614546280100496, 9.999999999999998));
#5754 = CARTESIAN_POINT('', (8.5943564492E-3, 0.8689570833374952, 9.999999999999998));
#5755 = CARTESIAN_POINT('', (7.6299994896E-3, 0.8764719515514636, 10.0));
#5756 = CARTESIAN_POINT('', (6.7512167018E-3, 0.8839963216913734, 10.0));
#5757 = CARTESIAN_POINT('', (5.8724339088E-3, 0.8915206918765889, 10.0));
#5758 = CARTESIAN_POINT('', (5.0791012115E-3, 0.8990555342356695, 10.000000000000002));
#5759 = CARTESIAN_POINT('', (4.3715279565E-3, 0.9065979308024377, 10.000000000000002));
#5760 = CARTESIAN_POINT('', (3.6639547002E-3, 0.9141403273837542, 10.000000000000002));
#5761 = CARTESIAN_POINT('', (3.0420614878E-3, 0.9216912530317618, 10.0));
#5762 = CARTESIAN_POINT('', (2.5060802384E-3, 0.9292477820102809, 10.0));
#5763 = CARTESIAN_POINT('', (1.9700989932E-3, 0.936804310929748, 10.0));
#5764 = CARTESIAN_POINT('', (1.5199531683E-3, 0.9443674183997907, 10.0));
#5765 = CARTESIAN_POINT('', (1.1558260222E-3, 0.9519341757388016, 10.0));
#5766 = CARTESIAN_POINT('', (7.9169887333E-4, 0.9595009331350192, 10.0));
#5767 = CARTESIAN_POINT('', (5.1355527580E-4, 0.9670723177737575, 10.0));
#5768 = CARTESIAN_POINT('', (3.2148464251E-4, 0.9746453960742613, 10.0));
#5769 = CARTESIAN_POINT('', (1.0718602415E-4, 0.983094892952945, 10.0));
#5770 = CARTESIAN_POINT('', (5.1753580610E-19, 0.9915477860059793, 10.0));
#5771 = CARTESIAN_POINT('', (0.0, 0.9999999999999998, 10.0));
#5772 = PCURVE('', #5773, #5778);
#5773 = (
    BOUNDED_SURFACE()
    B_SPLINE_SURFACE(1, 1, ((#5774, #5775), (#5776, #5777)), .UNSPECIFIED., .U., .U., .U.)
    B_SPLINE_SURFACE_WITH_KNOTS((2, 2), (2, 2), (0.0, 1.0), (0.0, 1.0), .UNSPECIFIED.)
    GEOMETRIC_REPRESENTATION_ITEM()
    RATIONAL_B_SPLINE_SURFACE(((1.0, 1.0), (1.0, 1.0)))
    REPRESENTATION_ITEM('')
    SURFACE()
);
#5774 = CARTESIAN_POINT('', (0.0, 0.0, 10.0));
#5775 = CARTESIAN_POINT('', (0.0, 10.0, 10.0));
#5776 = CARTESIAN_POINT('', (10.0, 0.0, 10.0));
#5777 = CARTESIAN_POINT('', (10.0, 10.0, 10.0));
#5778 = DEFINITIONAL_REPRESENTATION('', (#5780), #5779);
#5779 = (
    GEOMETRIC_REPRESENTATION_CONTEXT(2)
    PARAMETRIC_REPRESENTATION_CONTEXT()
    REPRESENTATION_CONTEXT('2D SPACE', '')
);
#5780 = (
    BOUNDED_CURVE()
    B_SPLINE_CURVE(3, (#5781, #5782, #5783, #5784, #5785, #5786, #5787, #5788, #5789, #5790, #5791, #5792, #5793, #5794, #5795, #5796, #5797, #5798, #5799, #5800, #5801, #5802, #5803, #5804, #5805, #5806, #5807, #5808, #5809, #5810, #5811, #5812, #5813, #5814, #5815, #5816, #5817, #5818, #5819, #5820, #5821, #5822, #5823, #5824, #5825, #5826, #5827, #5828, #5829, #5830, #5831, #5832, #5833, #5834, #5835, #5836, #5837, #5838, #5839, #5840, #5841, #5842, #5843, #5844, #5845, #5846, #5847, #5848, #5849, #5850, #5851, #5852, #5853, #5854, #5855, #5856, #5857, #5858, #5859, #5860, #5861, #5862, #5863, #5864, #5865, #5866, #5867, #5868, #5869, #5870, #5871, #5872, #5873, #5874, #5875, #5876, #5877, #5878, #5879, #5880, #5881, #5882, #5883, #5884, #5885, #5886, #5887, #5888, #5889, #5890, #5891, #5892, #5893, #5894, #5895, #5896, #5897, #5898, #5899, #5900, #5901, #5902, #5903, #5904, #5905, #5906, #5907, #5908, #5909, #5910, #5911, #5912, #5913, #5914, #5915, #5916, #5917, #5918, #5919, #5920, #5921, #5922, #5923, #5924, #5925, #5926, #5927, #5928, #5929, #5930, #5931, #5932, #5933, #5934, #5935, #5936, #5937, #5938, #5939, #5940, #5941, #5942, #5943, #5944, #5945, #5946, #5947, #5948, #5949, #5950, #5951, #5952, #5953, #5954, #5955, #5956, #5957, #5958, #5959, #5960, #5961, #5962, #5963, #5964, #5965, #5966, #5967, #5968, #5969, #5970, #5971, #5972, #5973, #5974, #5975, #5976, #5977, #5978, #5979, #5980, #5981, #5982, #5983, #5984, #5985, #5986, #5987, #5988), .UNSPECIFIED., .U., .U.)
    B_SPLINE_CURVE_WITH_KNOTS((4, 3, 3, 3, 3, 3, 3, 3, 3, 3, 3, 3, 3, 3, 3, 3, 3, 3, 3, 3, 3, 3, 3, 3, 3, 3, 3, 3, 3, 3, 3, 3, 3, 3, 3, 3, 3, 3, 3, 3, 3, 3, 3, 3, 3, 3, 3, 3, 3, 3, 3, 3, 3, 3, 3, 3, 3, 3, 3, 3, 3, 3, 3, 3, 3, 3, 3, 3, 3, 4), (0.0, 0.022727519039356176, 0.04545405952044736, 0.06818060048269646, 0.09090714097528887, 0.11363368175820267, 0.13636022234171283, 0.15908676312140854, 0.18181330374294458, 0.20453984440803952, 0.22726638516542577, 0.24999292577071752, 0.2727194665960548, 0.2954460071326442, 0.3181725480375097, 0.34089908853649925, 0.3636256294335979, 0.3863521699280244, 0.40907871079123165, 0.43180525131641123, 0.4545317921144757, 0.4772583327073654, 0.4999848734302939, 0.5227114141136022, 0.5454379547567446, 0.5681644955403139, 0.5908910361120074, 0.6136175769800218, 0.6363441174979813, 0.6590706584056799, 0.681797198898193, 0.704523739785724, 0.7272502802885283, 0.749976821125736, 0.7727033616758137, 0.7954299024431971, 0.8181564430721705, 0.8408829837608914, 0.8636095244871734, 0.8863360650986276, 0.909062605921534, 0.9317891464674665, 0.9545156873597048, 0.9772422278628676, 0.9999687687665484, 1.022695309258699, 1.0454218501279968, 1.0681483906470104, 1.0908749314563917, 1.11360147203603, 1.1363280127706499, 1.1590545534406447, 1.181781094095069, 1.2045076348617858, 1.2272341754449658, 1.2499607163056152, 1.2726872568266607, 1.295413797728586, 1.3181403382297359, 1.3408668791262885, 1.3635934196117785, 1.3863199604562404, 1.4090465010201183, 1.431773041795269, 1.4544995823748226, 1.477226123091217, 1.499952663851448, 1.522679204434078, 1.5454057451885268, 1.5707623871705882), .UNSPECIFIED.)
    CURVE()
    GEOMETRIC_REPRESENTATION_ITEM()
    RATIONAL_B_SPLINE_CURVE((1.0, 1.0, 1.0, 1.0, 1.0, 1.0, 1.0, 1.0, 1.0, 1.0, 1.0, 1.0, 1.0, 1.0, 1.0, 1.0, 1.0, 1.0, 1.0, 1.0, 1.0, 1.0, 1.0, 1.0, 1.0, 1.0, 1.0, 1.0, 1.0, 1.0, 1.0, 1.0, 1.0, 1.0, 1.0, 1.0, 1.0, 1.0, 1.0, 1.0, 1.0, 1.0, 1.0, 1.0, 1.0, 1.0, 1.0, 1.0, 1.0, 1.0, 1.0, 1.0, 1.0, 1.0, 1.0, 1.0, 1.0, 1.0, 1.0, 1.0, 1.0, 1.0, 1.0, 1.0, 1.0, 1.0, 1.0, 1.0, 1.0, 1.0, 1.0, 1.0, 1.0, 1.0, 1.0, 1.0, 1.0, 1.0, 1.0, 1.0, 1.0, 1.0, 1.0, 1.0, 1.0, 1.0, 1.0, 1.0, 1.0, 1.0, 1.0, 1.0, 1.0, 1.0, 1.0, 1.0, 1.0, 1.0, 1.0, 1.0, 1.0, 1.0, 1.0, 1.0, 1.0, 1.0, 1.0, 1.0, 1.0, 1.0, 1.0, 1.0, 1.0, 1.0, 1.0, 1.0, 1.0, 1.0, 1.0, 1.0, 1.0, 1.0, 1.0, 1.0, 1.0, 1.0, 1.0, 1.0, 1.0, 1.0, 1.0, 1.0, 1.0, 1.0, 1.0, 1.0, 1.0, 1.0, 1.0, 1.0, 1.0, 1.0, 1.0, 1.0, 1.0, 1.0, 1.0, 1.0, 1.0, 1.0, 1.0, 1.0, 1.0, 1.0, 1.0, 1.0, 1.0, 1.0, 1.0, 1.0, 1.0, 1.0, 1.0, 1.0, 1.0, 1.0, 1.0, 1.0, 1.0, 1.0, 1.0, 1.0, 1.0, 1.0, 1.0, 1.0, 1.0, 1.0, 1.0, 1.0, 1.0, 1.0, 1.0, 1.0, 1.0, 1.0, 1.0, 1.0, 1.0, 1.0, 1.0, 1.0, 1.0, 1.0, 1.0, 1.0, 1.0, 1.0, 1.0, 1.0, 1.0, 1.0, 1.0, 1.0, 1.0, 1.0, 1.0, 1.0))
    REPRESENTATION_ITEM('')
);
#5781 = CARTESIAN_POINT('', (0.1, 0.0));
#5782 = CARTESIAN_POINT('', (0.09924241603202147, 0.0));
#5783 = CARTESIAN_POINT('', (0.09848478316502121, 8.6109209057E-6));
#5784 = CARTESIAN_POINT('', (0.09772739485353618, 2.5827603628E-5));
#5785 = CARTESIAN_POINT('', (0.09697003915223579, 4.3043545067E-5));
#5786 = CARTESIAN_POINT('', (0.09621283017865978, 6.8866859067E-5));
#5787 = CARTESIAN_POINT('', (0.0954560613164541, 1.0328976028E-4));
#5788 = CARTESIAN_POINT('', (0.09469929243822636, 1.3771266222E-4));
#5789 = CARTESIAN_POINT('', (0.09394286594609016, 1.8073875235E-4));
#5790 = CARTESIAN_POINT('', (0.09318707473522607, 2.3234996055E-4));
#5791 = CARTESIAN_POINT('', (0.09243128353998084, 2.8396116769E-4));
#5792 = CARTESIAN_POINT('', (0.0916760300551655, 3.4416457821E-4));
#5793 = CARTESIAN_POINT('', (0.09092160696670556, 4.1293849122E-4));
#5794 = CARTESIAN_POINT('', (0.09016718386860822, 4.8171240512E-4));
#5795 = CARTESIAN_POINT('', (0.08941349367000742, 5.5906452989E-4));
#5796 = CARTESIAN_POINT('', (0.0886608281989806, 6.4496418587E-4));
#5797 = CARTESIAN_POINT('', (0.08790816273455769, 7.3086384111E-4));
#5798 = CARTESIAN_POINT('', (0.08715642490079199, 8.2532290593E-4));
#5799 = CARTESIAN_POINT('', (0.08640590600399374, 9.2830561153E-4));
#5800 = CARTESIAN_POINT('', (0.08565538710071667, 1.0312883180E-3));
#5801 = CARTESIAN_POINT('', (0.0849059900756846, 1.1428067647E-3));
#5802 = CARTESIAN_POINT('', (0.08415800513828593, 1.2628175785E-3));
#5803 = CARTESIAN_POINT('', (0.08341002020609267, 1.3828283915E-3));
#5804 = CARTESIAN_POINT('', (0.08266335096139626, 1.5113481432E-3));
#5805 = CARTESIAN_POINT('', (0.08191828660519056, 1.6483268245E-3));
#5806 = CARTESIAN_POINT('', (0.08117322224755683, 1.7853055061E-3));
#5807 = CARTESIAN_POINT('', (0.08042966640233268, 1.9307598448E-3));
#5808 = CARTESIAN_POINT('', (0.07968790712639655, 2.0846339257E-3));
#5809 = CARTESIAN_POINT('', (0.07894614784744818, 2.2385080073E-3));
#5810 = CARTESIAN_POINT('', (0.07820608962828969, 2.4008229031E-3));
#5811 = CARTESIAN_POINT('', (0.07746801888464147, 2.5715145498E-3));
#5812 = CARTESIAN_POINT('', (0.07672994814593269, 2.7422061954E-3));
#5813 = CARTESIAN_POINT('', (0.07599376943346438, 2.9212960142E-3));
#5814 = CARTESIAN_POINT('', (0.07525976810812601, 3.1087156173E-3));
#5815 = CARTESIAN_POINT('', (0.07452576677568082, 3.2961352221E-3));
#5816 = CARTESIAN_POINT('', (0.07379384834737143, 3.4919098546E-3));
#5817 = CARTESIAN_POINT('', (0.07306429584085032, 3.6959618199E-3));
#5818 = CARTESIAN_POINT('', (0.07233474334359842, 3.9000137826E-3));
#5819 = CARTESIAN_POINT('', (0.07160746247754643, 4.1123691550E-3));
#5820 = CARTESIAN_POINT('', (0.07088273537897798, 4.3329472191E-3));
#5821 = CARTESIAN_POINT('', (0.07015800826866557, 4.5535252867E-3));
#5822 = CARTESIAN_POINT('', (0.06943574153344323, 4.7823550344E-3));
#5823 = CARTESIAN_POINT('', (0.06871621429396965, 5.0193457937E-3));
#5824 = CARTESIAN_POINT('', (0.06799668706734621, 5.2563365487E-3));
#5825 = CARTESIAN_POINT('', (0.06727980640654639, 5.5015189027E-3));
#5826 = CARTESIAN_POINT('', (0.06656585066834826, 5.7547998766E-3));
#5827 = CARTESIAN_POINT('', (0.0658518949176435, 6.0080808549E-3));
#5828 = CARTESIAN_POINT('', (0.0651407717921714, 6.2694927561E-3));
#5829 = CARTESIAN_POINT('', (0.06443275614528983, 6.5389327526E-3));
#5830 = CARTESIAN_POINT('', (0.06372474051095299, 6.8083727443E-3));
#5831 = CARTESIAN_POINT('', (0.06301974100651123, 7.0858758501E-3));
#5832 = CARTESIAN_POINT('', (0.06231803144940904, 7.3713364342E-3));
#5833 = CARTESIAN_POINT('', (0.0616163218809203, 7.6567970229E-3));
#5834 = CARTESIAN_POINT('', (0.06091781128992203, 7.9502509850E-3));
#5835 = CARTESIAN_POINT('', (0.06022276978921293, 8.2515836559E-3));
#5836 = CARTESIAN_POINT('', (0.05952772829884166, 8.5529163223E-3));
#5837 = CARTESIAN_POINT('', (0.0588360663780184, 8.8621671397E-3));
#5838 = CARTESIAN_POINT('', (0.058148052503488624, 9.1792175421E-3));
#5839 = CARTESIAN_POINT('', (0.05746003862069764, 9.4962679482E-3));
#5840 = CARTESIAN_POINT('', (0.056775583449326185, 9.8211577527E-3));
#5841 = CARTESIAN_POINT('', (0.05609495185852722, 0.010153760669944015));
#5842 = CARTESIAN_POINT('', (0.05541432027387298, 0.010486363584166259));
#5843 = CARTESIAN_POINT('', (0.05473742479659623, 0.01082672339244964));
#5844 = CARTESIAN_POINT('', (0.05406452780967176, 0.011174708589787152));
#5845 = CARTESIAN_POINT('', (0.05339163081889704, 0.011522693789115796));
#5846 = CARTESIAN_POINT('', (0.0527226449234209, 0.011878348303503103));
#5847 = CARTESIAN_POINT('', (0.052057829254431795, 0.012241534461570891));
#5848 = CARTESIAN_POINT('', (0.051393013586601685, 0.012604720619005522));
#5849 = CARTESIAN_POINT('', (0.05073228287941526, 0.012975486344336082));
#5850 = CARTESIAN_POINT('', (0.05007589275679847, 0.013353687433805208));
#5851 = CARTESIAN_POINT('', (0.049419502635341755, 0.01373188852260592));
#5852 = CARTESIAN_POINT('', (0.0487673679249904, 0.014117573081761804));
#5853 = CARTESIAN_POINT('', (0.04811974153561244, 0.014510592311440534));
#5854 = CARTESIAN_POINT('', (0.047472115142232804, 0.014903611543547727));
#5855 = CARTESIAN_POINT('', (0.046828914093053474, 0.015304017216912042));
#5856 = CARTESIAN_POINT('', (0.046190386715368945, 0.01571165290003529));
#5857 = CARTESIAN_POINT('', (0.04555185934363729, 0.016119288579358217));
#5858 = CARTESIAN_POINT('', (0.044917922929799445, 0.016534206503266213));
#5859 = CARTESIAN_POINT('', (0.044288823690004385, 0.016956247020274793));
#5860 = CARTESIAN_POINT('', (0.04365972444200679, 0.017378287542786162));
#5861 = CARTESIAN_POINT('', (0.04303538166652998, 0.01780750589158519));
#5862 = CARTESIAN_POINT('', (0.0424160360212039, 0.01824373408655706));
#5863 = CARTESIAN_POINT('', (0.041796690385417536, 0.01867996227480975));
#5864 = CARTESIAN_POINT('', (0.04118226180191718, 0.019123256511719457));
#5865 = CARTESIAN_POINT('', (0.04057298933325619, 0.01957344659126982));
#5866 = CARTESIAN_POINT('', (0.03996371685414672, 0.02002363667854053));
#5867 = CARTESIAN_POINT('', (0.03935952193864, 0.020480780847329));
#5868 = CARTESIAN_POINT('', (0.03876063739980372, 0.020944700428312445));
#5869 = CARTESIAN_POINT('', (0.03816175287190831, 0.02140862000082066));
#5870 = CARTESIAN_POINT('', (0.0375681014326293, 0.021879374968898017));
#5871 = CARTESIAN_POINT('', (0.03697991436042998, 0.022356784662564046));
#5872 = CARTESIAN_POINT('', (0.03639172727800717, 0.022834194364528104));
#5873 = CARTESIAN_POINT('', (0.03580892817474464, 0.023318319847654666));
#5874 = CARTESIAN_POINT('', (0.03523174186186297, 0.02380897250247325));
#5875 = CARTESIAN_POINT('', (0.0346545555587522, 0.024299625148985815));
#5876 = CARTESIAN_POINT('', (0.034082907752575345, 0.024796868613690255));
#5877 = CARTESIAN_POINT('', (0.03351702104126097, 0.025300511620180217));
#5878 = CARTESIAN_POINT('', (0.03295113432162001, 0.025804154634080895));
#5879 = CARTESIAN_POINT('', (0.032390934875605085, 0.026314261339722693));
#5880 = CARTESIAN_POINT('', (0.031836639099778755, 0.02683063354832619));
#5881 = CARTESIAN_POINT('', (0.03128234333095546, 0.027347005750405766));
#5882 = CARTESIAN_POINT('', (0.030733880158705602, 0.02786971066897558));
#5883 = CARTESIAN_POINT('', (0.030191462704732518, 0.028398546518782753));
#5884 = CARTESIAN_POINT('', (0.02964904524557297, 0.028927382373646525));
#5885 = CARTESIAN_POINT('', (0.029112602628492117, 0.029462416562271186));
#5886 = CARTESIAN_POINT('', (0.028582342432460096, 0.03000344168728359));
#5887 = CARTESIAN_POINT('', (0.028052082239657484, 0.030544466809001015));
#5888 = CARTESIAN_POINT('', (0.02752793675846777, 0.031091553459141108));
#5889 = CARTESIAN_POINT('', (0.02701010898197802, 0.03164448966549416));
#5890 = CARTESIAN_POINT('', (0.026492281204126916, 0.032197425873300864));
#5891 = CARTESIAN_POINT('', (0.0259807035262686, 0.03275628233083718));
#5892 = CARTESIAN_POINT('', (0.025475574322697342, 0.0333208428192858));
#5893 = CARTESIAN_POINT('', (0.02497044511829124, 0.033885403308667496));
#5894 = CARTESIAN_POINT('', (0.024471700089313035, 0.034455741531046066));
#5895 = CARTESIAN_POINT('', (0.02397953162375362, 0.03503163584498199));
#5896 = CARTESIAN_POINT('', (0.02348736316068093, 0.03560753015600816));
#5897 = CARTESIAN_POINT('', (0.023001707184882012, 0.03618905447425956));
#5898 = CARTESIAN_POINT('', (0.022522752495344633, 0.03677598416245551));
#5899 = CARTESIAN_POINT('', (0.02204379780135097, 0.037362913856112366));
#5900 = CARTESIAN_POINT('', (0.021571483440278462, 0.03795532540007811));
#5901 = CARTESIAN_POINT('', (0.021105990924756738, 0.03855298816635015));
#5902 = CARTESIAN_POINT('', (0.02064049841490808, 0.039150650925338336));
#5903 = CARTESIAN_POINT('', (0.020181767374753523, 0.039753641882599146));
#5904 = CARTESIAN_POINT('', (0.0197299766750369, 0.0403617284009961));
#5905 = CARTESIAN_POINT('', (0.01927818596843591, 0.040969814928659046));
#5906 = CARTESIAN_POINT('', (0.018833277806598804, 0.041583075899367404));
#5907 = CARTESIAN_POINT('', (0.018395422788721083, 0.04220127251130854));
#5908 = CARTESIAN_POINT('', (0.017957567778339383, 0.04281946911266623));
#5909 = CARTESIAN_POINT('', (0.017526709317030143, 0.043442681158340504));
#5910 = CARTESIAN_POINT('', (0.017103015985646997, 0.04407066842651399));
#5911 = CARTESIAN_POINT('', (0.016679322646796953, 0.04469865570575473));
#5912 = CARTESIAN_POINT('', (0.016262739515688115, 0.04533149911296151));
#5913 = CARTESIAN_POINT('', (0.015853426467409084, 0.04596895255971869));
#5914 = CARTESIAN_POINT('', (0.015444113426541856, 0.04660640599493292));
#5915 = CARTESIAN_POINT('', (0.015042017773483584, 0.04724855189718476));
#5916 = CARTESIAN_POINT('', (0.01464729700128109, 0.047895142617410666));
#5917 = CARTESIAN_POINT('', (0.014252576222528198, 0.04854173334836677));
#5918 = CARTESIAN_POINT('', (0.013865178546556885, 0.049192851859378176));
#5919 = CARTESIAN_POINT('', (0.013485252999113568, 0.04984824536326536));
#5920 = CARTESIAN_POINT('', (0.013105327457526041, 0.05050363885705096));
#5921 = CARTESIAN_POINT('', (0.012732825437268594, 0.05116339223894243));
#5922 = CARTESIAN_POINT('', (0.01236789251223362, 0.05182725066441618));
#5923 = CARTESIAN_POINT('', (0.012002959582536048, 0.05249110909837178));
#5924 = CARTESIAN_POINT('', (0.011645547566562182, 0.05315915768829761));
#5925 = CARTESIAN_POINT('', (0.011295794363976552, 0.053831137420724665));
#5926 = CARTESIAN_POINT('', (0.010946041164926583, 0.05450311714635866));
#5927 = CARTESIAN_POINT('', (0.01060390240108611, 0.05517911518755973));
#5928 = CARTESIAN_POINT('', (0.010269511087919894, 0.05585886992390794));
#5929 = CARTESIAN_POINT('', (9.9351197725E-3, 0.05653862466489166));
#5930 = CARTESIAN_POINT('', (9.6084316963E-3, 0.05722222335083872));
#5931 = CARTESIAN_POINT('', (9.2895733760E-3, 0.0579094012253973));
#5932 = CARTESIAN_POINT('', (8.9707150566E-3, 0.058596579098001825));
#5933 = CARTESIAN_POINT('', (8.6596463718E-3, 0.05928742536409918));
#5934 = CARTESIAN_POINT('', (8.3564873563E-3, 0.059981672198993176));
#5935 = CARTESIAN_POINT('', (8.0533283409E-3, 0.06067591903341153));
#5936 = CARTESIAN_POINT('', (7.7580390347E-3, 0.06137365572113209));
#5937 = CARTESIAN_POINT('', (7.4707343356E-3, 0.06207461225727864));
#5938 = CARTESIAN_POINT('', (7.1834296351E-3, 0.06277556879688863));
#5939 = CARTESIAN_POINT('', (6.9040735845E-3, 0.06347983613932678));
#5940 = CARTESIAN_POINT('', (6.6327730520E-3, 0.06418714094094977));
#5941 = CARTESIAN_POINT('', (6.3614725216E-3, 0.06489444573686065));
#5942 = CARTESIAN_POINT('', (6.0981919768E-3, 0.06560487913615451));
#5943 = CARTESIAN_POINT('', (5.8430344809E-3, 0.06631816638851788));
#5944 = CARTESIAN_POINT('', (5.5878769819E-3, 0.06703145364958982));
#5945 = CARTESIAN_POINT('', (5.3408105165E-3, 0.06774768716907403));
#5946 = CARTESIAN_POINT('', (5.1019288570E-3, 0.06846658884445014));
#5947 = CARTESIAN_POINT('', (4.8630472011E-3, 0.06918549050908365));
#5948 = CARTESIAN_POINT('', (4.6323193084E-3, 0.0699071531055825));
#5949 = CARTESIAN_POINT('', (4.4098362166E-3, 0.07063129765109785));
#5950 = CARTESIAN_POINT('', (4.1873531210E-3, 0.07135544220874933));
#5951 = CARTESIAN_POINT('', (3.9730863996E-3, 0.0720821622786794));
#5952 = CARTESIAN_POINT('', (3.7671170594E-3, 0.07281117578957952));
#5953 = CARTESIAN_POINT('', (3.5611477228E-3, 0.07354018928762371));
#5954 = CARTESIAN_POINT('', (3.3634492167E-3, 0.07427159038917994));
#5955 = CARTESIAN_POINT('', (3.1741001838E-3, 0.07500509634801632));
#5956 = CARTESIAN_POINT('', (2.9847511475E-3, 0.07573860231961446));
#5957 = CARTESIAN_POINT('', (2.8037265318E-3, 0.07647430767378544));
#5958 = CARTESIAN_POINT('', (2.6310949785E-3, 0.07721192709783406));
#5959 = CARTESIAN_POINT('', (2.4584634284E-3, 0.0779495465085411));
#5960 = CARTESIAN_POINT('', (2.2942029634E-3, 0.07868917531792514));
#5961 = CARTESIAN_POINT('', (2.1383790314E-3, 0.07943052742683462));
#5962 = CARTESIAN_POINT('', (1.9825550970E-3, 0.08017187954745397));
#5963 = CARTESIAN_POINT('', (1.8351464816E-3, 0.08091505043730593));
#5964 = CARTESIAN_POINT('', (1.6962093537E-3, 0.08165975208209404));
#5965 = CARTESIAN_POINT('', (1.5572722274E-3, 0.08240445371768801));
#5966 = CARTESIAN_POINT('', (1.4267893135E-3, 0.08315078239359444));
#5967 = CARTESIAN_POINT('', (1.3048122419E-3, 0.08389844919446467));
#5968 = CARTESIAN_POINT('', (1.1828351692E-3, 0.08464611600228542));
#5969 = CARTESIAN_POINT('', (1.0693469843E-3, 0.08539521726180337));
#5970 = CARTESIAN_POINT('', (9.6439131414E-4, 0.08614546280100496));
#5971 = CARTESIAN_POINT('', (8.5943564492E-4, 0.08689570833374952));
#5972 = CARTESIAN_POINT('', (7.6299994896E-4, 0.08764719515514637));
#5973 = CARTESIAN_POINT('', (6.7512167018E-4, 0.08839963216913735));
#5974 = CARTESIAN_POINT('', (5.8724339088E-4, 0.08915206918765889));
#5975 = CARTESIAN_POINT('', (5.0791012115E-4, 0.08990555342356696));
#5976 = CARTESIAN_POINT('', (4.3715279565E-4, 0.09065979308024377));
#5977 = CARTESIAN_POINT('', (3.6639547002E-4, 0.09141403273837542));
#5978 = CARTESIAN_POINT('', (3.0420614878E-4, 0.09216912530317618));
#5979 = CARTESIAN_POINT('', (2.5060802384E-4, 0.0929247782010281));
#5980 = CARTESIAN_POINT('', (1.9700989932E-4, 0.0936804310929748));
#5981 = CARTESIAN_POINT('', (1.5199531683E-4, 0.09443674183997906));
#5982 = CARTESIAN_POINT('', (1.1558260222E-4, 0.09519341757388015));
#5983 = CARTESIAN_POINT('', (7.9169887333E-5, 0.09595009331350192));
#5984 = CARTESIAN_POINT('', (5.1355527580E-5, 0.09670723177737575));
#5985 = CARTESIAN_POINT('', (3.2148464251E-5, 0.09746453960742613));
#5986 = CARTESIAN_POINT('', (1.0718602415E-5, 0.09830948929529451));
#5987 = CARTESIAN_POINT('', (0.0, 0.09915477860059793));
#5988 = CARTESIAN_POINT('', (0.0, 0.09999999999999998));
#5989 = PCURVE('', #5990, #6311);
#5990 = (
    BOUNDED_SURFACE()
    B_SPLINE_SURFACE(3, 3, ((#5991, #5992, #5993, #5994, #5995, #5996, #5997, #5998, #5999, #6000, #6001, #6002, #6003, #6004, #6005, #6006, #6007, #6008, #6009, #6010, #6011, #6012, #6013, #6014, #6015, #6016, #6017, #6018, #6019, #6020, #6021, #6022, #6023, #6024, #6025, #6026, #6027, #6028, #6029, #6030), (#6031, #6032, #6033, #6034, #6035, #6036, #6037, #6038, #6039, #6040, #6041, #6042, #6043, #6044, #6045, #6046, #6047, #6048, #6049, #6050, #6051, #6052, #6053, #6054, #6055, #6056, #6057, #6058, #6059, #6060, #6061, #6062, #6063, #6064, #6065, #6066, #6067, #6068, #6069, #6070), (#6071, #6072, #6073, #6074, #6075, #6076, #6077, #6078, #6079, #6080, #6081, #6082, #6083, #6084, #6085, #6086, #6087, #6088, #6089, #6090, #6091, #6092, #6093, #6094, #6095, #6096, #6097, #6098, #6099, #6100, #6101, #6102, #6103, #6104, #6105, #6106, #6107, #6108, #6109, #6110), (#6111, #6112, #6113, #6114, #6115, #6116, #6117, #6118, #6119, #6120, #6121, #6122, #6123, #6124, #6125, #6126, #6127, #6128, #6129, #6130, #6131, #6132, #6133, #6134, #6135, #6136, #6137, #6138, #6139, #6140, #6141, #6142, #6143, #6144, #6145, #6146, #6147, #6148, #6149, #6150), (#6151, #6152, #6153, #6154, #6155, #6156, #6157, #6158, #6159, #6160, #6161, #6162, #6163, #6164, #6165, #6166, #6167, #6168, #6169, #6170, #6171, #6172, #6173, #6174, #6175, #6176, #6177, #6178, #6179, #6180, #6181, #6182, #6183, #6184, #6185, #6186, #6187, #6188, #6189, #6190), (#6191, #6192, #6193, #6194, #6195, #6196, #6197, #6198, #6199, #6200, #6201, #6202, #6203, #6204, #6205, #6206, #6207, #6208, #6209, #6210, #6211, #6212, #6213, #6214, #6215, #6216, #6217, #6218, #6219, #6220, #6221, #6222, #6223, #6224, #6225, #6226, #6227, #6228, #6229, #6230), (#6231, #6232, #6233, #6234, #6235, #6236, #6237, #6238, #6239, #6240, #6241, #6242, #6243, #6244, #6245, #6246, #6247, #6248, #6249, #6250, #6251, #6252, #6253, #6254, #6255, #6256, #6257, #6258, #6259, #6260, #6261, #6262, #6263, #6264, #6265, #6266, #6267, #6268, #6269, #6270), (#6271, #6272, #6273, #6274, #6275, #6276, #6277, #6278, #6279, #6280, #6281, #6282, #6283, #6284, #6285, #6286, #6287, #6288, #6289, #6290, #6291, #6292, #6293, #6294, #6295, #6296, #6297, #6298, #6299, #6300, #6301, #6302, #6303, #6304, #6305, #6306, #6307, #6308, #6309, #6310)), .UNSPECIFIED., .U., .U., .U.)
    B_SPLINE_SURFACE_WITH_KNOTS((4, 1, 3, 4), (4, 1, 1, 1, 1, 1, 1, 1, 1, 1, 1, 1, 1, 1, 1, 1, 1, 1, 1, 1, 1, 1, 1, 1, 1, 1, 1, 1, 1, 1, 1, 1, 1, 1, 1, 1, 1, 4), (0.0, 4.500000000000002, 9.000000000000004, 9.000100000000003), (0.0, 0.02702702702702703, 0.05405405405405406, 0.08108108108108109, 0.10810810810810811, 0.13513513513513514, 0.16216216216216217, 0.1891891891891892, 0.21621621621621623, 0.24324324324324326, 0.2702702702702703, 0.2972972972972973, 0.32432432432432434, 0.35135135135135137, 0.3783783783783784, 0.40540540540540543, 0.43243243243243246, 0.4594594594594595, 0.4864864864864865, 0.5135135135135136, 0.5405405405405406, 0.5675675675675675, 0.5945945945945946, 0.6216216216216217, 0.6486486486486487, 0.6756756756756757, 0.7027027027027027, 0.7297297297297298, 0.7567567567567568, 0.7837837837837838, 0.8108108108108109, 0.8378378378378379, 0.8648648648648649, 0.8918918918918919, 0.918918918918919, 0.945945945945946, 0.972972972972973, 1.0), .UNSPECIFIED.)
    GEOMETRIC_REPRESENTATION_ITEM()
    RATIONAL_B_SPLINE_SURFACE(((1.0, 1.0, 1.0, 1.0, 1.0, 1.0, 1.0, 1.0, 1.0, 1.0, 1.0, 1.0, 1.0, 1.0, 1.0, 1.0, 1.0, 1.0, 1.0, 1.0, 1.0, 1.0, 1.0, 1.0, 1.0, 1.0, 1.0, 1.0, 1.0, 1.0, 1.0, 1.0, 1.0, 1.0, 1.0, 1.0, 1.0, 1.0, 1.0, 1.0), (1.0, 1.0, 1.0, 1.0, 1.0, 1.0, 1.0, 1.0, 1.0, 1.0, 1.0, 1.0, 1.0, 1.0, 1.0, 1.0, 1.0, 1.0, 1.0, 1.0, 1.0, 1.0, 1.0, 1.0, 1.0, 1.0, 1.0, 1.0, 1.0, 1.0, 1.0, 1.0, 1.0, 1.0, 1.0, 1.0, 1.0, 1.0, 1.0, 1.0), (1.0, 1.0, 1.0, 1.0, 1.0, 1.0, 1.0, 1.0, 1.0, 1.0, 1.0, 1.0, 1.0, 1.0, 1.0, 1.0, 1.0, 1.0, 1.0, 1.0, 1.0, 1.0, 1.0, 1.0, 1.0, 1.0, 1.0, 1.0, 1.0, 1.0, 1.0, 1.0, 1.0, 1.0, 1.0, 1.0, 1.0, 1.0, 1.0, 1.0), (1.0, 1.0, 1.0, 1.0, 1.0, 1.0, 1.0, 1.0, 1.0, 1.0, 1.0, 1.0, 1.0, 1.0, 1.0, 1.0, 1.0, 1.0, 1.0, 1.0, 1.0, 1.0, 1.0, 1.0, 1.0, 1.0, 1.0, 1.0, 1.0, 1.0, 1.0, 1.0, 1.0, 1.0, 1.0, 1.0, 1.0, 1.0, 1.0, 1.0), (1.0, 1.0, 1.0, 1.0, 1.0, 1.0, 1.0, 1.0, 1.0, 1.0, 1.0, 1.0, 1.0, 1.0, 1.0, 1.0, 1.0, 1.0, 1.0, 1.0, 1.0, 1.0, 1.0, 1.0, 1.0, 1.0, 1.0, 1.0, 1.0, 1.0, 1.0, 1.0, 1.0, 1.0, 1.0, 1.0, 1.0, 1.0, 1.0, 1.0), (1.0, 1.0, 1.0, 1.0, 1.0, 1.0, 1.0, 1.0, 1.0, 1.0, 1.0, 1.0, 1.0, 1.0, 1.0, 1.0, 1.0, 1.0, 1.0, 1.0, 1.0, 1.0, 1.0, 1.0, 1.0, 1.0, 1.0, 1.0, 1.0, 1.0, 1.0, 1.0, 1.0, 1.0, 1.0, 1.0, 1.0, 1.0, 1.0, 1.0), (1.0, 1.0, 1.0, 1.0, 1.0, 1.0, 1.0, 1.0, 1.0, 1.0, 1.0, 1.0, 1.0, 1.0, 1.0, 1.0, 1.0, 1.0, 1.0, 1.0, 1.0, 1.0, 1.0, 1.0, 1.0, 1.0, 1.0, 1.0, 1.0, 1.0, 1.0, 1.0, 1.0, 1.0, 1.0, 1.0, 1.0, 1.0, 1.0, 1.0), (1.0, 1.0, 1.0, 1.0, 1.0, 1.0, 1.0, 1.0, 1.0, 1.0, 1.0, 1.0, 1.0, 1.0, 1.0, 1.0, 1.0, 1.0, 1.0, 1.0, 1.0, 1.0, 1.0, 1.0, 1.0, 1.0, 1.0, 1.0, 1.0, 1.0, 1.0, 1.0, 1.0, 1.0, 1.0, 1.0, 1.0, 1.0, 1.0, 1.0)))
    REPRESENTATION_ITEM('')
    SURFACE()
);
#5991 = CARTESIAN_POINT('', (1.0000000000000002, 0.0, 1.0000000000000002));
#5992 = CARTESIAN_POINT('', (0.9858486817405867, 9.9261673506E-24, 1.0000000000000002));
#5993 = CARTESIAN_POINT('', (0.9575460459450705, 6.0086161170E-4, 1.0000000000000004));
#5994 = CARTESIAN_POINT('', (0.9151685964129563, 3.3031561841E-3, 0.9999999999999991));
#5995 = CARTESIAN_POINT('', (0.8729440191387751, 7.8015578851E-3, 1.0000000000000013));
#5996 = CARTESIAN_POINT('', (0.8309484051630711, 0.014087972356768782, 0.999999999999998));
#5997 = CARTESIAN_POINT('', (0.789257433677989, 0.022151064752840417, 1.000000000000001));
#5998 = CARTESIAN_POINT('', (0.7479462344826295, 0.0319763081423398, 1.0000000000000004));
#5999 = CARTESIAN_POINT('', (0.7070892532388805, 0.04354599505801641, 0.9999999999999993));
#6000 = CARTESIAN_POINT('', (0.6667601169508405, 0.056839277088437765, 1.0000000000000029));
#6001 = CARTESIAN_POINT('', (0.6270315014727166, 0.07183219833132579, 0.9999999999999979));
#6002 = CARTESIAN_POINT('', (0.5879750004178579, 0.0884977407387255, 1.0000000000000009));
#6003 = CARTESIAN_POINT('', (0.5496609962563305, 0.10680587176784899, 1.0000000000000009));
#6004 = CARTESIAN_POINT('', (0.5121585334271662, 0.12672359903693567, 0.9999999999999993));
#6005 = CARTESIAN_POINT('', (0.47553519390664506, 0.14821502941100584, 1.0000000000000002));
#6006 = CARTESIAN_POINT('', (0.4398569754182275, 0.17124143388092075, 1.0000000000000002));
#6007 = CARTESIAN_POINT('', (0.40518817249077027, 0.19576131725617948, 0.9999999999999992));
#6008 = CARTESIAN_POINT('', (0.3715912606869135, 0.22173049311334803, 1.000000000000001));
#6009 = CARTESIAN_POINT('', (0.33912678391868534, 0.24910216324055184, 1.0000000000000007));
#6010 = CARTESIAN_POINT('', (0.3078532453723589, 0.27782700204140237, 1.0000000000000009));
#6011 = CARTESIAN_POINT('', (0.27782700204140304, 0.3078532453723595, 0.9999999999999977));
#6012 = CARTESIAN_POINT('', (0.24910216324055112, 0.3391267839186841, 1.000000000000001));
#6013 = CARTESIAN_POINT('', (0.2217304931133488, 0.3715912606869137, 0.9999999999999992));
#6014 = CARTESIAN_POINT('', (0.19576131725617957, 0.40518817249076955, 0.999999999999999));
#6015 = CARTESIAN_POINT('', (0.17124143388092153, 0.43985697541822816, 1.0000000000000009));
#6016 = CARTESIAN_POINT('', (0.14821502941100556, 0.4755351939066439, 1.0000000000000004));
#6017 = CARTESIAN_POINT('', (0.12672359903693642, 0.5121585334271673, 0.999999999999999));
#6018 = CARTESIAN_POINT('', (0.1068058717678489, 0.549660996256329, 1.000000000000001));
#6019 = CARTESIAN_POINT('', (0.08849774073872597, 0.5879750004178591, 0.9999999999999982));
#6020 = CARTESIAN_POINT('', (0.07183219833132565, 0.6270315014727152, 1.000000000000001));
#6021 = CARTESIAN_POINT('', (0.056839277088437994, 0.666760116950839, 0.9999999999999976));
#6022 = CARTESIAN_POINT('', (0.043545995058016554, 0.7070892532388812, 1.000000000000002));
#6023 = CARTESIAN_POINT('', (0.03197630814234007, 0.747946234482628, 0.9999999999999979));
#6024 = CARTESIAN_POINT('', (0.022151064752840493, 0.7892574336779898, 1.0000000000000018));
#6025 = CARTESIAN_POINT('', (0.014087972356769169, 0.8309484051630716, 0.9999999999999984));
#6026 = CARTESIAN_POINT('', (7.8015578851E-3, 0.8729440191387747, 1.0000000000000013));
#6027 = CARTESIAN_POINT('', (3.3031561841E-3, 0.9151685964129546, 0.9999999999999973));
#6028 = CARTESIAN_POINT('', (6.0086161170E-4, 0.9575460459450745, 1.0000000000000033));
#6029 = CARTESIAN_POINT('', (2.2291110805E-16, 0.9858486817405865, 1.0));
#6030 = CARTESIAN_POINT('', (0.0, 0.9999999999999998, 1.0));
#6031 = CARTESIAN_POINT('', (1.0000000000000002, 0.0, 2.500000000000001));
#6032 = CARTESIAN_POINT('', (0.9858486817405869, 9.9261673506E-24, 2.5000000000000018));
#6033 = CARTESIAN_POINT('', (0.9575460459450713, 6.0086161170E-4, 2.4999999999999942));
#6034 = CARTESIAN_POINT('', (0.9151685964129563, 3.3031561841E-3, 2.500000000000009));
#6035 = CARTESIAN_POINT('', (0.8729440191387752, 7.8015578851E-3, 2.4999999999999982));
#6036 = CARTESIAN_POINT('', (0.8309484051630714, 0.014087972356768784, 2.500000000000002));
#6037 = CARTESIAN_POINT('', (0.7892574336779891, 0.02215106475284042, 2.5000000000000027));
#6038 = CARTESIAN_POINT('', (0.7479462344826296, 0.03197630814233981, 2.5000000000000027));
#6039 = CARTESIAN_POINT('', (0.7070892532388806, 0.043545995058016415, 2.5000000000000027));
#6040 = CARTESIAN_POINT('', (0.6667601169508408, 0.05683927708843778, 2.499999999999997));
#6041 = CARTESIAN_POINT('', (0.6270315014727167, 0.0718321983313258, 2.500000000000006));
#6042 = CARTESIAN_POINT('', (0.5879750004178579, 0.08849774073872553, 2.4999999999999942));
#6043 = CARTESIAN_POINT('', (0.5496609962563308, 0.106805871767849, 2.5000000000000138));
#6044 = CARTESIAN_POINT('', (0.5121585334271661, 0.1267235990369357, 2.4999999999999942));
#6045 = CARTESIAN_POINT('', (0.4755351939066452, 0.14821502941100587, 2.500000000000004));
#6046 = CARTESIAN_POINT('', (0.4398569754182274, 0.17124143388092078, 2.4999999999999933));
#6047 = CARTESIAN_POINT('', (0.40518817249077066, 0.1957613172561795, 2.500000000000003));
#6048 = CARTESIAN_POINT('', (0.37159126068691345, 0.22173049311334805, 2.4999999999999973));
#6049 = CARTESIAN_POINT('', (0.33912678391868545, 0.24910216324055187, 2.5000000000000093));
#6050 = CARTESIAN_POINT('', (0.307853245372359, 0.2778270020414024, 2.5000000000000093));
#6051 = CARTESIAN_POINT('', (0.2778270020414031, 0.3078532453723596, 2.4999999999999907));
#6052 = CARTESIAN_POINT('', (0.24910216324055123, 0.33912678391868417, 2.500000000000009));
#6053 = CARTESIAN_POINT('', (0.22173049311334886, 0.3715912606869138, 2.4999999999999916));
#6054 = CARTESIAN_POINT('', (0.19576131725617946, 0.40518817249076966, 2.500000000000004));
#6055 = CARTESIAN_POINT('', (0.17124143388092172, 0.4398569754182282, 2.5000000000000018));
#6056 = CARTESIAN_POINT('', (0.1482150294110055, 0.475535193906644, 2.5000000000000027));
#6057 = CARTESIAN_POINT('', (0.12672359903693653, 0.5121585334271674, 2.4999999999999987));
#6058 = CARTESIAN_POINT('', (0.10680587176784888, 0.5496609962563291, 2.5000000000000044));
#6059 = CARTESIAN_POINT('', (0.08849774073872603, 0.5879750004178592, 2.5000000000000018));
#6060 = CARTESIAN_POINT('', (0.07183219833132569, 0.6270315014727154, 2.5000000000000027));
#6061 = CARTESIAN_POINT('', (0.056839277088438014, 0.6667601169508391, 2.4999999999999987));
#6062 = CARTESIAN_POINT('', (0.04354599505801664, 0.7070892532388813, 2.4999999999999942));
#6063 = CARTESIAN_POINT('', (0.03197630814234009, 0.7479462344826281, 2.500000000000011));
#6064 = CARTESIAN_POINT('', (0.02215106475284053, 0.7892574336779901, 2.499999999999992));
#6065 = CARTESIAN_POINT('', (0.014087972356769198, 0.8309484051630718, 2.500000000000015));
#6066 = CARTESIAN_POINT('', (7.8015578851E-3, 0.872944019138775, 2.499999999999987));
#6067 = CARTESIAN_POINT('', (3.3031561841E-3, 0.9151685964129547, 2.500000000000009));
#6068 = CARTESIAN_POINT('', (6.0086161170E-4, 0.9575460459450746, 2.499999999999998));
#6069 = CARTESIAN_POINT('', (2.5037451630E-16, 0.9858486817405867, 2.5000000000000018));
#6070 = CARTESIAN_POINT('', (0.0, 0.9999999999999998, 2.500000000000001));
#6071 = CARTESIAN_POINT('', (1.0, 0.0, 5.5));
#6072 = CARTESIAN_POINT('', (0.9858486817405869, 9.9261673506E-24, 5.500000000000003));
#6073 = CARTESIAN_POINT('', (0.9575460459450721, 6.0086161170E-4, 5.499999999999989));
#6074 = CARTESIAN_POINT('', (0.9151685964129557, 3.3031561841E-3, 5.500000000000005));
#6075 = CARTESIAN_POINT('', (0.8729440191387753, 7.8015578851E-3, 5.500000000000004));
#6076 = CARTESIAN_POINT('', (0.8309484051630713, 0.014087972356768785, 5.499999999999991));
#6077 = CARTESIAN_POINT('', (0.7892574336779891, 0.022151064752840424, 5.500000000000008));
#6078 = CARTESIAN_POINT('', (0.7479462344826293, 0.031976308142339815, 5.499999999999998));
#6079 = CARTESIAN_POINT('', (0.7070892532388802, 0.04354599505801643, 5.500000000000009));
#6080 = CARTESIAN_POINT('', (0.666760116950841, 0.05683927708843779, 5.500000000000002));
#6081 = CARTESIAN_POINT('', (0.6270315014727164, 0.07183219833132581, 5.500000000000007));
#6082 = CARTESIAN_POINT('', (0.5879750004178577, 0.08849774073872554, 5.499999999999995));
#6083 = CARTESIAN_POINT('', (0.5496609962563307, 0.10680587176784903, 5.500000000000017));
#6084 = CARTESIAN_POINT('', (0.5121585334271657, 0.12672359903693572, 5.499999999999998));
#6085 = CARTESIAN_POINT('', (0.4755351939066451, 0.1482150294110059, 5.5));
#6086 = CARTESIAN_POINT('', (0.439856975418227, 0.1712414338809208, 5.4999999999999964));
#6087 = CARTESIAN_POINT('', (0.40518817249077077, 0.19576131725617957, 5.5));
#6088 = CARTESIAN_POINT('', (0.37159126068691295, 0.22173049311334808, 5.499999999999995));
#6089 = CARTESIAN_POINT('', (0.3391267839186853, 0.24910216324055193, 5.500000000000023));
#6090 = CARTESIAN_POINT('', (0.3078532453723587, 0.2778270020414024, 5.4999999999999964));
#6091 = CARTESIAN_POINT('', (0.27782700204140287, 0.30785324537235964, 5.500000000000002));
#6092 = CARTESIAN_POINT('', (0.24910216324055112, 0.3391267839186842, 5.499999999999996));
#6093 = CARTESIAN_POINT('', (0.22173049311334858, 0.37159126068691384, 5.5000000000000036));
#6094 = CARTESIAN_POINT('', (0.19576131725617907, 0.40518817249076977, 5.499999999999995));
#6095 = CARTESIAN_POINT('', (0.17124143388092153, 0.43985697541822827, 5.500000000000011));
#6096 = CARTESIAN_POINT('', (0.14821502941100523, 0.475535193906644, 5.499999999999995));
#6097 = CARTESIAN_POINT('', (0.1267235990369363, 0.5121585334271674, 5.500000000000008));
#6098 = CARTESIAN_POINT('', (0.10680587176784853, 0.5496609962563292, 5.499999999999998));
#6099 = CARTESIAN_POINT('', (0.08849774073872577, 0.5879750004178592, 5.5000000000000115));
#6100 = CARTESIAN_POINT('', (0.07183219833132543, 0.6270315014727155, 5.4999999999999964));
#6101 = CARTESIAN_POINT('', (0.056839277088437716, 0.6667601169508393, 5.5000000000000036));
#6102 = CARTESIAN_POINT('', (0.04354599505801641, 0.7070892532388815, 5.499999999999992));
#6103 = CARTESIAN_POINT('', (0.03197630814233979, 0.7479462344826282, 5.500000000000011));
#6104 = CARTESIAN_POINT('', (0.022151064752840247, 0.7892574336779902, 5.4999999999999964));
#6105 = CARTESIAN_POINT('', (0.01408797235676892, 0.8309484051630719, 5.500000000000009));
#6106 = CARTESIAN_POINT('', (7.8015578851E-3, 0.8729440191387751, 5.499999999999995));
#6107 = CARTESIAN_POINT('', (3.3031561841E-3, 0.9151685964129548, 5.500000000000001));
#6108 = CARTESIAN_POINT('', (6.0086161170E-4, 0.9575460459450748, 5.500000000000011));
#6109 = CARTESIAN_POINT('', (-3.6140938750E-17, 0.9858486817405869, 5.500000000000003));
#6110 = CARTESIAN_POINT('', (0.0, 0.9999999999999998, 5.5));
#6111 = CARTESIAN_POINT('', (1.0, 0.0, 8.5));
#6112 = CARTESIAN_POINT('', (0.9858486817405867, 9.9261673506E-24, 8.500000000000004));
#6113 = CARTESIAN_POINT('', (0.957546045945072, 6.0086161170E-4, 8.499999999999991));
#6114 = CARTESIAN_POINT('', (0.9151685964129554, 3.3031561841E-3, 8.499999999999988));
#6115 = CARTESIAN_POINT('', (0.8729440191387752, 7.8015578851E-3, 8.50000000000002));
#6116 = CARTESIAN_POINT('', (0.8309484051630711, 0.014087972356768785, 8.499999999999972));
#6117 = CARTESIAN_POINT('', (0.789257433677989, 0.02215106475284042, 8.500000000000014));
#6118 = CARTESIAN_POINT('', (0.7479462344826291, 0.03197630814233981, 8.499999999999993));
#6119 = CARTESIAN_POINT('', (0.70708925323888, 0.043545995058016415, 8.50000000000001));
#6120 = CARTESIAN_POINT('', (0.6667601169508408, 0.056839277088437785, 8.500000000000018));
#6121 = CARTESIAN_POINT('', (0.6270315014727161, 0.07183219833132581, 8.5));
#6122 = CARTESIAN_POINT('', (0.5879750004178577, 0.08849774073872553, 8.500000000000002));
#6123 = CARTESIAN_POINT('', (0.5496609962563305, 0.10680587176784903, 8.500000000000007));
#6124 = CARTESIAN_POINT('', (0.5121585334271656, 0.12672359903693572, 8.500000000000007));
#6125 = CARTESIAN_POINT('', (0.47553519390664495, 0.1482150294110059, 8.499999999999995));
#6126 = CARTESIAN_POINT('', (0.4398569754182269, 0.1712414338809208, 8.500000000000005));
#6127 = CARTESIAN_POINT('', (0.40518817249077066, 0.19576131725617957, 8.499999999999993));
#6128 = CARTESIAN_POINT('', (0.3715912606869128, 0.22173049311334814, 8.499999999999996));
#6129 = CARTESIAN_POINT('', (0.3391267839186851, 0.24910216324055195, 8.500000000000032));
#6130 = CARTESIAN_POINT('', (0.3078532453723586, 0.2778270020414024, 8.49999999999997));
#6131 = CARTESIAN_POINT('', (0.27782700204140265, 0.3078532453723596, 8.500000000000025));
#6132 = CARTESIAN_POINT('', (0.249102163240551, 0.3391267839186842, 8.49999999999997));
#6133 = CARTESIAN_POINT('', (0.22173049311334841, 0.37159126068691384, 8.500000000000032));
#6134 = CARTESIAN_POINT('', (0.19576131725617896, 0.4051881724907697, 8.499999999999975));
#6135 = CARTESIAN_POINT('', (0.17124143388092133, 0.43985697541822827, 8.500000000000025));
#6136 = CARTESIAN_POINT('', (0.14821502941100512, 0.475535193906644, 8.499999999999984));
#6137 = CARTESIAN_POINT('', (0.12672359903693614, 0.5121585334271674, 8.500000000000021));
#6138 = CARTESIAN_POINT('', (0.10680587176784839, 0.5496609962563292, 8.49999999999999));
#6139 = CARTESIAN_POINT('', (0.08849774073872563, 0.5879750004178593, 8.500000000000018));
#6140 = CARTESIAN_POINT('', (0.07183219833132529, 0.6270315014727155, 8.49999999999999));
#6141 = CARTESIAN_POINT('', (0.05683927708843757, 0.6667601169508393, 8.500000000000005));
#6142 = CARTESIAN_POINT('', (0.04354599505801626, 0.7070892532388815, 8.500000000000004));
#6143 = CARTESIAN_POINT('', (0.03197630814233964, 0.7479462344826282, 8.49999999999999));
#6144 = CARTESIAN_POINT('', (0.022151064752840108, 0.7892574336779901, 8.500000000000018));
#6145 = CARTESIAN_POINT('', (0.014087972356768782, 0.8309484051630719, 8.499999999999977));
#6146 = CARTESIAN_POINT('', (7.8015578851E-3, 0.872944019138775, 8.500000000000025));
#6147 = CARTESIAN_POINT('', (3.3031561841E-3, 0.9151685964129548, 8.499999999999975));
#6148 = CARTESIAN_POINT('', (6.0086161170E-4, 0.9575460459450749, 8.500000000000039));
#6149 = CARTESIAN_POINT('', (-1.7462665277E-16, 0.9858486817405868, 8.500000000000004));
#6150 = CARTESIAN_POINT('', (0.0, 0.9999999999999998, 8.5));
#6151 = CARTESIAN_POINT('', (1.0, 0.0, 10.0));
#6152 = CARTESIAN_POINT('', (0.9858486817405868, 9.9261673506E-24, 10.000000000000004));
#6153 = CARTESIAN_POINT('', (0.9575460459450719, 6.0086161170E-4, 9.999999999999991));
#6154 = CARTESIAN_POINT('', (0.9151685964129558, 3.3031561841E-3, 9.999999999999984));
#6155 = CARTESIAN_POINT('', (0.8729440191387753, 7.8015578851E-3, 10.000000000000025));
#6156 = CARTESIAN_POINT('', (0.8309484051630714, 0.014087972356768784, 9.999999999999968));
#6157 = CARTESIAN_POINT('', (0.7892574336779891, 0.02215106475284042, 10.000000000000016));
#6158 = CARTESIAN_POINT('', (0.7479462344826293, 0.03197630814233981, 9.999999999999993));
#6159 = CARTESIAN_POINT('', (0.7070892532388802, 0.043545995058016415, 10.000000000000012));
#6160 = CARTESIAN_POINT('', (0.6667601169508409, 0.056839277088437785, 10.000000000000021));
#6161 = CARTESIAN_POINT('', (0.6270315014727165, 0.07183219833132581, 10.000000000000002));
#6162 = CARTESIAN_POINT('', (0.5879750004178578, 0.08849774073872552, 10.000000000000002));
#6163 = CARTESIAN_POINT('', (0.5496609962563306, 0.10680587176784902, 10.000000000000007));
#6164 = CARTESIAN_POINT('', (0.5121585334271658, 0.12672359903693572, 10.000000000000005));
#6165 = CARTESIAN_POINT('', (0.47553519390664506, 0.1482150294110059, 9.999999999999998));
#6166 = CARTESIAN_POINT('', (0.4398569754182271, 0.1712414338809208, 10.000000000000005));
#6167 = CARTESIAN_POINT('', (0.4051881724907707, 0.19576131725617954, 9.999999999999991));
#6168 = CARTESIAN_POINT('', (0.371591260686913, 0.22173049311334814, 9.999999999999995));
#6169 = CARTESIAN_POINT('', (0.3391267839186852, 0.24910216324055195, 10.000000000000037));
#6170 = CARTESIAN_POINT('', (0.3078532453723587, 0.2778270020414024, 9.999999999999964));
#6171 = CARTESIAN_POINT('', (0.27782700204140287, 0.3078532453723596, 10.000000000000032));
#6172 = CARTESIAN_POINT('', (0.24910216324055115, 0.3391267839186842, 9.999999999999966));
#6173 = CARTESIAN_POINT('', (0.2217304931133486, 0.37159126068691384, 10.000000000000039));
#6174 = CARTESIAN_POINT('', (0.19576131725617915, 0.4051881724907697, 9.99999999999997));
#6175 = CARTESIAN_POINT('', (0.17124143388092153, 0.43985697541822827, 10.000000000000028));
#6176 = CARTESIAN_POINT('', (0.14821502941100528, 0.475535193906644, 9.999999999999982));
#6177 = CARTESIAN_POINT('', (0.1267235990369363, 0.5121585334271674, 10.000000000000023));
#6178 = CARTESIAN_POINT('', (0.10680587176784857, 0.5496609962563291, 9.99999999999999));
#6179 = CARTESIAN_POINT('', (0.0884977407387258, 0.5879750004178593, 10.00000000000002));
#6180 = CARTESIAN_POINT('', (0.07183219833132547, 0.6270315014727155, 9.99999999999999));
#6181 = CARTESIAN_POINT('', (0.05683927708843775, 0.6667601169508393, 10.000000000000004));
#6182 = CARTESIAN_POINT('', (0.04354599505801643, 0.7070892532388814, 10.00000000000001));
#6183 = CARTESIAN_POINT('', (0.03197630814233982, 0.7479462344826282, 9.999999999999984));
#6184 = CARTESIAN_POINT('', (0.02215106475284028, 0.7892574336779901, 10.000000000000027));
#6185 = CARTESIAN_POINT('', (0.014087972356768955, 0.8309484051630719, 9.999999999999966));
#6186 = CARTESIAN_POINT('', (7.8015578851E-3, 0.872944019138775, 10.000000000000032));
#6187 = CARTESIAN_POINT('', (3.3031561841E-3, 0.9151685964129548, 9.999999999999968));
#6188 = CARTESIAN_POINT('', (6.0086161170E-4, 0.957546045945075, 10.00000000000005));
#6189 = CARTESIAN_POINT('', (8.6649650707E-19, 0.9858486817405868, 10.000000000000004));
#6190 = CARTESIAN_POINT('', (0.0, 0.9999999999999998, 10.0));
#6191 = CARTESIAN_POINT('', (1.0, 0.0, 10.000033333333334));
#6192 = CARTESIAN_POINT('', (0.9858486817405869, 9.9261673506E-24, 10.000033333333338));
#6193 = CARTESIAN_POINT('', (0.9575460459450719, 6.0086161170E-4, 10.000033333333326));
#6194 = CARTESIAN_POINT('', (0.9151685964129558, 3.3031561841E-3, 10.000033333333318));
#6195 = CARTESIAN_POINT('', (0.8729440191387753, 7.8015578851E-3, 10.00003333333336));
#6196 = CARTESIAN_POINT('', (0.8309484051630714, 0.014087972356768784, 10.000033333333302));
#6197 = CARTESIAN_POINT('', (0.7892574336779891, 0.02215106475284042, 10.00003333333335));
#6198 = CARTESIAN_POINT('', (0.7479462344826293, 0.03197630814233981, 10.000033333333327));
#6199 = CARTESIAN_POINT('', (0.7070892532388802, 0.043545995058016415, 10.000033333333347));
#6200 = CARTESIAN_POINT('', (0.666760116950841, 0.05683927708843779, 10.000033333333356));
#6201 = CARTESIAN_POINT('', (0.6270315014727165, 0.07183219833132581, 10.000033333333336));
#6202 = CARTESIAN_POINT('', (0.5879750004178578, 0.08849774073872552, 10.000033333333336));
#6203 = CARTESIAN_POINT('', (0.5496609962563307, 0.10680587176784902, 10.000033333333342));
#6204 = CARTESIAN_POINT('', (0.5121585334271659, 0.12672359903693572, 10.00003333333334));
#6205 = CARTESIAN_POINT('', (0.47553519390664506, 0.1482150294110059, 10.000033333333333));
#6206 = CARTESIAN_POINT('', (0.43985697541822716, 0.1712414338809208, 10.00003333333334));
#6207 = CARTESIAN_POINT('', (0.4051881724907707, 0.19576131725617954, 10.000033333333326));
#6208 = CARTESIAN_POINT('', (0.37159126068691306, 0.22173049311334816, 10.000033333333329));
#6209 = CARTESIAN_POINT('', (0.3391267839186853, 0.24910216324055195, 10.000033333333372));
#6210 = CARTESIAN_POINT('', (0.3078532453723587, 0.2778270020414024, 10.000033333333299));
#6211 = CARTESIAN_POINT('', (0.27782700204140287, 0.3078532453723596, 10.000033333333366));
#6212 = CARTESIAN_POINT('', (0.24910216324055115, 0.3391267839186843, 10.0000333333333));
#6213 = CARTESIAN_POINT('', (0.22173049311334864, 0.3715912606869139, 10.000033333333374));
#6214 = CARTESIAN_POINT('', (0.19576131725617915, 0.4051881724907697, 10.000033333333304));
#6215 = CARTESIAN_POINT('', (0.17124143388092153, 0.4398569754182283, 10.000033333333363));
#6216 = CARTESIAN_POINT('', (0.14821502941100528, 0.475535193906644, 10.000033333333317));
#6217 = CARTESIAN_POINT('', (0.1267235990369363, 0.5121585334271676, 10.000033333333358));
#6218 = CARTESIAN_POINT('', (0.10680587176784857, 0.5496609962563292, 10.000033333333324));
#6219 = CARTESIAN_POINT('', (0.0884977407387258, 0.5879750004178593, 10.000033333333354));
#6220 = CARTESIAN_POINT('', (0.07183219833132547, 0.6270315014727155, 10.000033333333324));
#6221 = CARTESIAN_POINT('', (0.05683927708843776, 0.6667601169508394, 10.000033333333338));
#6222 = CARTESIAN_POINT('', (0.04354599505801643, 0.7070892532388814, 10.000033333333345));
#6223 = CARTESIAN_POINT('', (0.03197630814233982, 0.7479462344826282, 10.000033333333318));
#6224 = CARTESIAN_POINT('', (0.02215106475284028, 0.7892574336779901, 10.000033333333361));
#6225 = CARTESIAN_POINT('', (0.014087972356768955, 0.8309484051630719, 10.0000333333333));
#6226 = CARTESIAN_POINT('', (7.8015578851E-3, 0.872944019138775, 10.000033333333366));
#6227 = CARTESIAN_POINT('', (3.3031561841E-3, 0.9151685964129548, 10.000033333333302));
#6228 = CARTESIAN_POINT('', (6.0086161170E-4, 0.957546045945075, 10.000033333333384));
#6229 = CARTESIAN_POINT('', (8.7039635483E-19, 0.9858486817405869, 10.000033333333338));
#6230 = CARTESIAN_POINT('', (0.0, 0.9999999999999998, 10.000033333333334));
#6231 = CARTESIAN_POINT('', (1.0, 0.0, 10.000066666666669));
#6232 = CARTESIAN_POINT('', (0.985848681740587, 9.9261673506E-24, 10.000066666666672));
#6233 = CARTESIAN_POINT('', (0.9575460459450719, 6.0086161170E-4, 10.00006666666666));
#6234 = CARTESIAN_POINT('', (0.9151685964129558, 3.3031561841E-3, 10.000066666666653));
#6235 = CARTESIAN_POINT('', (0.8729440191387753, 7.8015578851E-3, 10.000066666666694));
#6236 = CARTESIAN_POINT('', (0.8309484051630714, 0.014087972356768784, 10.000066666666637));
#6237 = CARTESIAN_POINT('', (0.7892574336779891, 0.02215106475284042, 10.000066666666685));
#6238 = CARTESIAN_POINT('', (0.7479462344826293, 0.03197630814233981, 10.000066666666662));
#6239 = CARTESIAN_POINT('', (0.7070892532388802, 0.043545995058016415, 10.000066666666681));
#6240 = CARTESIAN_POINT('', (0.6667601169508411, 0.0568392770884378, 10.00006666666669));
#6241 = CARTESIAN_POINT('', (0.6270315014727165, 0.07183219833132581, 10.00006666666667));
#6242 = CARTESIAN_POINT('', (0.5879750004178578, 0.08849774073872552, 10.00006666666667));
#6243 = CARTESIAN_POINT('', (0.5496609962563308, 0.10680587176784902, 10.000066666666676));
#6244 = CARTESIAN_POINT('', (0.512158533427166, 0.12672359903693572, 10.000066666666674));
#6245 = CARTESIAN_POINT('', (0.47553519390664506, 0.1482150294110059, 10.000066666666667));
#6246 = CARTESIAN_POINT('', (0.4398569754182272, 0.1712414338809208, 10.000066666666674));
#6247 = CARTESIAN_POINT('', (0.4051881724907707, 0.19576131725617954, 10.00006666666666));
#6248 = CARTESIAN_POINT('', (0.3715912606869131, 0.2217304931133482, 10.000066666666664));
#6249 = CARTESIAN_POINT('', (0.33912678391868534, 0.24910216324055195, 10.000066666666706));
#6250 = CARTESIAN_POINT('', (0.3078532453723587, 0.2778270020414024, 10.000066666666633));
#6251 = CARTESIAN_POINT('', (0.27782700204140287, 0.3078532453723596, 10.0000666666667));
#6252 = CARTESIAN_POINT('', (0.24910216324055115, 0.33912678391868434, 10.000066666666635));
#6253 = CARTESIAN_POINT('', (0.22173049311334866, 0.37159126068691395, 10.000066666666708));
#6254 = CARTESIAN_POINT('', (0.19576131725617915, 0.4051881724907697, 10.000066666666639));
#6255 = CARTESIAN_POINT('', (0.17124143388092153, 0.4398569754182284, 10.000066666666697));
#6256 = CARTESIAN_POINT('', (0.14821502941100528, 0.475535193906644, 10.000066666666651));
#6257 = CARTESIAN_POINT('', (0.1267235990369363, 0.5121585334271677, 10.000066666666692));
#6258 = CARTESIAN_POINT('', (0.10680587176784857, 0.5496609962563294, 10.000066666666658));
#6259 = CARTESIAN_POINT('', (0.0884977407387258, 0.5879750004178593, 10.000066666666688));
#6260 = CARTESIAN_POINT('', (0.07183219833132547, 0.6270315014727155, 10.000066666666658));
#6261 = CARTESIAN_POINT('', (0.056839277088437765, 0.6667601169508395, 10.000066666666672));
#6262 = CARTESIAN_POINT('', (0.04354599505801643, 0.7070892532388814, 10.00006666666668));
#6263 = CARTESIAN_POINT('', (0.03197630814233982, 0.7479462344826282, 10.000066666666653));
#6264 = CARTESIAN_POINT('', (0.02215106475284028, 0.7892574336779901, 10.000066666666696));
#6265 = CARTESIAN_POINT('', (0.014087972356768955, 0.8309484051630719, 10.000066666666635));
#6266 = CARTESIAN_POINT('', (7.8015578851E-3, 0.872944019138775, 10.0000666666667));
#6267 = CARTESIAN_POINT('', (3.3031561841E-3, 0.9151685964129548, 10.000066666666637));
#6268 = CARTESIAN_POINT('', (6.0086161170E-4, 0.957546045945075, 10.000066666666719));
#6269 = CARTESIAN_POINT('', (8.7429632345E-19, 0.985848681740587, 10.000066666666672));
#6270 = CARTESIAN_POINT('', (0.0, 0.9999999999999998, 10.000066666666669));
#6271 = CARTESIAN_POINT('', (1.0, 0.0, 10.000100000000003));
#6272 = CARTESIAN_POINT('', (0.9858486817405872, 9.9261673506E-24, 10.000100000000007));
#6273 = CARTESIAN_POINT('', (0.9575460459450719, 6.0086161170E-4, 10.000099999999994));
#6274 = CARTESIAN_POINT('', (0.9151685964129558, 3.3031561841E-3, 10.000099999999987));
#6275 = CARTESIAN_POINT('', (0.8729440191387753, 7.8015578851E-3, 10.000100000000028));
#6276 = CARTESIAN_POINT('', (0.8309484051630714, 0.014087972356768784, 10.000099999999971));
#6277 = CARTESIAN_POINT('', (0.7892574336779891, 0.02215106475284042, 10.00010000000002));
#6278 = CARTESIAN_POINT('', (0.7479462344826293, 0.03197630814233981, 10.000099999999996));
#6279 = CARTESIAN_POINT('', (0.7070892532388802, 0.043545995058016415, 10.000100000000016));
#6280 = CARTESIAN_POINT('', (0.6667601169508413, 0.056839277088437806, 10.000100000000025));
#6281 = CARTESIAN_POINT('', (0.6270315014727165, 0.07183219833132581, 10.000100000000005));
#6282 = CARTESIAN_POINT('', (0.5879750004178578, 0.08849774073872552, 10.000100000000005));
#6283 = CARTESIAN_POINT('', (0.5496609962563309, 0.10680587176784902, 10.00010000000001));
#6284 = CARTESIAN_POINT('', (0.5121585334271661, 0.12672359903693572, 10.000100000000009));
#6285 = CARTESIAN_POINT('', (0.47553519390664506, 0.1482150294110059, 10.000100000000002));
#6286 = CARTESIAN_POINT('', (0.43985697541822727, 0.1712414338809208, 10.000100000000009));
#6287 = CARTESIAN_POINT('', (0.4051881724907707, 0.19576131725617954, 10.000099999999994));
#6288 = CARTESIAN_POINT('', (0.37159126068691317, 0.22173049311334822, 10.000099999999998));
#6289 = CARTESIAN_POINT('', (0.3391267839186854, 0.24910216324055195, 10.00010000000004));
#6290 = CARTESIAN_POINT('', (0.3078532453723587, 0.2778270020414024, 10.000099999999968));
#6291 = CARTESIAN_POINT('', (0.27782700204140287, 0.3078532453723596, 10.000100000000035));
#6292 = CARTESIAN_POINT('', (0.24910216324055115, 0.3391267839186844, 10.00009999999997));
#6293 = CARTESIAN_POINT('', (0.2217304931133487, 0.371591260686914, 10.000100000000042));
#6294 = CARTESIAN_POINT('', (0.19576131725617915, 0.4051881724907697, 10.000099999999973));
#6295 = CARTESIAN_POINT('', (0.17124143388092153, 0.43985697541822844, 10.000100000000032));
#6296 = CARTESIAN_POINT('', (0.14821502941100528, 0.475535193906644, 10.000099999999986));
#6297 = CARTESIAN_POINT('', (0.1267235990369363, 0.5121585334271678, 10.000100000000026));
#6298 = CARTESIAN_POINT('', (0.10680587176784857, 0.5496609962563295, 10.000099999999993));
#6299 = CARTESIAN_POINT('', (0.0884977407387258, 0.5879750004178593, 10.000100000000023));
#6300 = CARTESIAN_POINT('', (0.07183219833132547, 0.6270315014727155, 10.000099999999993));
#6301 = CARTESIAN_POINT('', (0.05683927708843777, 0.6667601169508396, 10.000100000000007));
#6302 = CARTESIAN_POINT('', (0.04354599505801643, 0.7070892532388814, 10.000100000000014));
#6303 = CARTESIAN_POINT('', (0.03197630814233982, 0.7479462344826282, 10.000099999999987));
#6304 = CARTESIAN_POINT('', (0.02215106475284028, 0.7892574336779901, 10.00010000000003));
#6305 = CARTESIAN_POINT('', (0.014087972356768955, 0.8309484051630719, 10.00009999999997));
#6306 = CARTESIAN_POINT('', (7.8015578851E-3, 0.872944019138775, 10.000100000000035));
#6307 = CARTESIAN_POINT('', (3.3031561841E-3, 0.9151685964129548, 10.000099999999971));
#6308 = CARTESIAN_POINT('', (6.0086161170E-4, 0.957546045945075, 10.000100000000053));
#6309 = CARTESIAN_POINT('', (8.7819641293E-19, 0.9858486817405872, 10.000100000000007));
#6310 = CARTESIAN_POINT('', (0.0, 0.9999999999999998, 10.000100000000003));
#6311 = DEFINITIONAL_REPRESENTATION('', (#6313), #6312);
#6312 = (
    GEOMETRIC_REPRESENTATION_CONTEXT(2)
    PARAMETRIC_REPRESENTATION_CONTEXT()
    REPRESENTATION_CONTEXT('2D SPACE', '')
);
#6313 = (
    BOUNDED_CURVE()
    B_SPLINE_CURVE(3, (#6314, #6315, #6316, #6317, #6318, #6319, #6320, #6321, #6322, #6323, #6324, #6325, #6326, #6327, #6328, #6329, #6330, #6331, #6332, #6333, #6334, #6335, #6336, #6337, #6338, #6339, #6340, #6341, #6342, #6343, #6344, #6345, #6346, #6347, #6348, #6349, #6350, #6351, #6352, #6353, #6354, #6355, #6356, #6357, #6358, #6359, #6360, #6361, #6362, #6363, #6364, #6365, #6366, #6367, #6368, #6369, #6370, #6371, #6372, #6373, #6374, #6375, #6376, #6377, #6378, #6379, #6380, #6381, #6382, #6383, #6384, #6385, #6386, #6387, #6388, #6389, #6390, #6391, #6392, #6393, #6394, #6395, #6396, #6397, #6398, #6399, #6400, #6401, #6402, #6403, #6404, #6405, #6406, #6407, #6408, #6409, #6410, #6411, #6412, #6413, #6414, #6415, #6416, #6417, #6418, #6419, #6420, #6421, #6422, #6423, #6424, #6425, #6426, #6427, #6428, #6429, #6430, #6431, #6432, #6433, #6434, #6435, #6436, #6437, #6438, #6439, #6440, #6441, #6442, #6443, #6444, #6445, #6446, #6447, #6448, #6449, #6450, #6451, #6452, #6453, #6454, #6455, #6456, #6457, #6458, #6459, #6460, #6461, #6462, #6463, #6464, #6465, #6466, #6467, #6468, #6469, #6470, #6471, #6472, #6473, #6474, #6475, #6476, #6477, #6478, #6479, #6480, #6481, #6482, #6483, #6484, #6485, #6486, #6487, #6488, #6489, #6490, #6491, #6492, #6493, #6494, #6495, #6496, #6497, #6498, #6499, #6500, #6501, #6502, #6503, #6504, #6505, #6506, #6507, #6508, #6509, #6510, #6511, #6512, #6513, #6514, #6515, #6516, #6517, #6518, #6519, #6520, #6521), .UNSPECIFIED., .U., .U.)
    B_SPLINE_CURVE_WITH_KNOTS((4, 3, 3, 3, 3, 3, 3, 3, 3, 3, 3, 3, 3, 3, 3, 3, 3, 3, 3, 3, 3, 3, 3, 3, 3, 3, 3, 3, 3, 3, 3, 3, 3, 3, 3, 3, 3, 3, 3, 3, 3, 3, 3, 3, 3, 3, 3, 3, 3, 3, 3, 3, 3, 3, 3, 3, 3, 3, 3, 3, 3, 3, 3, 3, 3, 3, 3, 3, 3, 4), (0.0, 0.022727519039356176, 0.04545405952044736, 0.06818060048269646, 0.09090714097528887, 0.11363368175820267, 0.13636022234171283, 0.15908676312140854, 0.18181330374294458, 0.20453984440803952, 0.22726638516542577, 0.24999292577071752, 0.2727194665960548, 0.2954460071326442, 0.3181725480375097, 0.34089908853649925, 0.3636256294335979, 0.3863521699280244, 0.40907871079123165, 0.43180525131641123, 0.4545317921144757, 0.4772583327073654, 0.4999848734302939, 0.5227114141136022, 0.5454379547567446, 0.5681644955403139, 0.5908910361120074, 0.6136175769800218, 0.6363441174979813, 0.6590706584056799, 0.681797198898193, 0.704523739785724, 0.7272502802885283, 0.749976821125736, 0.7727033616758137, 0.7954299024431971, 0.8181564430721705, 0.8408829837608914, 0.8636095244871734, 0.8863360650986276, 0.909062605921534, 0.9317891464674665, 0.9545156873597048, 0.9772422278628676, 0.9999687687665484, 1.022695309258699, 1.0454218501279968, 1.0681483906470104, 1.0908749314563917, 1.11360147203603, 1.1363280127706499, 1.1590545534406447, 1.181781094095069, 1.2045076348617858, 1.2272341754449658, 1.2499607163056152, 1.2726872568266607, 1.295413797728586, 1.3181403382297359, 1.3408668791262885, 1.3635934196117785, 1.3863199604562404, 1.4090465010201183, 1.431773041795269, 1.4544995823748226, 1.477226123091217, 1.499952663851448, 1.522679204434078, 1.5454057451885268, 1.5707623871705882), .UNSPECIFIED.)
    CURVE()
    GEOMETRIC_REPRESENTATION_ITEM()
    RATIONAL_B_SPLINE_CURVE((1.0, 1.0, 1.0, 1.0, 1.0, 1.0, 1.0, 1.0, 1.0, 1.0, 1.0, 1.0, 1.0, 1.0, 1.0, 1.0, 1.0, 1.0, 1.0, 1.0, 1.0, 1.0, 1.0, 1.0, 1.0, 1.0, 1.0, 1.0, 1.0, 1.0, 1.0, 1.0, 1.0, 1.0, 1.0, 1.0, 1.0, 1.0, 1.0, 1.0, 1.0, 1.0, 1.0, 1.0, 1.0, 1.0, 1.0, 1.0, 1.0, 1.0, 1.0, 1.0, 1.0, 1.0, 1.0, 1.0, 1.0, 1.0, 1.0, 1.0, 1.0, 1.0, 1.0, 1.0, 1.0, 1.0, 1.0, 1.0, 1.0, 1.0, 1.0, 1.0, 1.0, 1.0, 1.0, 1.0, 1.0, 1.0, 1.0, 1.0, 1.0, 1.0, 1.0, 1.0, 1.0, 1.0, 1.0, 1.0, 1.0, 1.0, 1.0, 1.0, 1.0, 1.0, 1.0, 1.0, 1.0, 1.0, 1.0, 1.0, 1.0, 1.0, 1.0, 1.0, 1.0, 1.0, 1.0, 1.0, 1.0, 1.0, 1.0, 1.0, 1.0, 1.0, 1.0, 1.0, 1.0, 1.0, 1.0, 1.0, 1.0, 1.0, 1.0, 1.0, 1.0, 1.0, 1.0, 1.0, 1.0, 1.0, 1.0, 1.0, 1.0, 1.0, 1.0, 1.0, 1.0, 1.0, 1.0, 1.0, 1.0, 1.0, 1.0, 1.0, 1.0, 1.0, 1.0, 1.0, 1.0, 1.0, 1.0, 1.0, 1.0, 1.0, 1.0, 1.0, 1.0, 1.0, 1.0, 1.0, 1.0, 1.0, 1.0, 1.0, 1.0, 1.0, 1.0, 1.0, 1.0, 1.0, 1.0, 1.0, 1.0, 1.0, 1.0, 1.0, 1.0, 1.0, 1.0, 1.0, 1.0, 1.0, 1.0, 1.0, 1.0, 1.0, 1.0, 1.0, 1.0, 1.0, 1.0, 1.0, 1.0, 1.0, 1.0, 1.0, 1.0, 1.0, 1.0, 1.0, 1.0, 1.0, 1.0, 1.0, 1.0, 1.0, 1.0, 1.0))
    REPRESENTATION_ITEM('')
);
#6314 = CARTESIAN_POINT('', (9.000000000000004, 0.0));
#6315 = CARTESIAN_POINT('', (9.000000000000004, 4.8229293324E-3));
#6316 = CARTESIAN_POINT('', (9.000000000000004, 9.6461700585E-3));
#6317 = CARTESIAN_POINT('', (9.000000000000004, 0.0144690993724912));
#6318 = CARTESIAN_POINT('', (9.000000000000004, 0.019291821029954692));
#6319 = CARTESIAN_POINT('', (9.000000000000014, 0.024114854206602677));
#6320 = CARTESIAN_POINT('', (9.000000000000014, 0.028937575961595616));
#6321 = CARTESIAN_POINT('', (9.000000000000014, 0.033760297818693434));
#6322 = CARTESIAN_POINT('', (9.000000000000012, 0.03858333087243094));
#6323 = CARTESIAN_POINT('', (9.000000000000012, 0.04340605257305634));
#6324 = CARTESIAN_POINT('', (9.000000000000012, 0.0482287741740175));
#6325 = CARTESIAN_POINT('', (9.00000000000001, 0.05305180730934107));
#6326 = CARTESIAN_POINT('', (9.00000000000001, 0.057874529019503046));
#6327 = CARTESIAN_POINT('', (9.00000000000001, 0.06269725079127313));
#6328 = CARTESIAN_POINT('', (8.999999999999995, 0.06752028380162739));
#6329 = CARTESIAN_POINT('', (8.999999999999995, 0.07234300553638315));
#6330 = CARTESIAN_POINT('', (8.999999999999995, 0.07716572722882414));
#6331 = CARTESIAN_POINT('', (8.999999999999996, 0.08198876048974427));
#6332 = CARTESIAN_POINT('', (8.999999999999996, 0.08681148219606658));
#6333 = CARTESIAN_POINT('', (8.999999999999996, 0.09163420394402075));
#6334 = CARTESIAN_POINT('', (9.000000000000016, 0.09645723689760204));
#6335 = CARTESIAN_POINT('', (9.000000000000016, 0.10127995861698064));
#6336 = CARTESIAN_POINT('', (9.000000000000016, 0.10610268030279671));
#6337 = CARTESIAN_POINT('', (9.000000000000014, 0.1109257135520517));
#6338 = CARTESIAN_POINT('', (9.000000000000014, 0.11574843524643436));
#6339 = CARTESIAN_POINT('', (9.000000000000014, 0.1205711569500605));
#6340 = CARTESIAN_POINT('', (9.0, 0.12539418991413334));
#6341 = CARTESIAN_POINT('', (9.0, 0.1302169116602757));
#6342 = CARTESIAN_POINT('', (9.0, 0.1350396334260029));
#6343 = CARTESIAN_POINT('', (8.999999999999996, 0.13986266669034655));
#6344 = CARTESIAN_POINT('', (8.999999999999996, 0.14468538838425285));
#6345 = CARTESIAN_POINT('', (8.999999999999996, 0.14950811004588369));
#6346 = CARTESIAN_POINT('', (9.0, 0.15433114300485398));
#6347 = CARTESIAN_POINT('', (9.0, 0.15915386474828833));
#6348 = CARTESIAN_POINT('', (9.0, 0.16397658653841776));
#6349 = CARTESIAN_POINT('', (9.000000000000002, 0.16879961975807006));
#6350 = CARTESIAN_POINT('', (9.000000000000002, 0.17362234145836714));
#6351 = CARTESIAN_POINT('', (9.000000000000002, 0.17844506309739));
#6352 = CARTESIAN_POINT('', (8.999999999999991, 0.18326809610555939));
#6353 = CARTESIAN_POINT('', (8.999999999999991, 0.18809081785783127));
#6354 = CARTESIAN_POINT('', (8.999999999999991, 0.19291353968825378));
#6355 = CARTESIAN_POINT('', (8.99999999999999, 0.1977365728494346));
#6356 = CARTESIAN_POINT('', (8.99999999999999, 0.20255929455604454));
#6357 = CARTESIAN_POINT('', (8.99999999999999, 0.20738201617652494));
#6358 = CARTESIAN_POINT('', (8.999999999999986, 0.21220504923807496));
#6359 = CARTESIAN_POINT('', (8.999999999999986, 0.21702777098050455));
#6360 = CARTESIAN_POINT('', (8.999999999999986, 0.2218504928074155));
#6361 = CARTESIAN_POINT('', (8.999999999999995, 0.2266735258973705));
#6362 = CARTESIAN_POINT('', (8.999999999999995, 0.2314962476099895));
#6363 = CARTESIAN_POINT('', (8.999999999999995, 0.2363189692371588));
#6364 = CARTESIAN_POINT('', (8.999999999999996, 0.2411420023777293));
#6365 = CARTESIAN_POINT('', (8.999999999999996, 0.2459647241060628));
#6366 = CARTESIAN_POINT('', (8.999999999999996, 0.250787445912654));
#6367 = CARTESIAN_POINT('', (9.000000000000002, 0.2556104789402289));
#6368 = CARTESIAN_POINT('', (9.000000000000002, 0.26043320065685777));
#6369 = CARTESIAN_POINT('', (9.000000000000002, 0.26525592230175493));
#6370 = CARTESIAN_POINT('', (9.0, 0.27007895550659566));
#6371 = CARTESIAN_POINT('', (9.0, 0.27490167721767506));
#6372 = CARTESIAN_POINT('', (9.0, 0.2797243989866624));
#6373 = CARTESIAN_POINT('', (8.999999999999996, 0.28454743196964766));
#6374 = CARTESIAN_POINT('', (8.999999999999996, 0.28937015369439395));
#6375 = CARTESIAN_POINT('', (8.999999999999996, 0.2941928753756008));
#6376 = CARTESIAN_POINT('', (8.999999999999996, 0.29901590862657856));
#6377 = CARTESIAN_POINT('', (8.999999999999996, 0.30383863032544994));
#6378 = CARTESIAN_POINT('', (8.999999999999996, 0.3086613520519164));
#6379 = CARTESIAN_POINT('', (9.000000000000002, 0.31348438500945985));
#6380 = CARTESIAN_POINT('', (9.000000000000002, 0.31830710674297963));
#6381 = CARTESIAN_POINT('', (9.000000000000002, 0.32312982846809174));
#6382 = CARTESIAN_POINT('', (8.999999999999998, 0.3279528617327871));
#6383 = CARTESIAN_POINT('', (8.999999999999998, 0.3327755834264512));
#6384 = CARTESIAN_POINT('', (8.999999999999998, 0.33759830511159183));
#6385 = CARTESIAN_POINT('', (9.000000000000005, 0.3424213380678475));
#6386 = CARTESIAN_POINT('', (9.000000000000005, 0.34724405981105244));
#6387 = CARTESIAN_POINT('', (9.000000000000005, 0.35206678158405685));
#6388 = CARTESIAN_POINT('', (9.0, 0.3568898148304943));
#6389 = CARTESIAN_POINT('', (9.0, 0.36171253652648133));
#6390 = CARTESIAN_POINT('', (9.0, 0.36653525817750693));
#6391 = CARTESIAN_POINT('', (9.0, 0.3713582911564513));
#6392 = CARTESIAN_POINT('', (9.0, 0.37618101290598677));
#6393 = CARTESIAN_POINT('', (9.0, 0.3810037347184035));
#6394 = CARTESIAN_POINT('', (9.000000000000004, 0.38582676791675496));
#6395 = CARTESIAN_POINT('', (9.000000000000004, 0.39064948961983503));
#6396 = CARTESIAN_POINT('', (9.000000000000004, 0.39547221124863113));
#6397 = CARTESIAN_POINT('', (9.000000000000007, 0.4002952442753751));
#6398 = CARTESIAN_POINT('', (9.000000000000007, 0.40511796602423283));
#6399 = CARTESIAN_POINT('', (9.000000000000007, 0.4099406878557958));
#6400 = CARTESIAN_POINT('', (9.000000000000009, 0.414763720986506));
#6401 = CARTESIAN_POINT('', (9.000000000000009, 0.41958644269632756));
#6402 = CARTESIAN_POINT('', (9.000000000000009, 0.424409164318044));
#6403 = CARTESIAN_POINT('', (8.999999999999996, 0.42923219741374563));
#6404 = CARTESIAN_POINT('', (8.999999999999996, 0.43405491915103556));
#6405 = CARTESIAN_POINT('', (8.999999999999996, 0.43887764097215093));
#6406 = CARTESIAN_POINT('', (8.999999999999986, 0.4437006740337558));
#6407 = CARTESIAN_POINT('', (8.999999999999986, 0.4485233957474889));
#6408 = CARTESIAN_POINT('', (8.999999999999986, 0.4533461173795804));
#6409 = CARTESIAN_POINT('', (8.999999999999988, 0.45816915054860086));
#6410 = CARTESIAN_POINT('', (8.999999999999988, 0.4629918722691115));
#6411 = CARTESIAN_POINT('', (8.999999999999988, 0.46781459406058473));
#6412 = CARTESIAN_POINT('', (9.000000000000009, 0.4726376270669566));
#6413 = CARTESIAN_POINT('', (9.000000000000009, 0.47746034878683946));
#6414 = CARTESIAN_POINT('', (9.000000000000009, 0.4822830704457914));
#6415 = CARTESIAN_POINT('', (9.000000000000014, 0.4871061036738593));
#6416 = CARTESIAN_POINT('', (9.000000000000014, 0.4919288253791665));
#6417 = CARTESIAN_POINT('', (9.000000000000014, 0.4967515471305874));
#6418 = CARTESIAN_POINT('', (8.999999999999996, 0.5015745801001803));
#6419 = CARTESIAN_POINT('', (8.999999999999996, 0.5063973018285713));
#6420 = CARTESIAN_POINT('', (8.999999999999996, 0.5112200235275909));
#6421 = CARTESIAN_POINT('', (8.999999999999998, 0.5160430567883778));
#6422 = CARTESIAN_POINT('', (8.999999999999998, 0.5208657784841746));
#6423 = CARTESIAN_POINT('', (8.999999999999998, 0.5256885001926502));
#6424 = CARTESIAN_POINT('', (9.00000000000001, 0.530511533146853));
#6425 = CARTESIAN_POINT('', (9.00000000000001, 0.5353342548847274));
#6426 = CARTESIAN_POINT('', (9.00000000000001, 0.5401569766305726));
#6427 = CARTESIAN_POINT('', (9.000000000000005, 0.5449800098915666));
#6428 = CARTESIAN_POINT('', (9.000000000000005, 0.5498027315853737));
#6429 = CARTESIAN_POINT('', (9.000000000000005, 0.5546254532548136));
#6430 = CARTESIAN_POINT('', (8.999999999999988, 0.5594484862175488));
#6431 = CARTESIAN_POINT('', (8.999999999999988, 0.5642712079638597));
#6432 = CARTESIAN_POINT('', (8.999999999999988, 0.569093929755042));
#6433 = CARTESIAN_POINT('', (8.999999999999996, 0.5739169629840161));
#6434 = CARTESIAN_POINT('', (8.999999999999996, 0.5787396846824793));
#6435 = CARTESIAN_POINT('', (8.999999999999996, 0.5835624063221668));
#6436 = CARTESIAN_POINT('', (9.000000000000012, 0.5883854393182425));
#6437 = CARTESIAN_POINT('', (9.000000000000012, 0.5932081610685904));
#6438 = CARTESIAN_POINT('', (9.000000000000012, 0.5980308828924268));
#6439 = CARTESIAN_POINT('', (9.000000000000004, 0.6028539160637458));
#6440 = CARTESIAN_POINT('', (9.000000000000004, 0.6076766377701582));
#6441 = CARTESIAN_POINT('', (9.000000000000004, 0.6124993593940062));
#6442 = CARTESIAN_POINT('', (8.99999999999999, 0.6173223924481922));
#6443 = CARTESIAN_POINT('', (8.99999999999999, 0.6221451141934158));
#6444 = CARTESIAN_POINT('', (8.99999999999999, 0.6269678360236319));
#6445 = CARTESIAN_POINT('', (9.0, 0.6317908691237413));
#6446 = CARTESIAN_POINT('', (9.0, 0.6366135908351609));
#6447 = CARTESIAN_POINT('', (9.0, 0.641436312459251));
#6448 = CARTESIAN_POINT('', (9.000000000000009, 0.6462593455869257));
#6449 = CARTESIAN_POINT('', (9.000000000000009, 0.6510820673174663));
#6450 = CARTESIAN_POINT('', (9.000000000000009, 0.6559047891280402));
#6451 = CARTESIAN_POINT('', (8.999999999999998, 0.6607278221644467));
#6452 = CARTESIAN_POINT('', (8.999999999999998, 0.6655505438805728));
#6453 = CARTESIAN_POINT('', (8.999999999999998, 0.6703732655223662));
#6454 = CARTESIAN_POINT('', (8.999999999999993, 0.6751962987190261));
#6455 = CARTESIAN_POINT('', (8.999999999999993, 0.6800190204323321));
#6456 = CARTESIAN_POINT('', (8.999999999999993, 0.684841742207256));
#6457 = CARTESIAN_POINT('', (9.0, 0.6896647751950787));
#6458 = CARTESIAN_POINT('', (9.0, 0.6944874969180791));
#6459 = CARTESIAN_POINT('', (9.0, 0.6993102185923266));
#6460 = CARTESIAN_POINT('', (9.000000000000004, 0.7041332518379436));
#6461 = CARTESIAN_POINT('', (9.000000000000004, 0.708955973538519));
#6462 = CARTESIAN_POINT('', (9.000000000000004, 0.7137786952719826));
#6463 = CARTESIAN_POINT('', (8.999999999999996, 0.7186017282327203));
#6464 = CARTESIAN_POINT('', (8.999999999999996, 0.723424449965174));
#6465 = CARTESIAN_POINT('', (8.999999999999996, 0.7282471716839138));
#6466 = CARTESIAN_POINT('', (8.999999999999996, 0.7330702049485399));
#6467 = CARTESIAN_POINT('', (8.999999999999996, 0.7378929266420848));
#6468 = CARTESIAN_POINT('', (8.999999999999996, 0.7427156483323256));
#6469 = CARTESIAN_POINT('', (9.000000000000007, 0.7475386812862992));
#6470 = CARTESIAN_POINT('', (9.000000000000007, 0.7523614030281097));
#6471 = CARTESIAN_POINT('', (9.000000000000007, 0.7571841247937494));
#6472 = CARTESIAN_POINT('', (9.000000000000009, 0.7620071580459109));
#6473 = CARTESIAN_POINT('', (9.000000000000009, 0.7668298797421208));
#6474 = CARTESIAN_POINT('', (9.000000000000009, 0.771652601399383));
#6475 = CARTESIAN_POINT('', (9.000000000000002, 0.7764756343749175));
#6476 = CARTESIAN_POINT('', (9.000000000000002, 0.7812983561236476));
#6477 = CARTESIAN_POINT('', (9.000000000000002, 0.7861210779312585));
#6478 = CARTESIAN_POINT('', (8.999999999999996, 0.7909441111362342));
#6479 = CARTESIAN_POINT('', (8.999999999999996, 0.7957668328363858));
#6480 = CARTESIAN_POINT('', (8.999999999999996, 0.8005895544644713));
#6481 = CARTESIAN_POINT('', (9.0, 0.8054125874799466));
#6482 = CARTESIAN_POINT('', (9.0, 0.8102353092303197));
#6483 = CARTESIAN_POINT('', (9.0, 0.8150580310615181));
#6484 = CARTESIAN_POINT('', (9.000000000000005, 0.8198810642072843));
#6485 = CARTESIAN_POINT('', (9.000000000000005, 0.824703785918868));
#6486 = CARTESIAN_POINT('', (9.000000000000005, 0.8295265075454044));
#6487 = CARTESIAN_POINT('', (9.000000000000009, 0.8343495406328837));
#6488 = CARTESIAN_POINT('', (9.000000000000009, 0.8391722623699908));
#6489 = CARTESIAN_POINT('', (9.000000000000009, 0.8439949841910049));
#6490 = CARTESIAN_POINT('', (8.999999999999998, 0.8488180172547323));
#6491 = CARTESIAN_POINT('', (8.999999999999998, 0.8536407389640069));
#6492 = CARTESIAN_POINT('', (8.999999999999998, 0.8584634605860514));
#6493 = CARTESIAN_POINT('', (8.999999999999996, 0.8632864937420156));
#6494 = CARTESIAN_POINT('', (8.999999999999996, 0.8681092154705411));
#6495 = CARTESIAN_POINT('', (8.999999999999996, 0.8729319372752428));
#6496 = CARTESIAN_POINT('', (9.00000000000001, 0.8777549703017542));
#6497 = CARTESIAN_POINT('', (9.00000000000001, 0.882577692025893));
#6498 = CARTESIAN_POINT('', (9.00000000000001, 0.8874004136904899));
#6499 = CARTESIAN_POINT('', (9.000000000000014, 0.8922234469109831));
#6500 = CARTESIAN_POINT('', (9.000000000000014, 0.8970461686086573));
#6501 = CARTESIAN_POINT('', (9.000000000000014, 0.9018688903511649));
#6502 = CARTESIAN_POINT('', (9.0, 0.9066919233052123));
#6503 = CARTESIAN_POINT('', (9.0, 0.9115146450261032));
#6504 = CARTESIAN_POINT('', (9.0, 0.9163373667054872));
#6505 = CARTESIAN_POINT('', (8.999999999999996, 0.9211603999710466));
#6506 = CARTESIAN_POINT('', (8.999999999999996, 0.9259831216831638));
#6507 = CARTESIAN_POINT('', (8.999999999999996, 0.9308058434243195));
#6508 = CARTESIAN_POINT('', (9.000000000000009, 0.9356288764066423));
#6509 = CARTESIAN_POINT('', (9.000000000000009, 0.9404515981472849));
#6510 = CARTESIAN_POINT('', (9.000000000000009, 0.9452743198972299));
#6511 = CARTESIAN_POINT('', (9.000000000000004, 0.9500973531363959));
#6512 = CARTESIAN_POINT('', (9.000000000000004, 0.9549200748077358));
#6513 = CARTESIAN_POINT('', (9.000000000000004, 0.9597427964413876));
#6514 = CARTESIAN_POINT('', (8.99999999999998, 0.964565829369738));
#6515 = CARTESIAN_POINT('', (8.99999999999998, 0.9693885511200843));
#6516 = CARTESIAN_POINT('', (8.99999999999998, 0.9742112729068916));
#6517 = CARTESIAN_POINT('', (8.999999999999986, 0.9790343061985008));
#6518 = CARTESIAN_POINT('', (8.999999999999986, 0.9838570279277407));
#6519 = CARTESIAN_POINT('', (8.999999999999986, 0.9892378744713795));
#6520 = CARTESIAN_POINT('', (9.000000000000005, 0.9946191534511244));
#6521 = CARTESIAN_POINT('', (9.000000000000005, 1.0));
#6522 = SURFACE_CURVE('', #6523, (#6564, #6771), .CURVE_3D.);
#6523 = (
    BOUNDED_CURVE()
    B_SPLINE_CURVE(3, (#6524, #6525, #6526, #6527, #6528, #6529, #6530, #6531, #6532, #6533, #6534, #6535, #6536, #6537, #6538, #6539, #6540, #6541, #6542, #6543, #6544, #6545, #6546, #6547, #6548, #6549, #6550, #6551, #6552, #6553, #6554, #6555, #6556, #6557, #6558, #6559, #6560, #6561, #6562, #6563), .UNSPECIFIED., .U., .U.)
    B_SPLINE_CURVE_WITH_KNOTS((4, 1, 1, 1, 1, 1, 1, 1, 1, 1, 1, 1, 1, 1, 1, 1, 1, 1, 1, 1, 1, 1, 1, 1, 1, 1, 1, 1, 1, 1, 1, 1, 1, 1, 1, 1, 1, 4), (0.0, 0.027027027027026973, 0.054054054054053946, 0.08108108108108103, 0.10810810810810811, 0.1351351351351351, 0.16216216216216206, 0.18918918918918914, 0.21621621621621623, 0.2432432432432432, 0.2702702702702702, 0.29729729729729726, 0.32432432432432434, 0.3513513513513513, 0.3783783783783783, 0.4054054054054054, 0.43243243243243246, 0.45945945945945943, 0.4864864864864864, 0.5135135135135135, 0.5405405405405406, 0.5675675675675675, 0.5945945945945945, 0.6216216216216216, 0.6486486486486487, 0.6756756756756757, 0.7027027027027026, 0.7297297297297297, 0.7567567567567568, 0.7837837837837838, 0.8108108108108107, 0.8378378378378378, 0.8648648648648649, 0.8918918918918919, 0.9189189189189189, 0.9459459459459459, 0.972972972972973, 1.0), .UNSPECIFIED.)
    CURVE()
    GEOMETRIC_REPRESENTATION_ITEM()
    RATIONAL_B_SPLINE_CURVE((1.0, 1.0, 1.0, 1.0, 1.0, 1.0, 1.0, 1.0, 1.0, 1.0, 1.0, 1.0, 1.0, 1.0, 1.0, 1.0, 1.0, 1.0, 1.0, 1.0, 1.0, 1.0, 1.0, 1.0, 1.0, 1.0, 1.0, 1.0, 1.0, 1.0, 1.0, 1.0, 1.0, 1.0, 1.0, 1.0, 1.0, 1.0, 1.0, 1.0))
    REPRESENTATION_ITEM('')
);
#6524 = CARTESIAN_POINT('', (1.0000000000000002, 0.0, 1.0000000000000002));
#6525 = CARTESIAN_POINT('', (1.0000000000000002, 2.2291110805E-16, 0.9858486817405865));
#6526 = CARTESIAN_POINT('', (1.000000000000005, 6.0086161170E-4, 0.9575460459450745));
#6527 = CARTESIAN_POINT('', (0.9999999999999961, 3.3031561841E-3, 0.9151685964129546));
#6528 = CARTESIAN_POINT('', (1.0000000000000024, 7.8015578851E-3, 0.8729440191387747));
#6529 = CARTESIAN_POINT('', (0.9999999999999968, 0.014087972356769169, 0.8309484051630716));
#6530 = CARTESIAN_POINT('', (1.000000000000003, 0.022151064752840493, 0.7892574336779898));
#6531 = CARTESIAN_POINT('', (0.9999999999999977, 0.03197630814234007, 0.747946234482628));
#6532 = CARTESIAN_POINT('', (1.0000000000000027, 0.043545995058016554, 0.7070892532388812));
#6533 = CARTESIAN_POINT('', (0.9999999999999976, 0.056839277088437994, 0.666760116950839));
#6534 = CARTESIAN_POINT('', (1.000000000000001, 0.07183219833132565, 0.6270315014727152));
#6535 = CARTESIAN_POINT('', (0.9999999999999998, 0.08849774073872597, 0.5879750004178591));
#6536 = CARTESIAN_POINT('', (1.0000000000000009, 0.1068058717678489, 0.549660996256329));
#6537 = CARTESIAN_POINT('', (0.9999999999999997, 0.12672359903693642, 0.5121585334271673));
#6538 = CARTESIAN_POINT('', (1.0000000000000007, 0.14821502941100556, 0.4755351939066439));
#6539 = CARTESIAN_POINT('', (1.000000000000001, 0.17124143388092153, 0.43985697541822816));
#6540 = CARTESIAN_POINT('', (1.0, 0.19576131725617957, 0.40518817249076955));
#6541 = CARTESIAN_POINT('', (0.9999999999999999, 0.2217304931133488, 0.3715912606869137));
#6542 = CARTESIAN_POINT('', (1.0000000000000016, 0.24910216324055112, 0.3391267839186841));
#6543 = CARTESIAN_POINT('', (0.9999999999999983, 0.27782700204140304, 0.3078532453723595));
#6544 = CARTESIAN_POINT('', (1.0000000000000004, 0.3078532453723589, 0.27782700204140237));
#6545 = CARTESIAN_POINT('', (1.0000000000000018, 0.33912678391868534, 0.24910216324055184));
#6546 = CARTESIAN_POINT('', (1.0000000000000013, 0.3715912606869135, 0.22173049311334803));
#6547 = CARTESIAN_POINT('', (0.9999999999999992, 0.40518817249077027, 0.19576131725617948));
#6548 = CARTESIAN_POINT('', (1.0000000000000002, 0.4398569754182275, 0.17124143388092075));
#6549 = CARTESIAN_POINT('', (1.0000000000000007, 0.47553519390664506, 0.14821502941100584));
#6550 = CARTESIAN_POINT('', (0.9999999999999993, 0.5121585334271662, 0.12672359903693567));
#6551 = CARTESIAN_POINT('', (1.000000000000001, 0.5496609962563305, 0.10680587176784899));
#6552 = CARTESIAN_POINT('', (1.0000000000000009, 0.5879750004178579, 0.0884977407387255));
#6553 = CARTESIAN_POINT('', (0.9999999999999983, 0.6270315014727166, 0.07183219833132579));
#6554 = CARTESIAN_POINT('', (1.0000000000000027, 0.6667601169508405, 0.056839277088437765));
#6555 = CARTESIAN_POINT('', (0.9999999999999993, 0.7070892532388805, 0.04354599505801641));
#6556 = CARTESIAN_POINT('', (1.0000000000000004, 0.7479462344826295, 0.0319763081423398));
#6557 = CARTESIAN_POINT('', (1.000000000000001, 0.789257433677989, 0.022151064752840417));
#6558 = CARTESIAN_POINT('', (0.9999999999999978, 0.8309484051630711, 0.014087972356768782));
#6559 = CARTESIAN_POINT('', (1.0000000000000013, 0.8729440191387751, 7.8015578851E-3));
#6560 = CARTESIAN_POINT('', (0.9999999999999991, 0.9151685964129563, 3.3031561841E-3));
#6561 = CARTESIAN_POINT('', (1.0000000000000004, 0.9575460459450705, 6.0086161170E-4));
#6562 = CARTESIAN_POINT('', (1.0000000000000002, 0.9858486817405867, 9.9261673506E-24));
#6563 = CARTESIAN_POINT('', (1.0000000000000002, 1.0000000000000002, 0.0));
#6564 = PCURVE('', #6565, #6766);
#6565 = (
    BOUNDED_SURFACE()
    B_SPLINE_SURFACE(2, 3, ((#6566, #6567, #6568, #6569, #6570, #6571, #6572, #6573, #6574, #6575, #6576, #6577, #6578, #6579, #6580, #6581, #6582, #6583, #6584, #6585, #6586, #6587, #6588, #6589, #6590, #6591, #6592, #6593, #6594, #6595, #6596, #6597, #6598, #6599, #6600, #6601, #6602, #6603, #6604, #6605), (#6606, #6607, #6608, #6609, #6610, #6611, #6612, #6613, #6614, #6615, #6616, #6617, #6618, #6619, #6620, #6621, #6622, #6623, #6624, #6625, #6626, #6627, #6628, #6629, #6630, #6631, #6632, #6633, #6634, #6635, #6636, #6637, #6638, #6639, #6640, #6641, #6642, #6643, #6644, #6645), (#6646, #6647, #6648, #6649, #6650, #6651, #6652, #6653, #6654, #6655, #6656, #6657, #6658, #6659, #6660, #6661, #6662, #6663, #6664, #6665, #6666, #6667, #6668, #6669, #6670, #6671, #6672, #6673, #6674, #6675, #6676, #6677, #6678, #6679, #6680, #6681, #6682, #6683, #6684, #6685), (#6686, #6687, #6688, #6689, #6690, #6691, #6692, #6693, #6694, #6695, #6696, #6697, #6698, #6699, #6700, #6701, #6702, #6703, #6704, #6705, #6706, #6707, #6708, #6709, #6710, #6711, #6712, #6713, #6714, #6715, #6716, #6717, #6718, #6719, #6720, #6721, #6722, #6723, #6724, #6725), (#6726, #6727, #6728, #6729, #6730, #6731, #6732, #6733, #6734, #6735, #6736, #6737, #6738, #6739, #6740, #6741, #6742, #6743, #6744, #6745, #6746, #6747, #6748, #6749, #6750, #6751, #6752, #6753, #6754, #6755, #6756, #6757, #6758, #6759, #6760, #6761, #6762, #6763, #6764, #6765)), .UNSPECIFIED., .U., .U., .U.)
    B_SPLINE_SURFACE_WITH_KNOTS((3, 2, 3), (4, 1, 1, 1, 1, 1, 1, 1, 1, 1, 1, 1, 1, 1, 1, 1, 1, 1, 1, 1, 1, 1, 1, 1, 1, 1, 1, 1, 1, 1, 1, 1, 1, 1, 1, 1, 1, 4), (0.0, 0.5, 1.0), (0.0, 0.027027027027026973, 0.054054054054053946, 0.08108108108108103, 0.10810810810810811, 0.1351351351351351, 0.16216216216216206, 0.18918918918918914, 0.21621621621621623, 0.2432432432432432, 0.2702702702702702, 0.29729729729729726, 0.32432432432432434, 0.3513513513513513, 0.3783783783783783, 0.4054054054054054, 0.43243243243243246, 0.45945945945945943, 0.4864864864864864, 0.5135135135135135, 0.5405405405405406, 0.5675675675675675, 0.5945945945945945, 0.6216216216216216, 0.6486486486486487, 0.6756756756756757, 0.7027027027027026, 0.7297297297297297, 0.7567567567567568, 0.7837837837837838, 0.8108108108108107, 0.8378378378378378, 0.8648648648648649, 0.8918918918918919, 0.9189189189189189, 0.9459459459459459, 0.972972972972973, 1.0), .UNSPECIFIED.)
    GEOMETRIC_REPRESENTATION_ITEM()
    RATIONAL_B_SPLINE_SURFACE(((1.0, 1.0, 1.0, 1.0, 1.0, 1.0, 1.0, 1.0, 1.0, 1.0, 1.0, 1.0, 1.0, 1.0, 1.0, 1.0, 1.0, 1.0, 1.0, 1.0, 1.0, 1.0, 1.0, 1.0, 1.0, 1.0, 1.0, 1.0, 1.0, 1.0, 1.0, 1.0, 1.0, 1.0, 1.0, 1.0, 1.0, 1.0, 1.0, 1.0), (0.9081431750376247, 0.9081431750376247, 0.9081431750376247, 0.9081431750376247, 0.9081431750376247, 0.9081431750376247, 0.9081431750376247, 0.9081431750376247, 0.9081431750376247, 0.9081431750376247, 0.9081431750376247, 0.9081431750376247, 0.9081431750376247, 0.9081431750376247, 0.9081431750376247, 0.9081431750376247, 0.9081431750376247, 0.9081431750376247, 0.9081431750376247, 0.9081431750376247, 0.9081431750376247, 0.9081431750376247, 0.9081431750376247, 0.9081431750376247, 0.9081431750376247, 0.9081431750376247, 0.9081431750376247, 0.9081431750376247, 0.9081431750376247, 0.9081431750376247, 0.9081431750376247, 0.9081431750376247, 0.9081431750376247, 0.9081431750376247, 0.9081431750376247, 0.9081431750376247, 0.9081431750376247, 0.9081431750376247, 0.9081431750376247, 0.9081431750376247), (1.0, 1.0, 1.0, 1.0, 1.0, 1.0, 1.0, 1.0, 1.0, 1.0, 1.0, 1.0, 1.0, 1.0, 1.0, 1.0, 1.0, 1.0, 1.0, 1.0, 1.0, 1.0, 1.0, 1.0, 1.0, 1.0, 1.0, 1.0, 1.0, 1.0, 1.0, 1.0, 1.0, 1.0, 1.0, 1.0, 1.0, 1.0, 1.0, 1.0), (0.9081431750376247, 0.9081431750376247, 0.9081431750376247, 0.9081431750376247, 0.9081431750376247, 0.9081431750376247, 0.9081431750376247, 0.9081431750376247, 0.9081431750376247, 0.9081431750376247, 0.9081431750376247, 0.9081431750376247, 0.9081431750376247, 0.9081431750376247, 0.9081431750376247, 0.9081431750376247, 0.9081431750376247, 0.9081431750376247, 0.9081431750376247, 0.9081431750376247, 0.9081431750376247, 0.9081431750376247, 0.9081431750376247, 0.9081431750376247, 0.9081431750376247, 0.9081431750376247, 0.9081431750376247, 0.9081431750376247, 0.9081431750376247, 0.9081431750376247, 0.9081431750376247, 0.9081431750376247, 0.9081431750376247, 0.9081431750376247, 0.9081431750376247, 0.9081431750376247, 0.9081431750376247, 0.9081431750376247, 0.9081431750376247, 0.9081431750376247), (1.0, 1.0, 1.0, 1.0, 1.0, 1.0, 1.0, 1.0, 1.0, 1.0, 1.0, 1.0, 1.0, 1.0, 1.0, 1.0, 1.0, 1.0, 1.0, 1.0, 1.0, 1.0, 1.0, 1.0, 1.0, 1.0, 1.0, 1.0, 1.0, 1.0, 1.0, 1.0, 1.0, 1.0, 1.0, 1.0, 1.0, 1.0, 1.0, 1.0)))
    REPRESENTATION_ITEM('')
    SURFACE()
);
#6566 = CARTESIAN_POINT('', (1.0000000000000002, 0.0, 1.0000000000000002));
#6567 = CARTESIAN_POINT('', (1.0000000000000002, 2.2291110805E-16, 0.9858486817405865));
#6568 = CARTESIAN_POINT('', (1.000000000000005, 6.0086161170E-4, 0.9575460459450745));
#6569 = CARTESIAN_POINT('', (0.9999999999999961, 3.3031561841E-3, 0.9151685964129546));
#6570 = CARTESIAN_POINT('', (1.0000000000000024, 7.8015578851E-3, 0.8729440191387747));
#6571 = CARTESIAN_POINT('', (0.9999999999999968, 0.014087972356769169, 0.8309484051630716));
#6572 = CARTESIAN_POINT('', (1.000000000000003, 0.022151064752840493, 0.7892574336779898));
#6573 = CARTESIAN_POINT('', (0.9999999999999977, 0.03197630814234007, 0.747946234482628));
#6574 = CARTESIAN_POINT('', (1.0000000000000027, 0.043545995058016554, 0.7070892532388812));
#6575 = CARTESIAN_POINT('', (0.9999999999999976, 0.056839277088437994, 0.666760116950839));
#6576 = CARTESIAN_POINT('', (1.000000000000001, 0.07183219833132565, 0.6270315014727152));
#6577 = CARTESIAN_POINT('', (0.9999999999999998, 0.08849774073872597, 0.5879750004178591));
#6578 = CARTESIAN_POINT('', (1.0000000000000009, 0.1068058717678489, 0.549660996256329));
#6579 = CARTESIAN_POINT('', (0.9999999999999997, 0.12672359903693642, 0.5121585334271673));
#6580 = CARTESIAN_POINT('', (1.0000000000000007, 0.14821502941100556, 0.4755351939066439));
#6581 = CARTESIAN_POINT('', (1.000000000000001, 0.17124143388092153, 0.4398569754182282));
#6582 = CARTESIAN_POINT('', (1.0, 0.19576131725617957, 0.40518817249076955));
#6583 = CARTESIAN_POINT('', (0.9999999999999999, 0.2217304931133488, 0.3715912606869137));
#6584 = CARTESIAN_POINT('', (1.0000000000000016, 0.24910216324055112, 0.3391267839186841));
#6585 = CARTESIAN_POINT('', (0.9999999999999983, 0.27782700204140304, 0.3078532453723595));
#6586 = CARTESIAN_POINT('', (1.0000000000000004, 0.3078532453723589, 0.2778270020414024));
#6587 = CARTESIAN_POINT('', (1.0000000000000018, 0.33912678391868534, 0.2491021632405519));
#6588 = CARTESIAN_POINT('', (1.0000000000000013, 0.3715912606869135, 0.22173049311334803));
#6589 = CARTESIAN_POINT('', (0.9999999999999992, 0.40518817249077027, 0.1957613172561795));
#6590 = CARTESIAN_POINT('', (1.0000000000000002, 0.4398569754182275, 0.17124143388092072));
#6591 = CARTESIAN_POINT('', (1.0000000000000007, 0.47553519390664506, 0.14821502941100584));
#6592 = CARTESIAN_POINT('', (0.9999999999999993, 0.5121585334271662, 0.12672359903693564));
#6593 = CARTESIAN_POINT('', (1.000000000000001, 0.5496609962563305, 0.10680587176784895));
#6594 = CARTESIAN_POINT('', (1.0000000000000009, 0.5879750004178579, 0.08849774073872552));
#6595 = CARTESIAN_POINT('', (0.9999999999999983, 0.6270315014727166, 0.07183219833132581));
#6596 = CARTESIAN_POINT('', (1.0000000000000027, 0.6667601169508405, 0.05683927708843772));
#6597 = CARTESIAN_POINT('', (0.9999999999999993, 0.7070892532388805, 0.043545995058016373));
#6598 = CARTESIAN_POINT('', (1.0000000000000004, 0.7479462344826295, 0.03197630814233976));
#6599 = CARTESIAN_POINT('', (1.000000000000001, 0.789257433677989, 0.022151064752840455));
#6600 = CARTESIAN_POINT('', (0.9999999999999978, 0.8309484051630711, 0.01408797235676873));
#6601 = CARTESIAN_POINT('', (1.0000000000000013, 0.8729440191387751, 7.8015578851E-3));
#6602 = CARTESIAN_POINT('', (0.9999999999999991, 0.9151685964129563, 3.3031561841E-3));
#6603 = CARTESIAN_POINT('', (1.0000000000000004, 0.9575460459450705, 6.0086161170E-4));
#6604 = CARTESIAN_POINT('', (1.0000000000000002, 0.9858486817405867, 0.0));
#6605 = CARTESIAN_POINT('', (1.0000000000000002, 1.0000000000000002, 0.0));
#6606 = CARTESIAN_POINT('', (1.0000000000000002, 0.0, 1.0000000000000002));
#6607 = CARTESIAN_POINT('', (0.9934761529746361, 3.1981891928E-11, 0.9858486817405865));
#6608 = CARTESIAN_POINT('', (0.9804284592573662, 6.0086170765E-4, 0.9575460459464302));
#6609 = CARTESIAN_POINT('', (0.9608921875825452, 3.3031563758E-3, 0.9151685964204216));
#6610 = CARTESIAN_POINT('', (0.9414263909834137, 7.8015581723E-3, 0.8729440191564051));
#6611 = CARTESIAN_POINT('', (0.9220661479098363, 0.014087972738822067, 0.8309484051949116));
#6612 = CARTESIAN_POINT('', (0.9028463469470203, 0.022151065229114072, 0.7892574337280494));
#6613 = CARTESIAN_POINT('', (0.8838016234064641, 0.031976308711976056, 0.747946234554895));
#6614 = CARTESIAN_POINT('', (0.8649662972081441, 0.04354599571998842, 0.707089253337293));
#6615 = CARTESIAN_POINT('', (0.8463743108655788, 0.05683927784155282, 0.6667601170792957));
#6616 = CARTESIAN_POINT('', (0.8280591684062306, 0.07183219917422629, 0.6270315016350541));
#6617 = CARTESIAN_POINT('', (0.8100538749376611, 0.08849774166989344, 0.5879750006178622));
#6618 = CARTESIAN_POINT('', (0.792390877222753, 0.10680587278560519, 0.5496609964977077));
#6619 = CARTESIAN_POINT('', (0.7751020051836328, 0.12672360013944745, 0.5121585337135601));
#6620 = CARTESIAN_POINT('', (0.7582184145378701, 0.14821503059628455, 0.47553519424160634));
#6621 = CARTESIAN_POINT('', (0.7417705306524873, 0.17124143514683252, 0.43985697580522964));
#6622 = CARTESIAN_POINT('', (0.725787993711041, 0.19576131860044127, 0.4051881729331859));
#6623 = CARTESIAN_POINT('', (0.7102996053421906, 0.22173049453353877, 0.37159126118802));
#6624 = CARTESIAN_POINT('', (0.6953332766714677, 0.2491021647341101, 0.33912678448164896));
#6625 = CARTESIAN_POINT('', (0.6809159780369485, 0.2778270036056395, 0.30785324600024333));
#6626 = CARTESIAN_POINT('', (0.6670736903682939, 0.30785324700445404, 0.2778270027371439));
#6627 = CARTESIAN_POINT('', (0.6538313584010716, 0.339126785615698, 0.24910216400697036));
#6628 = CARTESIAN_POINT('', (0.641212845732132, 0.37159126244578555, 0.2217304939531356));
#6629 = CARTESIAN_POINT('', (0.6292408917726997, 0.40518817430833215, 0.19576131817189643));
#6630 = CARTESIAN_POINT('', (0.6179370707937935, 0.4398569772912037, 0.17124143487498789));
#6631 = CARTESIAN_POINT('', (0.6073217530154698, 0.4755351958316604, 0.14821503048570467));
#6632 = CARTESIAN_POINT('', (0.59741406798242, 0.5121585354007517, 0.12672360019440315));
#6633 = CARTESIAN_POINT('', (0.5882318700122786, 0.5496609982749296, 0.10680587301007034));
#6634 = CARTESIAN_POINT('', (0.579791706066784, 0.587975002477833, 0.08849774206753572));
#6635 = CARTESIAN_POINT('', (0.5721087858421394, 0.6270315035703554, 0.07183219974840421));
#6636 = CARTESIAN_POINT('', (0.5651969545301126, 0.666760119082363, 0.05683927859529993));
#6637 = CARTESIAN_POINT('', (0.5590686676213052, 0.7070892554004455, 0.04354599665602309));
#6638 = CARTESIAN_POINT('', (0.5537349689378626, 0.7479462366703418, 0.03197630983268168));
#6639 = CARTESIAN_POINT('', (0.5492054697290232, 0.7892574358879061, 0.022151066536544476));
#6640 = CARTESIAN_POINT('', (0.5454883332489355, 0.8309484073912107, 0.014087974234695011));
#6641 = CARTESIAN_POINT('', (0.542590256504486, 0.8729440213811218, 7.8015598580E-3));
#6642 = CARTESIAN_POINT('', (0.5405164649312547, 0.9151685986654694, 3.3031582523E-3));
#6643 = CARTESIAN_POINT('', (0.539270690079446, 0.9575460482036907, 6.0086377573E-4));
#6644 = CARTESIAN_POINT('', (0.538993689084464, 0.9858486840005648, 2.2279964650E-9));
#6645 = CARTESIAN_POINT('', (0.5389936890844642, 1.0000000022599782, 2.2599780951E-9));
#6646 = CARTESIAN_POINT('', (1.0000000000000002, 0.0, 1.0000000000000002));
#6647 = CARTESIAN_POINT('', (0.9892392532276736, 5.2752324291E-11, 0.9908094539127931));
#6648 = CARTESIAN_POINT('', (0.9677177602340696, 6.0086176996E-4, 0.9724283622103708));
#6649 = CARTESIAN_POINT('', (0.9354936949669904, 3.3031565003E-3, 0.9449064101419469));
#6650 = CARTESIAN_POINT('', (0.9033858746793448, 7.8015583588E-3, 0.9174837406704431));
#6651 = CARTESIAN_POINT('', (0.8714521594519682, 0.014087972986945736, 0.8902097709739571));
#6652 = CARTESIAN_POINT('', (0.8397500961937502, 0.0221510655384292, 0.8631336507563994));
#6653 = CARTESIAN_POINT('', (0.8083368140517967, 0.03197630908192528, 0.8363041729194607));
#6654 = CARTESIAN_POINT('', (0.7772689219512301, 0.04354599614990504, 0.8097696860532102));
#6655 = CARTESIAN_POINT('', (0.7466024063048626, 0.056839278330662074, 0.7835780070720209));
#6656 = CARTESIAN_POINT('', (0.7163925302654915, 0.07183219972164682, 0.7577763351677891));
#6657 = CARTESIAN_POINT('', (0.6866937340434814, 0.08849774227463873, 0.732411166673202));
#6658 = CARTESIAN_POINT('', (0.6575595368886277, 0.10680587344658546, 0.7075282113462686));
#6659 = CARTESIAN_POINT('', (0.629042440603949, 0.12672360085547155, 0.6831723099633576));
#6660 = CARTESIAN_POINT('', (0.6011938349270558, 0.14821503136606218, 0.65938735350722));
#6661 = CARTESIAN_POINT('', (0.5740639049202731, 0.17124143596897642, 0.6362162040707061));
#6662 = CARTESIAN_POINT('', (0.5477015405265802, 0.19576131947347, 0.6137006176102242));
#6663 = CARTESIAN_POINT('', (0.5221542485362074, 0.221730495455879, 0.5918811687581119));
#6664 = CARTESIAN_POINT('', (0.4974680669007302, 0.24910216570409974, 0.5707971776399625));
#6665 = CARTESIAN_POINT('', (0.47368748179169295, 0.27782700462153054, 0.5504866390360046));
#6666 = CARTESIAN_POINT('', (0.4508553474028332, 0.3078532480644158, 0.5309861538856997));
#6667 = CARTESIAN_POINT('', (0.4290128087795725, 0.33912678671782026, 0.5123308633779432));
#6668 = CARTESIAN_POINT('', (0.4081992276851707, 0.37159126358808225, 0.4945543856347491));
#6669 = CARTESIAN_POINT('', (0.3884521115970926, 0.4051881754887448, 0.47768875506842384));
#6670 = CARTESIAN_POINT('', (0.36980704615454996, 0.43985697850760525, 0.46176436468631143));
#6671 = CARTESIAN_POINT('', (0.35229763097724465, 0.47553519708185865, 0.4468099112748383));
#6672 = CARTESIAN_POINT('', (0.3359554192553096, 0.5121585366824939, 0.4328523438044345));
#6673 = CARTESIAN_POINT('', (0.32080986075808005, 0.5496609995859058, 0.4199168147544199));
#6674 = CARTESIAN_POINT('', (0.306888248839264, 0.5879750038156807, 0.4080266348511653));
#6675 = CARTESIAN_POINT('', (0.29421567110252855, 0.6270315049326638, 0.39720323093250326));
#6676 = CARTESIAN_POINT('', (0.2828149644723439, 0.6667601204666771, 0.38746610757459654));
#6677 = CARTESIAN_POINT('', (0.2727066736333197, 0.7070892568042707, 0.3788328115958225));
#6678 = CARTESIAN_POINT('', (0.2639090147962524, 0.7479462380911482, 0.3713189011099869));
#6679 = CARTESIAN_POINT('', (0.2564378412173607, 0.7892574373231334, 0.3649379160770266));
#6680 = CARTESIAN_POINT('', (0.25030661776018015, 0.8309484088382725, 0.3597013565767915));
#6681 = CARTESIAN_POINT('', (0.24552639078953764, 0.8729440228374105, 0.355618657096051));
#6682 = CARTESIAN_POINT('', (0.24210577938985867, 0.9151686001283605, 0.3526971790282711));
#6683 = CARTESIAN_POINT('', (0.24005093855922066, 0.9575460496705481, 0.35094217923830673));
#6684 = CARTESIAN_POINT('', (0.23959403985608085, 0.9858486854683042, 0.35055195094012814));
#6685 = CARTESIAN_POINT('', (0.23959403988040007, 1.0000000037277175, 0.3505519509928803));
#6686 = CARTESIAN_POINT('', (1.0000000000000002, 0.0, 1.0000000000000002));
#6687 = CARTESIAN_POINT('', (0.985002353480711, 7.3522756653E-11, 0.9957702260849995));
#6688 = CARTESIAN_POINT('', (0.9550070612107733, 6.0086183227E-4, 0.9873106784743112));
#6689 = CARTESIAN_POINT('', (0.9100952023514355, 3.3031566248E-3, 0.9746442238634724));
#6690 = CARTESIAN_POINT('', (0.8653453583752759, 7.8015585453E-3, 0.9620234621844813));
#6691 = CARTESIAN_POINT('', (0.8208381709941002, 0.014087973235069405, 0.9494711367530025));
#6692 = CARTESIAN_POINT('', (0.7766538454404803, 0.02215106584774433, 0.9370098677847492));
#6693 = CARTESIAN_POINT('', (0.7328720046971297, 0.0319763094518745, 0.9246621112840262));
#6694 = CARTESIAN_POINT('', (0.6895715466943161, 0.043545996579821666, 0.9124501187691273));
#6695 = CARTESIAN_POINT('', (0.6468305017441465, 0.05683927881977133, 0.9003958970647459));
#6696 = CARTESIAN_POINT('', (0.6047258921247524, 0.07183220026906736, 0.8885211687005241));
#6697 = CARTESIAN_POINT('', (0.5633335931493018, 0.088497742879384, 0.8768473327285419));
#6698 = CARTESIAN_POINT('', (0.5227281965545021, 0.10680587410756573, 0.8653954261948299));
#6699 = CARTESIAN_POINT('', (0.4829828760242654, 0.12672360157149565, 0.854186086213155));
#6700 = CARTESIAN_POINT('', (0.4441692553162414, 0.1482150321358398, 0.8432395127728337));
#6701 = CARTESIAN_POINT('', (0.4063572791880589, 0.17124143679112036, 0.8325754323361824));
#6702 = CARTESIAN_POINT('', (0.36961508734211934, 0.19576132034649874, 0.8222130622872625));
#6703 = CARTESIAN_POINT('', (0.33400889173022413, 0.22173049637821923, 0.8121710763282037));
#6704 = CARTESIAN_POINT('', (0.2996028571299929, 0.24910216667408938, 0.8024675707982759));
#6705 = CARTESIAN_POINT('', (0.2664589855464372, 0.2778270056374216, 0.7931200320717661));
#6706 = CARTESIAN_POINT('', (0.2346370044373724, 0.30785324912437756, 0.7841453050342555));
#6707 = CARTESIAN_POINT('', (0.2041942591580732, 0.33912678781994254, 0.7755595627489161));
#6708 = CARTESIAN_POINT('', (0.17518560963820964, 0.37159126473037907, 0.7673782773163624));
#6709 = CARTESIAN_POINT('', (0.14766333142148552, 0.4051881766691575, 0.7596161919649513));
#6710 = CARTESIAN_POINT('', (0.12167702151530638, 0.4398569797240069, 0.7522872944976351));
#6711 = CARTESIAN_POINT('', (0.09727350893901962, 0.47553519833205693, 0.745404792063972));
#6712 = CARTESIAN_POINT('', (0.07449677052819915, 0.5121585379642359, 0.7389810874144658));
#6713 = CARTESIAN_POINT('', (0.053387851503881464, 0.5496610008968821, 0.7330277564987696));
#6714 = CARTESIAN_POINT('', (0.033984791611744045, 0.5879750051535284, 0.7275555276347948));
#6715 = CARTESIAN_POINT('', (0.016322556362917615, 0.6270315062949723, 0.7225742621166026));
#6716 = CARTESIAN_POINT('', (4.3297441457E-4, 0.6667601218509912, 0.7180929365538931));
#6717 = CARTESIAN_POINT('', (-0.013655320354665892, 0.7070892582080959, 0.7141196265356221));
#6718 = CARTESIAN_POINT('', (-0.02591693934535769, 0.7479462395119547, 0.7106614923872918));
#6719 = CARTESIAN_POINT('', (-0.03632978729430172, 0.7892574387583609, 0.707724765617509));
#6720 = CARTESIAN_POINT('', (-0.04487509772857526, 0.8309484102853344, 0.7053147389188879));
#6721 = CARTESIAN_POINT('', (-0.051537474925410734, 0.8729440242936992, 0.7034357543341314));
#6722 = CARTESIAN_POINT('', (-0.05630490615153761, 0.9151686015912517, 0.7020911998042199));
#6723 = CARTESIAN_POINT('', (-0.05916881296100446, 0.9575460511374055, 0.7012834947008786));
#6724 = CARTESIAN_POINT('', (-0.05980560937230225, 0.9858486869360434, 0.7011038996522597));
#6725 = CARTESIAN_POINT('', (-0.05980560932366413, 1.000000005195457, 0.7011038997257825));
#6726 = CARTESIAN_POINT('', (1.0000000000000002, 0.0, 1.0000000000000002));
#6727 = CARTESIAN_POINT('', (0.9860229079254799, 6.8519721341E-11, 1.002213753739601));
#6728 = CARTESIAN_POINT('', (0.9580687244942552, 6.0086181726E-4, 1.0066412611085558));
#6729 = CARTESIAN_POINT('', (0.9162130116257421, 3.3031565948E-3, 1.013270554284077));
#6730 = CARTESIAN_POINT('', (0.8745082889144541, 7.8015585003E-3, 1.0198759329801388));
#6731 = CARTESIAN_POINT('', (0.833029710594049, 0.014087973175303373, 1.0264454939363783));
#6732 = CARTESIAN_POINT('', (0.7918520241203031, 0.02215106577323897, 1.0329673983196455));
#6733 = CARTESIAN_POINT('', (0.7510494343198748, 0.03197630936276411, 1.039429893240823));
#6734 = CARTESIAN_POINT('', (0.7106954703050568, 0.043545996476266835, 1.0458213328333608));
#6735 = CARTESIAN_POINT('', (0.6708628526093594, 0.05683927870195861, 1.0521301992970242));
#6736 = CARTESIAN_POINT('', (0.6316233623266259, 0.07183220013720915, 1.058345123624135));
#6737 = CARTESIAN_POINT('', (0.5930477116340004, 0.08849774273371783, 1.06445490610679));
#6738 = CARTESIAN_POINT('', (0.555205416476499, 0.10680587394835415, 1.0704485365015908));
#6739 = CARTESIAN_POINT('', (0.5181646712414851, 0.12672360139902555, 1.0763152138792857));
#6740 = CARTESIAN_POINT('', (0.4819922258588729, 0.14821503195042202, 1.0820443660901664));
#6741 = CARTESIAN_POINT('', (0.44675326551053973, 0.171241436593089, 1.0876256688162385));
#6742 = CARTESIAN_POINT('', (0.4125112931528754, 0.1957613201362107, 1.0930490641778112));
#6743 = CARTESIAN_POINT('', (0.37932801517054004, 0.22173049615605342, 1.0983047788441638));
#6744 = CARTESIAN_POINT('', (0.34726323007937665, 0.24910216644044617, 1.103383341661272));
#6745 = CARTESIAN_POINT('', (0.3163747207941884, 0.277827005392722, 1.1082756007149241));
#6746 = CARTESIAN_POINT('', (0.2867181504601365, 0.3078532488690625, 1.1129727398293812));
#6747 = CARTESIAN_POINT('', (0.25834696221629805, 0.3391267875544723, 1.1174662944433011));
#6748 = CARTESIAN_POINT('', (0.2313122829034837, 0.37159126445523183, 1.121748166860902));
#6749 = CARTESIAN_POINT('', (0.20566283083789627, 0.4051881763848292, 1.1258106408591804));
#6750 = CARTESIAN_POINT('', (0.18144482806750606, 0.43985697943100993, 1.1296463955851344));
#6751 = CARTESIAN_POINT('', (0.1587019170072782, 0.47553519803091926, 1.1332485187594592));
#6752 = CARTESIAN_POINT('', (0.13747508197277192, 0.5121585376555002, 1.1366105191043918));
#6753 = CARTESIAN_POINT('', (0.11780257515445147, 0.5496610005811048, 1.1397263380682245));
#6754 = CARTESIAN_POINT('', (0.09971984778292664, 0.5879750048312786, 1.1425903607276768));
#6755 = CARTESIAN_POINT('', (0.0832594860486594, 0.6270315059668304, 1.1451974259372013));
#6756 = CARTESIAN_POINT('', (0.06845115274365321, 0.6667601215175488, 1.1475428355720263));
#6757 = CARTESIAN_POINT('', (0.05532153327850442, 0.7070892578699539, 1.149622363078251));
#6758 = CARTESIAN_POINT('', (0.04389428861821143, 0.7479462391697224, 1.151432260927028));
#6759 = CARTESIAN_POINT('', (0.034190010495286915, 0.7892574384126548, 1.1529692677081549));
#6760 = CARTESIAN_POINT('', (0.026226188368286163, 0.8309484099367778, 1.154230613363311));
#6761 = CARTESIAN_POINT('', (0.020017170317192967, 0.8729440239429201, 1.1552140253796062));
#6762 = CARTESIAN_POINT('', (0.015574151636952749, 0.9151686012388823, 1.1559177305962272));
#6763 = CARTESIAN_POINT('', (0.012905127030327201, 0.9575460507840808, 1.1563404627763012));
#6764 = CARTESIAN_POINT('', (0.012311663181501342, 0.9858486865825062, 1.156434458371255));
#6765 = CARTESIAN_POINT('', (0.01231166326172739, 1.0000000048419198, 1.1564344584397745));
#6766 = DEFINITIONAL_REPRESENTATION('', (#6768), #6767);
#6767 = (
    GEOMETRIC_REPRESENTATION_CONTEXT(2)
    PARAMETRIC_REPRESENTATION_CONTEXT()
    REPRESENTATION_CONTEXT('2D SPACE', '')
);
#6768 = (
    BOUNDED_CURVE()
    B_SPLINE_CURVE(1, (#6769, #6770), .UNSPECIFIED., .U., .U.)
    B_SPLINE_CURVE_WITH_KNOTS((2, 2), (0.0, 1.0), .UNSPECIFIED.)
    CURVE()
    GEOMETRIC_REPRESENTATION_ITEM()
    RATIONAL_B_SPLINE_CURVE((1.0, 1.0))
    REPRESENTATION_ITEM('')
);
#6769 = CARTESIAN_POINT('', (0.0, 0.0));
#6770 = CARTESIAN_POINT('', (0.0, 1.0));
#6771 = PCURVE('', #6772, #7093);
#6772 = (
    BOUNDED_SURFACE()
    B_SPLINE_SURFACE(3, 3, ((#6773, #6774, #6775, #6776, #6777, #6778, #6779, #6780, #6781, #6782, #6783, #6784, #6785, #6786, #6787, #6788, #6789, #6790, #6791, #6792, #6793, #6794, #6795, #6796, #6797, #6798, #6799, #6800, #6801, #6802, #6803, #6804, #6805, #6806, #6807, #6808, #6809, #6810, #6811, #6812), (#6813, #6814, #6815, #6816, #6817, #6818, #6819, #6820, #6821, #6822, #6823, #6824, #6825, #6826, #6827, #6828, #6829, #6830, #6831, #6832, #6833, #6834, #6835, #6836, #6837, #6838, #6839, #6840, #6841, #6842, #6843, #6844, #6845, #6846, #6847, #6848, #6849, #6850, #6851, #6852), (#6853, #6854, #6855, #6856, #6857, #6858, #6859, #6860, #6861, #6862, #6863, #6864, #6865, #6866, #6867, #6868, #6869, #6870, #6871, #6872, #6873, #6874, #6875, #6876, #6877, #6878, #6879, #6880, #6881, #6882, #6883, #6884, #6885, #6886, #6887, #6888, #6889, #6890, #6891, #6892), (#6893, #6894, #6895, #6896, #6897, #6898, #6899, #6900, #6901, #6902, #6903, #6904, #6905, #6906, #6907, #6908, #6909, #6910, #6911, #6912, #6913, #6914, #6915, #6916, #6917, #6918, #6919, #6920, #6921, #6922, #6923, #6924, #6925, #6926, #6927, #6928, #6929, #6930, #6931, #6932), (#6933, #6934, #6935, #6936, #6937, #6938, #6939, #6940, #6941, #6942, #6943, #6944, #6945, #6946, #6947, #6948, #6949, #6950, #6951, #6952, #6953, #6954, #6955, #6956, #6957, #6958, #6959, #6960, #6961, #6962, #6963, #6964, #6965, #6966, #6967, #6968, #6969, #6970, #6971, #6972), (#6973, #6974, #6975, #6976, #6977, #6978, #6979, #6980, #6981, #6982, #6983, #6984, #6985, #6986, #6987, #6988, #6989, #6990, #6991, #6992, #6993, #6994, #6995, #6996, #6997, #6998, #6999, #7000, #7001, #7002, #7003, #7004, #7005, #7006, #7007, #7008, #7009, #7010, #7011, #7012), (#7013, #7014, #7015, #7016, #7017, #7018, #7019, #7020, #7021, #7022, #7023, #7024, #7025, #7026, #7027, #7028, #7029, #7030, #7031, #7032, #7033, #7034, #7035, #7036, #7037, #7038, #7039, #7040, #7041, #7042, #7043, #7044, #7045, #7046, #7047, #7048, #7049, #7050, #7051, #7052), (#7053, #7054, #7055, #7056, #7057, #7058, #7059, #7060, #7061, #7062, #7063, #7064, #7065, #7066, #7067, #7068, #7069, #7070, #7071, #7072, #7073, #7074, #7075, #7076, #7077, #7078, #7079, #7080, #7081, #7082, #7083, #7084, #7085, #7086, #7087, #7088, #7089, #7090, #7091, #7092)), .UNSPECIFIED., .U., .U., .U.)
    B_SPLINE_SURFACE_WITH_KNOTS((4, 1, 3, 4), (4, 1, 1, 1, 1, 1, 1, 1, 1, 1, 1, 1, 1, 1, 1, 1, 1, 1, 1, 1, 1, 1, 1, 1, 1, 1, 1, 1, 1, 1, 1, 1, 1, 1, 1, 1, 1, 4), (0.0, 4.500000000000002, 9.000000000000004, 9.000100000000003), (0.0, 0.02702702702702703, 0.05405405405405406, 0.08108108108108109, 0.10810810810810811, 0.13513513513513514, 0.16216216216216217, 0.1891891891891892, 0.21621621621621623, 0.24324324324324326, 0.2702702702702703, 0.2972972972972973, 0.32432432432432434, 0.35135135135135137, 0.3783783783783784, 0.40540540540540543, 0.43243243243243246, 0.4594594594594595, 0.4864864864864865, 0.5135135135135136, 0.5405405405405406, 0.5675675675675675, 0.5945945945945946, 0.6216216216216217, 0.6486486486486487, 0.6756756756756757, 0.7027027027027027, 0.7297297297297298, 0.7567567567567568, 0.7837837837837838, 0.8108108108108109, 0.8378378378378379, 0.8648648648648649, 0.8918918918918919, 0.918918918918919, 0.945945945945946, 0.972972972972973, 1.0), .UNSPECIFIED.)
    GEOMETRIC_REPRESENTATION_ITEM()
    RATIONAL_B_SPLINE_SURFACE(((1.0, 1.0, 1.0, 1.0, 1.0, 1.0, 1.0, 1.0, 1.0, 1.0, 1.0, 1.0, 1.0, 1.0, 1.0, 1.0, 1.0, 1.0, 1.0, 1.0, 1.0, 1.0, 1.0, 1.0, 1.0, 1.0, 1.0, 1.0, 1.0, 1.0, 1.0, 1.0, 1.0, 1.0, 1.0, 1.0, 1.0, 1.0, 1.0, 1.0), (1.0, 1.0, 1.0, 1.0, 1.0, 1.0, 1.0, 1.0, 1.0, 1.0, 1.0, 1.0, 1.0, 1.0, 1.0, 1.0, 1.0, 1.0, 1.0, 1.0, 1.0, 1.0, 1.0, 1.0, 1.0, 1.0, 1.0, 1.0, 1.0, 1.0, 1.0, 1.0, 1.0, 1.0, 1.0, 1.0, 1.0, 1.0, 1.0, 1.0), (1.0, 1.0, 1.0, 1.0, 1.0, 1.0, 1.0, 1.0, 1.0, 1.0, 1.0, 1.0, 1.0, 1.0, 1.0, 1.0, 1.0, 1.0, 1.0, 1.0, 1.0, 1.0, 1.0, 1.0, 1.0, 1.0, 1.0, 1.0, 1.0, 1.0, 1.0, 1.0, 1.0, 1.0, 1.0, 1.0, 1.0, 1.0, 1.0, 1.0), (1.0, 1.0, 1.0, 1.0, 1.0, 1.0, 1.0, 1.0, 1.0, 1.0, 1.0, 1.0, 1.0, 1.0, 1.0, 1.0, 1.0, 1.0, 1.0, 1.0, 1.0, 1.0, 1.0, 1.0, 1.0, 1.0, 1.0, 1.0, 1.0, 1.0, 1.0, 1.0, 1.0, 1.0, 1.0, 1.0, 1.0, 1.0, 1.0, 1.0), (1.0, 1.0, 1.0, 1.0, 1.0, 1.0, 1.0, 1.0, 1.0, 1.0, 1.0, 1.0, 1.0, 1.0, 1.0, 1.0, 1.0, 1.0, 1.0, 1.0, 1.0, 1.0, 1.0, 1.0, 1.0, 1.0, 1.0, 1.0, 1.0, 1.0, 1.0, 1.0, 1.0, 1.0, 1.0, 1.0, 1.0, 1.0, 1.0, 1.0), (1.0, 1.0, 1.0, 1.0, 1.0, 1.0, 1.0, 1.0, 1.0, 1.0, 1.0, 1.0, 1.0, 1.0, 1.0, 1.0, 1.0, 1.0, 1.0, 1.0, 1.0, 1.0, 1.0, 1.0, 1.0, 1.0, 1.0, 1.0, 1.0, 1.0, 1.0, 1.0, 1.0, 1.0, 1.0, 1.0, 1.0, 1.0, 1.0, 1.0), (1.0, 1.0, 1.0, 1.0, 1.0, 1.0, 1.0, 1.0, 1.0, 1.0, 1.0, 1.0, 1.0, 1.0, 1.0, 1.0, 1.0, 1.0, 1.0, 1.0, 1.0, 1.0, 1.0, 1.0, 1.0, 1.0, 1.0, 1.0, 1.0, 1.0, 1.0, 1.0, 1.0, 1.0, 1.0, 1.0, 1.0, 1.0, 1.0, 1.0), (1.0, 1.0, 1.0, 1.0, 1.0, 1.0, 1.0, 1.0, 1.0, 1.0, 1.0, 1.0, 1.0, 1.0, 1.0, 1.0, 1.0, 1.0, 1.0, 1.0, 1.0, 1.0, 1.0, 1.0, 1.0, 1.0, 1.0, 1.0, 1.0, 1.0, 1.0, 1.0, 1.0, 1.0, 1.0, 1.0, 1.0, 1.0, 1.0, 1.0)))
    REPRESENTATION_ITEM('')
    SURFACE()
);
#6773 = CARTESIAN_POINT('', (1.0000000000000002, 1.0000000000000002, 0.0));
#6774 = CARTESIAN_POINT('', (1.0000000000000002, 0.9858486817405867, 9.9261673506E-24));
#6775 = CARTESIAN_POINT('', (1.0000000000000004, 0.9575460459450705, 6.0086161170E-4));
#6776 = CARTESIAN_POINT('', (0.9999999999999991, 0.9151685964129563, 3.3031561841E-3));
#6777 = CARTESIAN_POINT('', (1.0000000000000013, 0.8729440191387751, 7.8015578851E-3));
#6778 = CARTESIAN_POINT('', (0.9999999999999978, 0.8309484051630711, 0.014087972356768782));
#6779 = CARTESIAN_POINT('', (1.000000000000001, 0.789257433677989, 0.022151064752840417));
#6780 = CARTESIAN_POINT('', (1.0000000000000004, 0.7479462344826295, 0.0319763081423398));
#6781 = CARTESIAN_POINT('', (0.9999999999999993, 0.7070892532388805, 0.04354599505801641));
#6782 = CARTESIAN_POINT('', (1.0000000000000027, 0.6667601169508405, 0.056839277088437765));
#6783 = CARTESIAN_POINT('', (0.9999999999999983, 0.6270315014727166, 0.07183219833132579));
#6784 = CARTESIAN_POINT('', (1.0000000000000009, 0.5879750004178579, 0.0884977407387255));
#6785 = CARTESIAN_POINT('', (1.000000000000001, 0.5496609962563305, 0.10680587176784899));
#6786 = CARTESIAN_POINT('', (0.9999999999999993, 0.5121585334271662, 0.12672359903693567));
#6787 = CARTESIAN_POINT('', (1.0000000000000007, 0.47553519390664506, 0.14821502941100584));
#6788 = CARTESIAN_POINT('', (1.0000000000000002, 0.4398569754182275, 0.17124143388092075));
#6789 = CARTESIAN_POINT('', (0.9999999999999992, 0.40518817249077027, 0.19576131725617948));
#6790 = CARTESIAN_POINT('', (1.0000000000000013, 0.3715912606869135, 0.22173049311334803));
#6791 = CARTESIAN_POINT('', (1.0000000000000018, 0.33912678391868534, 0.24910216324055184));
#6792 = CARTESIAN_POINT('', (1.0000000000000004, 0.3078532453723589, 0.27782700204140237));
#6793 = CARTESIAN_POINT('', (0.9999999999999983, 0.27782700204140304, 0.3078532453723595));
#6794 = CARTESIAN_POINT('', (1.0000000000000016, 0.24910216324055112, 0.3391267839186841));
#6795 = CARTESIAN_POINT('', (0.9999999999999999, 0.2217304931133488, 0.3715912606869137));
#6796 = CARTESIAN_POINT('', (1.0, 0.19576131725617957, 0.40518817249076955));
#6797 = CARTESIAN_POINT('', (1.000000000000001, 0.17124143388092153, 0.43985697541822816));
#6798 = CARTESIAN_POINT('', (1.0000000000000007, 0.14821502941100556, 0.4755351939066439));
#6799 = CARTESIAN_POINT('', (0.9999999999999997, 0.12672359903693642, 0.5121585334271673));
#6800 = CARTESIAN_POINT('', (1.0000000000000009, 0.1068058717678489, 0.549660996256329));
#6801 = CARTESIAN_POINT('', (0.9999999999999998, 0.08849774073872597, 0.5879750004178591));
#6802 = CARTESIAN_POINT('', (1.000000000000001, 0.07183219833132565, 0.6270315014727152));
#6803 = CARTESIAN_POINT('', (0.9999999999999976, 0.056839277088437994, 0.666760116950839));
#6804 = CARTESIAN_POINT('', (1.0000000000000027, 0.043545995058016554, 0.7070892532388812));
#6805 = CARTESIAN_POINT('', (0.9999999999999977, 0.03197630814234007, 0.747946234482628));
#6806 = CARTESIAN_POINT('', (1.000000000000003, 0.022151064752840493, 0.7892574336779898));
#6807 = CARTESIAN_POINT('', (0.9999999999999968, 0.014087972356769169, 0.8309484051630716));
#6808 = CARTESIAN_POINT('', (1.0000000000000024, 7.8015578851E-3, 0.8729440191387747));
#6809 = CARTESIAN_POINT('', (0.9999999999999961, 3.3031561841E-3, 0.9151685964129546));
#6810 = CARTESIAN_POINT('', (1.000000000000005, 6.0086161170E-4, 0.9575460459450745));
#6811 = CARTESIAN_POINT('', (1.0000000000000002, 2.2291110805E-16, 0.9858486817405865));
#6812 = CARTESIAN_POINT('', (1.0000000000000002, 0.0, 1.0000000000000002));
#6813 = CARTESIAN_POINT('', (2.500000000000001, 1.0000000000000002, 0.0));
#6814 = CARTESIAN_POINT('', (2.500000000000001, 0.9858486817405869, 9.9261673506E-24));
#6815 = CARTESIAN_POINT('', (2.4999999999999947, 0.9575460459450713, 6.0086161170E-4));
#6816 = CARTESIAN_POINT('', (2.500000000000008, 0.9151685964129563, 3.3031561841E-3));
#6817 = CARTESIAN_POINT('', (2.4999999999999996, 0.8729440191387752, 7.8015578851E-3));
#6818 = CARTESIAN_POINT('', (2.499999999999999, 0.8309484051630714, 0.014087972356768784));
#6819 = CARTESIAN_POINT('', (2.5000000000000053, 0.7892574336779891, 0.02215106475284042));
#6820 = CARTESIAN_POINT('', (2.500000000000001, 0.7479462344826296, 0.03197630814233981));
#6821 = CARTESIAN_POINT('', (2.5000000000000044, 0.7070892532388806, 0.043545995058016415));
#6822 = CARTESIAN_POINT('', (2.4999999999999956, 0.6667601169508408, 0.05683927708843778));
#6823 = CARTESIAN_POINT('', (2.5000000000000058, 0.6270315014727167, 0.0718321983313258));
#6824 = CARTESIAN_POINT('', (2.4999999999999942, 0.5879750004178579, 0.08849774073872552));
#6825 = CARTESIAN_POINT('', (2.5000000000000147, 0.5496609962563308, 0.106805871767849));
#6826 = CARTESIAN_POINT('', (2.4999999999999942, 0.5121585334271661, 0.1267235990369357));
#6827 = CARTESIAN_POINT('', (2.500000000000003, 0.4755351939066452, 0.14821502941100587));
#6828 = CARTESIAN_POINT('', (2.4999999999999933, 0.4398569754182274, 0.17124143388092078));
#6829 = CARTESIAN_POINT('', (2.5000000000000044, 0.40518817249077066, 0.1957613172561795));
#6830 = CARTESIAN_POINT('', (2.499999999999996, 0.37159126068691345, 0.22173049311334805));
#6831 = CARTESIAN_POINT('', (2.5000000000000107, 0.33912678391868545, 0.24910216324055187));
#6832 = CARTESIAN_POINT('', (2.500000000000009, 0.307853245372359, 0.2778270020414024));
#6833 = CARTESIAN_POINT('', (2.49999999999999, 0.2778270020414031, 0.3078532453723596));
#6834 = CARTESIAN_POINT('', (2.5000000000000098, 0.24910216324055123, 0.33912678391868417));
#6835 = CARTESIAN_POINT('', (2.4999999999999907, 0.22173049311334886, 0.3715912606869138));
#6836 = CARTESIAN_POINT('', (2.500000000000004, 0.19576131725617946, 0.40518817249076966));
#6837 = CARTESIAN_POINT('', (2.5000000000000013, 0.17124143388092172, 0.4398569754182282));
#6838 = CARTESIAN_POINT('', (2.5000000000000013, 0.1482150294110055, 0.475535193906644));
#6839 = CARTESIAN_POINT('', (2.4999999999999973, 0.12672359903693653, 0.5121585334271674));
#6840 = CARTESIAN_POINT('', (2.500000000000003, 0.10680587176784888, 0.549660996256329));
#6841 = CARTESIAN_POINT('', (2.500000000000001, 0.08849774073872603, 0.5879750004178592));
#6842 = CARTESIAN_POINT('', (2.5000000000000013, 0.07183219833132569, 0.6270315014727154));
#6843 = CARTESIAN_POINT('', (2.4999999999999987, 0.056839277088438014, 0.6667601169508391));
#6844 = CARTESIAN_POINT('', (2.499999999999994, 0.04354599505801664, 0.7070892532388813));
#6845 = CARTESIAN_POINT('', (2.500000000000009, 0.03197630814234009, 0.7479462344826282));
#6846 = CARTESIAN_POINT('', (2.499999999999993, 0.02215106475284053, 0.7892574336779901));
#6847 = CARTESIAN_POINT('', (2.5000000000000138, 0.014087972356769198, 0.8309484051630717));
#6848 = CARTESIAN_POINT('', (2.499999999999987, 7.8015578851E-3, 0.872944019138775));
#6849 = CARTESIAN_POINT('', (2.5000000000000098, 3.3031561841E-3, 0.9151685964129547));
#6850 = CARTESIAN_POINT('', (2.4999999999999987, 6.0086161170E-4, 0.9575460459450746));
#6851 = CARTESIAN_POINT('', (2.5000000000000004, 2.5037451630E-16, 0.9858486817405867));
#6852 = CARTESIAN_POINT('', (2.500000000000001, 0.0, 1.0000000000000002));
#6853 = CARTESIAN_POINT('', (5.5, 1.0, 0.0));
#6854 = CARTESIAN_POINT('', (5.500000000000002, 0.9858486817405869, 9.9261673506E-24));
#6855 = CARTESIAN_POINT('', (5.499999999999989, 0.9575460459450721, 6.0086161170E-4));
#6856 = CARTESIAN_POINT('', (5.500000000000005, 0.9151685964129557, 3.3031561841E-3));
#6857 = CARTESIAN_POINT('', (5.500000000000005, 0.8729440191387753, 7.8015578851E-3));
#6858 = CARTESIAN_POINT('', (5.499999999999991, 0.8309484051630713, 0.014087972356768785));
#6859 = CARTESIAN_POINT('', (5.500000000000009, 0.7892574336779891, 0.022151064752840427));
#6860 = CARTESIAN_POINT('', (5.499999999999998, 0.7479462344826293, 0.031976308142339815));
#6861 = CARTESIAN_POINT('', (5.500000000000009, 0.7070892532388802, 0.04354599505801643));
#6862 = CARTESIAN_POINT('', (5.500000000000001, 0.666760116950841, 0.05683927708843779));
#6863 = CARTESIAN_POINT('', (5.500000000000007, 0.6270315014727164, 0.07183219833132581));
#6864 = CARTESIAN_POINT('', (5.499999999999996, 0.5879750004178577, 0.08849774073872554));
#6865 = CARTESIAN_POINT('', (5.500000000000018, 0.5496609962563307, 0.10680587176784903));
#6866 = CARTESIAN_POINT('', (5.499999999999998, 0.5121585334271657, 0.12672359903693572));
#6867 = CARTESIAN_POINT('', (5.499999999999998, 0.4755351939066451, 0.1482150294110059));
#6868 = CARTESIAN_POINT('', (5.4999999999999964, 0.439856975418227, 0.17124143388092083));
#6869 = CARTESIAN_POINT('', (5.5, 0.40518817249077077, 0.19576131725617957));
#6870 = CARTESIAN_POINT('', (5.499999999999995, 0.37159126068691295, 0.22173049311334808));
#6871 = CARTESIAN_POINT('', (5.500000000000023, 0.3391267839186853, 0.2491021632405519));
#6872 = CARTESIAN_POINT('', (5.4999999999999964, 0.3078532453723587, 0.2778270020414025));
#6873 = CARTESIAN_POINT('', (5.500000000000002, 0.27782700204140287, 0.30785324537235964));
#6874 = CARTESIAN_POINT('', (5.4999999999999964, 0.24910216324055112, 0.3391267839186842));
#6875 = CARTESIAN_POINT('', (5.5000000000000036, 0.22173049311334858, 0.37159126068691384));
#6876 = CARTESIAN_POINT('', (5.499999999999993, 0.19576131725617907, 0.40518817249076977));
#6877 = CARTESIAN_POINT('', (5.500000000000011, 0.17124143388092153, 0.4398569754182283));
#6878 = CARTESIAN_POINT('', (5.499999999999995, 0.14821502941100523, 0.4755351939066441));
#6879 = CARTESIAN_POINT('', (5.500000000000006, 0.1267235990369363, 0.5121585334271676));
#6880 = CARTESIAN_POINT('', (5.499999999999997, 0.10680587176784853, 0.5496609962563292));
#6881 = CARTESIAN_POINT('', (5.500000000000011, 0.08849774073872577, 0.5879750004178592));
#6882 = CARTESIAN_POINT('', (5.4999999999999964, 0.07183219833132543, 0.6270315014727155));
#6883 = CARTESIAN_POINT('', (5.5000000000000036, 0.056839277088437716, 0.6667601169508393));
#6884 = CARTESIAN_POINT('', (5.499999999999991, 0.04354599505801641, 0.7070892532388815));
#6885 = CARTESIAN_POINT('', (5.50000000000001, 0.03197630814233979, 0.7479462344826283));
#6886 = CARTESIAN_POINT('', (5.4999999999999964, 0.022151064752840247, 0.7892574336779902));
#6887 = CARTESIAN_POINT('', (5.500000000000009, 0.01408797235676892, 0.8309484051630718));
#6888 = CARTESIAN_POINT('', (5.499999999999995, 7.8015578851E-3, 0.8729440191387752));
#6889 = CARTESIAN_POINT('', (5.500000000000003, 3.3031561841E-3, 0.9151685964129548));
#6890 = CARTESIAN_POINT('', (5.500000000000011, 6.0086161170E-4, 0.9575460459450749));
#6891 = CARTESIAN_POINT('', (5.500000000000002, -3.6140938750E-17, 0.9858486817405869));
#6892 = CARTESIAN_POINT('', (5.5, 0.0, 1.0));
#6893 = CARTESIAN_POINT('', (8.5, 1.0, 0.0));
#6894 = CARTESIAN_POINT('', (8.500000000000002, 0.9858486817405867, 9.9261673506E-24));
#6895 = CARTESIAN_POINT('', (8.499999999999991, 0.957546045945072, 6.0086161170E-4));
#6896 = CARTESIAN_POINT('', (8.49999999999999, 0.9151685964129554, 3.3031561841E-3));
#6897 = CARTESIAN_POINT('', (8.500000000000018, 0.8729440191387752, 7.8015578851E-3));
#6898 = CARTESIAN_POINT('', (8.499999999999975, 0.8309484051630711, 0.014087972356768787));
#6899 = CARTESIAN_POINT('', (8.500000000000012, 0.789257433677989, 0.022151064752840427));
#6900 = CARTESIAN_POINT('', (8.499999999999993, 0.7479462344826291, 0.03197630814233981));
#6901 = CARTESIAN_POINT('', (8.50000000000001, 0.70708925323888, 0.04354599505801642));
#6902 = CARTESIAN_POINT('', (8.500000000000016, 0.6667601169508408, 0.05683927708843778));
#6903 = CARTESIAN_POINT('', (8.500000000000002, 0.6270315014727161, 0.07183219833132581));
#6904 = CARTESIAN_POINT('', (8.500000000000004, 0.5879750004178577, 0.08849774073872553));
#6905 = CARTESIAN_POINT('', (8.500000000000005, 0.5496609962563305, 0.10680587176784903));
#6906 = CARTESIAN_POINT('', (8.500000000000005, 0.5121585334271656, 0.12672359903693572));
#6907 = CARTESIAN_POINT('', (8.499999999999995, 0.47553519390664495, 0.1482150294110059));
#6908 = CARTESIAN_POINT('', (8.500000000000005, 0.4398569754182269, 0.17124143388092083));
#6909 = CARTESIAN_POINT('', (8.49999999999999, 0.40518817249077066, 0.19576131725617957));
#6910 = CARTESIAN_POINT('', (8.499999999999996, 0.3715912606869128, 0.2217304931133481));
#6911 = CARTESIAN_POINT('', (8.500000000000032, 0.3391267839186851, 0.24910216324055193));
#6912 = CARTESIAN_POINT('', (8.49999999999997, 0.3078532453723586, 0.2778270020414025));
#6913 = CARTESIAN_POINT('', (8.500000000000028, 0.27782700204140265, 0.3078532453723596));
#6914 = CARTESIAN_POINT('', (8.499999999999972, 0.249102163240551, 0.3391267839186842));
#6915 = CARTESIAN_POINT('', (8.500000000000032, 0.22173049311334841, 0.37159126068691384));
#6916 = CARTESIAN_POINT('', (8.499999999999973, 0.19576131725617896, 0.40518817249076966));
#6917 = CARTESIAN_POINT('', (8.500000000000025, 0.17124143388092133, 0.4398569754182283));
#6918 = CARTESIAN_POINT('', (8.499999999999986, 0.14821502941100512, 0.475535193906644));
#6919 = CARTESIAN_POINT('', (8.50000000000002, 0.12672359903693614, 0.5121585334271676));
#6920 = CARTESIAN_POINT('', (8.49999999999999, 0.10680587176784839, 0.5496609962563292));
#6921 = CARTESIAN_POINT('', (8.50000000000002, 0.08849774073872563, 0.5879750004178593));
#6922 = CARTESIAN_POINT('', (8.49999999999999, 0.07183219833132529, 0.6270315014727155));
#6923 = CARTESIAN_POINT('', (8.500000000000005, 0.05683927708843757, 0.6667601169508393));
#6924 = CARTESIAN_POINT('', (8.500000000000004, 0.04354599505801626, 0.7070892532388815));
#6925 = CARTESIAN_POINT('', (8.499999999999991, 0.03197630814233964, 0.7479462344826283));
#6926 = CARTESIAN_POINT('', (8.500000000000018, 0.022151064752840108, 0.7892574336779901));
#6927 = CARTESIAN_POINT('', (8.499999999999977, 0.014087972356768782, 0.8309484051630718));
#6928 = CARTESIAN_POINT('', (8.500000000000025, 7.8015578851E-3, 0.872944019138775));
#6929 = CARTESIAN_POINT('', (8.499999999999975, 3.3031561841E-3, 0.9151685964129548));
#6930 = CARTESIAN_POINT('', (8.500000000000039, 6.0086161170E-4, 0.957546045945075));
#6931 = CARTESIAN_POINT('', (8.500000000000004, -1.7462665277E-16, 0.9858486817405868));
#6932 = CARTESIAN_POINT('', (8.5, 0.0, 1.0));
#6933 = CARTESIAN_POINT('', (10.0, 1.0, 0.0));
#6934 = CARTESIAN_POINT('', (10.000000000000004, 0.9858486817405868, 9.9261673506E-24));
#6935 = CARTESIAN_POINT('', (9.999999999999991, 0.9575460459450719, 6.0086161170E-4));
#6936 = CARTESIAN_POINT('', (9.999999999999984, 0.9151685964129558, 3.3031561841E-3));
#6937 = CARTESIAN_POINT('', (10.000000000000023, 0.8729440191387753, 7.8015578851E-3));
#6938 = CARTESIAN_POINT('', (9.999999999999968, 0.8309484051630714, 0.014087972356768787));
#6939 = CARTESIAN_POINT('', (10.000000000000016, 0.7892574336779891, 0.022151064752840427));
#6940 = CARTESIAN_POINT('', (9.999999999999991, 0.7479462344826293, 0.03197630814233981));
#6941 = CARTESIAN_POINT('', (10.000000000000012, 0.7070892532388802, 0.04354599505801642));
#6942 = CARTESIAN_POINT('', (10.00000000000002, 0.6667601169508409, 0.05683927708843778));
#6943 = CARTESIAN_POINT('', (10.000000000000002, 0.6270315014727165, 0.07183219833132581));
#6944 = CARTESIAN_POINT('', (10.000000000000002, 0.5879750004178578, 0.08849774073872553));
#6945 = CARTESIAN_POINT('', (10.000000000000005, 0.5496609962563306, 0.10680587176784903));
#6946 = CARTESIAN_POINT('', (10.000000000000005, 0.5121585334271658, 0.12672359903693572));
#6947 = CARTESIAN_POINT('', (9.999999999999996, 0.47553519390664506, 0.1482150294110059));
#6948 = CARTESIAN_POINT('', (10.000000000000005, 0.4398569754182271, 0.17124143388092083));
#6949 = CARTESIAN_POINT('', (9.99999999999999, 0.4051881724907707, 0.19576131725617957));
#6950 = CARTESIAN_POINT('', (9.999999999999995, 0.371591260686913, 0.2217304931133481));
#6951 = CARTESIAN_POINT('', (10.000000000000039, 0.3391267839186852, 0.24910216324055193));
#6952 = CARTESIAN_POINT('', (9.999999999999964, 0.3078532453723587, 0.2778270020414025));
#6953 = CARTESIAN_POINT('', (10.000000000000032, 0.27782700204140287, 0.3078532453723596));
#6954 = CARTESIAN_POINT('', (9.999999999999968, 0.24910216324055115, 0.3391267839186842));
#6955 = CARTESIAN_POINT('', (10.000000000000039, 0.2217304931133486, 0.37159126068691384));
#6956 = CARTESIAN_POINT('', (9.99999999999997, 0.19576131725617915, 0.40518817249076966));
#6957 = CARTESIAN_POINT('', (10.000000000000028, 0.17124143388092153, 0.4398569754182283));
#6958 = CARTESIAN_POINT('', (9.999999999999984, 0.14821502941100528, 0.475535193906644));
#6959 = CARTESIAN_POINT('', (10.000000000000021, 0.1267235990369363, 0.5121585334271676));
#6960 = CARTESIAN_POINT('', (9.999999999999988, 0.10680587176784857, 0.5496609962563292));
#6961 = CARTESIAN_POINT('', (10.00000000000002, 0.0884977407387258, 0.5879750004178593));
#6962 = CARTESIAN_POINT('', (9.999999999999988, 0.07183219833132547, 0.6270315014727155));
#6963 = CARTESIAN_POINT('', (10.000000000000004, 0.05683927708843775, 0.6667601169508393));
#6964 = CARTESIAN_POINT('', (10.000000000000012, 0.04354599505801643, 0.7070892532388815));
#6965 = CARTESIAN_POINT('', (9.999999999999984, 0.03197630814233982, 0.7479462344826283));
#6966 = CARTESIAN_POINT('', (10.000000000000027, 0.02215106475284028, 0.7892574336779901));
#6967 = CARTESIAN_POINT('', (9.999999999999966, 0.014087972356768955, 0.8309484051630718));
#6968 = CARTESIAN_POINT('', (10.000000000000032, 7.8015578851E-3, 0.872944019138775));
#6969 = CARTESIAN_POINT('', (9.999999999999968, 3.3031561841E-3, 0.9151685964129548));
#6970 = CARTESIAN_POINT('', (10.000000000000048, 6.0086161170E-4, 0.957546045945075));
#6971 = CARTESIAN_POINT('', (10.000000000000004, 8.6649650707E-19, 0.9858486817405868));
#6972 = CARTESIAN_POINT('', (10.0, 0.0, 1.0));
#6973 = CARTESIAN_POINT('', (10.000033333333333, 1.0, 0.0));
#6974 = CARTESIAN_POINT('', (10.000033333333336, 0.9858486817405869, 9.9261673506E-24));
#6975 = CARTESIAN_POINT('', (10.000033333333324, 0.9575460459450719, 6.0086161170E-4));
#6976 = CARTESIAN_POINT('', (10.000033333333317, 0.9151685964129558, 3.3031561841E-3));
#6977 = CARTESIAN_POINT('', (10.000033333333356, 0.8729440191387753, 7.8015578851E-3));
#6978 = CARTESIAN_POINT('', (10.0000333333333, 0.8309484051630714, 0.014087972356768787));
#6979 = CARTESIAN_POINT('', (10.000033333333349, 0.7892574336779891, 0.022151064752840427));
#6980 = CARTESIAN_POINT('', (10.000033333333324, 0.7479462344826293, 0.03197630814233981));
#6981 = CARTESIAN_POINT('', (10.000033333333345, 0.7070892532388802, 0.04354599505801642));
#6982 = CARTESIAN_POINT('', (10.000033333333352, 0.666760116950841, 0.05683927708843778));
#6983 = CARTESIAN_POINT('', (10.000033333333334, 0.6270315014727165, 0.07183219833132581));
#6984 = CARTESIAN_POINT('', (10.000033333333334, 0.5879750004178578, 0.08849774073872553));
#6985 = CARTESIAN_POINT('', (10.000033333333338, 0.5496609962563307, 0.10680587176784903));
#6986 = CARTESIAN_POINT('', (10.000033333333338, 0.5121585334271659, 0.12672359903693572));
#6987 = CARTESIAN_POINT('', (10.000033333333329, 0.47553519390664506, 0.1482150294110059));
#6988 = CARTESIAN_POINT('', (10.000033333333338, 0.43985697541822716, 0.17124143388092083));
#6989 = CARTESIAN_POINT('', (10.000033333333322, 0.4051881724907707, 0.19576131725617957));
#6990 = CARTESIAN_POINT('', (10.000033333333327, 0.37159126068691306, 0.2217304931133481));
#6991 = CARTESIAN_POINT('', (10.000033333333372, 0.3391267839186853, 0.24910216324055193));
#6992 = CARTESIAN_POINT('', (10.000033333333297, 0.3078532453723587, 0.2778270020414025));
#6993 = CARTESIAN_POINT('', (10.000033333333365, 0.27782700204140287, 0.3078532453723596));
#6994 = CARTESIAN_POINT('', (10.0000333333333, 0.24910216324055115, 0.3391267839186842));
#6995 = CARTESIAN_POINT('', (10.000033333333372, 0.22173049311334864, 0.37159126068691384));
#6996 = CARTESIAN_POINT('', (10.000033333333302, 0.19576131725617915, 0.40518817249076966));
#6997 = CARTESIAN_POINT('', (10.000033333333361, 0.17124143388092153, 0.4398569754182283));
#6998 = CARTESIAN_POINT('', (10.000033333333317, 0.14821502941100528, 0.475535193906644));
#6999 = CARTESIAN_POINT('', (10.000033333333354, 0.1267235990369363, 0.5121585334271676));
#7000 = CARTESIAN_POINT('', (10.00003333333332, 0.10680587176784857, 0.5496609962563292));
#7001 = CARTESIAN_POINT('', (10.000033333333352, 0.0884977407387258, 0.5879750004178593));
#7002 = CARTESIAN_POINT('', (10.00003333333332, 0.07183219833132547, 0.6270315014727155));
#7003 = CARTESIAN_POINT('', (10.000033333333336, 0.05683927708843776, 0.6667601169508393));
#7004 = CARTESIAN_POINT('', (10.000033333333345, 0.04354599505801643, 0.7070892532388815));
#7005 = CARTESIAN_POINT('', (10.000033333333317, 0.03197630814233982, 0.7479462344826283));
#7006 = CARTESIAN_POINT('', (10.00003333333336, 0.02215106475284028, 0.7892574336779901));
#7007 = CARTESIAN_POINT('', (10.000033333333299, 0.014087972356768955, 0.8309484051630718));
#7008 = CARTESIAN_POINT('', (10.000033333333365, 7.8015578851E-3, 0.872944019138775));
#7009 = CARTESIAN_POINT('', (10.0000333333333, 3.3031561841E-3, 0.9151685964129548));
#7010 = CARTESIAN_POINT('', (10.00003333333338, 6.0086161170E-4, 0.957546045945075));
#7011 = CARTESIAN_POINT('', (10.000033333333336, 8.7039635483E-19, 0.9858486817405868));
#7012 = CARTESIAN_POINT('', (10.000033333333333, 0.0, 1.0));
#7013 = CARTESIAN_POINT('', (10.000066666666665, 1.0, 0.0));
#7014 = CARTESIAN_POINT('', (10.000066666666669, 0.985848681740587, 9.9261673506E-24));
#7015 = CARTESIAN_POINT('', (10.000066666666656, 0.9575460459450719, 6.0086161170E-4));
#7016 = CARTESIAN_POINT('', (10.00006666666665, 0.9151685964129558, 3.3031561841E-3));
#7017 = CARTESIAN_POINT('', (10.000066666666688, 0.8729440191387753, 7.8015578851E-3));
#7018 = CARTESIAN_POINT('', (10.000066666666633, 0.8309484051630714, 0.014087972356768787));
#7019 = CARTESIAN_POINT('', (10.000066666666681, 0.7892574336779891, 0.022151064752840427));
#7020 = CARTESIAN_POINT('', (10.000066666666656, 0.7479462344826293, 0.03197630814233981));
#7021 = CARTESIAN_POINT('', (10.000066666666678, 0.7070892532388802, 0.04354599505801642));
#7022 = CARTESIAN_POINT('', (10.000066666666685, 0.6667601169508411, 0.05683927708843778));
#7023 = CARTESIAN_POINT('', (10.000066666666667, 0.6270315014727165, 0.07183219833132581));
#7024 = CARTESIAN_POINT('', (10.000066666666667, 0.5879750004178578, 0.08849774073872553));
#7025 = CARTESIAN_POINT('', (10.00006666666667, 0.5496609962563308, 0.10680587176784903));
#7026 = CARTESIAN_POINT('', (10.00006666666667, 0.512158533427166, 0.12672359903693572));
#7027 = CARTESIAN_POINT('', (10.000066666666662, 0.47553519390664506, 0.1482150294110059));
#7028 = CARTESIAN_POINT('', (10.00006666666667, 0.4398569754182272, 0.17124143388092083));
#7029 = CARTESIAN_POINT('', (10.000066666666655, 0.4051881724907707, 0.19576131725617957));
#7030 = CARTESIAN_POINT('', (10.00006666666666, 0.3715912606869131, 0.2217304931133481));
#7031 = CARTESIAN_POINT('', (10.000066666666704, 0.33912678391868534, 0.24910216324055193));
#7032 = CARTESIAN_POINT('', (10.00006666666663, 0.3078532453723587, 0.2778270020414025));
#7033 = CARTESIAN_POINT('', (10.000066666666697, 0.27782700204140287, 0.3078532453723596));
#7034 = CARTESIAN_POINT('', (10.000066666666633, 0.24910216324055115, 0.3391267839186842));
#7035 = CARTESIAN_POINT('', (10.000066666666704, 0.22173049311334866, 0.37159126068691384));
#7036 = CARTESIAN_POINT('', (10.000066666666635, 0.19576131725617915, 0.40518817249076966));
#7037 = CARTESIAN_POINT('', (10.000066666666694, 0.17124143388092153, 0.4398569754182283));
#7038 = CARTESIAN_POINT('', (10.00006666666665, 0.14821502941100528, 0.475535193906644));
#7039 = CARTESIAN_POINT('', (10.000066666666687, 0.1267235990369363, 0.5121585334271676));
#7040 = CARTESIAN_POINT('', (10.000066666666653, 0.10680587176784857, 0.5496609962563292));
#7041 = CARTESIAN_POINT('', (10.000066666666685, 0.0884977407387258, 0.5879750004178593));
#7042 = CARTESIAN_POINT('', (10.000066666666653, 0.07183219833132547, 0.6270315014727155));
#7043 = CARTESIAN_POINT('', (10.000066666666669, 0.056839277088437765, 0.6667601169508393));
#7044 = CARTESIAN_POINT('', (10.000066666666678, 0.04354599505801643, 0.7070892532388815));
#7045 = CARTESIAN_POINT('', (10.00006666666665, 0.03197630814233982, 0.7479462344826283));
#7046 = CARTESIAN_POINT('', (10.000066666666692, 0.02215106475284028, 0.7892574336779901));
#7047 = CARTESIAN_POINT('', (10.000066666666632, 0.014087972356768955, 0.8309484051630718));
#7048 = CARTESIAN_POINT('', (10.000066666666697, 7.8015578851E-3, 0.872944019138775));
#7049 = CARTESIAN_POINT('', (10.000066666666633, 3.3031561841E-3, 0.9151685964129548));
#7050 = CARTESIAN_POINT('', (10.000066666666713, 6.0086161170E-4, 0.957546045945075));
#7051 = CARTESIAN_POINT('', (10.000066666666669, 8.7429632345E-19, 0.9858486817405868));
#7052 = CARTESIAN_POINT('', (10.000066666666665, 0.0, 1.0));
#7053 = CARTESIAN_POINT('', (10.000099999999998, 1.0, 0.0));
#7054 = CARTESIAN_POINT('', (10.000100000000002, 0.9858486817405872, 9.9261673506E-24));
#7055 = CARTESIAN_POINT('', (10.000099999999989, 0.9575460459450719, 6.0086161170E-4));
#7056 = CARTESIAN_POINT('', (10.000099999999982, 0.9151685964129558, 3.3031561841E-3));
#7057 = CARTESIAN_POINT('', (10.000100000000021, 0.8729440191387753, 7.8015578851E-3));
#7058 = CARTESIAN_POINT('', (10.000099999999966, 0.8309484051630714, 0.014087972356768787));
#7059 = CARTESIAN_POINT('', (10.000100000000014, 0.7892574336779891, 0.022151064752840427));
#7060 = CARTESIAN_POINT('', (10.000099999999989, 0.7479462344826293, 0.03197630814233981));
#7061 = CARTESIAN_POINT('', (10.00010000000001, 0.7070892532388802, 0.04354599505801642));
#7062 = CARTESIAN_POINT('', (10.000100000000018, 0.6667601169508413, 0.05683927708843778));
#7063 = CARTESIAN_POINT('', (10.0001, 0.6270315014727165, 0.07183219833132581));
#7064 = CARTESIAN_POINT('', (10.0001, 0.5879750004178578, 0.08849774073872553));
#7065 = CARTESIAN_POINT('', (10.000100000000003, 0.5496609962563309, 0.10680587176784903));
#7066 = CARTESIAN_POINT('', (10.000100000000003, 0.5121585334271661, 0.12672359903693572));
#7067 = CARTESIAN_POINT('', (10.000099999999994, 0.47553519390664506, 0.1482150294110059));
#7068 = CARTESIAN_POINT('', (10.000100000000003, 0.43985697541822727, 0.17124143388092083));
#7069 = CARTESIAN_POINT('', (10.000099999999987, 0.4051881724907707, 0.19576131725617957));
#7070 = CARTESIAN_POINT('', (10.000099999999993, 0.37159126068691317, 0.2217304931133481));
#7071 = CARTESIAN_POINT('', (10.000100000000037, 0.3391267839186854, 0.24910216324055193));
#7072 = CARTESIAN_POINT('', (10.000099999999962, 0.3078532453723587, 0.2778270020414025));
#7073 = CARTESIAN_POINT('', (10.00010000000003, 0.27782700204140287, 0.3078532453723596));
#7074 = CARTESIAN_POINT('', (10.000099999999966, 0.24910216324055115, 0.3391267839186842));
#7075 = CARTESIAN_POINT('', (10.000100000000037, 0.2217304931133487, 0.37159126068691384));
#7076 = CARTESIAN_POINT('', (10.000099999999968, 0.19576131725617915, 0.40518817249076966));
#7077 = CARTESIAN_POINT('', (10.000100000000026, 0.17124143388092153, 0.4398569754182283));
#7078 = CARTESIAN_POINT('', (10.000099999999982, 0.14821502941100528, 0.475535193906644));
#7079 = CARTESIAN_POINT('', (10.00010000000002, 0.1267235990369363, 0.5121585334271676));
#7080 = CARTESIAN_POINT('', (10.000099999999986, 0.10680587176784857, 0.5496609962563292));
#7081 = CARTESIAN_POINT('', (10.000100000000018, 0.0884977407387258, 0.5879750004178593));
#7082 = CARTESIAN_POINT('', (10.000099999999986, 0.07183219833132547, 0.6270315014727155));
#7083 = CARTESIAN_POINT('', (10.000100000000002, 0.05683927708843777, 0.6667601169508393));
#7084 = CARTESIAN_POINT('', (10.00010000000001, 0.04354599505801643, 0.7070892532388815));
#7085 = CARTESIAN_POINT('', (10.000099999999982, 0.03197630814233982, 0.7479462344826283));
#7086 = CARTESIAN_POINT('', (10.000100000000025, 0.02215106475284028, 0.7892574336779901));
#7087 = CARTESIAN_POINT('', (10.000099999999964, 0.014087972356768955, 0.8309484051630718));
#7088 = CARTESIAN_POINT('', (10.00010000000003, 7.8015578851E-3, 0.872944019138775));
#7089 = CARTESIAN_POINT('', (10.000099999999966, 3.3031561841E-3, 0.9151685964129548));
#7090 = CARTESIAN_POINT('', (10.000100000000046, 6.0086161170E-4, 0.957546045945075));
#7091 = CARTESIAN_POINT('', (10.000100000000002, 8.7819641293E-19, 0.9858486817405868));
#7092 = CARTESIAN_POINT('', (10.000099999999998, 0.0, 1.0));
#7093 = DEFINITIONAL_REPRESENTATION('', (#7095), #7094);
#7094 = (
    GEOMETRIC_REPRESENTATION_CONTEXT(2)
    PARAMETRIC_REPRESENTATION_CONTEXT()
    REPRESENTATION_CONTEXT('2D SPACE', '')
);
#7095 = (
    BOUNDED_CURVE()
    B_SPLINE_CURVE(1, (#7096, #7097), .UNSPECIFIED., .U., .U.)
    B_SPLINE_CURVE_WITH_KNOTS((2, 2), (0.0, 1.0), .UNSPECIFIED.)
    CURVE()
    GEOMETRIC_REPRESENTATION_ITEM()
    RATIONAL_B_SPLINE_CURVE((1.0, 1.0))
    REPRESENTATION_ITEM('')
);
#7096 = CARTESIAN_POINT('', (0.0, 1.0));
#7097 = CARTESIAN_POINT('', (0.0, 0.0));
#7098 = SURFACE_CURVE('', #7099, (#7102), .CURVE_3D.);
#7099 = (
    BOUNDED_CURVE()
    B_SPLINE_CURVE(1, (#7100, #7101), .UNSPECIFIED., .U., .U.)
    B_SPLINE_CURVE_WITH_KNOTS((2, 2), (0.0, 1.0), .UNSPECIFIED.)
    CURVE()
    GEOMETRIC_REPRESENTATION_ITEM()
    RATIONAL_B_SPLINE_CURVE((1.0, 1.0))
    REPRESENTATION_ITEM('')
);
#7100 = CARTESIAN_POINT('', (1.0000000000000002, 0.0, 1.0000000000000002));
#7101 = CARTESIAN_POINT('', (1.0000000000000002, 0.0, 1.0000000000000002));
#7102 = PCURVE('', #7103, #7304);
#7103 = (
    BOUNDED_SURFACE()
    B_SPLINE_SURFACE(2, 3, ((#7104, #7105, #7106, #7107, #7108, #7109, #7110, #7111, #7112, #7113, #7114, #7115, #7116, #7117, #7118, #7119, #7120, #7121, #7122, #7123, #7124, #7125, #7126, #7127, #7128, #7129, #7130, #7131, #7132, #7133, #7134, #7135, #7136, #7137, #7138, #7139, #7140, #7141, #7142, #7143), (#7144, #7145, #7146, #7147, #7148, #7149, #7150, #7151, #7152, #7153, #7154, #7155, #7156, #7157, #7158, #7159, #7160, #7161, #7162, #7163, #7164, #7165, #7166, #7167, #7168, #7169, #7170, #7171, #7172, #7173, #7174, #7175, #7176, #7177, #7178, #7179, #7180, #7181, #7182, #7183), (#7184, #7185, #7186, #7187, #7188, #7189, #7190, #7191, #7192, #7193, #7194, #7195, #7196, #7197, #7198, #7199, #7200, #7201, #7202, #7203, #7204, #7205, #7206, #7207, #7208, #7209, #7210, #7211, #7212, #7213, #7214, #7215, #7216, #7217, #7218, #7219, #7220, #7221, #7222, #7223), (#7224, #7225, #7226, #7227, #7228, #7229, #7230, #7231, #7232, #7233, #7234, #7235, #7236, #7237, #7238, #7239, #7240, #7241, #7242, #7243, #7244, #7245, #7246, #7247, #7248, #7249, #7250, #7251, #7252, #7253, #7254, #7255, #7256, #7257, #7258, #7259, #7260, #7261, #7262, #7263), (#7264, #7265, #7266, #7267, #7268, #7269, #7270, #7271, #7272, #7273, #7274, #7275, #7276, #7277, #7278, #7279, #7280, #7281, #7282, #7283, #7284, #7285, #7286, #7287, #7288, #7289, #7290, #7291, #7292, #7293, #7294, #7295, #7296, #7297, #7298, #7299, #7300, #7301, #7302, #7303)), .UNSPECIFIED., .U., .U., .U.)
    B_SPLINE_SURFACE_WITH_KNOTS((3, 2, 3), (4, 1, 1, 1, 1, 1, 1, 1, 1, 1, 1, 1, 1, 1, 1, 1, 1, 1, 1, 1, 1, 1, 1, 1, 1, 1, 1, 1, 1, 1, 1, 1, 1, 1, 1, 1, 1, 4), (0.0, 0.5, 1.0), (0.0, 0.027027027027026973, 0.054054054054053946, 0.08108108108108103, 0.10810810810810811, 0.1351351351351351, 0.16216216216216206, 0.18918918918918914, 0.21621621621621623, 0.2432432432432432, 0.2702702702702702, 0.29729729729729726, 0.32432432432432434, 0.3513513513513513, 0.3783783783783783, 0.4054054054054054, 0.43243243243243246, 0.45945945945945943, 0.4864864864864864, 0.5135135135135135, 0.5405405405405406, 0.5675675675675675, 0.5945945945945945, 0.6216216216216216, 0.6486486486486487, 0.6756756756756757, 0.7027027027027026, 0.7297297297297297, 0.7567567567567568, 0.7837837837837838, 0.8108108108108107, 0.8378378378378378, 0.8648648648648649, 0.8918918918918919, 0.9189189189189189, 0.9459459459459459, 0.972972972972973, 1.0), .UNSPECIFIED.)
    GEOMETRIC_REPRESENTATION_ITEM()
    RATIONAL_B_SPLINE_SURFACE(((1.0, 1.0, 1.0, 1.0, 1.0, 1.0, 1.0, 1.0, 1.0, 1.0, 1.0, 1.0, 1.0, 1.0, 1.0, 1.0, 1.0, 1.0, 1.0, 1.0, 1.0, 1.0, 1.0, 1.0, 1.0, 1.0, 1.0, 1.0, 1.0, 1.0, 1.0, 1.0, 1.0, 1.0, 1.0, 1.0, 1.0, 1.0, 1.0, 1.0), (0.9081431750376247, 0.9081431750376247, 0.9081431750376247, 0.9081431750376247, 0.9081431750376247, 0.9081431750376247, 0.9081431750376247, 0.9081431750376247, 0.9081431750376247, 0.9081431750376247, 0.9081431750376247, 0.9081431750376247, 0.9081431750376247, 0.9081431750376247, 0.9081431750376247, 0.9081431750376247, 0.9081431750376247, 0.9081431750376247, 0.9081431750376247, 0.9081431750376247, 0.9081431750376247, 0.9081431750376247, 0.9081431750376247, 0.9081431750376247, 0.9081431750376247, 0.9081431750376247, 0.9081431750376247, 0.9081431750376247, 0.9081431750376247, 0.9081431750376247, 0.9081431750376247, 0.9081431750376247, 0.9081431750376247, 0.9081431750376247, 0.9081431750376247, 0.9081431750376247, 0.9081431750376247, 0.9081431750376247, 0.9081431750376247, 0.9081431750376247), (1.0, 1.0, 1.0, 1.0, 1.0, 1.0, 1.0, 1.0, 1.0, 1.0, 1.0, 1.0, 1.0, 1.0, 1.0, 1.0, 1.0, 1.0, 1.0, 1.0, 1.0, 1.0, 1.0, 1.0, 1.0, 1.0, 1.0, 1.0, 1.0, 1.0, 1.0, 1.0, 1.0, 1.0, 1.0, 1.0, 1.0, 1.0, 1.0, 1.0), (0.9081431750376247, 0.9081431750376247, 0.9081431750376247, 0.9081431750376247, 0.9081431750376247, 0.9081431750376247, 0.9081431750376247, 0.9081431750376247, 0.9081431750376247, 0.9081431750376247, 0.9081431750376247, 0.9081431750376247, 0.9081431750376247, 0.9081431750376247, 0.9081431750376247, 0.9081431750376247, 0.9081431750376247, 0.9081431750376247, 0.9081431750376247, 0.9081431750376247, 0.9081431750376247, 0.9081431750376247, 0.9081431750376247, 0.9081431750376247, 0.9081431750376247, 0.9081431750376247, 0.9081431750376247, 0.9081431750376247, 0.9081431750376247, 0.9081431750376247, 0.9081431750376247, 0.9081431750376247, 0.9081431750376247, 0.9081431750376247, 0.9081431750376247, 0.9081431750376247, 0.9081431750376247, 0.9081431750376247, 0.9081431750376247, 0.9081431750376247), (1.0, 1.0, 1.0, 1.0, 1.0, 1.0, 1.0, 1.0, 1.0, 1.0, 1.0, 1.0, 1.0, 1.0, 1.0, 1.0, 1.0, 1.0, 1.0, 1.0, 1.0, 1.0, 1.0, 1.0, 1.0, 1.0, 1.0, 1.0, 1.0, 1.0, 1.0, 1.0, 1.0, 1.0, 1.0, 1.0, 1.0, 1.0, 1.0, 1.0)))
    REPRESENTATION_ITEM('')
    SURFACE()
);
#7104 = CARTESIAN_POINT('', (1.0000000000000002, 0.0, 1.0000000000000002));
#7105 = CARTESIAN_POINT('', (1.0000000000000002, 2.2291110805E-16, 0.9858486817405865));
#7106 = CARTESIAN_POINT('', (1.000000000000005, 6.0086161170E-4, 0.9575460459450745));
#7107 = CARTESIAN_POINT('', (0.9999999999999961, 3.3031561841E-3, 0.9151685964129546));
#7108 = CARTESIAN_POINT('', (1.0000000000000024, 7.8015578851E-3, 0.8729440191387747));
#7109 = CARTESIAN_POINT('', (0.9999999999999968, 0.014087972356769169, 0.8309484051630716));
#7110 = CARTESIAN_POINT('', (1.000000000000003, 0.022151064752840493, 0.7892574336779898));
#7111 = CARTESIAN_POINT('', (0.9999999999999977, 0.03197630814234007, 0.747946234482628));
#7112 = CARTESIAN_POINT('', (1.0000000000000027, 0.043545995058016554, 0.7070892532388812));
#7113 = CARTESIAN_POINT('', (0.9999999999999976, 0.056839277088437994, 0.666760116950839));
#7114 = CARTESIAN_POINT('', (1.000000000000001, 0.07183219833132565, 0.6270315014727152));
#7115 = CARTESIAN_POINT('', (0.9999999999999998, 0.08849774073872597, 0.5879750004178591));
#7116 = CARTESIAN_POINT('', (1.0000000000000009, 0.1068058717678489, 0.549660996256329));
#7117 = CARTESIAN_POINT('', (0.9999999999999997, 0.12672359903693642, 0.5121585334271673));
#7118 = CARTESIAN_POINT('', (1.0000000000000007, 0.14821502941100556, 0.4755351939066439));
#7119 = CARTESIAN_POINT('', (1.000000000000001, 0.17124143388092153, 0.4398569754182282));
#7120 = CARTESIAN_POINT('', (1.0, 0.19576131725617957, 0.40518817249076955));
#7121 = CARTESIAN_POINT('', (0.9999999999999999, 0.2217304931133488, 0.3715912606869137));
#7122 = CARTESIAN_POINT('', (1.0000000000000016, 0.24910216324055112, 0.3391267839186841));
#7123 = CARTESIAN_POINT('', (0.9999999999999983, 0.27782700204140304, 0.3078532453723595));
#7124 = CARTESIAN_POINT('', (1.0000000000000004, 0.3078532453723589, 0.2778270020414024));
#7125 = CARTESIAN_POINT('', (1.0000000000000018, 0.33912678391868534, 0.2491021632405519));
#7126 = CARTESIAN_POINT('', (1.0000000000000013, 0.3715912606869135, 0.22173049311334803));
#7127 = CARTESIAN_POINT('', (0.9999999999999992, 0.40518817249077027, 0.1957613172561795));
#7128 = CARTESIAN_POINT('', (1.0000000000000002, 0.4398569754182275, 0.17124143388092072));
#7129 = CARTESIAN_POINT('', (1.0000000000000007, 0.47553519390664506, 0.14821502941100584));
#7130 = CARTESIAN_POINT('', (0.9999999999999993, 0.5121585334271662, 0.12672359903693564));
#7131 = CARTESIAN_POINT('', (1.000000000000001, 0.5496609962563305, 0.10680587176784895));
#7132 = CARTESIAN_POINT('', (1.0000000000000009, 0.5879750004178579, 0.08849774073872552));
#7133 = CARTESIAN_POINT('', (0.9999999999999983, 0.6270315014727166, 0.07183219833132581));
#7134 = CARTESIAN_POINT('', (1.0000000000000027, 0.6667601169508405, 0.05683927708843772));
#7135 = CARTESIAN_POINT('', (0.9999999999999993, 0.7070892532388805, 0.043545995058016373));
#7136 = CARTESIAN_POINT('', (1.0000000000000004, 0.7479462344826295, 0.03197630814233976));
#7137 = CARTESIAN_POINT('', (1.000000000000001, 0.789257433677989, 0.022151064752840455));
#7138 = CARTESIAN_POINT('', (0.9999999999999978, 0.8309484051630711, 0.01408797235676873));
#7139 = CARTESIAN_POINT('', (1.0000000000000013, 0.8729440191387751, 7.8015578851E-3));
#7140 = CARTESIAN_POINT('', (0.9999999999999991, 0.9151685964129563, 3.3031561841E-3));
#7141 = CARTESIAN_POINT('', (1.0000000000000004, 0.9575460459450705, 6.0086161170E-4));
#7142 = CARTESIAN_POINT('', (1.0000000000000002, 0.9858486817405867, 0.0));
#7143 = CARTESIAN_POINT('', (1.0000000000000002, 1.0000000000000002, 0.0));
#7144 = CARTESIAN_POINT('', (1.0000000000000002, 0.0, 1.0000000000000002));
#7145 = CARTESIAN_POINT('', (0.9934761529746361, 3.1981891928E-11, 0.9858486817405865));
#7146 = CARTESIAN_POINT('', (0.9804284592573662, 6.0086170765E-4, 0.9575460459464302));
#7147 = CARTESIAN_POINT('', (0.9608921875825452, 3.3031563758E-3, 0.9151685964204216));
#7148 = CARTESIAN_POINT('', (0.9414263909834137, 7.8015581723E-3, 0.8729440191564051));
#7149 = CARTESIAN_POINT('', (0.9220661479098363, 0.014087972738822067, 0.8309484051949116));
#7150 = CARTESIAN_POINT('', (0.9028463469470203, 0.022151065229114072, 0.7892574337280494));
#7151 = CARTESIAN_POINT('', (0.8838016234064641, 0.031976308711976056, 0.747946234554895));
#7152 = CARTESIAN_POINT('', (0.8649662972081441, 0.04354599571998842, 0.707089253337293));
#7153 = CARTESIAN_POINT('', (0.8463743108655788, 0.05683927784155282, 0.6667601170792957));
#7154 = CARTESIAN_POINT('', (0.8280591684062306, 0.07183219917422629, 0.6270315016350541));
#7155 = CARTESIAN_POINT('', (0.8100538749376611, 0.08849774166989344, 0.5879750006178622));
#7156 = CARTESIAN_POINT('', (0.792390877222753, 0.10680587278560519, 0.5496609964977077));
#7157 = CARTESIAN_POINT('', (0.7751020051836328, 0.12672360013944745, 0.5121585337135601));
#7158 = CARTESIAN_POINT('', (0.7582184145378701, 0.14821503059628455, 0.47553519424160634));
#7159 = CARTESIAN_POINT('', (0.7417705306524873, 0.17124143514683252, 0.43985697580522964));
#7160 = CARTESIAN_POINT('', (0.725787993711041, 0.19576131860044127, 0.4051881729331859));
#7161 = CARTESIAN_POINT('', (0.7102996053421906, 0.22173049453353877, 0.37159126118802));
#7162 = CARTESIAN_POINT('', (0.6953332766714677, 0.2491021647341101, 0.33912678448164896));
#7163 = CARTESIAN_POINT('', (0.6809159780369485, 0.2778270036056395, 0.30785324600024333));
#7164 = CARTESIAN_POINT('', (0.6670736903682939, 0.30785324700445404, 0.2778270027371439));
#7165 = CARTESIAN_POINT('', (0.6538313584010716, 0.339126785615698, 0.24910216400697036));
#7166 = CARTESIAN_POINT('', (0.641212845732132, 0.37159126244578555, 0.2217304939531356));
#7167 = CARTESIAN_POINT('', (0.6292408917726997, 0.40518817430833215, 0.19576131817189643));
#7168 = CARTESIAN_POINT('', (0.6179370707937935, 0.4398569772912037, 0.17124143487498789));
#7169 = CARTESIAN_POINT('', (0.6073217530154698, 0.4755351958316604, 0.14821503048570467));
#7170 = CARTESIAN_POINT('', (0.59741406798242, 0.5121585354007517, 0.12672360019440315));
#7171 = CARTESIAN_POINT('', (0.5882318700122786, 0.5496609982749296, 0.10680587301007034));
#7172 = CARTESIAN_POINT('', (0.579791706066784, 0.587975002477833, 0.08849774206753572));
#7173 = CARTESIAN_POINT('', (0.5721087858421394, 0.6270315035703554, 0.07183219974840421));
#7174 = CARTESIAN_POINT('', (0.5651969545301126, 0.666760119082363, 0.05683927859529993));
#7175 = CARTESIAN_POINT('', (0.5590686676213052, 0.7070892554004455, 0.04354599665602309));
#7176 = CARTESIAN_POINT('', (0.5537349689378626, 0.7479462366703418, 0.03197630983268168));
#7177 = CARTESIAN_POINT('', (0.5492054697290232, 0.7892574358879061, 0.022151066536544476));
#7178 = CARTESIAN_POINT('', (0.5454883332489355, 0.8309484073912107, 0.014087974234695011));
#7179 = CARTESIAN_POINT('', (0.542590256504486, 0.8729440213811218, 7.8015598580E-3));
#7180 = CARTESIAN_POINT('', (0.5405164649312547, 0.9151685986654694, 3.3031582523E-3));
#7181 = CARTESIAN_POINT('', (0.539270690079446, 0.9575460482036907, 6.0086377573E-4));
#7182 = CARTESIAN_POINT('', (0.538993689084464, 0.9858486840005648, 2.2279964650E-9));
#7183 = CARTESIAN_POINT('', (0.5389936890844642, 1.0000000022599782, 2.2599780951E-9));
#7184 = CARTESIAN_POINT('', (1.0000000000000002, 0.0, 1.0000000000000002));
#7185 = CARTESIAN_POINT('', (0.9892392532276736, 5.2752324291E-11, 0.9908094539127931));
#7186 = CARTESIAN_POINT('', (0.9677177602340696, 6.0086176996E-4, 0.9724283622103708));
#7187 = CARTESIAN_POINT('', (0.9354936949669904, 3.3031565003E-3, 0.9449064101419469));
#7188 = CARTESIAN_POINT('', (0.9033858746793448, 7.8015583588E-3, 0.9174837406704431));
#7189 = CARTESIAN_POINT('', (0.8714521594519682, 0.014087972986945736, 0.8902097709739571));
#7190 = CARTESIAN_POINT('', (0.8397500961937502, 0.0221510655384292, 0.8631336507563994));
#7191 = CARTESIAN_POINT('', (0.8083368140517967, 0.03197630908192528, 0.8363041729194607));
#7192 = CARTESIAN_POINT('', (0.7772689219512301, 0.04354599614990504, 0.8097696860532102));
#7193 = CARTESIAN_POINT('', (0.7466024063048626, 0.056839278330662074, 0.7835780070720209));
#7194 = CARTESIAN_POINT('', (0.7163925302654915, 0.07183219972164682, 0.7577763351677891));
#7195 = CARTESIAN_POINT('', (0.6866937340434814, 0.08849774227463873, 0.732411166673202));
#7196 = CARTESIAN_POINT('', (0.6575595368886277, 0.10680587344658546, 0.7075282113462686));
#7197 = CARTESIAN_POINT('', (0.629042440603949, 0.12672360085547155, 0.6831723099633576));
#7198 = CARTESIAN_POINT('', (0.6011938349270558, 0.14821503136606218, 0.65938735350722));
#7199 = CARTESIAN_POINT('', (0.5740639049202731, 0.17124143596897642, 0.6362162040707061));
#7200 = CARTESIAN_POINT('', (0.5477015405265802, 0.19576131947347, 0.6137006176102242));
#7201 = CARTESIAN_POINT('', (0.5221542485362074, 0.221730495455879, 0.5918811687581119));
#7202 = CARTESIAN_POINT('', (0.4974680669007302, 0.24910216570409974, 0.5707971776399625));
#7203 = CARTESIAN_POINT('', (0.47368748179169295, 0.27782700462153054, 0.5504866390360046));
#7204 = CARTESIAN_POINT('', (0.4508553474028332, 0.3078532480644158, 0.5309861538856997));
#7205 = CARTESIAN_POINT('', (0.4290128087795725, 0.33912678671782026, 0.5123308633779432));
#7206 = CARTESIAN_POINT('', (0.4081992276851707, 0.37159126358808225, 0.4945543856347491));
#7207 = CARTESIAN_POINT('', (0.3884521115970926, 0.4051881754887448, 0.47768875506842384));
#7208 = CARTESIAN_POINT('', (0.36980704615454996, 0.43985697850760525, 0.46176436468631143));
#7209 = CARTESIAN_POINT('', (0.35229763097724465, 0.47553519708185865, 0.4468099112748383));
#7210 = CARTESIAN_POINT('', (0.3359554192553096, 0.5121585366824939, 0.4328523438044345));
#7211 = CARTESIAN_POINT('', (0.32080986075808005, 0.5496609995859058, 0.4199168147544199));
#7212 = CARTESIAN_POINT('', (0.306888248839264, 0.5879750038156807, 0.4080266348511653));
#7213 = CARTESIAN_POINT('', (0.29421567110252855, 0.6270315049326638, 0.39720323093250326));
#7214 = CARTESIAN_POINT('', (0.2828149644723439, 0.6667601204666771, 0.38746610757459654));
#7215 = CARTESIAN_POINT('', (0.2727066736333197, 0.7070892568042707, 0.3788328115958225));
#7216 = CARTESIAN_POINT('', (0.2639090147962524, 0.7479462380911482, 0.3713189011099869));
#7217 = CARTESIAN_POINT('', (0.2564378412173607, 0.7892574373231334, 0.3649379160770266));
#7218 = CARTESIAN_POINT('', (0.25030661776018015, 0.8309484088382725, 0.3597013565767915));
#7219 = CARTESIAN_POINT('', (0.24552639078953764, 0.8729440228374105, 0.355618657096051));
#7220 = CARTESIAN_POINT('', (0.24210577938985867, 0.9151686001283605, 0.3526971790282711));
#7221 = CARTESIAN_POINT('', (0.24005093855922066, 0.9575460496705481, 0.35094217923830673));
#7222 = CARTESIAN_POINT('', (0.23959403985608085, 0.9858486854683042, 0.35055195094012814));
#7223 = CARTESIAN_POINT('', (0.23959403988040007, 1.0000000037277175, 0.3505519509928803));
#7224 = CARTESIAN_POINT('', (1.0000000000000002, 0.0, 1.0000000000000002));
#7225 = CARTESIAN_POINT('', (0.985002353480711, 7.3522756653E-11, 0.9957702260849995));
#7226 = CARTESIAN_POINT('', (0.9550070612107733, 6.0086183227E-4, 0.9873106784743112));
#7227 = CARTESIAN_POINT('', (0.9100952023514355, 3.3031566248E-3, 0.9746442238634724));
#7228 = CARTESIAN_POINT('', (0.8653453583752759, 7.8015585453E-3, 0.9620234621844813));
#7229 = CARTESIAN_POINT('', (0.8208381709941002, 0.014087973235069405, 0.9494711367530025));
#7230 = CARTESIAN_POINT('', (0.7766538454404803, 0.02215106584774433, 0.9370098677847492));
#7231 = CARTESIAN_POINT('', (0.7328720046971297, 0.0319763094518745, 0.9246621112840262));
#7232 = CARTESIAN_POINT('', (0.6895715466943161, 0.043545996579821666, 0.9124501187691273));
#7233 = CARTESIAN_POINT('', (0.6468305017441465, 0.05683927881977133, 0.9003958970647459));
#7234 = CARTESIAN_POINT('', (0.6047258921247524, 0.07183220026906736, 0.8885211687005241));
#7235 = CARTESIAN_POINT('', (0.5633335931493018, 0.088497742879384, 0.8768473327285419));
#7236 = CARTESIAN_POINT('', (0.5227281965545021, 0.10680587410756573, 0.8653954261948299));
#7237 = CARTESIAN_POINT('', (0.4829828760242654, 0.12672360157149565, 0.854186086213155));
#7238 = CARTESIAN_POINT('', (0.4441692553162414, 0.1482150321358398, 0.8432395127728337));
#7239 = CARTESIAN_POINT('', (0.4063572791880589, 0.17124143679112036, 0.8325754323361824));
#7240 = CARTESIAN_POINT('', (0.36961508734211934, 0.19576132034649874, 0.8222130622872625));
#7241 = CARTESIAN_POINT('', (0.33400889173022413, 0.22173049637821923, 0.8121710763282037));
#7242 = CARTESIAN_POINT('', (0.2996028571299929, 0.24910216667408938, 0.8024675707982759));
#7243 = CARTESIAN_POINT('', (0.2664589855464372, 0.2778270056374216, 0.7931200320717661));
#7244 = CARTESIAN_POINT('', (0.2346370044373724, 0.30785324912437756, 0.7841453050342555));
#7245 = CARTESIAN_POINT('', (0.2041942591580732, 0.33912678781994254, 0.7755595627489161));
#7246 = CARTESIAN_POINT('', (0.17518560963820964, 0.37159126473037907, 0.7673782773163624));
#7247 = CARTESIAN_POINT('', (0.14766333142148552, 0.4051881766691575, 0.7596161919649513));
#7248 = CARTESIAN_POINT('', (0.12167702151530638, 0.4398569797240069, 0.7522872944976351));
#7249 = CARTESIAN_POINT('', (0.09727350893901962, 0.47553519833205693, 0.745404792063972));
#7250 = CARTESIAN_POINT('', (0.07449677052819915, 0.5121585379642359, 0.7389810874144658));
#7251 = CARTESIAN_POINT('', (0.053387851503881464, 0.5496610008968821, 0.7330277564987696));
#7252 = CARTESIAN_POINT('', (0.033984791611744045, 0.5879750051535284, 0.7275555276347948));
#7253 = CARTESIAN_POINT('', (0.016322556362917615, 0.6270315062949723, 0.7225742621166026));
#7254 = CARTESIAN_POINT('', (4.3297441457E-4, 0.6667601218509912, 0.7180929365538931));
#7255 = CARTESIAN_POINT('', (-0.013655320354665892, 0.7070892582080959, 0.7141196265356221));
#7256 = CARTESIAN_POINT('', (-0.02591693934535769, 0.7479462395119547, 0.7106614923872918));
#7257 = CARTESIAN_POINT('', (-0.03632978729430172, 0.7892574387583609, 0.707724765617509));
#7258 = CARTESIAN_POINT('', (-0.04487509772857526, 0.8309484102853344, 0.7053147389188879));
#7259 = CARTESIAN_POINT('', (-0.051537474925410734, 0.8729440242936992, 0.7034357543341314));
#7260 = CARTESIAN_POINT('', (-0.05630490615153761, 0.9151686015912517, 0.7020911998042199));
#7261 = CARTESIAN_POINT('', (-0.05916881296100446, 0.9575460511374055, 0.7012834947008786));
#7262 = CARTESIAN_POINT('', (-0.05980560937230225, 0.9858486869360434, 0.7011038996522597));
#7263 = CARTESIAN_POINT('', (-0.05980560932366413, 1.000000005195457, 0.7011038997257825));
#7264 = CARTESIAN_POINT('', (1.0000000000000002, 0.0, 1.0000000000000002));
#7265 = CARTESIAN_POINT('', (0.9860229079254799, 6.8519721341E-11, 1.002213753739601));
#7266 = CARTESIAN_POINT('', (0.9580687244942552, 6.0086181726E-4, 1.0066412611085558));
#7267 = CARTESIAN_POINT('', (0.9162130116257421, 3.3031565948E-3, 1.013270554284077));
#7268 = CARTESIAN_POINT('', (0.8745082889144541, 7.8015585003E-3, 1.0198759329801388));
#7269 = CARTESIAN_POINT('', (0.833029710594049, 0.014087973175303373, 1.0264454939363783));
#7270 = CARTESIAN_POINT('', (0.7918520241203031, 0.02215106577323897, 1.0329673983196455));
#7271 = CARTESIAN_POINT('', (0.7510494343198748, 0.03197630936276411, 1.039429893240823));
#7272 = CARTESIAN_POINT('', (0.7106954703050568, 0.043545996476266835, 1.0458213328333608));
#7273 = CARTESIAN_POINT('', (0.6708628526093594, 0.05683927870195861, 1.0521301992970242));
#7274 = CARTESIAN_POINT('', (0.6316233623266259, 0.07183220013720915, 1.058345123624135));
#7275 = CARTESIAN_POINT('', (0.5930477116340004, 0.08849774273371783, 1.06445490610679));
#7276 = CARTESIAN_POINT('', (0.555205416476499, 0.10680587394835415, 1.0704485365015908));
#7277 = CARTESIAN_POINT('', (0.5181646712414851, 0.12672360139902555, 1.0763152138792857));
#7278 = CARTESIAN_POINT('', (0.4819922258588729, 0.14821503195042202, 1.0820443660901664));
#7279 = CARTESIAN_POINT('', (0.44675326551053973, 0.171241436593089, 1.0876256688162385));
#7280 = CARTESIAN_POINT('', (0.4125112931528754, 0.1957613201362107, 1.0930490641778112));
#7281 = CARTESIAN_POINT('', (0.37932801517054004, 0.22173049615605342, 1.0983047788441638));
#7282 = CARTESIAN_POINT('', (0.34726323007937665, 0.24910216644044617, 1.103383341661272));
#7283 = CARTESIAN_POINT('', (0.3163747207941884, 0.277827005392722, 1.1082756007149241));
#7284 = CARTESIAN_POINT('', (0.2867181504601365, 0.3078532488690625, 1.1129727398293812));
#7285 = CARTESIAN_POINT('', (0.25834696221629805, 0.3391267875544723, 1.1174662944433011));
#7286 = CARTESIAN_POINT('', (0.2313122829034837, 0.37159126445523183, 1.121748166860902));
#7287 = CARTESIAN_POINT('', (0.20566283083789627, 0.4051881763848292, 1.1258106408591804));
#7288 = CARTESIAN_POINT('', (0.18144482806750606, 0.43985697943100993, 1.1296463955851344));
#7289 = CARTESIAN_POINT('', (0.1587019170072782, 0.47553519803091926, 1.1332485187594592));
#7290 = CARTESIAN_POINT('', (0.13747508197277192, 0.5121585376555002, 1.1366105191043918));
#7291 = CARTESIAN_POINT('', (0.11780257515445147, 0.5496610005811048, 1.1397263380682245));
#7292 = CARTESIAN_POINT('', (0.09971984778292664, 0.5879750048312786, 1.1425903607276768));
#7293 = CARTESIAN_POINT('', (0.0832594860486594, 0.6270315059668304, 1.1451974259372013));
#7294 = CARTESIAN_POINT('', (0.06845115274365321, 0.6667601215175488, 1.1475428355720263));
#7295 = CARTESIAN_POINT('', (0.05532153327850442, 0.7070892578699539, 1.149622363078251));
#7296 = CARTESIAN_POINT('', (0.04389428861821143, 0.7479462391697224, 1.151432260927028));
#7297 = CARTESIAN_POINT('', (0.034190010495286915, 0.7892574384126548, 1.1529692677081549));
#7298 = CARTESIAN_POINT('', (0.026226188368286163, 0.8309484099367778, 1.154230613363311));
#7299 = CARTESIAN_POINT('', (0.020017170317192967, 0.8729440239429201, 1.1552140253796062));
#7300 = CARTESIAN_POINT('', (0.015574151636952749, 0.9151686012388823, 1.1559177305962272));
#7301 = CARTESIAN_POINT('', (0.012905127030327201, 0.9575460507840808, 1.1563404627763012));
#7302 = CARTESIAN_POINT('', (0.012311663181501342, 0.9858486865825062, 1.156434458371255));
#7303 = CARTESIAN_POINT('', (0.01231166326172739, 1.0000000048419198, 1.1564344584397745));
#7304 = DEFINITIONAL_REPRESENTATION('', (#7306), #7305);
#7305 = (
    GEOMETRIC_REPRESENTATION_CONTEXT(2)
    PARAMETRIC_REPRESENTATION_CONTEXT()
    REPRESENTATION_CONTEXT('2D SPACE', '')
);
#7306 = (
    BOUNDED_CURVE()
    B_SPLINE_CURVE(1, (#7307, #7308), .UNSPECIFIED., .U., .U.)
    B_SPLINE_CURVE_WITH_KNOTS((2, 2), (0.0, 1.0), .UNSPECIFIED.)
    CURVE()
    GEOMETRIC_REPRESENTATION_ITEM()
    RATIONAL_B_SPLINE_CURVE((1.0, 1.0))
    REPRESENTATION_ITEM('')
);
#7307 = CARTESIAN_POINT('', (0.0, 0.0));
#7308 = CARTESIAN_POINT('', (0.907603041292147, 0.0));
#7309 = SURFACE_CURVE('', #7310, (#7351, #7668), .CURVE_3D.);
#7310 = (
    BOUNDED_CURVE()
    B_SPLINE_CURVE(3, (#7311, #7312, #7313, #7314, #7315, #7316, #7317, #7318, #7319, #7320, #7321, #7322, #7323, #7324, #7325, #7326, #7327, #7328, #7329, #7330, #7331, #7332, #7333, #7334, #7335, #7336, #7337, #7338, #7339, #7340, #7341, #7342, #7343, #7344, #7345, #7346, #7347, #7348, #7349, #7350), .UNSPECIFIED., .U., .U.)
    B_SPLINE_CURVE_WITH_KNOTS((4, 1, 1, 1, 1, 1, 1, 1, 1, 1, 1, 1, 1, 1, 1, 1, 1, 1, 1, 1, 1, 1, 1, 1, 1, 1, 1, 1, 1, 1, 1, 1, 1, 1, 1, 1, 1, 4), (0.0, 0.027027027027026973, 0.054054054054053946, 0.08108108108108103, 0.10810810810810811, 0.1351351351351351, 0.16216216216216206, 0.18918918918918914, 0.21621621621621623, 0.2432432432432432, 0.2702702702702702, 0.29729729729729726, 0.32432432432432434, 0.3513513513513513, 0.3783783783783783, 0.4054054054054054, 0.43243243243243246, 0.45945945945945943, 0.4864864864864864, 0.5135135135135135, 0.5405405405405406, 0.5675675675675675, 0.5945945945945945, 0.6216216216216216, 0.6486486486486487, 0.6756756756756757, 0.7027027027027026, 0.7297297297297297, 0.7567567567567568, 0.7837837837837838, 0.8108108108108107, 0.8378378378378378, 0.8648648648648649, 0.8918918918918919, 0.9189189189189189, 0.9459459459459459, 0.972972972972973, 1.0), .UNSPECIFIED.)
    CURVE()
    GEOMETRIC_REPRESENTATION_ITEM()
    RATIONAL_B_SPLINE_CURVE((1.0, 1.0, 1.0, 1.0, 1.0, 1.0, 1.0, 1.0, 1.0, 1.0, 1.0, 1.0, 1.0, 1.0, 1.0, 1.0, 1.0, 1.0, 1.0, 1.0, 1.0, 1.0, 1.0, 1.0, 1.0, 1.0, 1.0, 1.0, 1.0, 1.0, 1.0, 1.0, 1.0, 1.0, 1.0, 1.0, 1.0, 1.0, 1.0, 1.0))
    REPRESENTATION_ITEM('')
);
#7311 = CARTESIAN_POINT('', (0.0, 0.9999999999999998, 1.0));
#7312 = CARTESIAN_POINT('', (2.2291110805E-16, 0.9858486817405865, 1.0));
#7313 = CARTESIAN_POINT('', (6.0086161170E-4, 0.9575460459450745, 1.0000000000000033));
#7314 = CARTESIAN_POINT('', (3.3031561841E-3, 0.9151685964129546, 0.9999999999999973));
#7315 = CARTESIAN_POINT('', (7.8015578851E-3, 0.8729440191387747, 1.0000000000000013));
#7316 = CARTESIAN_POINT('', (0.014087972356769169, 0.8309484051630716, 0.9999999999999984));
#7317 = CARTESIAN_POINT('', (0.022151064752840493, 0.7892574336779898, 1.0000000000000018));
#7318 = CARTESIAN_POINT('', (0.03197630814234007, 0.747946234482628, 0.9999999999999979));
#7319 = CARTESIAN_POINT('', (0.043545995058016554, 0.7070892532388812, 1.000000000000002));
#7320 = CARTESIAN_POINT('', (0.056839277088437994, 0.666760116950839, 0.9999999999999976));
#7321 = CARTESIAN_POINT('', (0.07183219833132565, 0.6270315014727152, 1.000000000000001));
#7322 = CARTESIAN_POINT('', (0.08849774073872597, 0.5879750004178591, 0.9999999999999982));
#7323 = CARTESIAN_POINT('', (0.1068058717678489, 0.549660996256329, 1.000000000000001));
#7324 = CARTESIAN_POINT('', (0.12672359903693642, 0.5121585334271673, 0.999999999999999));
#7325 = CARTESIAN_POINT('', (0.14821502941100556, 0.4755351939066439, 1.0000000000000004));
#7326 = CARTESIAN_POINT('', (0.17124143388092153, 0.43985697541822816, 1.0000000000000009));
#7327 = CARTESIAN_POINT('', (0.19576131725617957, 0.40518817249076955, 0.999999999999999));
#7328 = CARTESIAN_POINT('', (0.2217304931133488, 0.3715912606869137, 0.9999999999999992));
#7329 = CARTESIAN_POINT('', (0.24910216324055112, 0.3391267839186841, 1.000000000000001));
#7330 = CARTESIAN_POINT('', (0.27782700204140304, 0.3078532453723595, 0.9999999999999977));
#7331 = CARTESIAN_POINT('', (0.3078532453723589, 0.27782700204140237, 1.0000000000000009));
#7332 = CARTESIAN_POINT('', (0.33912678391868534, 0.24910216324055184, 1.0000000000000007));
#7333 = CARTESIAN_POINT('', (0.3715912606869135, 0.22173049311334803, 1.000000000000001));
#7334 = CARTESIAN_POINT('', (0.40518817249077027, 0.19576131725617948, 0.9999999999999992));
#7335 = CARTESIAN_POINT('', (0.4398569754182275, 0.17124143388092075, 1.0000000000000002));
#7336 = CARTESIAN_POINT('', (0.47553519390664506, 0.14821502941100584, 1.0000000000000002));
#7337 = CARTESIAN_POINT('', (0.5121585334271662, 0.12672359903693567, 0.9999999999999993));
#7338 = CARTESIAN_POINT('', (0.5496609962563305, 0.10680587176784899, 1.0000000000000009));
#7339 = CARTESIAN_POINT('', (0.5879750004178579, 0.0884977407387255, 1.0000000000000009));
#7340 = CARTESIAN_POINT('', (0.6270315014727166, 0.07183219833132579, 0.9999999999999979));
#7341 = CARTESIAN_POINT('', (0.6667601169508405, 0.056839277088437765, 1.0000000000000029));
#7342 = CARTESIAN_POINT('', (0.7070892532388805, 0.04354599505801641, 0.9999999999999993));
#7343 = CARTESIAN_POINT('', (0.7479462344826295, 0.0319763081423398, 1.0000000000000004));
#7344 = CARTESIAN_POINT('', (0.789257433677989, 0.022151064752840417, 1.000000000000001));
#7345 = CARTESIAN_POINT('', (0.8309484051630711, 0.014087972356768782, 0.999999999999998));
#7346 = CARTESIAN_POINT('', (0.8729440191387751, 7.8015578851E-3, 1.0000000000000013));
#7347 = CARTESIAN_POINT('', (0.9151685964129563, 3.3031561841E-3, 0.9999999999999991));
#7348 = CARTESIAN_POINT('', (0.9575460459450705, 6.0086161170E-4, 1.0000000000000004));
#7349 = CARTESIAN_POINT('', (0.9858486817405867, 9.9261673506E-24, 1.0000000000000002));
#7350 = CARTESIAN_POINT('', (1.0000000000000002, 0.0, 1.0000000000000002));
#7351 = PCURVE('', #7352, #7553);
#7352 = (
    BOUNDED_SURFACE()
    B_SPLINE_SURFACE(2, 3, ((#7353, #7354, #7355, #7356, #7357, #7358, #7359, #7360, #7361, #7362, #7363, #7364, #7365, #7366, #7367, #7368, #7369, #7370, #7371, #7372, #7373, #7374, #7375, #7376, #7377, #7378, #7379, #7380, #7381, #7382, #7383, #7384, #7385, #7386, #7387, #7388, #7389, #7390, #7391, #7392), (#7393, #7394, #7395, #7396, #7397, #7398, #7399, #7400, #7401, #7402, #7403, #7404, #7405, #7406, #7407, #7408, #7409, #7410, #7411, #7412, #7413, #7414, #7415, #7416, #7417, #7418, #7419, #7420, #7421, #7422, #7423, #7424, #7425, #7426, #7427, #7428, #7429, #7430, #7431, #7432), (#7433, #7434, #7435, #7436, #7437, #7438, #7439, #7440, #7441, #7442, #7443, #7444, #7445, #7446, #7447, #7448, #7449, #7450, #7451, #7452, #7453, #7454, #7455, #7456, #7457, #7458, #7459, #7460, #7461, #7462, #7463, #7464, #7465, #7466, #7467, #7468, #7469, #7470, #7471, #7472), (#7473, #7474, #7475, #7476, #7477, #7478, #7479, #7480, #7481, #7482, #7483, #7484, #7485, #7486, #7487, #7488, #7489, #7490, #7491, #7492, #7493, #7494, #7495, #7496, #7497, #7498, #7499, #7500, #7501, #7502, #7503, #7504, #7505, #7506, #7507, #7508, #7509, #7510, #7511, #7512), (#7513, #7514, #7515, #7516, #7517, #7518, #7519, #7520, #7521, #7522, #7523, #7524, #7525, #7526, #7527, #7528, #7529, #7530, #7531, #7532, #7533, #7534, #7535, #7536, #7537, #7538, #7539, #7540, #7541, #7542, #7543, #7544, #7545, #7546, #7547, #7548, #7549, #7550, #7551, #7552)), .UNSPECIFIED., .U., .U., .U.)
    B_SPLINE_SURFACE_WITH_KNOTS((3, 2, 3), (4, 1, 1, 1, 1, 1, 1, 1, 1, 1, 1, 1, 1, 1, 1, 1, 1, 1, 1, 1, 1, 1, 1, 1, 1, 1, 1, 1, 1, 1, 1, 1, 1, 1, 1, 1, 1, 4), (0.0, 0.5, 1.0), (0.0, 0.027027027027026973, 0.054054054054053946, 0.08108108108108103, 0.10810810810810811, 0.1351351351351351, 0.16216216216216206, 0.18918918918918914, 0.21621621621621623, 0.2432432432432432, 0.2702702702702702, 0.29729729729729726, 0.32432432432432434, 0.3513513513513513, 0.3783783783783783, 0.4054054054054054, 0.43243243243243246, 0.45945945945945943, 0.4864864864864864, 0.5135135135135135, 0.5405405405405406, 0.5675675675675675, 0.5945945945945945, 0.6216216216216216, 0.6486486486486487, 0.6756756756756757, 0.7027027027027026, 0.7297297297297297, 0.7567567567567568, 0.7837837837837838, 0.8108108108108107, 0.8378378378378378, 0.8648648648648649, 0.8918918918918919, 0.9189189189189189, 0.9459459459459459, 0.972972972972973, 1.0), .UNSPECIFIED.)
    GEOMETRIC_REPRESENTATION_ITEM()
    RATIONAL_B_SPLINE_SURFACE(((1.0, 1.0, 1.0, 1.0, 1.0, 1.0, 1.0, 1.0, 1.0, 1.0, 1.0, 1.0, 1.0, 1.0, 1.0, 1.0, 1.0, 1.0, 1.0, 1.0, 1.0, 1.0, 1.0, 1.0, 1.0, 1.0, 1.0, 1.0, 1.0, 1.0, 1.0, 1.0, 1.0, 1.0, 1.0, 1.0, 1.0, 1.0, 1.0, 1.0), (0.9081431750376247, 0.9081431750376247, 0.9081431750376247, 0.9081431750376247, 0.9081431750376247, 0.9081431750376247, 0.9081431750376247, 0.9081431750376247, 0.9081431750376247, 0.9081431750376247, 0.9081431750376247, 0.9081431750376247, 0.9081431750376247, 0.9081431750376247, 0.9081431750376247, 0.9081431750376247, 0.9081431750376247, 0.9081431750376247, 0.9081431750376247, 0.9081431750376247, 0.9081431750376247, 0.9081431750376247, 0.9081431750376247, 0.9081431750376247, 0.9081431750376247, 0.9081431750376247, 0.9081431750376247, 0.9081431750376247, 0.9081431750376247, 0.9081431750376247, 0.9081431750376247, 0.9081431750376247, 0.9081431750376247, 0.9081431750376247, 0.9081431750376247, 0.9081431750376247, 0.9081431750376247, 0.9081431750376247, 0.9081431750376247, 0.9081431750376247), (1.0, 1.0, 1.0, 1.0, 1.0, 1.0, 1.0, 1.0, 1.0, 1.0, 1.0, 1.0, 1.0, 1.0, 1.0, 1.0, 1.0, 1.0, 1.0, 1.0, 1.0, 1.0, 1.0, 1.0, 1.0, 1.0, 1.0, 1.0, 1.0, 1.0, 1.0, 1.0, 1.0, 1.0, 1.0, 1.0, 1.0, 1.0, 1.0, 1.0), (0.9081431750376247, 0.9081431750376247, 0.9081431750376247, 0.9081431750376247, 0.9081431750376247, 0.9081431750376247, 0.9081431750376247, 0.9081431750376247, 0.9081431750376247, 0.9081431750376247, 0.9081431750376247, 0.9081431750376247, 0.9081431750376247, 0.9081431750376247, 0.9081431750376247, 0.9081431750376247, 0.9081431750376247, 0.9081431750376247, 0.9081431750376247, 0.9081431750376247, 0.9081431750376247, 0.9081431750376247, 0.9081431750376247, 0.9081431750376247, 0.9081431750376247, 0.9081431750376247, 0.9081431750376247, 0.9081431750376247, 0.9081431750376247, 0.9081431750376247, 0.9081431750376247, 0.9081431750376247, 0.9081431750376247, 0.9081431750376247, 0.9081431750376247, 0.9081431750376247, 0.9081431750376247, 0.9081431750376247, 0.9081431750376247, 0.9081431750376247), (1.0, 1.0, 1.0, 1.0, 1.0, 1.0, 1.0, 1.0, 1.0, 1.0, 1.0, 1.0, 1.0, 1.0, 1.0, 1.0, 1.0, 1.0, 1.0, 1.0, 1.0, 1.0, 1.0, 1.0, 1.0, 1.0, 1.0, 1.0, 1.0, 1.0, 1.0, 1.0, 1.0, 1.0, 1.0, 1.0, 1.0, 1.0, 1.0, 1.0)))
    REPRESENTATION_ITEM('')
    SURFACE()
);
#7353 = CARTESIAN_POINT('', (1.0000000000000002, 0.0, 1.0000000000000002));
#7354 = CARTESIAN_POINT('', (1.0000000000000002, 2.2291110805E-16, 0.9858486817405865));
#7355 = CARTESIAN_POINT('', (1.000000000000005, 6.0086161170E-4, 0.9575460459450745));
#7356 = CARTESIAN_POINT('', (0.9999999999999961, 3.3031561841E-3, 0.9151685964129546));
#7357 = CARTESIAN_POINT('', (1.0000000000000024, 7.8015578851E-3, 0.8729440191387747));
#7358 = CARTESIAN_POINT('', (0.9999999999999968, 0.014087972356769169, 0.8309484051630716));
#7359 = CARTESIAN_POINT('', (1.000000000000003, 0.022151064752840493, 0.7892574336779898));
#7360 = CARTESIAN_POINT('', (0.9999999999999977, 0.03197630814234007, 0.747946234482628));
#7361 = CARTESIAN_POINT('', (1.0000000000000027, 0.043545995058016554, 0.7070892532388812));
#7362 = CARTESIAN_POINT('', (0.9999999999999976, 0.056839277088437994, 0.666760116950839));
#7363 = CARTESIAN_POINT('', (1.000000000000001, 0.07183219833132565, 0.6270315014727152));
#7364 = CARTESIAN_POINT('', (0.9999999999999998, 0.08849774073872597, 0.5879750004178591));
#7365 = CARTESIAN_POINT('', (1.0000000000000009, 0.1068058717678489, 0.549660996256329));
#7366 = CARTESIAN_POINT('', (0.9999999999999997, 0.12672359903693642, 0.5121585334271673));
#7367 = CARTESIAN_POINT('', (1.0000000000000007, 0.14821502941100556, 0.4755351939066439));
#7368 = CARTESIAN_POINT('', (1.000000000000001, 0.17124143388092153, 0.4398569754182282));
#7369 = CARTESIAN_POINT('', (1.0, 0.19576131725617957, 0.40518817249076955));
#7370 = CARTESIAN_POINT('', (0.9999999999999999, 0.2217304931133488, 0.3715912606869137));
#7371 = CARTESIAN_POINT('', (1.0000000000000016, 0.24910216324055112, 0.3391267839186841));
#7372 = CARTESIAN_POINT('', (0.9999999999999983, 0.27782700204140304, 0.3078532453723595));
#7373 = CARTESIAN_POINT('', (1.0000000000000004, 0.3078532453723589, 0.2778270020414024));
#7374 = CARTESIAN_POINT('', (1.0000000000000018, 0.33912678391868534, 0.2491021632405519));
#7375 = CARTESIAN_POINT('', (1.0000000000000013, 0.3715912606869135, 0.22173049311334803));
#7376 = CARTESIAN_POINT('', (0.9999999999999992, 0.40518817249077027, 0.1957613172561795));
#7377 = CARTESIAN_POINT('', (1.0000000000000002, 0.4398569754182275, 0.17124143388092072));
#7378 = CARTESIAN_POINT('', (1.0000000000000007, 0.47553519390664506, 0.14821502941100584));
#7379 = CARTESIAN_POINT('', (0.9999999999999993, 0.5121585334271662, 0.12672359903693564));
#7380 = CARTESIAN_POINT('', (1.000000000000001, 0.5496609962563305, 0.10680587176784895));
#7381 = CARTESIAN_POINT('', (1.0000000000000009, 0.5879750004178579, 0.08849774073872552));
#7382 = CARTESIAN_POINT('', (0.9999999999999983, 0.6270315014727166, 0.07183219833132581));
#7383 = CARTESIAN_POINT('', (1.0000000000000027, 0.6667601169508405, 0.05683927708843772));
#7384 = CARTESIAN_POINT('', (0.9999999999999993, 0.7070892532388805, 0.043545995058016373));
#7385 = CARTESIAN_POINT('', (1.0000000000000004, 0.7479462344826295, 0.03197630814233976));
#7386 = CARTESIAN_POINT('', (1.000000000000001, 0.789257433677989, 0.022151064752840455));
#7387 = CARTESIAN_POINT('', (0.9999999999999978, 0.8309484051630711, 0.01408797235676873));
#7388 = CARTESIAN_POINT('', (1.0000000000000013, 0.8729440191387751, 7.8015578851E-3));
#7389 = CARTESIAN_POINT('', (0.9999999999999991, 0.9151685964129563, 3.3031561841E-3));
#7390 = CARTESIAN_POINT('', (1.0000000000000004, 0.9575460459450705, 6.0086161170E-4));
#7391 = CARTESIAN_POINT('', (1.0000000000000002, 0.9858486817405867, 0.0));
#7392 = CARTESIAN_POINT('', (1.0000000000000002, 1.0000000000000002, 0.0));
#7393 = CARTESIAN_POINT('', (1.0000000000000002, 0.0, 1.0000000000000002));
#7394 = CARTESIAN_POINT('', (0.9934761529746361, 3.1981891928E-11, 0.9858486817405865));
#7395 = CARTESIAN_POINT('', (0.9804284592573662, 6.0086170765E-4, 0.9575460459464302));
#7396 = CARTESIAN_POINT('', (0.9608921875825452, 3.3031563758E-3, 0.9151685964204216));
#7397 = CARTESIAN_POINT('', (0.9414263909834137, 7.8015581723E-3, 0.8729440191564051));
#7398 = CARTESIAN_POINT('', (0.9220661479098363, 0.014087972738822067, 0.8309484051949116));
#7399 = CARTESIAN_POINT('', (0.9028463469470203, 0.022151065229114072, 0.7892574337280494));
#7400 = CARTESIAN_POINT('', (0.8838016234064641, 0.031976308711976056, 0.747946234554895));
#7401 = CARTESIAN_POINT('', (0.8649662972081441, 0.04354599571998842, 0.707089253337293));
#7402 = CARTESIAN_POINT('', (0.8463743108655788, 0.05683927784155282, 0.6667601170792957));
#7403 = CARTESIAN_POINT('', (0.8280591684062306, 0.07183219917422629, 0.6270315016350541));
#7404 = CARTESIAN_POINT('', (0.8100538749376611, 0.08849774166989344, 0.5879750006178622));
#7405 = CARTESIAN_POINT('', (0.792390877222753, 0.10680587278560519, 0.5496609964977077));
#7406 = CARTESIAN_POINT('', (0.7751020051836328, 0.12672360013944745, 0.5121585337135601));
#7407 = CARTESIAN_POINT('', (0.7582184145378701, 0.14821503059628455, 0.47553519424160634));
#7408 = CARTESIAN_POINT('', (0.7417705306524873, 0.17124143514683252, 0.43985697580522964));
#7409 = CARTESIAN_POINT('', (0.725787993711041, 0.19576131860044127, 0.4051881729331859));
#7410 = CARTESIAN_POINT('', (0.7102996053421906, 0.22173049453353877, 0.37159126118802));
#7411 = CARTESIAN_POINT('', (0.6953332766714677, 0.2491021647341101, 0.33912678448164896));
#7412 = CARTESIAN_POINT('', (0.6809159780369485, 0.2778270036056395, 0.30785324600024333));
#7413 = CARTESIAN_POINT('', (0.6670736903682939, 0.30785324700445404, 0.2778270027371439));
#7414 = CARTESIAN_POINT('', (0.6538313584010716, 0.339126785615698, 0.24910216400697036));
#7415 = CARTESIAN_POINT('', (0.641212845732132, 0.37159126244578555, 0.2217304939531356));
#7416 = CARTESIAN_POINT('', (0.6292408917726997, 0.40518817430833215, 0.19576131817189643));
#7417 = CARTESIAN_POINT('', (0.6179370707937935, 0.4398569772912037, 0.17124143487498789));
#7418 = CARTESIAN_POINT('', (0.6073217530154698, 0.4755351958316604, 0.14821503048570467));
#7419 = CARTESIAN_POINT('', (0.59741406798242, 0.5121585354007517, 0.12672360019440315));
#7420 = CARTESIAN_POINT('', (0.5882318700122786, 0.5496609982749296, 0.10680587301007034));
#7421 = CARTESIAN_POINT('', (0.579791706066784, 0.587975002477833, 0.08849774206753572));
#7422 = CARTESIAN_POINT('', (0.5721087858421394, 0.6270315035703554, 0.07183219974840421));
#7423 = CARTESIAN_POINT('', (0.5651969545301126, 0.666760119082363, 0.05683927859529993));
#7424 = CARTESIAN_POINT('', (0.5590686676213052, 0.7070892554004455, 0.04354599665602309));
#7425 = CARTESIAN_POINT('', (0.5537349689378626, 0.7479462366703418, 0.03197630983268168));
#7426 = CARTESIAN_POINT('', (0.5492054697290232, 0.7892574358879061, 0.022151066536544476));
#7427 = CARTESIAN_POINT('', (0.5454883332489355, 0.8309484073912107, 0.014087974234695011));
#7428 = CARTESIAN_POINT('', (0.542590256504486, 0.8729440213811218, 7.8015598580E-3));
#7429 = CARTESIAN_POINT('', (0.5405164649312547, 0.9151685986654694, 3.3031582523E-3));
#7430 = CARTESIAN_POINT('', (0.539270690079446, 0.9575460482036907, 6.0086377573E-4));
#7431 = CARTESIAN_POINT('', (0.538993689084464, 0.9858486840005648, 2.2279964650E-9));
#7432 = CARTESIAN_POINT('', (0.5389936890844642, 1.0000000022599782, 2.2599780951E-9));
#7433 = CARTESIAN_POINT('', (1.0000000000000002, 0.0, 1.0000000000000002));
#7434 = CARTESIAN_POINT('', (0.9892392532276736, 5.2752324291E-11, 0.9908094539127931));
#7435 = CARTESIAN_POINT('', (0.9677177602340696, 6.0086176996E-4, 0.9724283622103708));
#7436 = CARTESIAN_POINT('', (0.9354936949669904, 3.3031565003E-3, 0.9449064101419469));
#7437 = CARTESIAN_POINT('', (0.9033858746793448, 7.8015583588E-3, 0.9174837406704431));
#7438 = CARTESIAN_POINT('', (0.8714521594519682, 0.014087972986945736, 0.8902097709739571));
#7439 = CARTESIAN_POINT('', (0.8397500961937502, 0.0221510655384292, 0.8631336507563994));
#7440 = CARTESIAN_POINT('', (0.8083368140517967, 0.03197630908192528, 0.8363041729194607));
#7441 = CARTESIAN_POINT('', (0.7772689219512301, 0.04354599614990504, 0.8097696860532102));
#7442 = CARTESIAN_POINT('', (0.7466024063048626, 0.056839278330662074, 0.7835780070720209));
#7443 = CARTESIAN_POINT('', (0.7163925302654915, 0.07183219972164682, 0.7577763351677891));
#7444 = CARTESIAN_POINT('', (0.6866937340434814, 0.08849774227463873, 0.732411166673202));
#7445 = CARTESIAN_POINT('', (0.6575595368886277, 0.10680587344658546, 0.7075282113462686));
#7446 = CARTESIAN_POINT('', (0.629042440603949, 0.12672360085547155, 0.6831723099633576));
#7447 = CARTESIAN_POINT('', (0.6011938349270558, 0.14821503136606218, 0.65938735350722));
#7448 = CARTESIAN_POINT('', (0.5740639049202731, 0.17124143596897642, 0.6362162040707061));
#7449 = CARTESIAN_POINT('', (0.5477015405265802, 0.19576131947347, 0.6137006176102242));
#7450 = CARTESIAN_POINT('', (0.5221542485362074, 0.221730495455879, 0.5918811687581119));
#7451 = CARTESIAN_POINT('', (0.4974680669007302, 0.24910216570409974, 0.5707971776399625));
#7452 = CARTESIAN_POINT('', (0.47368748179169295, 0.27782700462153054, 0.5504866390360046));
#7453 = CARTESIAN_POINT('', (0.4508553474028332, 0.3078532480644158, 0.5309861538856997));
#7454 = CARTESIAN_POINT('', (0.4290128087795725, 0.33912678671782026, 0.5123308633779432));
#7455 = CARTESIAN_POINT('', (0.4081992276851707, 0.37159126358808225, 0.4945543856347491));
#7456 = CARTESIAN_POINT('', (0.3884521115970926, 0.4051881754887448, 0.47768875506842384));
#7457 = CARTESIAN_POINT('', (0.36980704615454996, 0.43985697850760525, 0.46176436468631143));
#7458 = CARTESIAN_POINT('', (0.35229763097724465, 0.47553519708185865, 0.4468099112748383));
#7459 = CARTESIAN_POINT('', (0.3359554192553096, 0.5121585366824939, 0.4328523438044345));
#7460 = CARTESIAN_POINT('', (0.32080986075808005, 0.5496609995859058, 0.4199168147544199));
#7461 = CARTESIAN_POINT('', (0.306888248839264, 0.5879750038156807, 0.4080266348511653));
#7462 = CARTESIAN_POINT('', (0.29421567110252855, 0.6270315049326638, 0.39720323093250326));
#7463 = CARTESIAN_POINT('', (0.2828149644723439, 0.6667601204666771, 0.38746610757459654));
#7464 = CARTESIAN_POINT('', (0.2727066736333197, 0.7070892568042707, 0.3788328115958225));
#7465 = CARTESIAN_POINT('', (0.2639090147962524, 0.7479462380911482, 0.3713189011099869));
#7466 = CARTESIAN_POINT('', (0.2564378412173607, 0.7892574373231334, 0.3649379160770266));
#7467 = CARTESIAN_POINT('', (0.25030661776018015, 0.8309484088382725, 0.3597013565767915));
#7468 = CARTESIAN_POINT('', (0.24552639078953764, 0.8729440228374105, 0.355618657096051));
#7469 = CARTESIAN_POINT('', (0.24210577938985867, 0.9151686001283605, 0.3526971790282711));
#7470 = CARTESIAN_POINT('', (0.24005093855922066, 0.9575460496705481, 0.35094217923830673));
#7471 = CARTESIAN_POINT('', (0.23959403985608085, 0.9858486854683042, 0.35055195094012814));
#7472 = CARTESIAN_POINT('', (0.23959403988040007, 1.0000000037277175, 0.3505519509928803));
#7473 = CARTESIAN_POINT('', (1.0000000000000002, 0.0, 1.0000000000000002));
#7474 = CARTESIAN_POINT('', (0.985002353480711, 7.3522756653E-11, 0.9957702260849995));
#7475 = CARTESIAN_POINT('', (0.9550070612107733, 6.0086183227E-4, 0.9873106784743112));
#7476 = CARTESIAN_POINT('', (0.9100952023514355, 3.3031566248E-3, 0.9746442238634724));
#7477 = CARTESIAN_POINT('', (0.8653453583752759, 7.8015585453E-3, 0.9620234621844813));
#7478 = CARTESIAN_POINT('', (0.8208381709941002, 0.014087973235069405, 0.9494711367530025));
#7479 = CARTESIAN_POINT('', (0.7766538454404803, 0.02215106584774433, 0.9370098677847492));
#7480 = CARTESIAN_POINT('', (0.7328720046971297, 0.0319763094518745, 0.9246621112840262));
#7481 = CARTESIAN_POINT('', (0.6895715466943161, 0.043545996579821666, 0.9124501187691273));
#7482 = CARTESIAN_POINT('', (0.6468305017441465, 0.05683927881977133, 0.9003958970647459));
#7483 = CARTESIAN_POINT('', (0.6047258921247524, 0.07183220026906736, 0.8885211687005241));
#7484 = CARTESIAN_POINT('', (0.5633335931493018, 0.088497742879384, 0.8768473327285419));
#7485 = CARTESIAN_POINT('', (0.5227281965545021, 0.10680587410756573, 0.8653954261948299));
#7486 = CARTESIAN_POINT('', (0.4829828760242654, 0.12672360157149565, 0.854186086213155));
#7487 = CARTESIAN_POINT('', (0.4441692553162414, 0.1482150321358398, 0.8432395127728337));
#7488 = CARTESIAN_POINT('', (0.4063572791880589, 0.17124143679112036, 0.8325754323361824));
#7489 = CARTESIAN_POINT('', (0.36961508734211934, 0.19576132034649874, 0.8222130622872625));
#7490 = CARTESIAN_POINT('', (0.33400889173022413, 0.22173049637821923, 0.8121710763282037));
#7491 = CARTESIAN_POINT('', (0.2996028571299929, 0.24910216667408938, 0.8024675707982759));
#7492 = CARTESIAN_POINT('', (0.2664589855464372, 0.2778270056374216, 0.7931200320717661));
#7493 = CARTESIAN_POINT('', (0.2346370044373724, 0.30785324912437756, 0.7841453050342555));
#7494 = CARTESIAN_POINT('', (0.2041942591580732, 0.33912678781994254, 0.7755595627489161));
#7495 = CARTESIAN_POINT('', (0.17518560963820964, 0.37159126473037907, 0.7673782773163624));
#7496 = CARTESIAN_POINT('', (0.14766333142148552, 0.4051881766691575, 0.7596161919649513));
#7497 = CARTESIAN_POINT('', (0.12167702151530638, 0.4398569797240069, 0.7522872944976351));
#7498 = CARTESIAN_POINT('', (0.09727350893901962, 0.47553519833205693, 0.745404792063972));
#7499 = CARTESIAN_POINT('', (0.07449677052819915, 0.5121585379642359, 0.7389810874144658));
#7500 = CARTESIAN_POINT('', (0.053387851503881464, 0.5496610008968821, 0.7330277564987696));
#7501 = CARTESIAN_POINT('', (0.033984791611744045, 0.5879750051535284, 0.7275555276347948));
#7502 = CARTESIAN_POINT('', (0.016322556362917615, 0.6270315062949723, 0.7225742621166026));
#7503 = CARTESIAN_POINT('', (4.3297441457E-4, 0.6667601218509912, 0.7180929365538931));
#7504 = CARTESIAN_POINT('', (-0.013655320354665892, 0.7070892582080959, 0.7141196265356221));
#7505 = CARTESIAN_POINT('', (-0.02591693934535769, 0.7479462395119547, 0.7106614923872918));
#7506 = CARTESIAN_POINT('', (-0.03632978729430172, 0.7892574387583609, 0.707724765617509));
#7507 = CARTESIAN_POINT('', (-0.04487509772857526, 0.8309484102853344, 0.7053147389188879));
#7508 = CARTESIAN_POINT('', (-0.051537474925410734, 0.8729440242936992, 0.7034357543341314));
#7509 = CARTESIAN_POINT('', (-0.05630490615153761, 0.9151686015912517, 0.7020911998042199));
#7510 = CARTESIAN_POINT('', (-0.05916881296100446, 0.9575460511374055, 0.7012834947008786));
#7511 = CARTESIAN_POINT('', (-0.05980560937230225, 0.9858486869360434, 0.7011038996522597));
#7512 = CARTESIAN_POINT('', (-0.05980560932366413, 1.000000005195457, 0.7011038997257825));
#7513 = CARTESIAN_POINT('', (1.0000000000000002, 0.0, 1.0000000000000002));
#7514 = CARTESIAN_POINT('', (0.9860229079254799, 6.8519721341E-11, 1.002213753739601));
#7515 = CARTESIAN_POINT('', (0.9580687244942552, 6.0086181726E-4, 1.0066412611085558));
#7516 = CARTESIAN_POINT('', (0.9162130116257421, 3.3031565948E-3, 1.013270554284077));
#7517 = CARTESIAN_POINT('', (0.8745082889144541, 7.8015585003E-3, 1.0198759329801388));
#7518 = CARTESIAN_POINT('', (0.833029710594049, 0.014087973175303373, 1.0264454939363783));
#7519 = CARTESIAN_POINT('', (0.7918520241203031, 0.02215106577323897, 1.0329673983196455));
#7520 = CARTESIAN_POINT('', (0.7510494343198748, 0.03197630936276411, 1.039429893240823));
#7521 = CARTESIAN_POINT('', (0.7106954703050568, 0.043545996476266835, 1.0458213328333608));
#7522 = CARTESIAN_POINT('', (0.6708628526093594, 0.05683927870195861, 1.0521301992970242));
#7523 = CARTESIAN_POINT('', (0.6316233623266259, 0.07183220013720915, 1.058345123624135));
#7524 = CARTESIAN_POINT('', (0.5930477116340004, 0.08849774273371783, 1.06445490610679));
#7525 = CARTESIAN_POINT('', (0.555205416476499, 0.10680587394835415, 1.0704485365015908));
#7526 = CARTESIAN_POINT('', (0.5181646712414851, 0.12672360139902555, 1.0763152138792857));
#7527 = CARTESIAN_POINT('', (0.4819922258588729, 0.14821503195042202, 1.0820443660901664));
#7528 = CARTESIAN_POINT('', (0.44675326551053973, 0.171241436593089, 1.0876256688162385));
#7529 = CARTESIAN_POINT('', (0.4125112931528754, 0.1957613201362107, 1.0930490641778112));
#7530 = CARTESIAN_POINT('', (0.37932801517054004, 0.22173049615605342, 1.0983047788441638));
#7531 = CARTESIAN_POINT('', (0.34726323007937665, 0.24910216644044617, 1.103383341661272));
#7532 = CARTESIAN_POINT('', (0.3163747207941884, 0.277827005392722, 1.1082756007149241));
#7533 = CARTESIAN_POINT('', (0.2867181504601365, 0.3078532488690625, 1.1129727398293812));
#7534 = CARTESIAN_POINT('', (0.25834696221629805, 0.3391267875544723, 1.1174662944433011));
#7535 = CARTESIAN_POINT('', (0.2313122829034837, 0.37159126445523183, 1.121748166860902));
#7536 = CARTESIAN_POINT('', (0.20566283083789627, 0.4051881763848292, 1.1258106408591804));
#7537 = CARTESIAN_POINT('', (0.18144482806750606, 0.43985697943100993, 1.1296463955851344));
#7538 = CARTESIAN_POINT('', (0.1587019170072782, 0.47553519803091926, 1.1332485187594592));
#7539 = CARTESIAN_POINT('', (0.13747508197277192, 0.5121585376555002, 1.1366105191043918));
#7540 = CARTESIAN_POINT('', (0.11780257515445147, 0.5496610005811048, 1.1397263380682245));
#7541 = CARTESIAN_POINT('', (0.09971984778292664, 0.5879750048312786, 1.1425903607276768));
#7542 = CARTESIAN_POINT('', (0.0832594860486594, 0.6270315059668304, 1.1451974259372013));
#7543 = CARTESIAN_POINT('', (0.06845115274365321, 0.6667601215175488, 1.1475428355720263));
#7544 = CARTESIAN_POINT('', (0.05532153327850442, 0.7070892578699539, 1.149622363078251));
#7545 = CARTESIAN_POINT('', (0.04389428861821143, 0.7479462391697224, 1.151432260927028));
#7546 = CARTESIAN_POINT('', (0.034190010495286915, 0.7892574384126548, 1.1529692677081549));
#7547 = CARTESIAN_POINT('', (0.026226188368286163, 0.8309484099367778, 1.154230613363311));
#7548 = CARTESIAN_POINT('', (0.020017170317192967, 0.8729440239429201, 1.1552140253796062));
#7549 = CARTESIAN_POINT('', (0.015574151636952749, 0.9151686012388823, 1.1559177305962272));
#7550 = CARTESIAN_POINT('', (0.012905127030327201, 0.9575460507840808, 1.1563404627763012));
#7551 = CARTESIAN_POINT('', (0.012311663181501342, 0.9858486865825062, 1.156434458371255));
#7552 = CARTESIAN_POINT('', (0.01231166326172739, 1.0000000048419198, 1.1564344584397745));
#7553 = DEFINITIONAL_REPRESENTATION('', (#7555), #7554);
#7554 = (
    GEOMETRIC_REPRESENTATION_CONTEXT(2)
    PARAMETRIC_REPRESENTATION_CONTEXT()
    REPRESENTATION_CONTEXT('2D SPACE', '')
);
#7555 = (
    BOUNDED_CURVE()
    B_SPLINE_CURVE(3, (#7556, #7557, #7558, #7559, #7560, #7561, #7562, #7563, #7564, #7565, #7566, #7567, #7568, #7569, #7570, #7571, #7572, #7573, #7574, #7575, #7576, #7577, #7578, #7579, #7580, #7581, #7582, #7583, #7584, #7585, #7586, #7587, #7588, #7589, #7590, #7591, #7592, #7593, #7594, #7595, #7596, #7597, #7598, #7599, #7600, #7601, #7602, #7603, #7604, #7605, #7606, #7607, #7608, #7609, #7610, #7611, #7612, #7613, #7614, #7615, #7616, #7617, #7618, #7619, #7620, #7621, #7622, #7623, #7624, #7625, #7626, #7627, #7628, #7629, #7630, #7631, #7632, #7633, #7634, #7635, #7636, #7637, #7638, #7639, #7640, #7641, #7642, #7643, #7644, #7645, #7646, #7647, #7648, #7649, #7650, #7651, #7652, #7653, #7654, #7655, #7656, #7657, #7658, #7659, #7660, #7661, #7662, #7663, #7664, #7665, #7666, #7667), .UNSPECIFIED., .U., .U.)
    B_SPLINE_CURVE_WITH_KNOTS((4, 3, 3, 3, 3, 3, 3, 3, 3, 3, 3, 3, 3, 3, 3, 3, 3, 3, 3, 3, 3, 3, 3, 3, 3, 3, 3, 3, 3, 3, 3, 3, 3, 3, 3, 3, 3, 4), (0.0, 0.027027027027026973, 0.054054054054053946, 0.08108108108108103, 0.10810810810810811, 0.1351351351351351, 0.16216216216216206, 0.18918918918918914, 0.21621621621621623, 0.2432432432432432, 0.2702702702702702, 0.29729729729729726, 0.32432432432432434, 0.3513513513513513, 0.3783783783783783, 0.4054054054054054, 0.43243243243243246, 0.45945945945945943, 0.4864864864864864, 0.5135135135135135, 0.5405405405405406, 0.5675675675675675, 0.5945945945945945, 0.6216216216216216, 0.6486486486486487, 0.6756756756756757, 0.7027027027027026, 0.7297297297297297, 0.7567567567567568, 0.7837837837837838, 0.8108108108108107, 0.8378378378378378, 0.8648648648648649, 0.8918918918918919, 0.9189189189189189, 0.9459459459459459, 0.972972972972973, 1.0), .UNSPECIFIED.)
    CURVE()
    GEOMETRIC_REPRESENTATION_ITEM()
    RATIONAL_B_SPLINE_CURVE((1.0, 1.0, 1.0, 1.0, 1.0, 1.0, 1.0, 1.0, 1.0, 1.0, 1.0, 1.0, 1.0, 1.0, 1.0, 1.0, 1.0, 1.0, 1.0, 1.0, 1.0, 1.0, 1.0, 1.0, 1.0, 1.0, 1.0, 1.0, 1.0, 1.0, 1.0, 1.0, 1.0, 1.0, 1.0, 1.0, 1.0, 1.0, 1.0, 1.0, 1.0, 1.0, 1.0, 1.0, 1.0, 1.0, 1.0, 1.0, 1.0, 1.0, 1.0, 1.0, 1.0, 1.0, 1.0, 1.0, 1.0, 1.0, 1.0, 1.0, 1.0, 1.0, 1.0, 1.0, 1.0, 1.0, 1.0, 1.0, 1.0, 1.0, 1.0, 1.0, 1.0, 1.0, 1.0, 1.0, 1.0, 1.0, 1.0, 1.0, 1.0, 1.0, 1.0, 1.0, 1.0, 1.0, 1.0, 1.0, 1.0, 1.0, 1.0, 1.0, 1.0, 1.0, 1.0, 1.0, 1.0, 1.0, 1.0, 1.0, 1.0, 1.0, 1.0, 1.0, 1.0, 1.0, 1.0, 1.0, 1.0, 1.0, 1.0, 1.0))
    REPRESENTATION_ITEM('')
);
#7556 = CARTESIAN_POINT('', (0.9076030384457985, 0.999999996879115));
#7557 = CARTESIAN_POINT('', (0.9076030384860782, 0.9909909879142768));
#7558 = CARTESIAN_POINT('', (0.9076030385255061, 0.9819819789494203));
#7559 = CARTESIAN_POINT('', (0.9076030385641455, 0.9729729699845432));
#7560 = CARTESIAN_POINT('', (0.9076030386027849, 0.9639639610196661));
#7561 = CARTESIAN_POINT('', (0.9076030386406376, 0.954954952054728));
#7562 = CARTESIAN_POINT('', (0.907603038677768, 0.9459459430897305));
#7563 = CARTESIAN_POINT('', (0.9076030387148984, 0.9369369341247329));
#7564 = CARTESIAN_POINT('', (0.9076030387513067, 0.927927925159637));
#7565 = CARTESIAN_POINT('', (0.9076030387870465, 0.9189189161944418));
#7566 = CARTESIAN_POINT('', (0.9076030388227864, 0.9099099072292466));
#7567 = CARTESIAN_POINT('', (0.9076030388578578, 0.9009008982639125));
#7568 = CARTESIAN_POINT('', (0.9076030388923141, 0.8918918892984394));
#7569 = CARTESIAN_POINT('', (0.9076030389267704, 0.8828828803329665));
#7570 = CARTESIAN_POINT('', (0.9076030389606119, 0.8738738713673152));
#7571 = CARTESIAN_POINT('', (0.9076030389938823, 0.8648648624014859));
#7572 = CARTESIAN_POINT('', (0.9076030390271527, 0.8558558534356565));
#7573 = CARTESIAN_POINT('', (0.9076030390598521, 0.8468468444696102));
#7574 = CARTESIAN_POINT('', (0.9076030390920246, 0.8378378355033471));
#7575 = CARTESIAN_POINT('', (0.907603039124197, 0.828828826537084));
#7576 = CARTESIAN_POINT('', (0.9076030391558427, 0.819819817570566));
#7577 = CARTESIAN_POINT('', (0.9076030391869991, 0.8108108086037921));
#7578 = CARTESIAN_POINT('', (0.9076030392181555, 0.8018017996370181));
#7579 = CARTESIAN_POINT('', (0.9076030392488228, 0.7927927906699503));
#7580 = CARTESIAN_POINT('', (0.9076030392790366, 0.7837837817025892));
#7581 = CARTESIAN_POINT('', (0.9076030393092505, 0.7747747727352281));
#7582 = CARTESIAN_POINT('', (0.9076030393390107, 0.7657657637675362));
#7583 = CARTESIAN_POINT('', (0.9076030393683504, 0.7567567547995135));
#7584 = CARTESIAN_POINT('', (0.9076030393976902, 0.7477477458314908));
#7585 = CARTESIAN_POINT('', (0.9076030394266095, 0.7387387368631002));
#7586 = CARTESIAN_POINT('', (0.9076030394551383, 0.7297297278943413));
#7587 = CARTESIAN_POINT('', (0.9076030394836672, 0.7207207189255823));
#7588 = CARTESIAN_POINT('', (0.9076030395118059, 0.7117117099564189));
#7589 = CARTESIAN_POINT('', (0.9076030395395809, 0.7027027009868515));
#7590 = CARTESIAN_POINT('', (0.9076030395673559, 0.6936936920172841));
#7591 = CARTESIAN_POINT('', (0.9076030395947673, 0.6846846830472775));
#7592 = CARTESIAN_POINT('', (0.9076030396218423, 0.6756756740768306));
#7593 = CARTESIAN_POINT('', (0.9076030396489173, 0.6666666651063838));
#7594 = CARTESIAN_POINT('', (0.9076030396756558, 0.6576576561354621));
#7595 = CARTESIAN_POINT('', (0.9076030397020809, 0.6486486471640662));
#7596 = CARTESIAN_POINT('', (0.907603039728506, 0.6396396381926703));
#7597 = CARTESIAN_POINT('', (0.9076030397546174, 0.6306306292207662));
#7598 = CARTESIAN_POINT('', (0.9076030397804377, 0.6216216202483535));
#7599 = CARTESIAN_POINT('', (0.9076030398062579, 0.6126126112759408));
#7600 = CARTESIAN_POINT('', (0.9076030398317869, 0.6036036023029866));
#7601 = CARTESIAN_POINT('', (0.9076030398570463, 0.5945945933294912));
#7602 = CARTESIAN_POINT('', (0.9076030398823056, 0.5855855843559957));
#7603 = CARTESIAN_POINT('', (0.9076030399072954, 0.576576575381927));
#7604 = CARTESIAN_POINT('', (0.9076030399320344, 0.5675675664072848));
#7605 = CARTESIAN_POINT('', (0.9076030399567734, 0.5585585574326426));
#7606 = CARTESIAN_POINT('', (0.9076030399812614, 0.5495495484573959));
#7607 = CARTESIAN_POINT('', (0.907603040005516, 0.5405405394815451));
#7608 = CARTESIAN_POINT('', (0.9076030400297705, 0.5315315305056943));
#7609 = CARTESIAN_POINT('', (0.9076030400537916, 0.5225225215292093));
#7610 = CARTESIAN_POINT('', (0.9076030400775977, 0.5135135125520901));
#7611 = CARTESIAN_POINT('', (0.9076030401014039, 0.5045045035749708));
#7612 = CARTESIAN_POINT('', (0.9076030401249953, 0.49549549459718856));
#7613 = CARTESIAN_POINT('', (0.9076030401483876, 0.4864864856187433));
#7614 = CARTESIAN_POINT('', (0.9076030401717798, 0.47747747664029805));
#7615 = CARTESIAN_POINT('', (0.907603040194973, 0.4684684676611624));
#7616 = CARTESIAN_POINT('', (0.9076030402179812, 0.4594594586813362));
#7617 = CARTESIAN_POINT('', (0.9076030402409895, 0.45045044970151005));
#7618 = CARTESIAN_POINT('', (0.907603040263813, 0.4414414407209671));
#7619 = CARTESIAN_POINT('', (0.9076030402864665, 0.43243243173970736));
#7620 = CARTESIAN_POINT('', (0.9076030403091201, 0.42342342275844763));
#7621 = CARTESIAN_POINT('', (0.9076030403316038, 0.414414413776446));
#7622 = CARTESIAN_POINT('', (0.9076030403539317, 0.40540540479370274));
#7623 = CARTESIAN_POINT('', (0.9076030403762596, 0.3963963958109594));
#7624 = CARTESIAN_POINT('', (0.9076030403984319, 0.38738738682745083));
#7625 = CARTESIAN_POINT('', (0.9076030404204607, 0.3783783778431766));
#7626 = CARTESIAN_POINT('', (0.9076030404424895, 0.3693693688589024));
#7627 = CARTESIAN_POINT('', (0.9076030404643749, 0.36036035987384024));
#7628 = CARTESIAN_POINT('', (0.9076030404861293, 0.3513513508879906));
#7629 = CARTESIAN_POINT('', (0.9076030405078837, 0.34234234190214097));
#7630 = CARTESIAN_POINT('', (0.9076030405295068, 0.333333332915483));
#7631 = CARTESIAN_POINT('', (0.907603040551012, 0.3243243239280161));
#7632 = CARTESIAN_POINT('', (0.9076030405725173, 0.31531531494054915));
#7633 = CARTESIAN_POINT('', (0.9076030405939046, 0.30630630595225383));
#7634 = CARTESIAN_POINT('', (0.9076030406151839, 0.2972972969631309));
#7635 = CARTESIAN_POINT('', (0.9076030406364632, 0.28828828797400796));
#7636 = CARTESIAN_POINT('', (0.9076030406576348, 0.2792792789840395));
#7637 = CARTESIAN_POINT('', (0.9076030406787093, 0.2702702699932247));
#7638 = CARTESIAN_POINT('', (0.9076030406997839, 0.2612612610024099));
#7639 = CARTESIAN_POINT('', (0.907603040720762, 0.2522522520107323));
#7640 = CARTESIAN_POINT('', (0.9076030407416549, 0.24324324301819258));
#7641 = CARTESIAN_POINT('', (0.9076030407625477, 0.2342342340256529));
#7642 = CARTESIAN_POINT('', (0.9076030407833559, 0.22522522503223616));
#7643 = CARTESIAN_POINT('', (0.9076030408040886, 0.21621621603794258));
#7644 = CARTESIAN_POINT('', (0.9076030408248213, 0.207207207043649));
#7645 = CARTESIAN_POINT('', (0.9076030408454786, 0.1981981980484653));
#7646 = CARTESIAN_POINT('', (0.9076030408660688, 0.18918918905239065));
#7647 = CARTESIAN_POINT('', (0.907603040886659, 0.18018018005631598));
#7648 = CARTESIAN_POINT('', (0.9076030409071821, 0.17117117105933874));
#7649 = CARTESIAN_POINT('', (0.9076030409276529, 0.1621621620614599));
#7650 = CARTESIAN_POINT('', (0.9076030409481236, 0.15315315306358104));
#7651 = CARTESIAN_POINT('', (0.9076030409685427, 0.14414414406479079));
#7652 = CARTESIAN_POINT('', (0.9076030409889099, 0.13513513506508792));
#7653 = CARTESIAN_POINT('', (0.907603041009277, 0.1261261260653851));
#7654 = CARTESIAN_POINT('', (0.9076030410295907, 0.11711711706476136));
#7655 = CARTESIAN_POINT('', (0.9076030410498751, 0.10810810806321722));
#7656 = CARTESIAN_POINT('', (0.9076030410701595, 0.09909909906167308));
#7657 = CARTESIAN_POINT('', (0.907603041090419, 0.09009009005920152));
#7658 = CARTESIAN_POINT('', (0.907603041110641, 0.08108108105580286));
#7659 = CARTESIAN_POINT('', (0.9076030411308631, 0.07207207205240417));
#7660 = CARTESIAN_POINT('', (0.9076030411510407, 0.06306306304807321));
#7661 = CARTESIAN_POINT('', (0.9076030411712165, 0.054054054042810634));
#7662 = CARTESIAN_POINT('', (0.9076030411913922, 0.045045045037548054));
#7663 = CARTESIAN_POINT('', (0.9076030412115779, 0.036036036031350686));
#7664 = CARTESIAN_POINT('', (0.9076030412317423, 0.027027027024216308));
#7665 = CARTESIAN_POINT('', (0.9076030412519067, 0.018018018017081965));
#7666 = CARTESIAN_POINT('', (0.907603041292147, 9.0090034528E-3));
#7667 = CARTESIAN_POINT('', (0.907603041292147, 0.0));
#7668 = PCURVE('', #7669, #7990);
#7669 = (
    BOUNDED_SURFACE()
    B_SPLINE_SURFACE(3, 3, ((#7670, #7671, #7672, #7673, #7674, #7675, #7676, #7677, #7678, #7679, #7680, #7681, #7682, #7683, #7684, #7685, #7686, #7687, #7688, #7689, #7690, #7691, #7692, #7693, #7694, #7695, #7696, #7697, #7698, #7699, #7700, #7701, #7702, #7703, #7704, #7705, #7706, #7707, #7708, #7709), (#7710, #7711, #7712, #7713, #7714, #7715, #7716, #7717, #7718, #7719, #7720, #7721, #7722, #7723, #7724, #7725, #7726, #7727, #7728, #7729, #7730, #7731, #7732, #7733, #7734, #7735, #7736, #7737, #7738, #7739, #7740, #7741, #7742, #7743, #7744, #7745, #7746, #7747, #7748, #7749), (#7750, #7751, #7752, #7753, #7754, #7755, #7756, #7757, #7758, #7759, #7760, #7761, #7762, #7763, #7764, #7765, #7766, #7767, #7768, #7769, #7770, #7771, #7772, #7773, #7774, #7775, #7776, #7777, #7778, #7779, #7780, #7781, #7782, #7783, #7784, #7785, #7786, #7787, #7788, #7789), (#7790, #7791, #7792, #7793, #7794, #7795, #7796, #7797, #7798, #7799, #7800, #7801, #7802, #7803, #7804, #7805, #7806, #7807, #7808, #7809, #7810, #7811, #7812, #7813, #7814, #7815, #7816, #7817, #7818, #7819, #7820, #7821, #7822, #7823, #7824, #7825, #7826, #7827, #7828, #7829), (#7830, #7831, #7832, #7833, #7834, #7835, #7836, #7837, #7838, #7839, #7840, #7841, #7842, #7843, #7844, #7845, #7846, #7847, #7848, #7849, #7850, #7851, #7852, #7853, #7854, #7855, #7856, #7857, #7858, #7859, #7860, #7861, #7862, #7863, #7864, #7865, #7866, #7867, #7868, #7869), (#7870, #7871, #7872, #7873, #7874, #7875, #7876, #7877, #7878, #7879, #7880, #7881, #7882, #7883, #7884, #7885, #7886, #7887, #7888, #7889, #7890, #7891, #7892, #7893, #7894, #7895, #7896, #7897, #7898, #7899, #7900, #7901, #7902, #7903, #7904, #7905, #7906, #7907, #7908, #7909), (#7910, #7911, #7912, #7913, #7914, #7915, #7916, #7917, #7918, #7919, #7920, #7921, #7922, #7923, #7924, #7925, #7926, #7927, #7928, #7929, #7930, #7931, #7932, #7933, #7934, #7935, #7936, #7937, #7938, #7939, #7940, #7941, #7942, #7943, #7944, #7945, #7946, #7947, #7948, #7949), (#7950, #7951, #7952, #7953, #7954, #7955, #7956, #7957, #7958, #7959, #7960, #7961, #7962, #7963, #7964, #7965, #7966, #7967, #7968, #7969, #7970, #7971, #7972, #7973, #7974, #7975, #7976, #7977, #7978, #7979, #7980, #7981, #7982, #7983, #7984, #7985, #7986, #7987, #7988, #7989)), .UNSPECIFIED., .U., .U., .U.)
    B_SPLINE_SURFACE_WITH_KNOTS((4, 1, 3, 4), (4, 1, 1, 1, 1, 1, 1, 1, 1, 1, 1, 1, 1, 1, 1, 1, 1, 1, 1, 1, 1, 1, 1, 1, 1, 1, 1, 1, 1, 1, 1, 1, 1, 1, 1, 1, 1, 4), (0.0, 4.500000000000002, 9.000000000000004, 9.000100000000003), (0.0, 0.02702702702702703, 0.05405405405405406, 0.08108108108108109, 0.10810810810810811, 0.13513513513513514, 0.16216216216216217, 0.1891891891891892, 0.21621621621621623, 0.24324324324324326, 0.2702702702702703, 0.2972972972972973, 0.32432432432432434, 0.35135135135135137, 0.3783783783783784, 0.40540540540540543, 0.43243243243243246, 0.4594594594594595, 0.4864864864864865, 0.5135135135135136, 0.5405405405405406, 0.5675675675675675, 0.5945945945945946, 0.6216216216216217, 0.6486486486486487, 0.6756756756756757, 0.7027027027027027, 0.7297297297297298, 0.7567567567567568, 0.7837837837837838, 0.8108108108108109, 0.8378378378378379, 0.8648648648648649, 0.8918918918918919, 0.918918918918919, 0.945945945945946, 0.972972972972973, 1.0), .UNSPECIFIED.)
    GEOMETRIC_REPRESENTATION_ITEM()
    RATIONAL_B_SPLINE_SURFACE(((1.0, 1.0, 1.0, 1.0, 1.0, 1.0, 1.0, 1.0, 1.0, 1.0, 1.0, 1.0, 1.0, 1.0, 1.0, 1.0, 1.0, 1.0, 1.0, 1.0, 1.0, 1.0, 1.0, 1.0, 1.0, 1.0, 1.0, 1.0, 1.0, 1.0, 1.0, 1.0, 1.0, 1.0, 1.0, 1.0, 1.0, 1.0, 1.0, 1.0), (1.0, 1.0, 1.0, 1.0, 1.0, 1.0, 1.0, 1.0, 1.0, 1.0, 1.0, 1.0, 1.0, 1.0, 1.0, 1.0, 1.0, 1.0, 1.0, 1.0, 1.0, 1.0, 1.0, 1.0, 1.0, 1.0, 1.0, 1.0, 1.0, 1.0, 1.0, 1.0, 1.0, 1.0, 1.0, 1.0, 1.0, 1.0, 1.0, 1.0), (1.0, 1.0, 1.0, 1.0, 1.0, 1.0, 1.0, 1.0, 1.0, 1.0, 1.0, 1.0, 1.0, 1.0, 1.0, 1.0, 1.0, 1.0, 1.0, 1.0, 1.0, 1.0, 1.0, 1.0, 1.0, 1.0, 1.0, 1.0, 1.0, 1.0, 1.0, 1.0, 1.0, 1.0, 1.0, 1.0, 1.0, 1.0, 1.0, 1.0), (1.0, 1.0, 1.0, 1.0, 1.0, 1.0, 1.0, 1.0, 1.0, 1.0, 1.0, 1.0, 1.0, 1.0, 1.0, 1.0, 1.0, 1.0, 1.0, 1.0, 1.0, 1.0, 1.0, 1.0, 1.0, 1.0, 1.0, 1.0, 1.0, 1.0, 1.0, 1.0, 1.0, 1.0, 1.0, 1.0, 1.0, 1.0, 1.0, 1.0), (1.0, 1.0, 1.0, 1.0, 1.0, 1.0, 1.0, 1.0, 1.0, 1.0, 1.0, 1.0, 1.0, 1.0, 1.0, 1.0, 1.0, 1.0, 1.0, 1.0, 1.0, 1.0, 1.0, 1.0, 1.0, 1.0, 1.0, 1.0, 1.0, 1.0, 1.0, 1.0, 1.0, 1.0, 1.0, 1.0, 1.0, 1.0, 1.0, 1.0), (1.0, 1.0, 1.0, 1.0, 1.0, 1.0, 1.0, 1.0, 1.0, 1.0, 1.0, 1.0, 1.0, 1.0, 1.0, 1.0, 1.0, 1.0, 1.0, 1.0, 1.0, 1.0, 1.0, 1.0, 1.0, 1.0, 1.0, 1.0, 1.0, 1.0, 1.0, 1.0, 1.0, 1.0, 1.0, 1.0, 1.0, 1.0, 1.0, 1.0), (1.0, 1.0, 1.0, 1.0, 1.0, 1.0, 1.0, 1.0, 1.0, 1.0, 1.0, 1.0, 1.0, 1.0, 1.0, 1.0, 1.0, 1.0, 1.0, 1.0, 1.0, 1.0, 1.0, 1.0, 1.0, 1.0, 1.0, 1.0, 1.0, 1.0, 1.0, 1.0, 1.0, 1.0, 1.0, 1.0, 1.0, 1.0, 1.0, 1.0), (1.0, 1.0, 1.0, 1.0, 1.0, 1.0, 1.0, 1.0, 1.0, 1.0, 1.0, 1.0, 1.0, 1.0, 1.0, 1.0, 1.0, 1.0, 1.0, 1.0, 1.0, 1.0, 1.0, 1.0, 1.0, 1.0, 1.0, 1.0, 1.0, 1.0, 1.0, 1.0, 1.0, 1.0, 1.0, 1.0, 1.0, 1.0, 1.0, 1.0)))
    REPRESENTATION_ITEM('')
    SURFACE()
);
#7670 = CARTESIAN_POINT('', (1.0000000000000002, 0.0, 1.0000000000000002));
#7671 = CARTESIAN_POINT('', (0.9858486817405867, 9.9261673506E-24, 1.0000000000000002));
#7672 = CARTESIAN_POINT('', (0.9575460459450705, 6.0086161170E-4, 1.0000000000000004));
#7673 = CARTESIAN_POINT('', (0.9151685964129563, 3.3031561841E-3, 0.9999999999999991));
#7674 = CARTESIAN_POINT('', (0.8729440191387751, 7.8015578851E-3, 1.0000000000000013));
#7675 = CARTESIAN_POINT('', (0.8309484051630711, 0.014087972356768782, 0.999999999999998));
#7676 = CARTESIAN_POINT('', (0.789257433677989, 0.022151064752840417, 1.000000000000001));
#7677 = CARTESIAN_POINT('', (0.7479462344826295, 0.0319763081423398, 1.0000000000000004));
#7678 = CARTESIAN_POINT('', (0.7070892532388805, 0.04354599505801641, 0.9999999999999993));
#7679 = CARTESIAN_POINT('', (0.6667601169508405, 0.056839277088437765, 1.0000000000000029));
#7680 = CARTESIAN_POINT('', (0.6270315014727166, 0.07183219833132579, 0.9999999999999979));
#7681 = CARTESIAN_POINT('', (0.5879750004178579, 0.0884977407387255, 1.0000000000000009));
#7682 = CARTESIAN_POINT('', (0.5496609962563305, 0.10680587176784899, 1.0000000000000009));
#7683 = CARTESIAN_POINT('', (0.5121585334271662, 0.12672359903693567, 0.9999999999999993));
#7684 = CARTESIAN_POINT('', (0.47553519390664506, 0.14821502941100584, 1.0000000000000002));
#7685 = CARTESIAN_POINT('', (0.4398569754182275, 0.17124143388092075, 1.0000000000000002));
#7686 = CARTESIAN_POINT('', (0.40518817249077027, 0.19576131725617948, 0.9999999999999992));
#7687 = CARTESIAN_POINT('', (0.3715912606869135, 0.22173049311334803, 1.000000000000001));
#7688 = CARTESIAN_POINT('', (0.33912678391868534, 0.24910216324055184, 1.0000000000000007));
#7689 = CARTESIAN_POINT('', (0.3078532453723589, 0.27782700204140237, 1.0000000000000009));
#7690 = CARTESIAN_POINT('', (0.27782700204140304, 0.3078532453723595, 0.9999999999999977));
#7691 = CARTESIAN_POINT('', (0.24910216324055112, 0.3391267839186841, 1.000000000000001));
#7692 = CARTESIAN_POINT('', (0.2217304931133488, 0.3715912606869137, 0.9999999999999992));
#7693 = CARTESIAN_POINT('', (0.19576131725617957, 0.40518817249076955, 0.999999999999999));
#7694 = CARTESIAN_POINT('', (0.17124143388092153, 0.43985697541822816, 1.0000000000000009));
#7695 = CARTESIAN_POINT('', (0.14821502941100556, 0.4755351939066439, 1.0000000000000004));
#7696 = CARTESIAN_POINT('', (0.12672359903693642, 0.5121585334271673, 0.999999999999999));
#7697 = CARTESIAN_POINT('', (0.1068058717678489, 0.549660996256329, 1.000000000000001));
#7698 = CARTESIAN_POINT('', (0.08849774073872597, 0.5879750004178591, 0.9999999999999982));
#7699 = CARTESIAN_POINT('', (0.07183219833132565, 0.6270315014727152, 1.000000000000001));
#7700 = CARTESIAN_POINT('', (0.056839277088437994, 0.666760116950839, 0.9999999999999976));
#7701 = CARTESIAN_POINT('', (0.043545995058016554, 0.7070892532388812, 1.000000000000002));
#7702 = CARTESIAN_POINT('', (0.03197630814234007, 0.747946234482628, 0.9999999999999979));
#7703 = CARTESIAN_POINT('', (0.022151064752840493, 0.7892574336779898, 1.0000000000000018));
#7704 = CARTESIAN_POINT('', (0.014087972356769169, 0.8309484051630716, 0.9999999999999984));
#7705 = CARTESIAN_POINT('', (7.8015578851E-3, 0.8729440191387747, 1.0000000000000013));
#7706 = CARTESIAN_POINT('', (3.3031561841E-3, 0.9151685964129546, 0.9999999999999973));
#7707 = CARTESIAN_POINT('', (6.0086161170E-4, 0.9575460459450745, 1.0000000000000033));
#7708 = CARTESIAN_POINT('', (2.2291110805E-16, 0.9858486817405865, 1.0));
#7709 = CARTESIAN_POINT('', (0.0, 0.9999999999999998, 1.0));
#7710 = CARTESIAN_POINT('', (1.0000000000000002, 0.0, 2.500000000000001));
#7711 = CARTESIAN_POINT('', (0.9858486817405869, 9.9261673506E-24, 2.5000000000000018));
#7712 = CARTESIAN_POINT('', (0.9575460459450713, 6.0086161170E-4, 2.4999999999999942));
#7713 = CARTESIAN_POINT('', (0.9151685964129563, 3.3031561841E-3, 2.500000000000009));
#7714 = CARTESIAN_POINT('', (0.8729440191387752, 7.8015578851E-3, 2.4999999999999982));
#7715 = CARTESIAN_POINT('', (0.8309484051630714, 0.014087972356768784, 2.500000000000002));
#7716 = CARTESIAN_POINT('', (0.7892574336779891, 0.02215106475284042, 2.5000000000000027));
#7717 = CARTESIAN_POINT('', (0.7479462344826296, 0.03197630814233981, 2.5000000000000027));
#7718 = CARTESIAN_POINT('', (0.7070892532388806, 0.043545995058016415, 2.5000000000000027));
#7719 = CARTESIAN_POINT('', (0.6667601169508408, 0.05683927708843778, 2.499999999999997));
#7720 = CARTESIAN_POINT('', (0.6270315014727167, 0.0718321983313258, 2.500000000000006));
#7721 = CARTESIAN_POINT('', (0.5879750004178579, 0.08849774073872553, 2.4999999999999942));
#7722 = CARTESIAN_POINT('', (0.5496609962563308, 0.106805871767849, 2.5000000000000138));
#7723 = CARTESIAN_POINT('', (0.5121585334271661, 0.1267235990369357, 2.4999999999999942));
#7724 = CARTESIAN_POINT('', (0.4755351939066452, 0.14821502941100587, 2.500000000000004));
#7725 = CARTESIAN_POINT('', (0.4398569754182274, 0.17124143388092078, 2.4999999999999933));
#7726 = CARTESIAN_POINT('', (0.40518817249077066, 0.1957613172561795, 2.500000000000003));
#7727 = CARTESIAN_POINT('', (0.37159126068691345, 0.22173049311334805, 2.4999999999999973));
#7728 = CARTESIAN_POINT('', (0.33912678391868545, 0.24910216324055187, 2.5000000000000093));
#7729 = CARTESIAN_POINT('', (0.307853245372359, 0.2778270020414024, 2.5000000000000093));
#7730 = CARTESIAN_POINT('', (0.2778270020414031, 0.3078532453723596, 2.4999999999999907));
#7731 = CARTESIAN_POINT('', (0.24910216324055123, 0.33912678391868417, 2.500000000000009));
#7732 = CARTESIAN_POINT('', (0.22173049311334886, 0.3715912606869138, 2.4999999999999916));
#7733 = CARTESIAN_POINT('', (0.19576131725617946, 0.40518817249076966, 2.500000000000004));
#7734 = CARTESIAN_POINT('', (0.17124143388092172, 0.4398569754182282, 2.5000000000000018));
#7735 = CARTESIAN_POINT('', (0.1482150294110055, 0.475535193906644, 2.5000000000000027));
#7736 = CARTESIAN_POINT('', (0.12672359903693653, 0.5121585334271674, 2.4999999999999987));
#7737 = CARTESIAN_POINT('', (0.10680587176784888, 0.5496609962563291, 2.5000000000000044));
#7738 = CARTESIAN_POINT('', (0.08849774073872603, 0.5879750004178592, 2.5000000000000018));
#7739 = CARTESIAN_POINT('', (0.07183219833132569, 0.6270315014727154, 2.5000000000000027));
#7740 = CARTESIAN_POINT('', (0.056839277088438014, 0.6667601169508391, 2.4999999999999987));
#7741 = CARTESIAN_POINT('', (0.04354599505801664, 0.7070892532388813, 2.4999999999999942));
#7742 = CARTESIAN_POINT('', (0.03197630814234009, 0.7479462344826281, 2.500000000000011));
#7743 = CARTESIAN_POINT('', (0.02215106475284053, 0.7892574336779901, 2.499999999999992));
#7744 = CARTESIAN_POINT('', (0.014087972356769198, 0.8309484051630718, 2.500000000000015));
#7745 = CARTESIAN_POINT('', (7.8015578851E-3, 0.872944019138775, 2.499999999999987));
#7746 = CARTESIAN_POINT('', (3.3031561841E-3, 0.9151685964129547, 2.500000000000009));
#7747 = CARTESIAN_POINT('', (6.0086161170E-4, 0.9575460459450746, 2.499999999999998));
#7748 = CARTESIAN_POINT('', (2.5037451630E-16, 0.9858486817405867, 2.5000000000000018));
#7749 = CARTESIAN_POINT('', (0.0, 0.9999999999999998, 2.500000000000001));
#7750 = CARTESIAN_POINT('', (1.0, 0.0, 5.5));
#7751 = CARTESIAN_POINT('', (0.9858486817405869, 9.9261673506E-24, 5.500000000000003));
#7752 = CARTESIAN_POINT('', (0.9575460459450721, 6.0086161170E-4, 5.499999999999989));
#7753 = CARTESIAN_POINT('', (0.9151685964129557, 3.3031561841E-3, 5.500000000000005));
#7754 = CARTESIAN_POINT('', (0.8729440191387753, 7.8015578851E-3, 5.500000000000004));
#7755 = CARTESIAN_POINT('', (0.8309484051630713, 0.014087972356768785, 5.499999999999991));
#7756 = CARTESIAN_POINT('', (0.7892574336779891, 0.022151064752840424, 5.500000000000008));
#7757 = CARTESIAN_POINT('', (0.7479462344826293, 0.031976308142339815, 5.499999999999998));
#7758 = CARTESIAN_POINT('', (0.7070892532388802, 0.04354599505801643, 5.500000000000009));
#7759 = CARTESIAN_POINT('', (0.666760116950841, 0.05683927708843779, 5.500000000000002));
#7760 = CARTESIAN_POINT('', (0.6270315014727164, 0.07183219833132581, 5.500000000000007));
#7761 = CARTESIAN_POINT('', (0.5879750004178577, 0.08849774073872554, 5.499999999999995));
#7762 = CARTESIAN_POINT('', (0.5496609962563307, 0.10680587176784903, 5.500000000000017));
#7763 = CARTESIAN_POINT('', (0.5121585334271657, 0.12672359903693572, 5.499999999999998));
#7764 = CARTESIAN_POINT('', (0.4755351939066451, 0.1482150294110059, 5.5));
#7765 = CARTESIAN_POINT('', (0.439856975418227, 0.1712414338809208, 5.4999999999999964));
#7766 = CARTESIAN_POINT('', (0.40518817249077077, 0.19576131725617957, 5.5));
#7767 = CARTESIAN_POINT('', (0.37159126068691295, 0.22173049311334808, 5.499999999999995));
#7768 = CARTESIAN_POINT('', (0.3391267839186853, 0.24910216324055193, 5.500000000000023));
#7769 = CARTESIAN_POINT('', (0.3078532453723587, 0.2778270020414024, 5.4999999999999964));
#7770 = CARTESIAN_POINT('', (0.27782700204140287, 0.30785324537235964, 5.500000000000002));
#7771 = CARTESIAN_POINT('', (0.24910216324055112, 0.3391267839186842, 5.499999999999996));
#7772 = CARTESIAN_POINT('', (0.22173049311334858, 0.37159126068691384, 5.5000000000000036));
#7773 = CARTESIAN_POINT('', (0.19576131725617907, 0.40518817249076977, 5.499999999999995));
#7774 = CARTESIAN_POINT('', (0.17124143388092153, 0.43985697541822827, 5.500000000000011));
#7775 = CARTESIAN_POINT('', (0.14821502941100523, 0.475535193906644, 5.499999999999995));
#7776 = CARTESIAN_POINT('', (0.1267235990369363, 0.5121585334271674, 5.500000000000008));
#7777 = CARTESIAN_POINT('', (0.10680587176784853, 0.5496609962563292, 5.499999999999998));
#7778 = CARTESIAN_POINT('', (0.08849774073872577, 0.5879750004178592, 5.5000000000000115));
#7779 = CARTESIAN_POINT('', (0.07183219833132543, 0.6270315014727155, 5.4999999999999964));
#7780 = CARTESIAN_POINT('', (0.056839277088437716, 0.6667601169508393, 5.5000000000000036));
#7781 = CARTESIAN_POINT('', (0.04354599505801641, 0.7070892532388815, 5.499999999999992));
#7782 = CARTESIAN_POINT('', (0.03197630814233979, 0.7479462344826282, 5.500000000000011));
#7783 = CARTESIAN_POINT('', (0.022151064752840247, 0.7892574336779902, 5.4999999999999964));
#7784 = CARTESIAN_POINT('', (0.01408797235676892, 0.8309484051630719, 5.500000000000009));
#7785 = CARTESIAN_POINT('', (7.8015578851E-3, 0.8729440191387751, 5.499999999999995));
#7786 = CARTESIAN_POINT('', (3.3031561841E-3, 0.9151685964129548, 5.500000000000001));
#7787 = CARTESIAN_POINT('', (6.0086161170E-4, 0.9575460459450748, 5.500000000000011));
#7788 = CARTESIAN_POINT('', (-3.6140938750E-17, 0.9858486817405869, 5.500000000000003));
#7789 = CARTESIAN_POINT('', (0.0, 0.9999999999999998, 5.5));
#7790 = CARTESIAN_POINT('', (1.0, 0.0, 8.5));
#7791 = CARTESIAN_POINT('', (0.9858486817405867, 9.9261673506E-24, 8.500000000000004));
#7792 = CARTESIAN_POINT('', (0.957546045945072, 6.0086161170E-4, 8.499999999999991));
#7793 = CARTESIAN_POINT('', (0.9151685964129554, 3.3031561841E-3, 8.499999999999988));
#7794 = CARTESIAN_POINT('', (0.8729440191387752, 7.8015578851E-3, 8.50000000000002));
#7795 = CARTESIAN_POINT('', (0.8309484051630711, 0.014087972356768785, 8.499999999999972));
#7796 = CARTESIAN_POINT('', (0.789257433677989, 0.02215106475284042, 8.500000000000014));
#7797 = CARTESIAN_POINT('', (0.7479462344826291, 0.03197630814233981, 8.499999999999993));
#7798 = CARTESIAN_POINT('', (0.70708925323888, 0.043545995058016415, 8.50000000000001));
#7799 = CARTESIAN_POINT('', (0.6667601169508408, 0.056839277088437785, 8.500000000000018));
#7800 = CARTESIAN_POINT('', (0.6270315014727161, 0.07183219833132581, 8.5));
#7801 = CARTESIAN_POINT('', (0.5879750004178577, 0.08849774073872553, 8.500000000000002));
#7802 = CARTESIAN_POINT('', (0.5496609962563305, 0.10680587176784903, 8.500000000000007));
#7803 = CARTESIAN_POINT('', (0.5121585334271656, 0.12672359903693572, 8.500000000000007));
#7804 = CARTESIAN_POINT('', (0.47553519390664495, 0.1482150294110059, 8.499999999999995));
#7805 = CARTESIAN_POINT('', (0.4398569754182269, 0.1712414338809208, 8.500000000000005));
#7806 = CARTESIAN_POINT('', (0.40518817249077066, 0.19576131725617957, 8.499999999999993));
#7807 = CARTESIAN_POINT('', (0.3715912606869128, 0.22173049311334814, 8.499999999999996));
#7808 = CARTESIAN_POINT('', (0.3391267839186851, 0.24910216324055195, 8.500000000000032));
#7809 = CARTESIAN_POINT('', (0.3078532453723586, 0.2778270020414024, 8.49999999999997));
#7810 = CARTESIAN_POINT('', (0.27782700204140265, 0.3078532453723596, 8.500000000000025));
#7811 = CARTESIAN_POINT('', (0.249102163240551, 0.3391267839186842, 8.49999999999997));
#7812 = CARTESIAN_POINT('', (0.22173049311334841, 0.37159126068691384, 8.500000000000032));
#7813 = CARTESIAN_POINT('', (0.19576131725617896, 0.4051881724907697, 8.499999999999975));
#7814 = CARTESIAN_POINT('', (0.17124143388092133, 0.43985697541822827, 8.500000000000025));
#7815 = CARTESIAN_POINT('', (0.14821502941100512, 0.475535193906644, 8.499999999999984));
#7816 = CARTESIAN_POINT('', (0.12672359903693614, 0.5121585334271674, 8.500000000000021));
#7817 = CARTESIAN_POINT('', (0.10680587176784839, 0.5496609962563292, 8.49999999999999));
#7818 = CARTESIAN_POINT('', (0.08849774073872563, 0.5879750004178593, 8.500000000000018));
#7819 = CARTESIAN_POINT('', (0.07183219833132529, 0.6270315014727155, 8.49999999999999));
#7820 = CARTESIAN_POINT('', (0.05683927708843757, 0.6667601169508393, 8.500000000000005));
#7821 = CARTESIAN_POINT('', (0.04354599505801626, 0.7070892532388815, 8.500000000000004));
#7822 = CARTESIAN_POINT('', (0.03197630814233964, 0.7479462344826282, 8.49999999999999));
#7823 = CARTESIAN_POINT('', (0.022151064752840108, 0.7892574336779901, 8.500000000000018));
#7824 = CARTESIAN_POINT('', (0.014087972356768782, 0.8309484051630719, 8.499999999999977));
#7825 = CARTESIAN_POINT('', (7.8015578851E-3, 0.872944019138775, 8.500000000000025));
#7826 = CARTESIAN_POINT('', (3.3031561841E-3, 0.9151685964129548, 8.499999999999975));
#7827 = CARTESIAN_POINT('', (6.0086161170E-4, 0.9575460459450749, 8.500000000000039));
#7828 = CARTESIAN_POINT('', (-1.7462665277E-16, 0.9858486817405868, 8.500000000000004));
#7829 = CARTESIAN_POINT('', (0.0, 0.9999999999999998, 8.5));
#7830 = CARTESIAN_POINT('', (1.0, 0.0, 10.0));
#7831 = CARTESIAN_POINT('', (0.9858486817405868, 9.9261673506E-24, 10.000000000000004));
#7832 = CARTESIAN_POINT('', (0.9575460459450719, 6.0086161170E-4, 9.999999999999991));
#7833 = CARTESIAN_POINT('', (0.9151685964129558, 3.3031561841E-3, 9.999999999999984));
#7834 = CARTESIAN_POINT('', (0.8729440191387753, 7.8015578851E-3, 10.000000000000025));
#7835 = CARTESIAN_POINT('', (0.8309484051630714, 0.014087972356768784, 9.999999999999968));
#7836 = CARTESIAN_POINT('', (0.7892574336779891, 0.02215106475284042, 10.000000000000016));
#7837 = CARTESIAN_POINT('', (0.7479462344826293, 0.03197630814233981, 9.999999999999993));
#7838 = CARTESIAN_POINT('', (0.7070892532388802, 0.043545995058016415, 10.000000000000012));
#7839 = CARTESIAN_POINT('', (0.6667601169508409, 0.056839277088437785, 10.000000000000021));
#7840 = CARTESIAN_POINT('', (0.6270315014727165, 0.07183219833132581, 10.000000000000002));
#7841 = CARTESIAN_POINT('', (0.5879750004178578, 0.08849774073872552, 10.000000000000002));
#7842 = CARTESIAN_POINT('', (0.5496609962563306, 0.10680587176784902, 10.000000000000007));
#7843 = CARTESIAN_POINT('', (0.5121585334271658, 0.12672359903693572, 10.000000000000005));
#7844 = CARTESIAN_POINT('', (0.47553519390664506, 0.1482150294110059, 9.999999999999998));
#7845 = CARTESIAN_POINT('', (0.4398569754182271, 0.1712414338809208, 10.000000000000005));
#7846 = CARTESIAN_POINT('', (0.4051881724907707, 0.19576131725617954, 9.999999999999991));
#7847 = CARTESIAN_POINT('', (0.371591260686913, 0.22173049311334814, 9.999999999999995));
#7848 = CARTESIAN_POINT('', (0.3391267839186852, 0.24910216324055195, 10.000000000000037));
#7849 = CARTESIAN_POINT('', (0.3078532453723587, 0.2778270020414024, 9.999999999999964));
#7850 = CARTESIAN_POINT('', (0.27782700204140287, 0.3078532453723596, 10.000000000000032));
#7851 = CARTESIAN_POINT('', (0.24910216324055115, 0.3391267839186842, 9.999999999999966));
#7852 = CARTESIAN_POINT('', (0.2217304931133486, 0.37159126068691384, 10.000000000000039));
#7853 = CARTESIAN_POINT('', (0.19576131725617915, 0.4051881724907697, 9.99999999999997));
#7854 = CARTESIAN_POINT('', (0.17124143388092153, 0.43985697541822827, 10.000000000000028));
#7855 = CARTESIAN_POINT('', (0.14821502941100528, 0.475535193906644, 9.999999999999982));
#7856 = CARTESIAN_POINT('', (0.1267235990369363, 0.5121585334271674, 10.000000000000023));
#7857 = CARTESIAN_POINT('', (0.10680587176784857, 0.5496609962563291, 9.99999999999999));
#7858 = CARTESIAN_POINT('', (0.0884977407387258, 0.5879750004178593, 10.00000000000002));
#7859 = CARTESIAN_POINT('', (0.07183219833132547, 0.6270315014727155, 9.99999999999999));
#7860 = CARTESIAN_POINT('', (0.05683927708843775, 0.6667601169508393, 10.000000000000004));
#7861 = CARTESIAN_POINT('', (0.04354599505801643, 0.7070892532388814, 10.00000000000001));
#7862 = CARTESIAN_POINT('', (0.03197630814233982, 0.7479462344826282, 9.999999999999984));
#7863 = CARTESIAN_POINT('', (0.02215106475284028, 0.7892574336779901, 10.000000000000027));
#7864 = CARTESIAN_POINT('', (0.014087972356768955, 0.8309484051630719, 9.999999999999966));
#7865 = CARTESIAN_POINT('', (7.8015578851E-3, 0.872944019138775, 10.000000000000032));
#7866 = CARTESIAN_POINT('', (3.3031561841E-3, 0.9151685964129548, 9.999999999999968));
#7867 = CARTESIAN_POINT('', (6.0086161170E-4, 0.957546045945075, 10.00000000000005));
#7868 = CARTESIAN_POINT('', (8.6649650707E-19, 0.9858486817405868, 10.000000000000004));
#7869 = CARTESIAN_POINT('', (0.0, 0.9999999999999998, 10.0));
#7870 = CARTESIAN_POINT('', (1.0, 0.0, 10.000033333333334));
#7871 = CARTESIAN_POINT('', (0.9858486817405869, 9.9261673506E-24, 10.000033333333338));
#7872 = CARTESIAN_POINT('', (0.9575460459450719, 6.0086161170E-4, 10.000033333333326));
#7873 = CARTESIAN_POINT('', (0.9151685964129558, 3.3031561841E-3, 10.000033333333318));
#7874 = CARTESIAN_POINT('', (0.8729440191387753, 7.8015578851E-3, 10.00003333333336));
#7875 = CARTESIAN_POINT('', (0.8309484051630714, 0.014087972356768784, 10.000033333333302));
#7876 = CARTESIAN_POINT('', (0.7892574336779891, 0.02215106475284042, 10.00003333333335));
#7877 = CARTESIAN_POINT('', (0.7479462344826293, 0.03197630814233981, 10.000033333333327));
#7878 = CARTESIAN_POINT('', (0.7070892532388802, 0.043545995058016415, 10.000033333333347));
#7879 = CARTESIAN_POINT('', (0.666760116950841, 0.05683927708843779, 10.000033333333356));
#7880 = CARTESIAN_POINT('', (0.6270315014727165, 0.07183219833132581, 10.000033333333336));
#7881 = CARTESIAN_POINT('', (0.5879750004178578, 0.08849774073872552, 10.000033333333336));
#7882 = CARTESIAN_POINT('', (0.5496609962563307, 0.10680587176784902, 10.000033333333342));
#7883 = CARTESIAN_POINT('', (0.5121585334271659, 0.12672359903693572, 10.00003333333334));
#7884 = CARTESIAN_POINT('', (0.47553519390664506, 0.1482150294110059, 10.000033333333333));
#7885 = CARTESIAN_POINT('', (0.43985697541822716, 0.1712414338809208, 10.00003333333334));
#7886 = CARTESIAN_POINT('', (0.4051881724907707, 0.19576131725617954, 10.000033333333326));
#7887 = CARTESIAN_POINT('', (0.37159126068691306, 0.22173049311334816, 10.000033333333329));
#7888 = CARTESIAN_POINT('', (0.3391267839186853, 0.24910216324055195, 10.000033333333372));
#7889 = CARTESIAN_POINT('', (0.3078532453723587, 0.2778270020414024, 10.000033333333299));
#7890 = CARTESIAN_POINT('', (0.27782700204140287, 0.3078532453723596, 10.000033333333366));
#7891 = CARTESIAN_POINT('', (0.24910216324055115, 0.3391267839186843, 10.0000333333333));
#7892 = CARTESIAN_POINT('', (0.22173049311334864, 0.3715912606869139, 10.000033333333374));
#7893 = CARTESIAN_POINT('', (0.19576131725617915, 0.4051881724907697, 10.000033333333304));
#7894 = CARTESIAN_POINT('', (0.17124143388092153, 0.4398569754182283, 10.000033333333363));
#7895 = CARTESIAN_POINT('', (0.14821502941100528, 0.475535193906644, 10.000033333333317));
#7896 = CARTESIAN_POINT('', (0.1267235990369363, 0.5121585334271676, 10.000033333333358));
#7897 = CARTESIAN_POINT('', (0.10680587176784857, 0.5496609962563292, 10.000033333333324));
#7898 = CARTESIAN_POINT('', (0.0884977407387258, 0.5879750004178593, 10.000033333333354));
#7899 = CARTESIAN_POINT('', (0.07183219833132547, 0.6270315014727155, 10.000033333333324));
#7900 = CARTESIAN_POINT('', (0.05683927708843776, 0.6667601169508394, 10.000033333333338));
#7901 = CARTESIAN_POINT('', (0.04354599505801643, 0.7070892532388814, 10.000033333333345));
#7902 = CARTESIAN_POINT('', (0.03197630814233982, 0.7479462344826282, 10.000033333333318));
#7903 = CARTESIAN_POINT('', (0.02215106475284028, 0.7892574336779901, 10.000033333333361));
#7904 = CARTESIAN_POINT('', (0.014087972356768955, 0.8309484051630719, 10.0000333333333));
#7905 = CARTESIAN_POINT('', (7.8015578851E-3, 0.872944019138775, 10.000033333333366));
#7906 = CARTESIAN_POINT('', (3.3031561841E-3, 0.9151685964129548, 10.000033333333302));
#7907 = CARTESIAN_POINT('', (6.0086161170E-4, 0.957546045945075, 10.000033333333384));
#7908 = CARTESIAN_POINT('', (8.7039635483E-19, 0.9858486817405869, 10.000033333333338));
#7909 = CARTESIAN_POINT('', (0.0, 0.9999999999999998, 10.000033333333334));
#7910 = CARTESIAN_POINT('', (1.0, 0.0, 10.000066666666669));
#7911 = CARTESIAN_POINT('', (0.985848681740587, 9.9261673506E-24, 10.000066666666672));
#7912 = CARTESIAN_POINT('', (0.9575460459450719, 6.0086161170E-4, 10.00006666666666));
#7913 = CARTESIAN_POINT('', (0.9151685964129558, 3.3031561841E-3, 10.000066666666653));
#7914 = CARTESIAN_POINT('', (0.8729440191387753, 7.8015578851E-3, 10.000066666666694));
#7915 = CARTESIAN_POINT('', (0.8309484051630714, 0.014087972356768784, 10.000066666666637));
#7916 = CARTESIAN_POINT('', (0.7892574336779891, 0.02215106475284042, 10.000066666666685));
#7917 = CARTESIAN_POINT('', (0.7479462344826293, 0.03197630814233981, 10.000066666666662));
#7918 = CARTESIAN_POINT('', (0.7070892532388802, 0.043545995058016415, 10.000066666666681));
#7919 = CARTESIAN_POINT('', (0.6667601169508411, 0.0568392770884378, 10.00006666666669));
#7920 = CARTESIAN_POINT('', (0.6270315014727165, 0.07183219833132581, 10.00006666666667));
#7921 = CARTESIAN_POINT('', (0.5879750004178578, 0.08849774073872552, 10.00006666666667));
#7922 = CARTESIAN_POINT('', (0.5496609962563308, 0.10680587176784902, 10.000066666666676));
#7923 = CARTESIAN_POINT('', (0.512158533427166, 0.12672359903693572, 10.000066666666674));
#7924 = CARTESIAN_POINT('', (0.47553519390664506, 0.1482150294110059, 10.000066666666667));
#7925 = CARTESIAN_POINT('', (0.4398569754182272, 0.1712414338809208, 10.000066666666674));
#7926 = CARTESIAN_POINT('', (0.4051881724907707, 0.19576131725617954, 10.00006666666666));
#7927 = CARTESIAN_POINT('', (0.3715912606869131, 0.2217304931133482, 10.000066666666664));
#7928 = CARTESIAN_POINT('', (0.33912678391868534, 0.24910216324055195, 10.000066666666706));
#7929 = CARTESIAN_POINT('', (0.3078532453723587, 0.2778270020414024, 10.000066666666633));
#7930 = CARTESIAN_POINT('', (0.27782700204140287, 0.3078532453723596, 10.0000666666667));
#7931 = CARTESIAN_POINT('', (0.24910216324055115, 0.33912678391868434, 10.000066666666635));
#7932 = CARTESIAN_POINT('', (0.22173049311334866, 0.37159126068691395, 10.000066666666708));
#7933 = CARTESIAN_POINT('', (0.19576131725617915, 0.4051881724907697, 10.000066666666639));
#7934 = CARTESIAN_POINT('', (0.17124143388092153, 0.4398569754182284, 10.000066666666697));
#7935 = CARTESIAN_POINT('', (0.14821502941100528, 0.475535193906644, 10.000066666666651));
#7936 = CARTESIAN_POINT('', (0.1267235990369363, 0.5121585334271677, 10.000066666666692));
#7937 = CARTESIAN_POINT('', (0.10680587176784857, 0.5496609962563294, 10.000066666666658));
#7938 = CARTESIAN_POINT('', (0.0884977407387258, 0.5879750004178593, 10.000066666666688));
#7939 = CARTESIAN_POINT('', (0.07183219833132547, 0.6270315014727155, 10.000066666666658));
#7940 = CARTESIAN_POINT('', (0.056839277088437765, 0.6667601169508395, 10.000066666666672));
#7941 = CARTESIAN_POINT('', (0.04354599505801643, 0.7070892532388814, 10.00006666666668));
#7942 = CARTESIAN_POINT('', (0.03197630814233982, 0.7479462344826282, 10.000066666666653));
#7943 = CARTESIAN_POINT('', (0.02215106475284028, 0.7892574336779901, 10.000066666666696));
#7944 = CARTESIAN_POINT('', (0.014087972356768955, 0.8309484051630719, 10.000066666666635));
#7945 = CARTESIAN_POINT('', (7.8015578851E-3, 0.872944019138775, 10.0000666666667));
#7946 = CARTESIAN_POINT('', (3.3031561841E-3, 0.9151685964129548, 10.000066666666637));
#7947 = CARTESIAN_POINT('', (6.0086161170E-4, 0.957546045945075, 10.000066666666719));
#7948 = CARTESIAN_POINT('', (8.7429632345E-19, 0.985848681740587, 10.000066666666672));
#7949 = CARTESIAN_POINT('', (0.0, 0.9999999999999998, 10.000066666666669));
#7950 = CARTESIAN_POINT('', (1.0, 0.0, 10.000100000000003));
#7951 = CARTESIAN_POINT('', (0.9858486817405872, 9.9261673506E-24, 10.000100000000007));
#7952 = CARTESIAN_POINT('', (0.9575460459450719, 6.0086161170E-4, 10.000099999999994));
#7953 = CARTESIAN_POINT('', (0.9151685964129558, 3.3031561841E-3, 10.000099999999987));
#7954 = CARTESIAN_POINT('', (0.8729440191387753, 7.8015578851E-3, 10.000100000000028));
#7955 = CARTESIAN_POINT('', (0.8309484051630714, 0.014087972356768784, 10.000099999999971));
#7956 = CARTESIAN_POINT('', (0.7892574336779891, 0.02215106475284042, 10.00010000000002));
#7957 = CARTESIAN_POINT('', (0.7479462344826293, 0.03197630814233981, 10.000099999999996));
#7958 = CARTESIAN_POINT('', (0.7070892532388802, 0.043545995058016415, 10.000100000000016));
#7959 = CARTESIAN_POINT('', (0.6667601169508413, 0.056839277088437806, 10.000100000000025));
#7960 = CARTESIAN_POINT('', (0.6270315014727165, 0.07183219833132581, 10.000100000000005));
#7961 = CARTESIAN_POINT('', (0.5879750004178578, 0.08849774073872552, 10.000100000000005));
#7962 = CARTESIAN_POINT('', (0.5496609962563309, 0.10680587176784902, 10.00010000000001));
#7963 = CARTESIAN_POINT('', (0.5121585334271661, 0.12672359903693572, 10.000100000000009));
#7964 = CARTESIAN_POINT('', (0.47553519390664506, 0.1482150294110059, 10.000100000000002));
#7965 = CARTESIAN_POINT('', (0.43985697541822727, 0.1712414338809208, 10.000100000000009));
#7966 = CARTESIAN_POINT('', (0.4051881724907707, 0.19576131725617954, 10.000099999999994));
#7967 = CARTESIAN_POINT('', (0.37159126068691317, 0.22173049311334822, 10.000099999999998));
#7968 = CARTESIAN_POINT('', (0.3391267839186854, 0.24910216324055195, 10.00010000000004));
#7969 = CARTESIAN_POINT('', (0.3078532453723587, 0.2778270020414024, 10.000099999999968));
#7970 = CARTESIAN_POINT('', (0.27782700204140287, 0.3078532453723596, 10.000100000000035));
#7971 = CARTESIAN_POINT('', (0.24910216324055115, 0.3391267839186844, 10.00009999999997));
#7972 = CARTESIAN_POINT('', (0.2217304931133487, 0.371591260686914, 10.000100000000042));
#7973 = CARTESIAN_POINT('', (0.19576131725617915, 0.4051881724907697, 10.000099999999973));
#7974 = CARTESIAN_POINT('', (0.17124143388092153, 0.43985697541822844, 10.000100000000032));
#7975 = CARTESIAN_POINT('', (0.14821502941100528, 0.475535193906644, 10.000099999999986));
#7976 = CARTESIAN_POINT('', (0.1267235990369363, 0.5121585334271678, 10.000100000000026));
#7977 = CARTESIAN_POINT('', (0.10680587176784857, 0.5496609962563295, 10.000099999999993));
#7978 = CARTESIAN_POINT('', (0.0884977407387258, 0.5879750004178593, 10.000100000000023));
#7979 = CARTESIAN_POINT('', (0.07183219833132547, 0.6270315014727155, 10.000099999999993));
#7980 = CARTESIAN_POINT('', (0.05683927708843777, 0.6667601169508396, 10.000100000000007));
#7981 = CARTESIAN_POINT('', (0.04354599505801643, 0.7070892532388814, 10.000100000000014));
#7982 = CARTESIAN_POINT('', (0.03197630814233982, 0.7479462344826282, 10.000099999999987));
#7983 = CARTESIAN_POINT('', (0.02215106475284028, 0.7892574336779901, 10.00010000000003));
#7984 = CARTESIAN_POINT('', (0.014087972356768955, 0.8309484051630719, 10.00009999999997));
#7985 = CARTESIAN_POINT('', (7.8015578851E-3, 0.872944019138775, 10.000100000000035));
#7986 = CARTESIAN_POINT('', (3.3031561841E-3, 0.9151685964129548, 10.000099999999971));
#7987 = CARTESIAN_POINT('', (6.0086161170E-4, 0.957546045945075, 10.000100000000053));
#7988 = CARTESIAN_POINT('', (8.7819641293E-19, 0.9858486817405872, 10.000100000000007));
#7989 = CARTESIAN_POINT('', (0.0, 0.9999999999999998, 10.000100000000003));
#7990 = DEFINITIONAL_REPRESENTATION('', (#7992), #7991);
#7991 = (
    GEOMETRIC_REPRESENTATION_CONTEXT(2)
    PARAMETRIC_REPRESENTATION_CONTEXT()
    REPRESENTATION_CONTEXT('2D SPACE', '')
);
#7992 = (
    BOUNDED_CURVE()
    B_SPLINE_CURVE(1, (#7993, #7994), .UNSPECIFIED., .U., .U.)
    B_SPLINE_CURVE_WITH_KNOTS((2, 2), (0.0, 1.0), .UNSPECIFIED.)
    CURVE()
    GEOMETRIC_REPRESENTATION_ITEM()
    RATIONAL_B_SPLINE_CURVE((1.0, 1.0))
    REPRESENTATION_ITEM('')
);
#7993 = CARTESIAN_POINT('', (0.0, 1.0));
#7994 = CARTESIAN_POINT('', (0.0, 3.7747582837E-15));
#7995 = SURFACE_CURVE('', #7996, (#8037, #8372), .CURVE_3D.);
#7996 = (
    BOUNDED_CURVE()
    B_SPLINE_CURVE(3, (#7997, #7998, #7999, #8000, #8001, #8002, #8003, #8004, #8005, #8006, #8007, #8008, #8009, #8010, #8011, #8012, #8013, #8014, #8015, #8016, #8017, #8018, #8019, #8020, #8021, #8022, #8023, #8024, #8025, #8026, #8027, #8028, #8029, #8030, #8031, #8032, #8033, #8034, #8035, #8036), .UNSPECIFIED., .U., .U.)
    B_SPLINE_CURVE_WITH_KNOTS((4, 1, 1, 1, 1, 1, 1, 1, 1, 1, 1, 1, 1, 1, 1, 1, 1, 1, 1, 1, 1, 1, 1, 1, 1, 1, 1, 1, 1, 1, 1, 1, 1, 1, 1, 1, 1, 4), (0.0, 0.027027027027026973, 0.054054054054053946, 0.08108108108108103, 0.10810810810810811, 0.1351351351351351, 0.16216216216216206, 0.18918918918918914, 0.21621621621621623, 0.2432432432432432, 0.2702702702702702, 0.29729729729729726, 0.32432432432432434, 0.3513513513513513, 0.3783783783783783, 0.4054054054054054, 0.43243243243243246, 0.45945945945945943, 0.4864864864864864, 0.5135135135135135, 0.5405405405405406, 0.5675675675675675, 0.5945945945945945, 0.6216216216216216, 0.6486486486486487, 0.6756756756756757, 0.7027027027027026, 0.7297297297297297, 0.7567567567567568, 0.7837837837837838, 0.8108108108108107, 0.8378378378378378, 0.8648648648648649, 0.8918918918918919, 0.9189189189189189, 0.9459459459459459, 0.972972972972973, 1.0), .UNSPECIFIED.)
    CURVE()
    GEOMETRIC_REPRESENTATION_ITEM()
    RATIONAL_B_SPLINE_CURVE((1.0, 1.0, 1.0, 1.0, 1.0, 1.0, 1.0, 1.0, 1.0, 1.0, 1.0, 1.0, 1.0, 1.0, 1.0, 1.0, 1.0, 1.0, 1.0, 1.0, 1.0, 1.0, 1.0, 1.0, 1.0, 1.0, 1.0, 1.0, 1.0, 1.0, 1.0, 1.0, 1.0, 1.0, 1.0, 1.0, 1.0, 1.0, 1.0, 1.0))
    REPRESENTATION_ITEM('')
);
#7997 = CARTESIAN_POINT('', (1.0000000000000002, 1.0000000000000002, 0.0));
#7998 = CARTESIAN_POINT('', (0.9858486817405865, 1.0000000000000002, 8.6649650707E-19));
#7999 = CARTESIAN_POINT('', (0.9575460459450745, 1.000000000000005, 6.0086161170E-4));
#8000 = CARTESIAN_POINT('', (0.9151685964129546, 0.9999999999999961, 3.3031561841E-3));
#8001 = CARTESIAN_POINT('', (0.8729440191387747, 1.0000000000000024, 7.8015578851E-3));
#8002 = CARTESIAN_POINT('', (0.8309484051630716, 0.9999999999999968, 0.01408797235676895));
#8003 = CARTESIAN_POINT('', (0.7892574336779898, 1.000000000000003, 0.022151064752840278));
#8004 = CARTESIAN_POINT('', (0.747946234482628, 0.9999999999999977, 0.031976308142339815));
#8005 = CARTESIAN_POINT('', (0.7070892532388812, 1.0000000000000027, 0.043545995058016415));
#8006 = CARTESIAN_POINT('', (0.666760116950839, 0.9999999999999976, 0.05683927708843773));
#8007 = CARTESIAN_POINT('', (0.6270315014727152, 1.000000000000001, 0.07183219833132544));
#8008 = CARTESIAN_POINT('', (0.5879750004178591, 0.9999999999999998, 0.08849774073872577));
#8009 = CARTESIAN_POINT('', (0.549660996256329, 1.0000000000000009, 0.10680587176784856));
#8010 = CARTESIAN_POINT('', (0.5121585334271673, 0.9999999999999997, 0.12672359903693628));
#8011 = CARTESIAN_POINT('', (0.4755351939066439, 1.0000000000000007, 0.14821502941100523));
#8012 = CARTESIAN_POINT('', (0.43985697541822816, 1.0000000000000007, 0.17124143388092147));
#8013 = CARTESIAN_POINT('', (0.40518817249076955, 1.0, 0.1957613172561791));
#8014 = CARTESIAN_POINT('', (0.3715912606869137, 0.9999999999999994, 0.22173049311334855));
#8015 = CARTESIAN_POINT('', (0.3391267839186841, 1.000000000000002, 0.24910216324055107));
#8016 = CARTESIAN_POINT('', (0.3078532453723595, 0.9999999999999974, 0.2778270020414028));
#8017 = CARTESIAN_POINT('', (0.27782700204140237, 1.000000000000001, 0.30785324537235864));
#8018 = CARTESIAN_POINT('', (0.24910216324055184, 1.0000000000000007, 0.33912678391868517));
#8019 = CARTESIAN_POINT('', (0.22173049311334803, 1.0000000000000013, 0.3715912606869129));
#8020 = CARTESIAN_POINT('', (0.19576131725617948, 0.999999999999999, 0.40518817249077055));
#8021 = CARTESIAN_POINT('', (0.17124143388092075, 1.0000000000000009, 0.43985697541822694));
#8022 = CARTESIAN_POINT('', (0.14821502941100584, 0.9999999999999992, 0.47553519390664495));
#8023 = CARTESIAN_POINT('', (0.12672359903693567, 1.0, 0.5121585334271657));
#8024 = CARTESIAN_POINT('', (0.10680587176784899, 0.9999999999999994, 0.5496609962563305));
#8025 = CARTESIAN_POINT('', (0.0884977407387255, 1.0000000000000016, 0.5879750004178576));
#8026 = CARTESIAN_POINT('', (0.07183219833132579, 0.9999999999999977, 0.6270315014727162));
#8027 = CARTESIAN_POINT('', (0.056839277088437765, 1.0000000000000027, 0.6667601169508407));
#8028 = CARTESIAN_POINT('', (0.04354599505801641, 0.9999999999999984, 0.70708925323888));
#8029 = CARTESIAN_POINT('', (0.0319763081423398, 1.0, 0.747946234482629));
#8030 = CARTESIAN_POINT('', (0.022151064752840417, 1.000000000000002, 0.7892574336779888));
#8031 = CARTESIAN_POINT('', (0.014087972356768782, 0.9999999999999966, 0.830948405163071));
#8032 = CARTESIAN_POINT('', (7.8015578851E-3, 1.0000000000000018, 0.872944019138775));
#8033 = CARTESIAN_POINT('', (3.3031561841E-3, 0.9999999999999972, 0.9151685964129556));
#8034 = CARTESIAN_POINT('', (6.0086161170E-4, 1.0000000000000002, 0.9575460459450715));
#8035 = CARTESIAN_POINT('', (9.9261673506E-24, 0.9999999999999998, 0.9858486817405865));
#8036 = CARTESIAN_POINT('', (0.0, 0.9999999999999998, 1.0));
#8037 = PCURVE('', #8038, #8239);
#8038 = (
    BOUNDED_SURFACE()
    B_SPLINE_SURFACE(2, 3, ((#8039, #8040, #8041, #8042, #8043, #8044, #8045, #8046, #8047, #8048, #8049, #8050, #8051, #8052, #8053, #8054, #8055, #8056, #8057, #8058, #8059, #8060, #8061, #8062, #8063, #8064, #8065, #8066, #8067, #8068, #8069, #8070, #8071, #8072, #8073, #8074, #8075, #8076, #8077, #8078), (#8079, #8080, #8081, #8082, #8083, #8084, #8085, #8086, #8087, #8088, #8089, #8090, #8091, #8092, #8093, #8094, #8095, #8096, #8097, #8098, #8099, #8100, #8101, #8102, #8103, #8104, #8105, #8106, #8107, #8108, #8109, #8110, #8111, #8112, #8113, #8114, #8115, #8116, #8117, #8118), (#8119, #8120, #8121, #8122, #8123, #8124, #8125, #8126, #8127, #8128, #8129, #8130, #8131, #8132, #8133, #8134, #8135, #8136, #8137, #8138, #8139, #8140, #8141, #8142, #8143, #8144, #8145, #8146, #8147, #8148, #8149, #8150, #8151, #8152, #8153, #8154, #8155, #8156, #8157, #8158), (#8159, #8160, #8161, #8162, #8163, #8164, #8165, #8166, #8167, #8168, #8169, #8170, #8171, #8172, #8173, #8174, #8175, #8176, #8177, #8178, #8179, #8180, #8181, #8182, #8183, #8184, #8185, #8186, #8187, #8188, #8189, #8190, #8191, #8192, #8193, #8194, #8195, #8196, #8197, #8198), (#8199, #8200, #8201, #8202, #8203, #8204, #8205, #8206, #8207, #8208, #8209, #8210, #8211, #8212, #8213, #8214, #8215, #8216, #8217, #8218, #8219, #8220, #8221, #8222, #8223, #8224, #8225, #8226, #8227, #8228, #8229, #8230, #8231, #8232, #8233, #8234, #8235, #8236, #8237, #8238)), .UNSPECIFIED., .U., .U., .U.)
    B_SPLINE_SURFACE_WITH_KNOTS((3, 2, 3), (4, 1, 1, 1, 1, 1, 1, 1, 1, 1, 1, 1, 1, 1, 1, 1, 1, 1, 1, 1, 1, 1, 1, 1, 1, 1, 1, 1, 1, 1, 1, 1, 1, 1, 1, 1, 1, 4), (0.0, 0.5, 1.0), (0.0, 0.027027027027026973, 0.054054054054053946, 0.08108108108108103, 0.10810810810810811, 0.1351351351351351, 0.16216216216216206, 0.18918918918918914, 0.21621621621621623, 0.2432432432432432, 0.2702702702702702, 0.29729729729729726, 0.32432432432432434, 0.3513513513513513, 0.3783783783783783, 0.4054054054054054, 0.43243243243243246, 0.45945945945945943, 0.4864864864864864, 0.5135135135135135, 0.5405405405405406, 0.5675675675675675, 0.5945945945945945, 0.6216216216216216, 0.6486486486486487, 0.6756756756756757, 0.7027027027027026, 0.7297297297297297, 0.7567567567567568, 0.7837837837837838, 0.8108108108108107, 0.8378378378378378, 0.8648648648648649, 0.8918918918918919, 0.9189189189189189, 0.9459459459459459, 0.972972972972973, 1.0), .UNSPECIFIED.)
    GEOMETRIC_REPRESENTATION_ITEM()
    RATIONAL_B_SPLINE_SURFACE(((1.0, 1.0, 1.0, 1.0, 1.0, 1.0, 1.0, 1.0, 1.0, 1.0, 1.0, 1.0, 1.0, 1.0, 1.0, 1.0, 1.0, 1.0, 1.0, 1.0, 1.0, 1.0, 1.0, 1.0, 1.0, 1.0, 1.0, 1.0, 1.0, 1.0, 1.0, 1.0, 1.0, 1.0, 1.0, 1.0, 1.0, 1.0, 1.0, 1.0), (0.9081431750376247, 0.9081431750376247, 0.9081431750376247, 0.9081431750376247, 0.9081431750376247, 0.9081431750376247, 0.9081431750376247, 0.9081431750376247, 0.9081431750376247, 0.9081431750376247, 0.9081431750376247, 0.9081431750376247, 0.9081431750376247, 0.9081431750376247, 0.9081431750376247, 0.9081431750376247, 0.9081431750376247, 0.9081431750376247, 0.9081431750376247, 0.9081431750376247, 0.9081431750376247, 0.9081431750376247, 0.9081431750376247, 0.9081431750376247, 0.9081431750376247, 0.9081431750376247, 0.9081431750376247, 0.9081431750376247, 0.9081431750376247, 0.9081431750376247, 0.9081431750376247, 0.9081431750376247, 0.9081431750376247, 0.9081431750376247, 0.9081431750376247, 0.9081431750376247, 0.9081431750376247, 0.9081431750376247, 0.9081431750376247, 0.9081431750376247), (1.0, 1.0, 1.0, 1.0, 1.0, 1.0, 1.0, 1.0, 1.0, 1.0, 1.0, 1.0, 1.0, 1.0, 1.0, 1.0, 1.0, 1.0, 1.0, 1.0, 1.0, 1.0, 1.0, 1.0, 1.0, 1.0, 1.0, 1.0, 1.0, 1.0, 1.0, 1.0, 1.0, 1.0, 1.0, 1.0, 1.0, 1.0, 1.0, 1.0), (0.9081431750376247, 0.9081431750376247, 0.9081431750376247, 0.9081431750376247, 0.9081431750376247, 0.9081431750376247, 0.9081431750376247, 0.9081431750376247, 0.9081431750376247, 0.9081431750376247, 0.9081431750376247, 0.9081431750376247, 0.9081431750376247, 0.9081431750376247, 0.9081431750376247, 0.9081431750376247, 0.9081431750376247, 0.9081431750376247, 0.9081431750376247, 0.9081431750376247, 0.9081431750376247, 0.9081431750376247, 0.9081431750376247, 0.9081431750376247, 0.9081431750376247, 0.9081431750376247, 0.9081431750376247, 0.9081431750376247, 0.9081431750376247, 0.9081431750376247, 0.9081431750376247, 0.9081431750376247, 0.9081431750376247, 0.9081431750376247, 0.9081431750376247, 0.9081431750376247, 0.9081431750376247, 0.9081431750376247, 0.9081431750376247, 0.9081431750376247), (1.0, 1.0, 1.0, 1.0, 1.0, 1.0, 1.0, 1.0, 1.0, 1.0, 1.0, 1.0, 1.0, 1.0, 1.0, 1.0, 1.0, 1.0, 1.0, 1.0, 1.0, 1.0, 1.0, 1.0, 1.0, 1.0, 1.0, 1.0, 1.0, 1.0, 1.0, 1.0, 1.0, 1.0, 1.0, 1.0, 1.0, 1.0, 1.0, 1.0)))
    REPRESENTATION_ITEM('')
    SURFACE()
);
#8039 = CARTESIAN_POINT('', (1.0000000000000002, 0.0, 1.0000000000000002));
#8040 = CARTESIAN_POINT('', (1.0000000000000002, 2.2291110805E-16, 0.9858486817405865));
#8041 = CARTESIAN_POINT('', (1.000000000000005, 6.0086161170E-4, 0.9575460459450745));
#8042 = CARTESIAN_POINT('', (0.9999999999999961, 3.3031561841E-3, 0.9151685964129546));
#8043 = CARTESIAN_POINT('', (1.0000000000000024, 7.8015578851E-3, 0.8729440191387747));
#8044 = CARTESIAN_POINT('', (0.9999999999999968, 0.014087972356769169, 0.8309484051630716));
#8045 = CARTESIAN_POINT('', (1.000000000000003, 0.022151064752840493, 0.7892574336779898));
#8046 = CARTESIAN_POINT('', (0.9999999999999977, 0.03197630814234007, 0.747946234482628));
#8047 = CARTESIAN_POINT('', (1.0000000000000027, 0.043545995058016554, 0.7070892532388812));
#8048 = CARTESIAN_POINT('', (0.9999999999999976, 0.056839277088437994, 0.666760116950839));
#8049 = CARTESIAN_POINT('', (1.000000000000001, 0.07183219833132565, 0.6270315014727152));
#8050 = CARTESIAN_POINT('', (0.9999999999999998, 0.08849774073872597, 0.5879750004178591));
#8051 = CARTESIAN_POINT('', (1.0000000000000009, 0.1068058717678489, 0.549660996256329));
#8052 = CARTESIAN_POINT('', (0.9999999999999997, 0.12672359903693642, 0.5121585334271673));
#8053 = CARTESIAN_POINT('', (1.0000000000000007, 0.14821502941100556, 0.4755351939066439));
#8054 = CARTESIAN_POINT('', (1.000000000000001, 0.17124143388092153, 0.4398569754182282));
#8055 = CARTESIAN_POINT('', (1.0, 0.19576131725617957, 0.40518817249076955));
#8056 = CARTESIAN_POINT('', (0.9999999999999999, 0.2217304931133488, 0.3715912606869137));
#8057 = CARTESIAN_POINT('', (1.0000000000000016, 0.24910216324055112, 0.3391267839186841));
#8058 = CARTESIAN_POINT('', (0.9999999999999983, 0.27782700204140304, 0.3078532453723595));
#8059 = CARTESIAN_POINT('', (1.0000000000000004, 0.3078532453723589, 0.2778270020414024));
#8060 = CARTESIAN_POINT('', (1.0000000000000018, 0.33912678391868534, 0.2491021632405519));
#8061 = CARTESIAN_POINT('', (1.0000000000000013, 0.3715912606869135, 0.22173049311334803));
#8062 = CARTESIAN_POINT('', (0.9999999999999992, 0.40518817249077027, 0.1957613172561795));
#8063 = CARTESIAN_POINT('', (1.0000000000000002, 0.4398569754182275, 0.17124143388092072));
#8064 = CARTESIAN_POINT('', (1.0000000000000007, 0.47553519390664506, 0.14821502941100584));
#8065 = CARTESIAN_POINT('', (0.9999999999999993, 0.5121585334271662, 0.12672359903693564));
#8066 = CARTESIAN_POINT('', (1.000000000000001, 0.5496609962563305, 0.10680587176784895));
#8067 = CARTESIAN_POINT('', (1.0000000000000009, 0.5879750004178579, 0.08849774073872552));
#8068 = CARTESIAN_POINT('', (0.9999999999999983, 0.6270315014727166, 0.07183219833132581));
#8069 = CARTESIAN_POINT('', (1.0000000000000027, 0.6667601169508405, 0.05683927708843772));
#8070 = CARTESIAN_POINT('', (0.9999999999999993, 0.7070892532388805, 0.043545995058016373));
#8071 = CARTESIAN_POINT('', (1.0000000000000004, 0.7479462344826295, 0.03197630814233976));
#8072 = CARTESIAN_POINT('', (1.000000000000001, 0.789257433677989, 0.022151064752840455));
#8073 = CARTESIAN_POINT('', (0.9999999999999978, 0.8309484051630711, 0.01408797235676873));
#8074 = CARTESIAN_POINT('', (1.0000000000000013, 0.8729440191387751, 7.8015578851E-3));
#8075 = CARTESIAN_POINT('', (0.9999999999999991, 0.9151685964129563, 3.3031561841E-3));
#8076 = CARTESIAN_POINT('', (1.0000000000000004, 0.9575460459450705, 6.0086161170E-4));
#8077 = CARTESIAN_POINT('', (1.0000000000000002, 0.9858486817405867, 0.0));
#8078 = CARTESIAN_POINT('', (1.0000000000000002, 1.0000000000000002, 0.0));
#8079 = CARTESIAN_POINT('', (1.0000000000000002, 0.0, 1.0000000000000002));
#8080 = CARTESIAN_POINT('', (0.9934761529746361, 3.1981891928E-11, 0.9858486817405865));
#8081 = CARTESIAN_POINT('', (0.9804284592573662, 6.0086170765E-4, 0.9575460459464302));
#8082 = CARTESIAN_POINT('', (0.9608921875825452, 3.3031563758E-3, 0.9151685964204216));
#8083 = CARTESIAN_POINT('', (0.9414263909834137, 7.8015581723E-3, 0.8729440191564051));
#8084 = CARTESIAN_POINT('', (0.9220661479098363, 0.014087972738822067, 0.8309484051949116));
#8085 = CARTESIAN_POINT('', (0.9028463469470203, 0.022151065229114072, 0.7892574337280494));
#8086 = CARTESIAN_POINT('', (0.8838016234064641, 0.031976308711976056, 0.747946234554895));
#8087 = CARTESIAN_POINT('', (0.8649662972081441, 0.04354599571998842, 0.707089253337293));
#8088 = CARTESIAN_POINT('', (0.8463743108655788, 0.05683927784155282, 0.6667601170792957));
#8089 = CARTESIAN_POINT('', (0.8280591684062306, 0.07183219917422629, 0.6270315016350541));
#8090 = CARTESIAN_POINT('', (0.8100538749376611, 0.08849774166989344, 0.5879750006178622));
#8091 = CARTESIAN_POINT('', (0.792390877222753, 0.10680587278560519, 0.5496609964977077));
#8092 = CARTESIAN_POINT('', (0.7751020051836328, 0.12672360013944745, 0.5121585337135601));
#8093 = CARTESIAN_POINT('', (0.7582184145378701, 0.14821503059628455, 0.47553519424160634));
#8094 = CARTESIAN_POINT('', (0.7417705306524873, 0.17124143514683252, 0.43985697580522964));
#8095 = CARTESIAN_POINT('', (0.725787993711041, 0.19576131860044127, 0.4051881729331859));
#8096 = CARTESIAN_POINT('', (0.7102996053421906, 0.22173049453353877, 0.37159126118802));
#8097 = CARTESIAN_POINT('', (0.6953332766714677, 0.2491021647341101, 0.33912678448164896));
#8098 = CARTESIAN_POINT('', (0.6809159780369485, 0.2778270036056395, 0.30785324600024333));
#8099 = CARTESIAN_POINT('', (0.6670736903682939, 0.30785324700445404, 0.2778270027371439));
#8100 = CARTESIAN_POINT('', (0.6538313584010716, 0.339126785615698, 0.24910216400697036));
#8101 = CARTESIAN_POINT('', (0.641212845732132, 0.37159126244578555, 0.2217304939531356));
#8102 = CARTESIAN_POINT('', (0.6292408917726997, 0.40518817430833215, 0.19576131817189643));
#8103 = CARTESIAN_POINT('', (0.6179370707937935, 0.4398569772912037, 0.17124143487498789));
#8104 = CARTESIAN_POINT('', (0.6073217530154698, 0.4755351958316604, 0.14821503048570467));
#8105 = CARTESIAN_POINT('', (0.59741406798242, 0.5121585354007517, 0.12672360019440315));
#8106 = CARTESIAN_POINT('', (0.5882318700122786, 0.5496609982749296, 0.10680587301007034));
#8107 = CARTESIAN_POINT('', (0.579791706066784, 0.587975002477833, 0.08849774206753572));
#8108 = CARTESIAN_POINT('', (0.5721087858421394, 0.6270315035703554, 0.07183219974840421));
#8109 = CARTESIAN_POINT('', (0.5651969545301126, 0.666760119082363, 0.05683927859529993));
#8110 = CARTESIAN_POINT('', (0.5590686676213052, 0.7070892554004455, 0.04354599665602309));
#8111 = CARTESIAN_POINT('', (0.5537349689378626, 0.7479462366703418, 0.03197630983268168));
#8112 = CARTESIAN_POINT('', (0.5492054697290232, 0.7892574358879061, 0.022151066536544476));
#8113 = CARTESIAN_POINT('', (0.5454883332489355, 0.8309484073912107, 0.014087974234695011));
#8114 = CARTESIAN_POINT('', (0.542590256504486, 0.8729440213811218, 7.8015598580E-3));
#8115 = CARTESIAN_POINT('', (0.5405164649312547, 0.9151685986654694, 3.3031582523E-3));
#8116 = CARTESIAN_POINT('', (0.539270690079446, 0.9575460482036907, 6.0086377573E-4));
#8117 = CARTESIAN_POINT('', (0.538993689084464, 0.9858486840005648, 2.2279964650E-9));
#8118 = CARTESIAN_POINT('', (0.5389936890844642, 1.0000000022599782, 2.2599780951E-9));
#8119 = CARTESIAN_POINT('', (1.0000000000000002, 0.0, 1.0000000000000002));
#8120 = CARTESIAN_POINT('', (0.9892392532276736, 5.2752324291E-11, 0.9908094539127931));
#8121 = CARTESIAN_POINT('', (0.9677177602340696, 6.0086176996E-4, 0.9724283622103708));
#8122 = CARTESIAN_POINT('', (0.9354936949669904, 3.3031565003E-3, 0.9449064101419469));
#8123 = CARTESIAN_POINT('', (0.9033858746793448, 7.8015583588E-3, 0.9174837406704431));
#8124 = CARTESIAN_POINT('', (0.8714521594519682, 0.014087972986945736, 0.8902097709739571));
#8125 = CARTESIAN_POINT('', (0.8397500961937502, 0.0221510655384292, 0.8631336507563994));
#8126 = CARTESIAN_POINT('', (0.8083368140517967, 0.03197630908192528, 0.8363041729194607));
#8127 = CARTESIAN_POINT('', (0.7772689219512301, 0.04354599614990504, 0.8097696860532102));
#8128 = CARTESIAN_POINT('', (0.7466024063048626, 0.056839278330662074, 0.7835780070720209));
#8129 = CARTESIAN_POINT('', (0.7163925302654915, 0.07183219972164682, 0.7577763351677891));
#8130 = CARTESIAN_POINT('', (0.6866937340434814, 0.08849774227463873, 0.732411166673202));
#8131 = CARTESIAN_POINT('', (0.6575595368886277, 0.10680587344658546, 0.7075282113462686));
#8132 = CARTESIAN_POINT('', (0.629042440603949, 0.12672360085547155, 0.6831723099633576));
#8133 = CARTESIAN_POINT('', (0.6011938349270558, 0.14821503136606218, 0.65938735350722));
#8134 = CARTESIAN_POINT('', (0.5740639049202731, 0.17124143596897642, 0.6362162040707061));
#8135 = CARTESIAN_POINT('', (0.5477015405265802, 0.19576131947347, 0.6137006176102242));
#8136 = CARTESIAN_POINT('', (0.5221542485362074, 0.221730495455879, 0.5918811687581119));
#8137 = CARTESIAN_POINT('', (0.4974680669007302, 0.24910216570409974, 0.5707971776399625));
#8138 = CARTESIAN_POINT('', (0.47368748179169295, 0.27782700462153054, 0.5504866390360046));
#8139 = CARTESIAN_POINT('', (0.4508553474028332, 0.3078532480644158, 0.5309861538856997));
#8140 = CARTESIAN_POINT('', (0.4290128087795725, 0.33912678671782026, 0.5123308633779432));
#8141 = CARTESIAN_POINT('', (0.4081992276851707, 0.37159126358808225, 0.4945543856347491));
#8142 = CARTESIAN_POINT('', (0.3884521115970926, 0.4051881754887448, 0.47768875506842384));
#8143 = CARTESIAN_POINT('', (0.36980704615454996, 0.43985697850760525, 0.46176436468631143));
#8144 = CARTESIAN_POINT('', (0.35229763097724465, 0.47553519708185865, 0.4468099112748383));
#8145 = CARTESIAN_POINT('', (0.3359554192553096, 0.5121585366824939, 0.4328523438044345));
#8146 = CARTESIAN_POINT('', (0.32080986075808005, 0.5496609995859058, 0.4199168147544199));
#8147 = CARTESIAN_POINT('', (0.306888248839264, 0.5879750038156807, 0.4080266348511653));
#8148 = CARTESIAN_POINT('', (0.29421567110252855, 0.6270315049326638, 0.39720323093250326));
#8149 = CARTESIAN_POINT('', (0.2828149644723439, 0.6667601204666771, 0.38746610757459654));
#8150 = CARTESIAN_POINT('', (0.2727066736333197, 0.7070892568042707, 0.3788328115958225));
#8151 = CARTESIAN_POINT('', (0.2639090147962524, 0.7479462380911482, 0.3713189011099869));
#8152 = CARTESIAN_POINT('', (0.2564378412173607, 0.7892574373231334, 0.3649379160770266));
#8153 = CARTESIAN_POINT('', (0.25030661776018015, 0.8309484088382725, 0.3597013565767915));
#8154 = CARTESIAN_POINT('', (0.24552639078953764, 0.8729440228374105, 0.355618657096051));
#8155 = CARTESIAN_POINT('', (0.24210577938985867, 0.9151686001283605, 0.3526971790282711));
#8156 = CARTESIAN_POINT('', (0.24005093855922066, 0.9575460496705481, 0.35094217923830673));
#8157 = CARTESIAN_POINT('', (0.23959403985608085, 0.9858486854683042, 0.35055195094012814));
#8158 = CARTESIAN_POINT('', (0.23959403988040007, 1.0000000037277175, 0.3505519509928803));
#8159 = CARTESIAN_POINT('', (1.0000000000000002, 0.0, 1.0000000000000002));
#8160 = CARTESIAN_POINT('', (0.985002353480711, 7.3522756653E-11, 0.9957702260849995));
#8161 = CARTESIAN_POINT('', (0.9550070612107733, 6.0086183227E-4, 0.9873106784743112));
#8162 = CARTESIAN_POINT('', (0.9100952023514355, 3.3031566248E-3, 0.9746442238634724));
#8163 = CARTESIAN_POINT('', (0.8653453583752759, 7.8015585453E-3, 0.9620234621844813));
#8164 = CARTESIAN_POINT('', (0.8208381709941002, 0.014087973235069405, 0.9494711367530025));
#8165 = CARTESIAN_POINT('', (0.7766538454404803, 0.02215106584774433, 0.9370098677847492));
#8166 = CARTESIAN_POINT('', (0.7328720046971297, 0.0319763094518745, 0.9246621112840262));
#8167 = CARTESIAN_POINT('', (0.6895715466943161, 0.043545996579821666, 0.9124501187691273));
#8168 = CARTESIAN_POINT('', (0.6468305017441465, 0.05683927881977133, 0.9003958970647459));
#8169 = CARTESIAN_POINT('', (0.6047258921247524, 0.07183220026906736, 0.8885211687005241));
#8170 = CARTESIAN_POINT('', (0.5633335931493018, 0.088497742879384, 0.8768473327285419));
#8171 = CARTESIAN_POINT('', (0.5227281965545021, 0.10680587410756573, 0.8653954261948299));
#8172 = CARTESIAN_POINT('', (0.4829828760242654, 0.12672360157149565, 0.854186086213155));
#8173 = CARTESIAN_POINT('', (0.4441692553162414, 0.1482150321358398, 0.8432395127728337));
#8174 = CARTESIAN_POINT('', (0.4063572791880589, 0.17124143679112036, 0.8325754323361824));
#8175 = CARTESIAN_POINT('', (0.36961508734211934, 0.19576132034649874, 0.8222130622872625));
#8176 = CARTESIAN_POINT('', (0.33400889173022413, 0.22173049637821923, 0.8121710763282037));
#8177 = CARTESIAN_POINT('', (0.2996028571299929, 0.24910216667408938, 0.8024675707982759));
#8178 = CARTESIAN_POINT('', (0.2664589855464372, 0.2778270056374216, 0.7931200320717661));
#8179 = CARTESIAN_POINT('', (0.2346370044373724, 0.30785324912437756, 0.7841453050342555));
#8180 = CARTESIAN_POINT('', (0.2041942591580732, 0.33912678781994254, 0.7755595627489161));
#8181 = CARTESIAN_POINT('', (0.17518560963820964, 0.37159126473037907, 0.7673782773163624));
#8182 = CARTESIAN_POINT('', (0.14766333142148552, 0.4051881766691575, 0.7596161919649513));
#8183 = CARTESIAN_POINT('', (0.12167702151530638, 0.4398569797240069, 0.7522872944976351));
#8184 = CARTESIAN_POINT('', (0.09727350893901962, 0.47553519833205693, 0.745404792063972));
#8185 = CARTESIAN_POINT('', (0.07449677052819915, 0.5121585379642359, 0.7389810874144658));
#8186 = CARTESIAN_POINT('', (0.053387851503881464, 0.5496610008968821, 0.7330277564987696));
#8187 = CARTESIAN_POINT('', (0.033984791611744045, 0.5879750051535284, 0.7275555276347948));
#8188 = CARTESIAN_POINT('', (0.016322556362917615, 0.6270315062949723, 0.7225742621166026));
#8189 = CARTESIAN_POINT('', (4.3297441457E-4, 0.6667601218509912, 0.7180929365538931));
#8190 = CARTESIAN_POINT('', (-0.013655320354665892, 0.7070892582080959, 0.7141196265356221));
#8191 = CARTESIAN_POINT('', (-0.02591693934535769, 0.7479462395119547, 0.7106614923872918));
#8192 = CARTESIAN_POINT('', (-0.03632978729430172, 0.7892574387583609, 0.707724765617509));
#8193 = CARTESIAN_POINT('', (-0.04487509772857526, 0.8309484102853344, 0.7053147389188879));
#8194 = CARTESIAN_POINT('', (-0.051537474925410734, 0.8729440242936992, 0.7034357543341314));
#8195 = CARTESIAN_POINT('', (-0.05630490615153761, 0.9151686015912517, 0.7020911998042199));
#8196 = CARTESIAN_POINT('', (-0.05916881296100446, 0.9575460511374055, 0.7012834947008786));
#8197 = CARTESIAN_POINT('', (-0.05980560937230225, 0.9858486869360434, 0.7011038996522597));
#8198 = CARTESIAN_POINT('', (-0.05980560932366413, 1.000000005195457, 0.7011038997257825));
#8199 = CARTESIAN_POINT('', (1.0000000000000002, 0.0, 1.0000000000000002));
#8200 = CARTESIAN_POINT('', (0.9860229079254799, 6.8519721341E-11, 1.002213753739601));
#8201 = CARTESIAN_POINT('', (0.9580687244942552, 6.0086181726E-4, 1.0066412611085558));
#8202 = CARTESIAN_POINT('', (0.9162130116257421, 3.3031565948E-3, 1.013270554284077));
#8203 = CARTESIAN_POINT('', (0.8745082889144541, 7.8015585003E-3, 1.0198759329801388));
#8204 = CARTESIAN_POINT('', (0.833029710594049, 0.014087973175303373, 1.0264454939363783));
#8205 = CARTESIAN_POINT('', (0.7918520241203031, 0.02215106577323897, 1.0329673983196455));
#8206 = CARTESIAN_POINT('', (0.7510494343198748, 0.03197630936276411, 1.039429893240823));
#8207 = CARTESIAN_POINT('', (0.7106954703050568, 0.043545996476266835, 1.0458213328333608));
#8208 = CARTESIAN_POINT('', (0.6708628526093594, 0.05683927870195861, 1.0521301992970242));
#8209 = CARTESIAN_POINT('', (0.6316233623266259, 0.07183220013720915, 1.058345123624135));
#8210 = CARTESIAN_POINT('', (0.5930477116340004, 0.08849774273371783, 1.06445490610679));
#8211 = CARTESIAN_POINT('', (0.555205416476499, 0.10680587394835415, 1.0704485365015908));
#8212 = CARTESIAN_POINT('', (0.5181646712414851, 0.12672360139902555, 1.0763152138792857));
#8213 = CARTESIAN_POINT('', (0.4819922258588729, 0.14821503195042202, 1.0820443660901664));
#8214 = CARTESIAN_POINT('', (0.44675326551053973, 0.171241436593089, 1.0876256688162385));
#8215 = CARTESIAN_POINT('', (0.4125112931528754, 0.1957613201362107, 1.0930490641778112));
#8216 = CARTESIAN_POINT('', (0.37932801517054004, 0.22173049615605342, 1.0983047788441638));
#8217 = CARTESIAN_POINT('', (0.34726323007937665, 0.24910216644044617, 1.103383341661272));
#8218 = CARTESIAN_POINT('', (0.3163747207941884, 0.277827005392722, 1.1082756007149241));
#8219 = CARTESIAN_POINT('', (0.2867181504601365, 0.3078532488690625, 1.1129727398293812));
#8220 = CARTESIAN_POINT('', (0.25834696221629805, 0.3391267875544723, 1.1174662944433011));
#8221 = CARTESIAN_POINT('', (0.2313122829034837, 0.37159126445523183, 1.121748166860902));
#8222 = CARTESIAN_POINT('', (0.20566283083789627, 0.4051881763848292, 1.1258106408591804));
#8223 = CARTESIAN_POINT('', (0.18144482806750606, 0.43985697943100993, 1.1296463955851344));
#8224 = CARTESIAN_POINT('', (0.1587019170072782, 0.47553519803091926, 1.1332485187594592));
#8225 = CARTESIAN_POINT('', (0.13747508197277192, 0.5121585376555002, 1.1366105191043918));
#8226 = CARTESIAN_POINT('', (0.11780257515445147, 0.5496610005811048, 1.1397263380682245));
#8227 = CARTESIAN_POINT('', (0.09971984778292664, 0.5879750048312786, 1.1425903607276768));
#8228 = CARTESIAN_POINT('', (0.0832594860486594, 0.6270315059668304, 1.1451974259372013));
#8229 = CARTESIAN_POINT('', (0.06845115274365321, 0.6667601215175488, 1.1475428355720263));
#8230 = CARTESIAN_POINT('', (0.05532153327850442, 0.7070892578699539, 1.149622363078251));
#8231 = CARTESIAN_POINT('', (0.04389428861821143, 0.7479462391697224, 1.151432260927028));
#8232 = CARTESIAN_POINT('', (0.034190010495286915, 0.7892574384126548, 1.1529692677081549));
#8233 = CARTESIAN_POINT('', (0.026226188368286163, 0.8309484099367778, 1.154230613363311));
#8234 = CARTESIAN_POINT('', (0.020017170317192967, 0.8729440239429201, 1.1552140253796062));
#8235 = CARTESIAN_POINT('', (0.015574151636952749, 0.9151686012388823, 1.1559177305962272));
#8236 = CARTESIAN_POINT('', (0.012905127030327201, 0.9575460507840808, 1.1563404627763012));
#8237 = CARTESIAN_POINT('', (0.012311663181501342, 0.9858486865825062, 1.156434458371255));
#8238 = CARTESIAN_POINT('', (0.01231166326172739, 1.0000000048419198, 1.1564344584397745));
#8239 = DEFINITIONAL_REPRESENTATION('', (#8241), #8240);
#8240 = (
    GEOMETRIC_REPRESENTATION_CONTEXT(2)
    PARAMETRIC_REPRESENTATION_CONTEXT()
    REPRESENTATION_CONTEXT('2D SPACE', '')
);
#8241 = (
    BOUNDED_CURVE()
    B_SPLINE_CURVE(3, (#8242, #8243, #8244, #8245, #8246, #8247, #8248, #8249, #8250, #8251, #8252, #8253, #8254, #8255, #8256, #8257, #8258, #8259, #8260, #8261, #8262, #8263, #8264, #8265, #8266, #8267, #8268, #8269, #8270, #8271, #8272, #8273, #8274, #8275, #8276, #8277, #8278, #8279, #8280, #8281, #8282, #8283, #8284, #8285, #8286, #8287, #8288, #8289, #8290, #8291, #8292, #8293, #8294, #8295, #8296, #8297, #8298, #8299, #8300, #8301, #8302, #8303, #8304, #8305, #8306, #8307, #8308, #8309, #8310, #8311, #8312, #8313, #8314, #8315, #8316, #8317, #8318, #8319, #8320, #8321, #8322, #8323, #8324, #8325, #8326, #8327, #8328, #8329, #8330, #8331, #8332, #8333, #8334, #8335, #8336, #8337, #8338, #8339, #8340, #8341, #8342, #8343, #8344, #8345, #8346, #8347, #8348, #8349, #8350, #8351, #8352, #8353, #8354, #8355, #8356, #8357, #8358, #8359, #8360, #8361, #8362, #8363, #8364, #8365, #8366, #8367, #8368, #8369, #8370, #8371), .UNSPECIFIED., .U., .U.)
    B_SPLINE_CURVE_WITH_KNOTS((4, 3, 3, 3, 3, 3, 3, 3, 3, 3, 3, 3, 3, 3, 3, 3, 3, 3, 3, 3, 3, 3, 3, 3, 3, 3, 3, 3, 3, 3, 3, 3, 3, 3, 3, 3, 3, 3, 3, 3, 3, 3, 3, 4), (0.0, 0.027027027027026973, 0.054054054054053946, 0.08108108108108103, 0.10810810810810811, 0.1351351351351351, 0.16216216216216206, 0.18918918918918914, 0.21621621621621623, 0.2432432432432432, 0.2702702702702702, 0.29729729729729726, 0.32432432432432434, 0.3513513513513513, 0.3783783783783783, 0.4054054054054054, 0.43243243243243246, 0.45945945945945943, 0.4864864864864864, 0.5135135135135135, 0.5405405405405406, 0.5472972972972974, 0.5489864864864865, 0.5498310810810811, 0.5502533783783784, 0.5506756756756757, 0.5540540540540541, 0.5675675675675675, 0.5945945945945945, 0.6216216216216216, 0.6486486486486487, 0.6756756756756757, 0.7027027027027026, 0.7297297297297297, 0.7567567567567568, 0.7837837837837838, 0.8108108108108107, 0.8378378378378378, 0.8648648648648649, 0.8918918918918919, 0.9189189189189189, 0.9459459459459459, 0.972972972972973, 1.0), .UNSPECIFIED.)
    CURVE()
    GEOMETRIC_REPRESENTATION_ITEM()
    RATIONAL_B_SPLINE_CURVE((1.0, 1.0, 1.0, 1.0, 1.0, 1.0, 1.0, 1.0, 1.0, 1.0, 1.0, 1.0, 1.0, 1.0, 1.0, 1.0, 1.0, 1.0, 1.0, 1.0, 1.0, 1.0, 1.0, 1.0, 1.0, 1.0, 1.0, 1.0, 1.0, 1.0, 1.0, 1.0, 1.0, 1.0, 1.0, 1.0, 1.0, 1.0, 1.0, 1.0, 1.0, 1.0, 1.0, 1.0, 1.0, 1.0, 1.0, 1.0, 1.0, 1.0, 1.0, 1.0, 1.0, 1.0, 1.0, 1.0, 1.0, 1.0, 1.0, 1.0, 1.0, 1.0, 1.0, 1.0, 1.0, 1.0, 1.0, 1.0, 1.0, 1.0, 1.0, 1.0, 1.0, 1.0, 1.0, 1.0, 1.0, 1.0, 1.0, 1.0, 1.0, 1.0, 1.0, 1.0, 1.0, 1.0, 1.0, 1.0, 1.0, 1.0, 1.0, 1.0, 1.0, 1.0, 1.0, 1.0, 1.0, 1.0, 1.0, 1.0, 1.0, 1.0, 1.0, 1.0, 1.0, 1.0, 1.0, 1.0, 1.0, 1.0, 1.0, 1.0, 1.0, 1.0, 1.0, 1.0, 1.0, 1.0, 1.0, 1.0, 1.0, 1.0, 1.0, 1.0, 1.0, 1.0, 1.0, 1.0, 1.0, 1.0))
    REPRESENTATION_ITEM('')
);
#8242 = CARTESIAN_POINT('', (0.0, 1.0));
#8243 = CARTESIAN_POINT('', (8.4503697630E-3, 1.0));
#8244 = CARTESIAN_POINT('', (0.01686139547638235, 0.9999999998675472));
#8245 = CARTESIAN_POINT('', (0.02523736079857789, 0.9999999998675472));
#8246 = CARTESIAN_POINT('', (0.03361332612077343, 0.9999999998675472));
#8247 = CARTESIAN_POINT('', (0.04195423086821894, 0.9999999997353297));
#8248 = CARTESIAN_POINT('', (0.05026422429148592, 0.9999999997353297));
#8249 = CARTESIAN_POINT('', (0.058574217714752935, 0.9999999997353297));
#8250 = CARTESIAN_POINT('', (0.06685329954938157, 0.9999999996035924));
#8251 = CARTESIAN_POINT('', (0.07510550274745896, 0.9999999996035924));
#8252 = CARTESIAN_POINT('', (0.08335770594553635, 0.9999999996035924));
#8253 = CARTESIAN_POINT('', (0.09158303036976562, 0.9999999994725675));
#8254 = CARTESIAN_POINT('', (0.09978540832570094, 0.9999999994725675));
#8255 = CARTESIAN_POINT('', (0.10798778628163623, 0.9999999994725675));
#8256 = CARTESIAN_POINT('', (0.11616721763886714, 0.9999999993424953));
#8257 = CARTESIAN_POINT('', (0.12432754993798284, 0.9999999993424953));
#8258 = CARTESIAN_POINT('', (0.13248788223709854, 0.9999999993424953));
#8259 = CARTESIAN_POINT('', (0.14062911540401538, 0.9999999992136054));
#8260 = CARTESIAN_POINT('', (0.14875502670887217, 0.9999999992136054));
#8261 = CARTESIAN_POINT('', (0.156880938013729, 0.9999999992136054));
#8262 = CARTESIAN_POINT('', (0.16499152740144507, 0.9999999990861348));
#8263 = CARTESIAN_POINT('', (0.17309051628790523, 0.9999999990861348));
#8264 = CARTESIAN_POINT('', (0.18118950517436538, 0.9999999990861348));
#8265 = CARTESIAN_POINT('', (0.18927689353070914, 0.9999999989603089));
#8266 = CARTESIAN_POINT('', (0.19735636059583736, 0.9999999989603089));
#8267 = CARTESIAN_POINT('', (0.20543582766096552, 0.9999999989603089));
#8268 = CARTESIAN_POINT('', (0.21350737341943515, 0.9999999988363586));
#8269 = CARTESIAN_POINT('', (0.22157464846943029, 0.9999999988363586));
#8270 = CARTESIAN_POINT('', (0.22964192351942542, 0.9999999988363586));
#8271 = CARTESIAN_POINT('', (0.23770492785672434, 0.9999999987145043));
#8272 = CARTESIAN_POINT('', (0.24576729664376443, 0.9999999987145043));
#8273 = CARTESIAN_POINT('', (0.25382966543080454, 0.9999999987145043));
#8274 = CARTESIAN_POINT('', (0.26189139866673494, 0.9999999985949668));
#8275 = CARTESIAN_POINT('', (0.2699561292299623, 0.9999999985949668));
#8276 = CARTESIAN_POINT('', (0.2780208597931897, 0.9999999985949668));
#8277 = CARTESIAN_POINT('', (0.2860885876814006, 0.9999999984779608));
#8278 = CARTESIAN_POINT('', (0.29416295658539754, 0.9999999984779608));
#8279 = CARTESIAN_POINT('', (0.3022373254893944, 0.9999999984779608));
#8280 = CARTESIAN_POINT('', (0.3103183353987602, 0.9999999984013057));
#8281 = CARTESIAN_POINT('', (0.3184096540178951, 0.9999999983636984));
#8282 = CARTESIAN_POINT('', (0.32650097263703004, 0.999999998326091));
#8283 = CARTESIAN_POINT('', (0.33460259994171354, 0.999999998288975));
#8284 = CARTESIAN_POINT('', (0.342718241023681, 0.9999999982523842));
#8285 = CARTESIAN_POINT('', (0.3508338821056485, 0.9999999982157933));
#8286 = CARTESIAN_POINT('', (0.3589635369214687, 0.9999999981797275));
#8287 = CARTESIAN_POINT('', (0.36711096161695667, 0.9999999981442191));
#8288 = CARTESIAN_POINT('', (0.3752583863124446, 0.9999999981087108));
#8289 = CARTESIAN_POINT('', (0.3834235808179908, 0.9999999980737598));
#8290 = CARTESIAN_POINT('', (0.39161036640008134, 0.9999999980393984));
#8291 = CARTESIAN_POINT('', (0.39979715198217186, 0.999999998005037));
#8292 = CARTESIAN_POINT('', (0.40800552853645944, 0.9999999979712649));
#8293 = CARTESIAN_POINT('', (0.41623939702352086, 0.9999999979381116));
#8294 = CARTESIAN_POINT('', (0.4244732655105823, 0.9999999979049582));
#8295 = CARTESIAN_POINT('', (0.4327326257850505, 0.9999999978724234));
#8296 = CARTESIAN_POINT('', (0.4410214737054486, 0.9999999978405384));
#8297 = CARTESIAN_POINT('', (0.4493103216258467, 0.9999999978086533));
#8298 = CARTESIAN_POINT('', (0.45762865699746963, 0.9999999977774181));
#8299 = CARTESIAN_POINT('', (0.4659805865416548, 0.9999999977468592));
#8300 = CARTESIAN_POINT('', (0.47433251608584, 0.9999999977163003));
#8301 = CARTESIAN_POINT('', (0.48271803954989834, 0.999999997686418));
#8302 = CARTESIAN_POINT('', (0.491141391379739, 0.9999999976572396));
#8303 = CARTESIAN_POINT('', (0.49324722933719917, 0.999999997649945));
#8304 = CARTESIAN_POINT('', (0.49535543227525175, 0.9999999976426942));
#8305 = CARTESIAN_POINT('', (0.497466067778875, 0.999999997635488));
#8306 = CARTESIAN_POINT('', (0.49799372665478076, 0.9999999976336864));
#8307 = CARTESIAN_POINT('', (0.49852153756848855, 0.9999999976318877));
#8308 = CARTESIAN_POINT('', (0.4990495015810624, 0.9999999976300917));
#8309 = CARTESIAN_POINT('', (0.4993134835873494, 0.9999999976291938));
#8310 = CARTESIAN_POINT('', (0.49957750386838606, 0.9999999976282965));
#8311 = CARTESIAN_POINT('', (0.4998415625570065, 0.9999999976273999));
#8312 = CARTESIAN_POINT('', (0.49997359190131674, 0.9999999976269516));
#8313 = CARTESIAN_POINT('', (0.5001056331533735, 0.9999999976265036));
#8314 = CARTESIAN_POINT('', (0.5002376586575406, 0.9999999976260556));
#8315 = CARTESIAN_POINT('', (0.5003696841617076, 0.9999999976256077));
#8316 = CARTESIAN_POINT('', (0.5005017000674548, 0.9999999976251599));
#8317 = CARTESIAN_POINT('', (0.5006337063913807, 0.9999999976247123));
#8318 = CARTESIAN_POINT('', (0.5016897569827886, 0.9999999976211313));
#8319 = CARTESIAN_POINT('', (0.502745194340956, 0.9999999976175615));
#8320 = CARTESIAN_POINT('', (0.5038000269465586, 0.999999997614003));
#8321 = CARTESIAN_POINT('', (0.508019357368969, 0.999999997599769));
#8322 = CARTESIAN_POINT('', (0.5122290124015482, 0.999999997585714));
#8323 = CARTESIAN_POINT('', (0.5164295292998362, 0.9999999975718413));
#8324 = CARTESIAN_POINT('', (0.5248305630964124, 0.9999999975440961));
#8325 = CARTESIAN_POINT('', (0.5331950532333041, 0.9999999975170798));
#8326 = CARTESIAN_POINT('', (0.541527194008699, 0.999999997490818));
#8327 = CARTESIAN_POINT('', (0.5498593347840939, 0.9999999974645563));
#8328 = CARTESIAN_POINT('', (0.5581591259638516, 0.9999999974390489));
#8329 = CARTESIAN_POINT('', (0.5664306392838483, 0.9999999974143178));
#8330 = CARTESIAN_POINT('', (0.5747021526038449, 0.9999999973895867));
#8331 = CARTESIAN_POINT('', (0.5829453878849061, 0.9999999973656323));
#8332 = CARTESIAN_POINT('', (0.5911643108767286, 0.9999999973424764));
#8333 = CARTESIAN_POINT('', (0.599383233868551, 0.9999999973193204));
#8334 = CARTESIAN_POINT('', (0.6075778444389139, 0.9999999972969629));
#8335 = CARTESIAN_POINT('', (0.6157520180757567, 0.999999997275424));
#8336 = CARTESIAN_POINT('', (0.6239261917125996, 0.9999999972538851));
#8337 = CARTESIAN_POINT('', (0.6320799283223862, 0.9999999972331647));
#8338 = CARTESIAN_POINT('', (0.6402170281293533, 0.9999999972132817));
#8339 = CARTESIAN_POINT('', (0.6483541279363204, 0.9999999971933987));
#8340 = CARTESIAN_POINT('', (0.6564745908796378, 0.9999999971743533));
#8341 = CARTESIAN_POINT('', (0.6645821563347758, 0.9999999971561616));
#8342 = CARTESIAN_POINT('', (0.6726897217899138, 0.9999999971379699));
#8343 = CARTESIAN_POINT('', (0.6807843897200129, 0.9999999971206323));
#8344 = CARTESIAN_POINT('', (0.6888698525753185, 0.9999999971041653));
#8345 = CARTESIAN_POINT('', (0.6969553154306241, 0.9999999970876984));
#8346 = CARTESIAN_POINT('', (0.7050315731920189, 0.9999999970721023));
#8347 = CARTESIAN_POINT('', (0.7131022849751514, 0.9999999970573894));
#8348 = CARTESIAN_POINT('', (0.7211729967582838, 0.9999999970426765));
#8349 = CARTESIAN_POINT('', (0.7292381625548573, 0.9999999970288466));
#8350 = CARTESIAN_POINT('', (0.7373014214165057, 0.9999999970159138));
#8351 = CARTESIAN_POINT('', (0.7453646802781542, 0.999999997002981));
#8352 = CARTESIAN_POINT('', (0.753426032205423, 0.9999999969909455));
#8353 = CARTESIAN_POINT('', (0.7614891094124542, 0.9999999969798173));
#8354 = CARTESIAN_POINT('', (0.7695521866194853, 0.9999999969686891));
#8355 = CARTESIAN_POINT('', (0.7776169891017034, 0.9999999969584685));
#8356 = CARTESIAN_POINT('', (0.7856871552284533, 0.9999999969491635));
#8357 = CARTESIAN_POINT('', (0.7937573213552032, 0.9999999969398585));
#8358 = CARTESIAN_POINT('', (0.8018328511260493, 0.9999999969314693));
#8359 = CARTESIAN_POINT('', (0.8099174023980016, 0.9999999969240054));
#8360 = CARTESIAN_POINT('', (0.8180019536699539, 0.9999999969165415));
#8361 = CARTESIAN_POINT('', (0.8260955264117222, 0.999999996910003));
#8362 = CARTESIAN_POINT('', (0.8342018109899546, 0.9999999969043933));
#8363 = CARTESIAN_POINT('', (0.8423080955681871, 0.9999999968987837));
#8364 = CARTESIAN_POINT('', (0.8504270919715973, 0.9999999968941029));
#8365 = CARTESIAN_POINT('', (0.858562537046357, 0.9999999968903573));
#8366 = CARTESIAN_POINT('', (0.8666979821211167, 0.9999999968866118));
#8367 = CARTESIAN_POINT('', (0.8748498757576286, 0.9999999968838009));
#8368 = CARTESIAN_POINT('', (0.8830220146011639, 0.9999999968819268));
#8369 = CARTESIAN_POINT('', (0.8911941534446992, 0.9999999968800526));
#8370 = CARTESIAN_POINT('', (0.8993865374934601, 0.9999999968791151));
#8371 = CARTESIAN_POINT('', (0.9076030384458004, 0.9999999968791151));
#8372 = PCURVE('', #8373, #8694);
#8373 = (
    BOUNDED_SURFACE()
    B_SPLINE_SURFACE(3, 3, ((#8374, #8375, #8376, #8377, #8378, #8379, #8380, #8381, #8382, #8383, #8384, #8385, #8386, #8387, #8388, #8389, #8390, #8391, #8392, #8393, #8394, #8395, #8396, #8397, #8398, #8399, #8400, #8401, #8402, #8403, #8404, #8405, #8406, #8407, #8408, #8409, #8410, #8411, #8412, #8413), (#8414, #8415, #8416, #8417, #8418, #8419, #8420, #8421, #8422, #8423, #8424, #8425, #8426, #8427, #8428, #8429, #8430, #8431, #8432, #8433, #8434, #8435, #8436, #8437, #8438, #8439, #8440, #8441, #8442, #8443, #8444, #8445, #8446, #8447, #8448, #8449, #8450, #8451, #8452, #8453), (#8454, #8455, #8456, #8457, #8458, #8459, #8460, #8461, #8462, #8463, #8464, #8465, #8466, #8467, #8468, #8469, #8470, #8471, #8472, #8473, #8474, #8475, #8476, #8477, #8478, #8479, #8480, #8481, #8482, #8483, #8484, #8485, #8486, #8487, #8488, #8489, #8490, #8491, #8492, #8493), (#8494, #8495, #8496, #8497, #8498, #8499, #8500, #8501, #8502, #8503, #8504, #8505, #8506, #8507, #8508, #8509, #8510, #8511, #8512, #8513, #8514, #8515, #8516, #8517, #8518, #8519, #8520, #8521, #8522, #8523, #8524, #8525, #8526, #8527, #8528, #8529, #8530, #8531, #8532, #8533), (#8534, #8535, #8536, #8537, #8538, #8539, #8540, #8541, #8542, #8543, #8544, #8545, #8546, #8547, #8548, #8549, #8550, #8551, #8552, #8553, #8554, #8555, #8556, #8557, #8558, #8559, #8560, #8561, #8562, #8563, #8564, #8565, #8566, #8567, #8568, #8569, #8570, #8571, #8572, #8573), (#8574, #8575, #8576, #8577, #8578, #8579, #8580, #8581, #8582, #8583, #8584, #8585, #8586, #8587, #8588, #8589, #8590, #8591, #8592, #8593, #8594, #8595, #8596, #8597, #8598, #8599, #8600, #8601, #8602, #8603, #8604, #8605, #8606, #8607, #8608, #8609, #8610, #8611, #8612, #8613), (#8614, #8615, #8616, #8617, #8618, #8619, #8620, #8621, #8622, #8623, #8624, #8625, #8626, #8627, #8628, #8629, #8630, #8631, #8632, #8633, #8634, #8635, #8636, #8637, #8638, #8639, #8640, #8641, #8642, #8643, #8644, #8645, #8646, #8647, #8648, #8649, #8650, #8651, #8652, #8653), (#8654, #8655, #8656, #8657, #8658, #8659, #8660, #8661, #8662, #8663, #8664, #8665, #8666, #8667, #8668, #8669, #8670, #8671, #8672, #8673, #8674, #8675, #8676, #8677, #8678, #8679, #8680, #8681, #8682, #8683, #8684, #8685, #8686, #8687, #8688, #8689, #8690, #8691, #8692, #8693)), .UNSPECIFIED., .U., .U., .U.)
    B_SPLINE_SURFACE_WITH_KNOTS((4, 1, 3, 4), (4, 1, 1, 1, 1, 1, 1, 1, 1, 1, 1, 1, 1, 1, 1, 1, 1, 1, 1, 1, 1, 1, 1, 1, 1, 1, 1, 1, 1, 1, 1, 1, 1, 1, 1, 1, 1, 4), (0.0, 4.500000000000002, 9.000000000000004, 9.000100000000003), (0.0, 0.02702702702702703, 0.05405405405405406, 0.08108108108108109, 0.10810810810810811, 0.13513513513513514, 0.16216216216216217, 0.1891891891891892, 0.21621621621621623, 0.24324324324324326, 0.2702702702702703, 0.2972972972972973, 0.32432432432432434, 0.35135135135135137, 0.3783783783783784, 0.40540540540540543, 0.43243243243243246, 0.4594594594594595, 0.4864864864864865, 0.5135135135135136, 0.5405405405405406, 0.5675675675675675, 0.5945945945945946, 0.6216216216216217, 0.6486486486486487, 0.6756756756756757, 0.7027027027027027, 0.7297297297297298, 0.7567567567567568, 0.7837837837837838, 0.8108108108108109, 0.8378378378378379, 0.8648648648648649, 0.8918918918918919, 0.918918918918919, 0.945945945945946, 0.972972972972973, 1.0), .UNSPECIFIED.)
    GEOMETRIC_REPRESENTATION_ITEM()
    RATIONAL_B_SPLINE_SURFACE(((1.0, 1.0, 1.0, 1.0, 1.0, 1.0, 1.0, 1.0, 1.0, 1.0, 1.0, 1.0, 1.0, 1.0, 1.0, 1.0, 1.0, 1.0, 1.0, 1.0, 1.0, 1.0, 1.0, 1.0, 1.0, 1.0, 1.0, 1.0, 1.0, 1.0, 1.0, 1.0, 1.0, 1.0, 1.0, 1.0, 1.0, 1.0, 1.0, 1.0), (1.0, 1.0, 1.0, 1.0, 1.0, 1.0, 1.0, 1.0, 1.0, 1.0, 1.0, 1.0, 1.0, 1.0, 1.0, 1.0, 1.0, 1.0, 1.0, 1.0, 1.0, 1.0, 1.0, 1.0, 1.0, 1.0, 1.0, 1.0, 1.0, 1.0, 1.0, 1.0, 1.0, 1.0, 1.0, 1.0, 1.0, 1.0, 1.0, 1.0), (1.0, 1.0, 1.0, 1.0, 1.0, 1.0, 1.0, 1.0, 1.0, 1.0, 1.0, 1.0, 1.0, 1.0, 1.0, 1.0, 1.0, 1.0, 1.0, 1.0, 1.0, 1.0, 1.0, 1.0, 1.0, 1.0, 1.0, 1.0, 1.0, 1.0, 1.0, 1.0, 1.0, 1.0, 1.0, 1.0, 1.0, 1.0, 1.0, 1.0), (1.0, 1.0, 1.0, 1.0, 1.0, 1.0, 1.0, 1.0, 1.0, 1.0, 1.0, 1.0, 1.0, 1.0, 1.0, 1.0, 1.0, 1.0, 1.0, 1.0, 1.0, 1.0, 1.0, 1.0, 1.0, 1.0, 1.0, 1.0, 1.0, 1.0, 1.0, 1.0, 1.0, 1.0, 1.0, 1.0, 1.0, 1.0, 1.0, 1.0), (1.0, 1.0, 1.0, 1.0, 1.0, 1.0, 1.0, 1.0, 1.0, 1.0, 1.0, 1.0, 1.0, 1.0, 1.0, 1.0, 1.0, 1.0, 1.0, 1.0, 1.0, 1.0, 1.0, 1.0, 1.0, 1.0, 1.0, 1.0, 1.0, 1.0, 1.0, 1.0, 1.0, 1.0, 1.0, 1.0, 1.0, 1.0, 1.0, 1.0), (1.0, 1.0, 1.0, 1.0, 1.0, 1.0, 1.0, 1.0, 1.0, 1.0, 1.0, 1.0, 1.0, 1.0, 1.0, 1.0, 1.0, 1.0, 1.0, 1.0, 1.0, 1.0, 1.0, 1.0, 1.0, 1.0, 1.0, 1.0, 1.0, 1.0, 1.0, 1.0, 1.0, 1.0, 1.0, 1.0, 1.0, 1.0, 1.0, 1.0), (1.0, 1.0, 1.0, 1.0, 1.0, 1.0, 1.0, 1.0, 1.0, 1.0, 1.0, 1.0, 1.0, 1.0, 1.0, 1.0, 1.0, 1.0, 1.0, 1.0, 1.0, 1.0, 1.0, 1.0, 1.0, 1.0, 1.0, 1.0, 1.0, 1.0, 1.0, 1.0, 1.0, 1.0, 1.0, 1.0, 1.0, 1.0, 1.0, 1.0), (1.0, 1.0, 1.0, 1.0, 1.0, 1.0, 1.0, 1.0, 1.0, 1.0, 1.0, 1.0, 1.0, 1.0, 1.0, 1.0, 1.0, 1.0, 1.0, 1.0, 1.0, 1.0, 1.0, 1.0, 1.0, 1.0, 1.0, 1.0, 1.0, 1.0, 1.0, 1.0, 1.0, 1.0, 1.0, 1.0, 1.0, 1.0, 1.0, 1.0)))
    REPRESENTATION_ITEM('')
    SURFACE()
);
#8374 = CARTESIAN_POINT('', (0.0, 0.9999999999999998, 1.0));
#8375 = CARTESIAN_POINT('', (9.9261673506E-24, 0.9999999999999998, 0.9858486817405865));
#8376 = CARTESIAN_POINT('', (6.0086161170E-4, 1.0000000000000002, 0.9575460459450715));
#8377 = CARTESIAN_POINT('', (3.3031561841E-3, 0.9999999999999972, 0.9151685964129556));
#8378 = CARTESIAN_POINT('', (7.8015578851E-3, 1.0000000000000018, 0.872944019138775));
#8379 = CARTESIAN_POINT('', (0.014087972356768782, 0.9999999999999966, 0.830948405163071));
#8380 = CARTESIAN_POINT('', (0.022151064752840417, 1.000000000000002, 0.7892574336779888));
#8381 = CARTESIAN_POINT('', (0.0319763081423398, 1.0, 0.747946234482629));
#8382 = CARTESIAN_POINT('', (0.04354599505801641, 0.9999999999999984, 0.70708925323888));
#8383 = CARTESIAN_POINT('', (0.056839277088437765, 1.0000000000000027, 0.6667601169508407));
#8384 = CARTESIAN_POINT('', (0.07183219833132579, 0.9999999999999977, 0.6270315014727162));
#8385 = CARTESIAN_POINT('', (0.0884977407387255, 1.0000000000000016, 0.5879750004178576));
#8386 = CARTESIAN_POINT('', (0.10680587176784899, 0.9999999999999994, 0.5496609962563305));
#8387 = CARTESIAN_POINT('', (0.12672359903693567, 1.0, 0.5121585334271657));
#8388 = CARTESIAN_POINT('', (0.14821502941100584, 0.9999999999999992, 0.47553519390664495));
#8389 = CARTESIAN_POINT('', (0.17124143388092075, 1.0000000000000009, 0.43985697541822694));
#8390 = CARTESIAN_POINT('', (0.19576131725617948, 0.999999999999999, 0.40518817249077055));
#8391 = CARTESIAN_POINT('', (0.22173049311334803, 1.0000000000000013, 0.3715912606869129));
#8392 = CARTESIAN_POINT('', (0.24910216324055184, 1.0000000000000007, 0.33912678391868517));
#8393 = CARTESIAN_POINT('', (0.27782700204140237, 1.000000000000001, 0.30785324537235864));
#8394 = CARTESIAN_POINT('', (0.3078532453723595, 0.9999999999999974, 0.2778270020414028));
#8395 = CARTESIAN_POINT('', (0.3391267839186841, 1.000000000000002, 0.24910216324055107));
#8396 = CARTESIAN_POINT('', (0.3715912606869137, 0.9999999999999994, 0.22173049311334855));
#8397 = CARTESIAN_POINT('', (0.40518817249076955, 1.0, 0.1957613172561791));
#8398 = CARTESIAN_POINT('', (0.43985697541822816, 1.0000000000000007, 0.17124143388092147));
#8399 = CARTESIAN_POINT('', (0.4755351939066439, 1.0000000000000007, 0.14821502941100523));
#8400 = CARTESIAN_POINT('', (0.5121585334271673, 0.9999999999999997, 0.12672359903693628));
#8401 = CARTESIAN_POINT('', (0.549660996256329, 1.0000000000000009, 0.10680587176784856));
#8402 = CARTESIAN_POINT('', (0.5879750004178591, 0.9999999999999998, 0.08849774073872577));
#8403 = CARTESIAN_POINT('', (0.6270315014727152, 1.000000000000001, 0.07183219833132544));
#8404 = CARTESIAN_POINT('', (0.666760116950839, 0.9999999999999976, 0.05683927708843773));
#8405 = CARTESIAN_POINT('', (0.7070892532388812, 1.0000000000000027, 0.043545995058016415));
#8406 = CARTESIAN_POINT('', (0.747946234482628, 0.9999999999999977, 0.031976308142339815));
#8407 = CARTESIAN_POINT('', (0.7892574336779898, 1.000000000000003, 0.022151064752840278));
#8408 = CARTESIAN_POINT('', (0.8309484051630716, 0.9999999999999968, 0.01408797235676895));
#8409 = CARTESIAN_POINT('', (0.8729440191387747, 1.0000000000000024, 7.8015578851E-3));
#8410 = CARTESIAN_POINT('', (0.9151685964129546, 0.9999999999999961, 3.3031561841E-3));
#8411 = CARTESIAN_POINT('', (0.9575460459450745, 1.000000000000005, 6.0086161170E-4));
#8412 = CARTESIAN_POINT('', (0.9858486817405865, 1.0000000000000002, 8.6649650707E-19));
#8413 = CARTESIAN_POINT('', (1.0000000000000002, 1.0000000000000002, 0.0));
#8414 = CARTESIAN_POINT('', (0.0, 2.5000000000000004, 1.0));
#8415 = CARTESIAN_POINT('', (9.9261673506E-24, 2.500000000000001, 0.9858486817405869));
#8416 = CARTESIAN_POINT('', (6.0086161170E-4, 2.4999999999999942, 0.9575460459450718));
#8417 = CARTESIAN_POINT('', (3.3031561841E-3, 2.5000000000000067, 0.9151685964129561));
#8418 = CARTESIAN_POINT('', (7.8015578851E-3, 2.5, 0.8729440191387754));
#8419 = CARTESIAN_POINT('', (0.014087972356768784, 2.4999999999999987, 0.8309484051630713));
#8420 = CARTESIAN_POINT('', (0.02215106475284042, 2.500000000000006, 0.7892574336779892));
#8421 = CARTESIAN_POINT('', (0.03197630814233981, 2.5, 0.7479462344826292));
#8422 = CARTESIAN_POINT('', (0.043545995058016415, 2.500000000000004, 0.7070892532388804));
#8423 = CARTESIAN_POINT('', (0.05683927708843778, 2.499999999999995, 0.666760116950841));
#8424 = CARTESIAN_POINT('', (0.0718321983313258, 2.500000000000007, 0.6270315014727166));
#8425 = CARTESIAN_POINT('', (0.08849774073872553, 2.499999999999994, 0.5879750004178579));
#8426 = CARTESIAN_POINT('', (0.106805871767849, 2.500000000000014, 0.5496609962563307));
#8427 = CARTESIAN_POINT('', (0.1267235990369357, 2.4999999999999933, 0.5121585334271659));
#8428 = CARTESIAN_POINT('', (0.14821502941100587, 2.5000000000000036, 0.4755351939066452));
#8429 = CARTESIAN_POINT('', (0.17124143388092078, 2.499999999999994, 0.4398569754182272));
#8430 = CARTESIAN_POINT('', (0.1957613172561795, 2.500000000000004, 0.40518817249077077));
#8431 = CARTESIAN_POINT('', (0.22173049311334805, 2.499999999999996, 0.37159126068691317));
#8432 = CARTESIAN_POINT('', (0.24910216324055187, 2.50000000000001, 0.33912678391868545));
#8433 = CARTESIAN_POINT('', (0.2778270020414024, 2.5000000000000093, 0.30785324537235886));
#8434 = CARTESIAN_POINT('', (0.3078532453723596, 2.4999999999999902, 0.2778270020414031));
#8435 = CARTESIAN_POINT('', (0.33912678391868417, 2.5000000000000093, 0.2491021632405513));
#8436 = CARTESIAN_POINT('', (0.3715912606869138, 2.4999999999999916, 0.22173049311334886));
#8437 = CARTESIAN_POINT('', (0.40518817249076966, 2.5000000000000036, 0.19576131725617935));
#8438 = CARTESIAN_POINT('', (0.4398569754182282, 2.5000000000000013, 0.17124143388092172));
#8439 = CARTESIAN_POINT('', (0.475535193906644, 2.5000000000000027, 0.14821502941100545));
#8440 = CARTESIAN_POINT('', (0.5121585334271674, 2.4999999999999973, 0.12672359903693653));
#8441 = CARTESIAN_POINT('', (0.5496609962563291, 2.500000000000004, 0.10680587176784878));
#8442 = CARTESIAN_POINT('', (0.5879750004178592, 2.500000000000001, 0.08849774073872599));
#8443 = CARTESIAN_POINT('', (0.6270315014727154, 2.5000000000000013, 0.07183219833132565));
#8444 = CARTESIAN_POINT('', (0.6667601169508391, 2.4999999999999987, 0.05683927708843794));
#8445 = CARTESIAN_POINT('', (0.7070892532388813, 2.499999999999994, 0.04354599505801662));
#8446 = CARTESIAN_POINT('', (0.7479462344826281, 2.500000000000009, 0.031976308142340024));
#8447 = CARTESIAN_POINT('', (0.7892574336779901, 2.499999999999993, 0.022151064752840486));
#8448 = CARTESIAN_POINT('', (0.8309484051630718, 2.5000000000000138, 0.014087972356769157));
#8449 = CARTESIAN_POINT('', (0.872944019138775, 2.499999999999987, 7.8015578851E-3));
#8450 = CARTESIAN_POINT('', (0.9151685964129547, 2.5000000000000098, 3.3031561841E-3));
#8451 = CARTESIAN_POINT('', (0.9575460459450746, 2.4999999999999987, 6.0086161170E-4));
#8452 = CARTESIAN_POINT('', (0.9858486817405867, 2.5000000000000004, 2.0371175574E-16));
#8453 = CARTESIAN_POINT('', (1.0000000000000002, 2.500000000000001, 0.0));
#8454 = CARTESIAN_POINT('', (0.0, 5.5, 1.0));
#8455 = CARTESIAN_POINT('', (9.9261673506E-24, 5.500000000000002, 0.9858486817405869));
#8456 = CARTESIAN_POINT('', (6.0086161170E-4, 5.499999999999989, 0.9575460459450719));
#8457 = CARTESIAN_POINT('', (3.3031561841E-3, 5.500000000000004, 0.9151685964129559));
#8458 = CARTESIAN_POINT('', (7.8015578851E-3, 5.500000000000005, 0.8729440191387754));
#8459 = CARTESIAN_POINT('', (0.014087972356768785, 5.499999999999992, 0.8309484051630713));
#8460 = CARTESIAN_POINT('', (0.022151064752840424, 5.500000000000009, 0.7892574336779892));
#8461 = CARTESIAN_POINT('', (0.031976308142339815, 5.499999999999998, 0.7479462344826291));
#8462 = CARTESIAN_POINT('', (0.04354599505801643, 5.500000000000009, 0.7070892532388803));
#8463 = CARTESIAN_POINT('', (0.05683927708843779, 5.500000000000001, 0.666760116950841));
#8464 = CARTESIAN_POINT('', (0.07183219833132581, 5.500000000000007, 0.6270315014727166));
#8465 = CARTESIAN_POINT('', (0.08849774073872554, 5.4999999999999964, 0.5879750004178579));
#8466 = CARTESIAN_POINT('', (0.10680587176784903, 5.500000000000017, 0.5496609962563306));
#8467 = CARTESIAN_POINT('', (0.12672359903693572, 5.4999999999999964, 0.5121585334271659));
#8468 = CARTESIAN_POINT('', (0.1482150294110059, 5.5, 0.4755351939066451));
#8469 = CARTESIAN_POINT('', (0.1712414338809208, 5.4999999999999964, 0.4398569754182271));
#8470 = CARTESIAN_POINT('', (0.19576131725617957, 5.5, 0.40518817249077066));
#8471 = CARTESIAN_POINT('', (0.22173049311334808, 5.499999999999995, 0.371591260686913));
#8472 = CARTESIAN_POINT('', (0.24910216324055193, 5.500000000000023, 0.3391267839186852));
#8473 = CARTESIAN_POINT('', (0.2778270020414024, 5.4999999999999964, 0.30785324537235875));
#8474 = CARTESIAN_POINT('', (0.30785324537235964, 5.500000000000002, 0.2778270020414029));
#8475 = CARTESIAN_POINT('', (0.3391267839186842, 5.4999999999999964, 0.24910216324055118));
#8476 = CARTESIAN_POINT('', (0.37159126068691384, 5.500000000000004, 0.22173049311334866));
#8477 = CARTESIAN_POINT('', (0.40518817249076977, 5.499999999999993, 0.19576131725617918));
#8478 = CARTESIAN_POINT('', (0.43985697541822827, 5.500000000000011, 0.17124143388092156));
#8479 = CARTESIAN_POINT('', (0.475535193906644, 5.499999999999995, 0.14821502941100528));
#8480 = CARTESIAN_POINT('', (0.5121585334271674, 5.500000000000006, 0.12672359903693634));
#8481 = CARTESIAN_POINT('', (0.5496609962563292, 5.499999999999998, 0.10680587176784859));
#8482 = CARTESIAN_POINT('', (0.5879750004178592, 5.500000000000011, 0.08849774073872581));
#8483 = CARTESIAN_POINT('', (0.6270315014727155, 5.4999999999999964, 0.07183219833132545));
#8484 = CARTESIAN_POINT('', (0.6667601169508393, 5.5000000000000036, 0.05683927708843775));
#8485 = CARTESIAN_POINT('', (0.7070892532388815, 5.499999999999991, 0.04354599505801643));
#8486 = CARTESIAN_POINT('', (0.7479462344826282, 5.50000000000001, 0.03197630814233983));
#8487 = CARTESIAN_POINT('', (0.7892574336779902, 5.4999999999999964, 0.022151064752840288));
#8488 = CARTESIAN_POINT('', (0.8309484051630719, 5.500000000000009, 0.014087972356768957));
#8489 = CARTESIAN_POINT('', (0.8729440191387751, 5.499999999999995, 7.8015578851E-3));
#8490 = CARTESIAN_POINT('', (0.9151685964129548, 5.500000000000003, 3.3031561841E-3));
#8491 = CARTESIAN_POINT('', (0.9575460459450748, 5.500000000000011, 6.0086161170E-4));
#8492 = CARTESIAN_POINT('', (0.9858486817405869, 5.500000000000002, 8.6649650707E-19));
#8493 = CARTESIAN_POINT('', (1.0, 5.5, 0.0));
#8494 = CARTESIAN_POINT('', (0.0, 8.5, 1.0));
#8495 = CARTESIAN_POINT('', (9.9261673506E-24, 8.500000000000004, 0.9858486817405867));
#8496 = CARTESIAN_POINT('', (6.0086161170E-4, 8.499999999999991, 0.9575460459450718));
#8497 = CARTESIAN_POINT('', (3.3031561841E-3, 8.49999999999999, 0.9151685964129557));
#8498 = CARTESIAN_POINT('', (7.8015578851E-3, 8.500000000000018, 0.872944019138775));
#8499 = CARTESIAN_POINT('', (0.014087972356768785, 8.499999999999977, 0.8309484051630711));
#8500 = CARTESIAN_POINT('', (0.02215106475284042, 8.50000000000001, 0.7892574336779888));
#8501 = CARTESIAN_POINT('', (0.03197630814233981, 8.499999999999993, 0.747946234482629));
#8502 = CARTESIAN_POINT('', (0.043545995058016415, 8.50000000000001, 0.70708925323888));
#8503 = CARTESIAN_POINT('', (0.056839277088437785, 8.500000000000018, 0.6667601169508408));
#8504 = CARTESIAN_POINT('', (0.07183219833132581, 8.5, 0.6270315014727164));
#8505 = CARTESIAN_POINT('', (0.08849774073872553, 8.500000000000004, 0.5879750004178576));
#8506 = CARTESIAN_POINT('', (0.10680587176784903, 8.500000000000004, 0.5496609962563306));
#8507 = CARTESIAN_POINT('', (0.12672359903693572, 8.500000000000007, 0.5121585334271657));
#8508 = CARTESIAN_POINT('', (0.1482150294110059, 8.499999999999995, 0.4755351939066449));
#8509 = CARTESIAN_POINT('', (0.1712414338809208, 8.500000000000005, 0.4398569754182269));
#8510 = CARTESIAN_POINT('', (0.19576131725617957, 8.49999999999999, 0.40518817249077055));
#8511 = CARTESIAN_POINT('', (0.22173049311334814, 8.499999999999996, 0.3715912606869127));
#8512 = CARTESIAN_POINT('', (0.24910216324055195, 8.500000000000032, 0.33912678391868506));
#8513 = CARTESIAN_POINT('', (0.2778270020414024, 8.49999999999997, 0.3078532453723586));
#8514 = CARTESIAN_POINT('', (0.3078532453723596, 8.500000000000027, 0.27782700204140265));
#8515 = CARTESIAN_POINT('', (0.3391267839186842, 8.499999999999972, 0.24910216324055096));
#8516 = CARTESIAN_POINT('', (0.37159126068691384, 8.500000000000032, 0.22173049311334841));
#8517 = CARTESIAN_POINT('', (0.4051881724907697, 8.499999999999975, 0.19576131725617896));
#8518 = CARTESIAN_POINT('', (0.43985697541822827, 8.500000000000025, 0.17124143388092133));
#8519 = CARTESIAN_POINT('', (0.475535193906644, 8.499999999999986, 0.14821502941100506));
#8520 = CARTESIAN_POINT('', (0.5121585334271674, 8.50000000000002, 0.1267235990369361));
#8521 = CARTESIAN_POINT('', (0.5496609962563292, 8.49999999999999, 0.10680587176784839));
#8522 = CARTESIAN_POINT('', (0.5879750004178593, 8.50000000000002, 0.0884977407387256));
#8523 = CARTESIAN_POINT('', (0.6270315014727155, 8.49999999999999, 0.07183219833132526));
#8524 = CARTESIAN_POINT('', (0.6667601169508393, 8.500000000000005, 0.05683927708843755));
#8525 = CARTESIAN_POINT('', (0.7070892532388815, 8.500000000000004, 0.043545995058016235));
#8526 = CARTESIAN_POINT('', (0.7479462344826282, 8.499999999999991, 0.03197630814233962));
#8527 = CARTESIAN_POINT('', (0.7892574336779901, 8.500000000000018, 0.02215106475284008));
#8528 = CARTESIAN_POINT('', (0.8309484051630719, 8.499999999999977, 0.014087972356768752));
#8529 = CARTESIAN_POINT('', (0.872944019138775, 8.500000000000025, 7.8015578851E-3));
#8530 = CARTESIAN_POINT('', (0.9151685964129548, 8.499999999999975, 3.3031561841E-3));
#8531 = CARTESIAN_POINT('', (0.9575460459450749, 8.500000000000039, 6.0086161170E-4));
#8532 = CARTESIAN_POINT('', (0.9858486817405868, 8.500000000000004, -2.0197876273E-16));
#8533 = CARTESIAN_POINT('', (1.0, 8.5, 0.0));
#8534 = CARTESIAN_POINT('', (0.0, 10.0, 1.0));
#8535 = CARTESIAN_POINT('', (9.9261673506E-24, 10.000000000000004, 0.9858486817405868));
#8536 = CARTESIAN_POINT('', (6.0086161170E-4, 9.999999999999991, 0.9575460459450719));
#8537 = CARTESIAN_POINT('', (3.3031561841E-3, 9.999999999999984, 0.9151685964129559));
#8538 = CARTESIAN_POINT('', (7.8015578851E-3, 10.000000000000023, 0.8729440191387752));
#8539 = CARTESIAN_POINT('', (0.014087972356768784, 9.99999999999997, 0.8309484051630712));
#8540 = CARTESIAN_POINT('', (0.02215106475284042, 10.000000000000016, 0.7892574336779891));
#8541 = CARTESIAN_POINT('', (0.03197630814233981, 9.99999999999999, 0.7479462344826291));
#8542 = CARTESIAN_POINT('', (0.043545995058016415, 10.000000000000012, 0.7070892532388802));
#8543 = CARTESIAN_POINT('', (0.056839277088437785, 10.00000000000002, 0.6667601169508409));
#8544 = CARTESIAN_POINT('', (0.07183219833132581, 10.000000000000002, 0.6270315014727165));
#8545 = CARTESIAN_POINT('', (0.08849774073872552, 10.000000000000002, 0.5879750004178578));
#8546 = CARTESIAN_POINT('', (0.10680587176784902, 10.000000000000004, 0.5496609962563307));
#8547 = CARTESIAN_POINT('', (0.12672359903693572, 10.000000000000005, 0.5121585334271659));
#8548 = CARTESIAN_POINT('', (0.1482150294110059, 9.999999999999996, 0.4755351939066451));
#8549 = CARTESIAN_POINT('', (0.1712414338809208, 10.000000000000005, 0.4398569754182271));
#8550 = CARTESIAN_POINT('', (0.19576131725617954, 9.99999999999999, 0.4051881724907707));
#8551 = CARTESIAN_POINT('', (0.22173049311334814, 9.999999999999995, 0.371591260686913));
#8552 = CARTESIAN_POINT('', (0.24910216324055195, 10.000000000000037, 0.3391267839186853));
#8553 = CARTESIAN_POINT('', (0.2778270020414024, 9.999999999999964, 0.30785324537235875));
#8554 = CARTESIAN_POINT('', (0.3078532453723596, 10.000000000000032, 0.2778270020414029));
#8555 = CARTESIAN_POINT('', (0.3391267839186842, 9.999999999999968, 0.2491021632405511));
#8556 = CARTESIAN_POINT('', (0.37159126068691384, 10.000000000000039, 0.22173049311334864));
#8557 = CARTESIAN_POINT('', (0.4051881724907697, 9.99999999999997, 0.19576131725617915));
#8558 = CARTESIAN_POINT('', (0.43985697541822827, 10.000000000000028, 0.17124143388092153));
#8559 = CARTESIAN_POINT('', (0.475535193906644, 9.999999999999984, 0.14821502941100528));
#8560 = CARTESIAN_POINT('', (0.5121585334271674, 10.000000000000021, 0.1267235990369363));
#8561 = CARTESIAN_POINT('', (0.5496609962563291, 9.99999999999999, 0.1068058717678486));
#8562 = CARTESIAN_POINT('', (0.5879750004178593, 10.00000000000002, 0.0884977407387258));
#8563 = CARTESIAN_POINT('', (0.6270315014727155, 9.999999999999988, 0.07183219833132547));
#8564 = CARTESIAN_POINT('', (0.6667601169508393, 10.000000000000004, 0.05683927708843775));
#8565 = CARTESIAN_POINT('', (0.7070892532388814, 10.000000000000012, 0.04354599505801643));
#8566 = CARTESIAN_POINT('', (0.7479462344826282, 9.999999999999984, 0.03197630814233983));
#8567 = CARTESIAN_POINT('', (0.7892574336779901, 10.000000000000027, 0.022151064752840285));
#8568 = CARTESIAN_POINT('', (0.8309484051630719, 9.999999999999966, 0.014087972356768954));
#8569 = CARTESIAN_POINT('', (0.872944019138775, 10.000000000000032, 7.8015578851E-3));
#8570 = CARTESIAN_POINT('', (0.9151685964129548, 9.999999999999968, 3.3031561841E-3));
#8571 = CARTESIAN_POINT('', (0.957546045945075, 10.000000000000048, 6.0086161170E-4));
#8572 = CARTESIAN_POINT('', (0.9858486817405868, 10.000000000000004, 8.6649650707E-19));
#8573 = CARTESIAN_POINT('', (1.0, 10.0, 0.0));
#8574 = CARTESIAN_POINT('', (0.0, 10.000033333333333, 1.0));
#8575 = CARTESIAN_POINT('', (9.9261673506E-24, 10.000033333333336, 0.9858486817405868));
#8576 = CARTESIAN_POINT('', (6.0086161170E-4, 10.000033333333324, 0.9575460459450719));
#8577 = CARTESIAN_POINT('', (3.3031561841E-3, 10.000033333333317, 0.9151685964129559));
#8578 = CARTESIAN_POINT('', (7.8015578851E-3, 10.000033333333356, 0.8729440191387752));
#8579 = CARTESIAN_POINT('', (0.014087972356768784, 10.000033333333302, 0.8309484051630712));
#8580 = CARTESIAN_POINT('', (0.02215106475284042, 10.000033333333349, 0.7892574336779891));
#8581 = CARTESIAN_POINT('', (0.03197630814233981, 10.000033333333322, 0.7479462344826291));
#8582 = CARTESIAN_POINT('', (0.043545995058016415, 10.000033333333345, 0.7070892532388802));
#8583 = CARTESIAN_POINT('', (0.05683927708843779, 10.000033333333352, 0.6667601169508409));
#8584 = CARTESIAN_POINT('', (0.07183219833132581, 10.000033333333334, 0.6270315014727165));
#8585 = CARTESIAN_POINT('', (0.08849774073872552, 10.000033333333334, 0.5879750004178578));
#8586 = CARTESIAN_POINT('', (0.10680587176784902, 10.000033333333336, 0.5496609962563307));
#8587 = CARTESIAN_POINT('', (0.12672359903693572, 10.000033333333338, 0.5121585334271659));
#8588 = CARTESIAN_POINT('', (0.1482150294110059, 10.000033333333329, 0.4755351939066451));
#8589 = CARTESIAN_POINT('', (0.1712414338809208, 10.000033333333338, 0.4398569754182271));
#8590 = CARTESIAN_POINT('', (0.19576131725617954, 10.000033333333322, 0.4051881724907707));
#8591 = CARTESIAN_POINT('', (0.22173049311334816, 10.000033333333327, 0.371591260686913));
#8592 = CARTESIAN_POINT('', (0.24910216324055195, 10.00003333333337, 0.3391267839186853));
#8593 = CARTESIAN_POINT('', (0.2778270020414024, 10.000033333333297, 0.30785324537235875));
#8594 = CARTESIAN_POINT('', (0.3078532453723596, 10.000033333333365, 0.2778270020414029));
#8595 = CARTESIAN_POINT('', (0.3391267839186843, 10.0000333333333, 0.2491021632405511));
#8596 = CARTESIAN_POINT('', (0.3715912606869139, 10.000033333333372, 0.22173049311334864));
#8597 = CARTESIAN_POINT('', (0.4051881724907697, 10.000033333333302, 0.19576131725617915));
#8598 = CARTESIAN_POINT('', (0.4398569754182283, 10.000033333333361, 0.17124143388092153));
#8599 = CARTESIAN_POINT('', (0.475535193906644, 10.000033333333317, 0.14821502941100528));
#8600 = CARTESIAN_POINT('', (0.5121585334271676, 10.000033333333354, 0.1267235990369363));
#8601 = CARTESIAN_POINT('', (0.5496609962563292, 10.000033333333322, 0.1068058717678486));
#8602 = CARTESIAN_POINT('', (0.5879750004178593, 10.000033333333352, 0.0884977407387258));
#8603 = CARTESIAN_POINT('', (0.6270315014727155, 10.00003333333332, 0.07183219833132547));
#8604 = CARTESIAN_POINT('', (0.6667601169508394, 10.000033333333336, 0.05683927708843775));
#8605 = CARTESIAN_POINT('', (0.7070892532388814, 10.000033333333345, 0.04354599505801643));
#8606 = CARTESIAN_POINT('', (0.7479462344826282, 10.000033333333317, 0.03197630814233983));
#8607 = CARTESIAN_POINT('', (0.7892574336779901, 10.00003333333336, 0.022151064752840285));
#8608 = CARTESIAN_POINT('', (0.8309484051630719, 10.000033333333299, 0.014087972356768954));
#8609 = CARTESIAN_POINT('', (0.872944019138775, 10.000033333333365, 7.8015578851E-3));
#8610 = CARTESIAN_POINT('', (0.9151685964129548, 10.0000333333333, 3.3031561841E-3));
#8611 = CARTESIAN_POINT('', (0.957546045945075, 10.00003333333338, 6.0086161170E-4));
#8612 = CARTESIAN_POINT('', (0.9858486817405869, 10.000033333333336, 8.7100417950E-19));
#8613 = CARTESIAN_POINT('', (1.0, 10.000033333333333, 0.0));
#8614 = CARTESIAN_POINT('', (0.0, 10.000066666666665, 1.0));
#8615 = CARTESIAN_POINT('', (9.9261673506E-24, 10.000066666666669, 0.9858486817405868));
#8616 = CARTESIAN_POINT('', (6.0086161170E-4, 10.000066666666656, 0.9575460459450719));
#8617 = CARTESIAN_POINT('', (3.3031561841E-3, 10.00006666666665, 0.9151685964129559));
#8618 = CARTESIAN_POINT('', (7.8015578851E-3, 10.000066666666688, 0.8729440191387752));
#8619 = CARTESIAN_POINT('', (0.014087972356768784, 10.000066666666635, 0.8309484051630712));
#8620 = CARTESIAN_POINT('', (0.02215106475284042, 10.000066666666681, 0.7892574336779891));
#8621 = CARTESIAN_POINT('', (0.03197630814233981, 10.000066666666655, 0.7479462344826291));
#8622 = CARTESIAN_POINT('', (0.043545995058016415, 10.000066666666678, 0.7070892532388802));
#8623 = CARTESIAN_POINT('', (0.0568392770884378, 10.000066666666685, 0.6667601169508409));
#8624 = CARTESIAN_POINT('', (0.07183219833132581, 10.000066666666667, 0.6270315014727165));
#8625 = CARTESIAN_POINT('', (0.08849774073872552, 10.000066666666667, 0.5879750004178578));
#8626 = CARTESIAN_POINT('', (0.10680587176784902, 10.000066666666669, 0.5496609962563307));
#8627 = CARTESIAN_POINT('', (0.12672359903693572, 10.00006666666667, 0.5121585334271659));
#8628 = CARTESIAN_POINT('', (0.1482150294110059, 10.000066666666662, 0.4755351939066451));
#8629 = CARTESIAN_POINT('', (0.1712414338809208, 10.00006666666667, 0.4398569754182271));
#8630 = CARTESIAN_POINT('', (0.19576131725617954, 10.000066666666655, 0.4051881724907707));
#8631 = CARTESIAN_POINT('', (0.2217304931133482, 10.00006666666666, 0.371591260686913));
#8632 = CARTESIAN_POINT('', (0.24910216324055195, 10.000066666666703, 0.3391267839186853));
#8633 = CARTESIAN_POINT('', (0.2778270020414024, 10.00006666666663, 0.30785324537235875));
#8634 = CARTESIAN_POINT('', (0.3078532453723596, 10.000066666666697, 0.2778270020414029));
#8635 = CARTESIAN_POINT('', (0.33912678391868434, 10.000066666666633, 0.2491021632405511));
#8636 = CARTESIAN_POINT('', (0.37159126068691395, 10.000066666666704, 0.22173049311334864));
#8637 = CARTESIAN_POINT('', (0.4051881724907697, 10.000066666666635, 0.19576131725617915));
#8638 = CARTESIAN_POINT('', (0.4398569754182284, 10.000066666666694, 0.17124143388092153));
#8639 = CARTESIAN_POINT('', (0.475535193906644, 10.00006666666665, 0.14821502941100528));
#8640 = CARTESIAN_POINT('', (0.5121585334271677, 10.000066666666687, 0.1267235990369363));
#8641 = CARTESIAN_POINT('', (0.5496609962563294, 10.000066666666655, 0.1068058717678486));
#8642 = CARTESIAN_POINT('', (0.5879750004178593, 10.000066666666685, 0.0884977407387258));
#8643 = CARTESIAN_POINT('', (0.6270315014727155, 10.000066666666653, 0.07183219833132547));
#8644 = CARTESIAN_POINT('', (0.6667601169508395, 10.000066666666669, 0.05683927708843775));
#8645 = CARTESIAN_POINT('', (0.7070892532388814, 10.000066666666678, 0.04354599505801643));
#8646 = CARTESIAN_POINT('', (0.7479462344826282, 10.00006666666665, 0.03197630814233983));
#8647 = CARTESIAN_POINT('', (0.7892574336779901, 10.000066666666692, 0.022151064752840285));
#8648 = CARTESIAN_POINT('', (0.8309484051630719, 10.000066666666632, 0.014087972356768954));
#8649 = CARTESIAN_POINT('', (0.872944019138775, 10.000066666666697, 7.8015578851E-3));
#8650 = CARTESIAN_POINT('', (0.9151685964129548, 10.000066666666633, 3.3031561841E-3));
#8651 = CARTESIAN_POINT('', (0.957546045945075, 10.000066666666713, 6.0086161170E-4));
#8652 = CARTESIAN_POINT('', (0.985848681740587, 10.000066666666669, 8.7551200218E-19));
#8653 = CARTESIAN_POINT('', (1.0, 10.000066666666665, 0.0));
#8654 = CARTESIAN_POINT('', (0.0, 10.000099999999998, 1.0));
#8655 = CARTESIAN_POINT('', (9.9261673506E-24, 10.000100000000002, 0.9858486817405868));
#8656 = CARTESIAN_POINT('', (6.0086161170E-4, 10.000099999999989, 0.9575460459450719));
#8657 = CARTESIAN_POINT('', (3.3031561841E-3, 10.000099999999982, 0.9151685964129559));
#8658 = CARTESIAN_POINT('', (7.8015578851E-3, 10.000100000000021, 0.8729440191387752));
#8659 = CARTESIAN_POINT('', (0.014087972356768784, 10.000099999999968, 0.8309484051630712));
#8660 = CARTESIAN_POINT('', (0.02215106475284042, 10.000100000000014, 0.7892574336779891));
#8661 = CARTESIAN_POINT('', (0.03197630814233981, 10.000099999999987, 0.7479462344826291));
#8662 = CARTESIAN_POINT('', (0.043545995058016415, 10.00010000000001, 0.7070892532388802));
#8663 = CARTESIAN_POINT('', (0.056839277088437806, 10.000100000000018, 0.6667601169508409));
#8664 = CARTESIAN_POINT('', (0.07183219833132581, 10.0001, 0.6270315014727165));
#8665 = CARTESIAN_POINT('', (0.08849774073872552, 10.0001, 0.5879750004178578));
#8666 = CARTESIAN_POINT('', (0.10680587176784902, 10.000100000000002, 0.5496609962563307));
#8667 = CARTESIAN_POINT('', (0.12672359903693572, 10.000100000000003, 0.5121585334271659));
#8668 = CARTESIAN_POINT('', (0.1482150294110059, 10.000099999999994, 0.4755351939066451));
#8669 = CARTESIAN_POINT('', (0.1712414338809208, 10.000100000000003, 0.4398569754182271));
#8670 = CARTESIAN_POINT('', (0.19576131725617954, 10.000099999999987, 0.4051881724907707));
#8671 = CARTESIAN_POINT('', (0.22173049311334822, 10.000099999999993, 0.371591260686913));
#8672 = CARTESIAN_POINT('', (0.24910216324055195, 10.000100000000035, 0.3391267839186853));
#8673 = CARTESIAN_POINT('', (0.2778270020414024, 10.000099999999962, 0.30785324537235875));
#8674 = CARTESIAN_POINT('', (0.3078532453723596, 10.00010000000003, 0.2778270020414029));
#8675 = CARTESIAN_POINT('', (0.3391267839186844, 10.000099999999966, 0.2491021632405511));
#8676 = CARTESIAN_POINT('', (0.371591260686914, 10.000100000000037, 0.22173049311334864));
#8677 = CARTESIAN_POINT('', (0.4051881724907697, 10.000099999999968, 0.19576131725617915));
#8678 = CARTESIAN_POINT('', (0.43985697541822844, 10.000100000000026, 0.17124143388092153));
#8679 = CARTESIAN_POINT('', (0.475535193906644, 10.000099999999982, 0.14821502941100528));
#8680 = CARTESIAN_POINT('', (0.5121585334271678, 10.00010000000002, 0.1267235990369363));
#8681 = CARTESIAN_POINT('', (0.5496609962563295, 10.000099999999987, 0.1068058717678486));
#8682 = CARTESIAN_POINT('', (0.5879750004178593, 10.000100000000018, 0.0884977407387258));
#8683 = CARTESIAN_POINT('', (0.6270315014727155, 10.000099999999986, 0.07183219833132547));
#8684 = CARTESIAN_POINT('', (0.6667601169508396, 10.000100000000002, 0.05683927708843775));
#8685 = CARTESIAN_POINT('', (0.7070892532388814, 10.00010000000001, 0.04354599505801643));
#8686 = CARTESIAN_POINT('', (0.7479462344826282, 10.000099999999982, 0.03197630814233983));
#8687 = CARTESIAN_POINT('', (0.7892574336779901, 10.000100000000025, 0.022151064752840285));
#8688 = CARTESIAN_POINT('', (0.8309484051630719, 10.000099999999964, 0.014087972356768954));
#8689 = CARTESIAN_POINT('', (0.872944019138775, 10.00010000000003, 7.8015578851E-3));
#8690 = CARTESIAN_POINT('', (0.9151685964129548, 10.000099999999966, 3.3031561841E-3));
#8691 = CARTESIAN_POINT('', (0.957546045945075, 10.000100000000046, 6.0086161170E-4));
#8692 = CARTESIAN_POINT('', (0.9858486817405872, 10.000100000000002, 8.8001997512E-19));
#8693 = CARTESIAN_POINT('', (1.0, 10.000099999999998, 0.0));
#8694 = DEFINITIONAL_REPRESENTATION('', (#8696), #8695);
#8695 = (
    GEOMETRIC_REPRESENTATION_CONTEXT(2)
    PARAMETRIC_REPRESENTATION_CONTEXT()
    REPRESENTATION_CONTEXT('2D SPACE', '')
);
#8696 = (
    BOUNDED_CURVE()
    B_SPLINE_CURVE(1, (#8697, #8698), .UNSPECIFIED., .U., .U.)
    B_SPLINE_CURVE_WITH_KNOTS((2, 2), (0.0, 1.0), .UNSPECIFIED.)
    CURVE()
    GEOMETRIC_REPRESENTATION_ITEM()
    RATIONAL_B_SPLINE_CURVE((1.0, 1.0))
    REPRESENTATION_ITEM('')
);
#8697 = CARTESIAN_POINT('', (0.0, 1.0));
#8698 = CARTESIAN_POINT('', (0.0, 0.0));
#8699 = CARTESIAN_POINT('', (1.0000000000000002E0, 1.0000000000000002E0, 0.0E0));
#8700 = CARTESIAN_POINT('', (9.999999999999999E-1, 1.0E1, 0.0E0));
#8701 = CARTESIAN_POINT('', (1.0E1, 1.0E1, 0.0E0));
#8702 = CARTESIAN_POINT('', (1.0E1, 1.0E0, 0.0E0));
#8703 = CARTESIAN_POINT('', (0.0E0, 9.999999999999998E-1, 1.0E0));
#8704 = CARTESIAN_POINT('', (0.0E0, 9.999999999999998E-1, 1.0E1));
#8705 = CARTESIAN_POINT('', (0.0E0, 1.0E1, 1.0E1));
#8706 = CARTESIAN_POINT('', (0.0E0, 1.0E1, 1.0E0));
#8707 = CARTESIAN_POINT('', (1.0E1, 0.0E0, 1.0E0));
#8708 = CARTESIAN_POINT('', (1.0E1, 1.0E1, 1.0E1));
#8709 = CARTESIAN_POINT('', (1.0E1, 0.0E0, 1.0E1));
#8710 = CARTESIAN_POINT('', (1.0000000000000002E0, 0.0E0, 1.0000000000000002E0));
#8711 = CARTESIAN_POINT('', (1.0E0, 0.0E0, 1.0E1));
ENDSEC;
END-ISO-10303-21;
