ISO-10303-21;
HEADER;
FILE_DESCRIPTION(('Shape Data from monstertruck'), '2;1');
FILE_NAME('', '2026-10-10 06:01:22.600524301', (''), (''), 'monstertruck', 'Viboceros', '');
FILE_SCHEMA(('AUTOMOTIVE_DESIGN'));
ENDSEC;
DATA;
#1 = APPLICATION_PROTOCOL_DEFINITION('international standard', 'automotive_design', 2000, #2);
#2 = APPLICATION_CONTEXT('core data for automotive mechanical design processes');
#3 = SHAPE_DEFINITION_REPRESENTATION(#4, #10);
#4 = PRODUCT_DEFINITION_SHAPE('','', #5);
#5 = PRODUCT_DEFINITION('design','', #6, #9);
#6 = PRODUCT_DEFINITION_FORMATION('','', #7);
#7 = PRODUCT('','','', (#8));
#8 = PRODUCT_CONTEXT('', #2, 'mechanical');
#9 = PRODUCT_DEFINITION_CONTEXT('part definition', #2, 'design');
#10 = ADVANCED_BREP_SHAPE_REPRESENTATION('', (#16), #11);
#11 = (
    GEOMETRIC_REPRESENTATION_CONTEXT(3)
    GLOBAL_UNCERTAINTY_ASSIGNED_CONTEXT((#15))
    GLOBAL_UNIT_ASSIGNED_CONTEXT((#12, #13, #14))
    REPRESENTATION_CONTEXT('Context #1', '3D Context with UNIT and UNCERTAINTY')
);
#12 = ( LENGTH_UNIT() NAMED_UNIT(*) SI_UNIT(.MILLI.,.METRE.) );
#13 = ( NAMED_UNIT(*) PLANE_ANGLE_UNIT() SI_UNIT($,.RADIAN.) );
#14 = ( NAMED_UNIT(*) SI_UNIT($,.STERADIAN.) SOLID_ANGLE_UNIT() );
#15 = UNCERTAINTY_MEASURE_WITH_UNIT(LENGTH_MEASURE(1.0E-6), #12, 'distance_accuracy_value','confusion accuracy');
#16 = SHELL_BASED_SURFACE_MODEL('', (#17));
#17 = OPEN_SHELL('', (#18, #73, #128, #135, #142, #149, #156, #163, #170, #177, #184, #191, #198, #205, #212, #219, #226, #233, #240, #247, #254, #261));
#18 = ADVANCED_FACE('', (#19, #25, #28, #31, #34, #37, #40, #43, #46, #49, #52, #55, #58, #61, #64, #67, #70), #368, .T.);
#19 = FACE_BOUND('', #20, .T.);
#20 = EDGE_LOOP('', (#21, #22, #23, #24));
#21 = ORIENTED_EDGE('', *, *, #268, .T.);
#22 = ORIENTED_EDGE('', *, *, #269, .T.);
#23 = ORIENTED_EDGE('', *, *, #270, .F.);
#24 = ORIENTED_EDGE('', *, *, #271, .F.);
#25 = FACE_BOUND('', #26, .T.);
#26 = EDGE_LOOP('', (#27));
#27 = ORIENTED_EDGE('', *, *, #272, .T.);
#28 = FACE_BOUND('', #29, .T.);
#29 = EDGE_LOOP('', (#30));
#30 = ORIENTED_EDGE('', *, *, #273, .T.);
#31 = FACE_BOUND('', #32, .T.);
#32 = EDGE_LOOP('', (#33));
#33 = ORIENTED_EDGE('', *, *, #274, .T.);
#34 = FACE_BOUND('', #35, .T.);
#35 = EDGE_LOOP('', (#36));
#36 = ORIENTED_EDGE('', *, *, #275, .T.);
#37 = FACE_BOUND('', #38, .T.);
#38 = EDGE_LOOP('', (#39));
#39 = ORIENTED_EDGE('', *, *, #276, .T.);
#40 = FACE_BOUND('', #41, .T.);
#41 = EDGE_LOOP('', (#42));
#42 = ORIENTED_EDGE('', *, *, #277, .T.);
#43 = FACE_BOUND('', #44, .T.);
#44 = EDGE_LOOP('', (#45));
#45 = ORIENTED_EDGE('', *, *, #278, .T.);
#46 = FACE_BOUND('', #47, .T.);
#47 = EDGE_LOOP('', (#48));
#48 = ORIENTED_EDGE('', *, *, #279, .T.);
#49 = FACE_BOUND('', #50, .T.);
#50 = EDGE_LOOP('', (#51));
#51 = ORIENTED_EDGE('', *, *, #280, .T.);
#52 = FACE_BOUND('', #53, .T.);
#53 = EDGE_LOOP('', (#54));
#54 = ORIENTED_EDGE('', *, *, #281, .T.);
#55 = FACE_BOUND('', #56, .T.);
#56 = EDGE_LOOP('', (#57));
#57 = ORIENTED_EDGE('', *, *, #282, .T.);
#58 = FACE_BOUND('', #59, .T.);
#59 = EDGE_LOOP('', (#60));
#60 = ORIENTED_EDGE('', *, *, #283, .T.);
#61 = FACE_BOUND('', #62, .T.);
#62 = EDGE_LOOP('', (#63));
#63 = ORIENTED_EDGE('', *, *, #284, .T.);
#64 = FACE_BOUND('', #65, .T.);
#65 = EDGE_LOOP('', (#66));
#66 = ORIENTED_EDGE('', *, *, #285, .T.);
#67 = FACE_BOUND('', #68, .T.);
#68 = EDGE_LOOP('', (#69));
#69 = ORIENTED_EDGE('', *, *, #286, .T.);
#70 = FACE_BOUND('', #71, .T.);
#71 = EDGE_LOOP('', (#72));
#72 = ORIENTED_EDGE('', *, *, #287, .T.);
#73 = ADVANCED_FACE('', (#74, #80, #83, #86, #89, #92, #95, #98, #101, #104, #107, #110, #113, #116, #119, #122, #125), #373, .T.);
#74 = FACE_BOUND('', #75, .T.);
#75 = EDGE_LOOP('', (#76, #77, #78, #79));
#76 = ORIENTED_EDGE('', *, *, #288, .F.);
#77 = ORIENTED_EDGE('', *, *, #289, .T.);
#78 = ORIENTED_EDGE('', *, *, #290, .T.);
#79 = ORIENTED_EDGE('', *, *, #291, .F.);
#80 = FACE_BOUND('', #81, .T.);
#81 = EDGE_LOOP('', (#82));
#82 = ORIENTED_EDGE('', *, *, #292, .F.);
#83 = FACE_BOUND('', #84, .T.);
#84 = EDGE_LOOP('', (#85));
#85 = ORIENTED_EDGE('', *, *, #293, .F.);
#86 = FACE_BOUND('', #87, .T.);
#87 = EDGE_LOOP('', (#88));
#88 = ORIENTED_EDGE('', *, *, #294, .F.);
#89 = FACE_BOUND('', #90, .T.);
#90 = EDGE_LOOP('', (#91));
#91 = ORIENTED_EDGE('', *, *, #295, .F.);
#92 = FACE_BOUND('', #93, .T.);
#93 = EDGE_LOOP('', (#94));
#94 = ORIENTED_EDGE('', *, *, #296, .F.);
#95 = FACE_BOUND('', #96, .T.);
#96 = EDGE_LOOP('', (#97));
#97 = ORIENTED_EDGE('', *, *, #297, .F.);
#98 = FACE_BOUND('', #99, .T.);
#99 = EDGE_LOOP('', (#100));
#100 = ORIENTED_EDGE('', *, *, #298, .F.);
#101 = FACE_BOUND('', #102, .T.);
#102 = EDGE_LOOP('', (#103));
#103 = ORIENTED_EDGE('', *, *, #299, .F.);
#104 = FACE_BOUND('', #105, .T.);
#105 = EDGE_LOOP('', (#106));
#106 = ORIENTED_EDGE('', *, *, #300, .F.);
#107 = FACE_BOUND('', #108, .T.);
#108 = EDGE_LOOP('', (#109));
#109 = ORIENTED_EDGE('', *, *, #301, .F.);
#110 = FACE_BOUND('', #111, .T.);
#111 = EDGE_LOOP('', (#112));
#112 = ORIENTED_EDGE('', *, *, #302, .F.);
#113 = FACE_BOUND('', #114, .T.);
#114 = EDGE_LOOP('', (#115));
#115 = ORIENTED_EDGE('', *, *, #303, .F.);
#116 = FACE_BOUND('', #117, .T.);
#117 = EDGE_LOOP('', (#118));
#118 = ORIENTED_EDGE('', *, *, #304, .F.);
#119 = FACE_BOUND('', #120, .T.);
#120 = EDGE_LOOP('', (#121));
#121 = ORIENTED_EDGE('', *, *, #305, .F.);
#122 = FACE_BOUND('', #123, .T.);
#123 = EDGE_LOOP('', (#124));
#124 = ORIENTED_EDGE('', *, *, #306, .F.);
#125 = FACE_BOUND('', #126, .T.);
#126 = EDGE_LOOP('', (#127));
#127 = ORIENTED_EDGE('', *, *, #307, .F.);
#128 = ADVANCED_FACE('', (#129), #378, .T.);
#129 = FACE_BOUND('', #130, .T.);
#130 = EDGE_LOOP('', (#131, #132, #133, #134));
#131 = ORIENTED_EDGE('', *, *, #308, .T.);
#132 = ORIENTED_EDGE('', *, *, #288, .T.);
#133 = ORIENTED_EDGE('', *, *, #309, .F.);
#134 = ORIENTED_EDGE('', *, *, #268, .F.);
#135 = ADVANCED_FACE('', (#136), #383, .T.);
#136 = FACE_BOUND('', #137, .T.);
#137 = EDGE_LOOP('', (#138, #139, #140, #141));
#138 = ORIENTED_EDGE('', *, *, #310, .F.);
#139 = ORIENTED_EDGE('', *, *, #270, .T.);
#140 = ORIENTED_EDGE('', *, *, #311, .T.);
#141 = ORIENTED_EDGE('', *, *, #290, .F.);
#142 = ADVANCED_FACE('', (#143), #388, .T.);
#143 = FACE_BOUND('', #144, .T.);
#144 = EDGE_LOOP('', (#145, #146, #147, #148));
#145 = ORIENTED_EDGE('', *, *, #308, .F.);
#146 = ORIENTED_EDGE('', *, *, #271, .T.);
#147 = ORIENTED_EDGE('', *, *, #310, .T.);
#148 = ORIENTED_EDGE('', *, *, #289, .F.);
#149 = ADVANCED_FACE('', (#150), #393, .T.);
#150 = FACE_BOUND('', #151, .T.);
#151 = EDGE_LOOP('', (#152, #153, #154, #155));
#152 = ORIENTED_EDGE('', *, *, #309, .T.);
#153 = ORIENTED_EDGE('', *, *, #291, .T.);
#154 = ORIENTED_EDGE('', *, *, #311, .F.);
#155 = ORIENTED_EDGE('', *, *, #269, .F.);
#156 = ADVANCED_FACE('', (#157), #398, .F.);
#157 = FACE_BOUND('', #158, .F.);
#158 = EDGE_LOOP('', (#159, #160, #161, #162));
#159 = ORIENTED_EDGE('', *, *, #292, .F.);
#160 = ORIENTED_EDGE('', *, *, #312, .F.);
#161 = ORIENTED_EDGE('', *, *, #272, .T.);
#162 = ORIENTED_EDGE('', *, *, #312, .T.);
#163 = ADVANCED_FACE('', (#164), #417, .F.);
#164 = FACE_BOUND('', #165, .F.);
#165 = EDGE_LOOP('', (#166, #167, #168, #169));
#166 = ORIENTED_EDGE('', *, *, #293, .F.);
#167 = ORIENTED_EDGE('', *, *, #313, .F.);
#168 = ORIENTED_EDGE('', *, *, #273, .T.);
#169 = ORIENTED_EDGE('', *, *, #313, .T.);
#170 = ADVANCED_FACE('', (#171), #436, .F.);
#171 = FACE_BOUND('', #172, .F.);
#172 = EDGE_LOOP('', (#173, #174, #175, #176));
#173 = ORIENTED_EDGE('', *, *, #294, .F.);
#174 = ORIENTED_EDGE('', *, *, #314, .F.);
#175 = ORIENTED_EDGE('', *, *, #274, .T.);
#176 = ORIENTED_EDGE('', *, *, #314, .T.);
#177 = ADVANCED_FACE('', (#178), #455, .F.);
#178 = FACE_BOUND('', #179, .F.);
#179 = EDGE_LOOP('', (#180, #181, #182, #183));
#180 = ORIENTED_EDGE('', *, *, #295, .F.);
#181 = ORIENTED_EDGE('', *, *, #315, .F.);
#182 = ORIENTED_EDGE('', *, *, #275, .T.);
#183 = ORIENTED_EDGE('', *, *, #315, .T.);
#184 = ADVANCED_FACE('', (#185), #474, .F.);
#185 = FACE_BOUND('', #186, .F.);
#186 = EDGE_LOOP('', (#187, #188, #189, #190));
#187 = ORIENTED_EDGE('', *, *, #296, .F.);
#188 = ORIENTED_EDGE('', *, *, #316, .F.);
#189 = ORIENTED_EDGE('', *, *, #276, .T.);
#190 = ORIENTED_EDGE('', *, *, #316, .T.);
#191 = ADVANCED_FACE('', (#192), #493, .F.);
#192 = FACE_BOUND('', #193, .F.);
#193 = EDGE_LOOP('', (#194, #195, #196, #197));
#194 = ORIENTED_EDGE('', *, *, #297, .F.);
#195 = ORIENTED_EDGE('', *, *, #317, .F.);
#196 = ORIENTED_EDGE('', *, *, #277, .T.);
#197 = ORIENTED_EDGE('', *, *, #317, .T.);
#198 = ADVANCED_FACE('', (#199), #512, .F.);
#199 = FACE_BOUND('', #200, .F.);
#200 = EDGE_LOOP('', (#201, #202, #203, #204));
#201 = ORIENTED_EDGE('', *, *, #298, .F.);
#202 = ORIENTED_EDGE('', *, *, #318, .F.);
#203 = ORIENTED_EDGE('', *, *, #278, .T.);
#204 = ORIENTED_EDGE('', *, *, #318, .T.);
#205 = ADVANCED_FACE('', (#206), #531, .F.);
#206 = FACE_BOUND('', #207, .F.);
#207 = EDGE_LOOP('', (#208, #209, #210, #211));
#208 = ORIENTED_EDGE('', *, *, #299, .F.);
#209 = ORIENTED_EDGE('', *, *, #319, .F.);
#210 = ORIENTED_EDGE('', *, *, #279, .T.);
#211 = ORIENTED_EDGE('', *, *, #319, .T.);
#212 = ADVANCED_FACE('', (#213), #550, .F.);
#213 = FACE_BOUND('', #214, .F.);
#214 = EDGE_LOOP('', (#215, #216, #217, #218));
#215 = ORIENTED_EDGE('', *, *, #300, .F.);
#216 = ORIENTED_EDGE('', *, *, #320, .F.);
#217 = ORIENTED_EDGE('', *, *, #280, .T.);
#218 = ORIENTED_EDGE('', *, *, #320, .T.);
#219 = ADVANCED_FACE('', (#220), #569, .F.);
#220 = FACE_BOUND('', #221, .F.);
#221 = EDGE_LOOP('', (#222, #223, #224, #225));
#222 = ORIENTED_EDGE('', *, *, #301, .F.);
#223 = ORIENTED_EDGE('', *, *, #321, .F.);
#224 = ORIENTED_EDGE('', *, *, #281, .T.);
#225 = ORIENTED_EDGE('', *, *, #321, .T.);
#226 = ADVANCED_FACE('', (#227), #588, .F.);
#227 = FACE_BOUND('', #228, .F.);
#228 = EDGE_LOOP('', (#229, #230, #231, #232));
#229 = ORIENTED_EDGE('', *, *, #302, .F.);
#230 = ORIENTED_EDGE('', *, *, #322, .F.);
#231 = ORIENTED_EDGE('', *, *, #282, .T.);
#232 = ORIENTED_EDGE('', *, *, #322, .T.);
#233 = ADVANCED_FACE('', (#234), #607, .F.);
#234 = FACE_BOUND('', #235, .F.);
#235 = EDGE_LOOP('', (#236, #237, #238, #239));
#236 = ORIENTED_EDGE('', *, *, #303, .F.);
#237 = ORIENTED_EDGE('', *, *, #323, .F.);
#238 = ORIENTED_EDGE('', *, *, #283, .T.);
#239 = ORIENTED_EDGE('', *, *, #323, .T.);
#240 = ADVANCED_FACE('', (#241), #626, .F.);
#241 = FACE_BOUND('', #242, .F.);
#242 = EDGE_LOOP('', (#243, #244, #245, #246));
#243 = ORIENTED_EDGE('', *, *, #304, .F.);
#244 = ORIENTED_EDGE('', *, *, #324, .F.);
#245 = ORIENTED_EDGE('', *, *, #284, .T.);
#246 = ORIENTED_EDGE('', *, *, #324, .T.);
#247 = ADVANCED_FACE('', (#248), #645, .F.);
#248 = FACE_BOUND('', #249, .F.);
#249 = EDGE_LOOP('', (#250, #251, #252, #253));
#250 = ORIENTED_EDGE('', *, *, #305, .F.);
#251 = ORIENTED_EDGE('', *, *, #325, .F.);
#252 = ORIENTED_EDGE('', *, *, #285, .T.);
#253 = ORIENTED_EDGE('', *, *, #325, .T.);
#254 = ADVANCED_FACE('', (#255), #664, .F.);
#255 = FACE_BOUND('', #256, .F.);
#256 = EDGE_LOOP('', (#257, #258, #259, #260));
#257 = ORIENTED_EDGE('', *, *, #306, .F.);
#258 = ORIENTED_EDGE('', *, *, #326, .F.);
#259 = ORIENTED_EDGE('', *, *, #286, .T.);
#260 = ORIENTED_EDGE('', *, *, #326, .T.);
#261 = ADVANCED_FACE('', (#262), #683, .F.);
#262 = FACE_BOUND('', #263, .F.);
#263 = EDGE_LOOP('', (#264, #265, #266, #267));
#264 = ORIENTED_EDGE('', *, *, #307, .F.);
#265 = ORIENTED_EDGE('', *, *, #327, .F.);
#266 = ORIENTED_EDGE('', *, *, #287, .T.);
#267 = ORIENTED_EDGE('', *, *, #327, .T.);
#268 = EDGE_CURVE('', #328, #329, #702, .T.);
#269 = EDGE_CURVE('', #329, #330, #728, .T.);
#270 = EDGE_CURVE('', #331, #330, #754, .T.);
#271 = EDGE_CURVE('', #328, #331, #780, .T.);
#272 = EDGE_CURVE('', #332, #332, #806, .T.);
#273 = EDGE_CURVE('', #333, #333, #860, .T.);
#274 = EDGE_CURVE('', #334, #334, #914, .T.);
#275 = EDGE_CURVE('', #335, #335, #968, .T.);
#276 = EDGE_CURVE('', #336, #336, #1022, .T.);
#277 = EDGE_CURVE('', #337, #337, #1076, .T.);
#278 = EDGE_CURVE('', #338, #338, #1130, .T.);
#279 = EDGE_CURVE('', #339, #339, #1184, .T.);
#280 = EDGE_CURVE('', #340, #340, #1238, .T.);
#281 = EDGE_CURVE('', #341, #341, #1292, .T.);
#282 = EDGE_CURVE('', #342, #342, #1346, .T.);
#283 = EDGE_CURVE('', #343, #343, #1400, .T.);
#284 = EDGE_CURVE('', #344, #344, #1454, .T.);
#285 = EDGE_CURVE('', #345, #345, #1508, .T.);
#286 = EDGE_CURVE('', #346, #346, #1562, .T.);
#287 = EDGE_CURVE('', #347, #347, #1616, .T.);
#288 = EDGE_CURVE('', #348, #349, #1670, .T.);
#289 = EDGE_CURVE('', #348, #350, #1696, .T.);
#290 = EDGE_CURVE('', #350, #351, #1722, .T.);
#291 = EDGE_CURVE('', #349, #351, #1748, .T.);
#292 = EDGE_CURVE('', #352, #352, #1774, .T.);
#293 = EDGE_CURVE('', #353, #353, #1828, .T.);
#294 = EDGE_CURVE('', #354, #354, #1882, .T.);
#295 = EDGE_CURVE('', #355, #355, #1936, .T.);
#296 = EDGE_CURVE('', #356, #356, #1990, .T.);
#297 = EDGE_CURVE('', #357, #357, #2044, .T.);
#298 = EDGE_CURVE('', #358, #358, #2098, .T.);
#299 = EDGE_CURVE('', #359, #359, #2152, .T.);
#300 = EDGE_CURVE('', #360, #360, #2206, .T.);
#301 = EDGE_CURVE('', #361, #361, #2260, .T.);
#302 = EDGE_CURVE('', #362, #362, #2314, .T.);
#303 = EDGE_CURVE('', #363, #363, #2368, .T.);
#304 = EDGE_CURVE('', #364, #364, #2422, .T.);
#305 = EDGE_CURVE('', #365, #365, #2476, .T.);
#306 = EDGE_CURVE('', #366, #366, #2530, .T.);
#307 = EDGE_CURVE('', #367, #367, #2584, .T.);
#308 = EDGE_CURVE('', #328, #348, #2638, .T.);
#309 = EDGE_CURVE('', #329, #349, #2664, .T.);
#310 = EDGE_CURVE('', #331, #350, #2690, .T.);
#311 = EDGE_CURVE('', #330, #351, #2716, .T.);
#312 = EDGE_CURVE('', #332, #352, #2742, .T.);
#313 = EDGE_CURVE('', #333, #353, #2796, .T.);
#314 = EDGE_CURVE('', #334, #354, #2850, .T.);
#315 = EDGE_CURVE('', #335, #355, #2904, .T.);
#316 = EDGE_CURVE('', #336, #356, #2958, .T.);
#317 = EDGE_CURVE('', #337, #357, #3012, .T.);
#318 = EDGE_CURVE('', #338, #358, #3066, .T.);
#319 = EDGE_CURVE('', #339, #359, #3120, .T.);
#320 = EDGE_CURVE('', #340, #360, #3174, .T.);
#321 = EDGE_CURVE('', #341, #361, #3228, .T.);
#322 = EDGE_CURVE('', #342, #362, #3282, .T.);
#323 = EDGE_CURVE('', #343, #363, #3336, .T.);
#324 = EDGE_CURVE('', #344, #364, #3390, .T.);
#325 = EDGE_CURVE('', #345, #365, #3444, .T.);
#326 = EDGE_CURVE('', #346, #366, #3498, .T.);
#327 = EDGE_CURVE('', #347, #367, #3552, .T.);
#328 = VERTEX_POINT('', #3606);
#329 = VERTEX_POINT('', #3607);
#330 = VERTEX_POINT('', #3608);
#331 = VERTEX_POINT('', #3609);
#332 = VERTEX_POINT('', #3610);
#333 = VERTEX_POINT('', #3611);
#334 = VERTEX_POINT('', #3612);
#335 = VERTEX_POINT('', #3613);
#336 = VERTEX_POINT('', #3614);
#337 = VERTEX_POINT('', #3615);
#338 = VERTEX_POINT('', #3616);
#339 = VERTEX_POINT('', #3617);
#340 = VERTEX_POINT('', #3618);
#341 = VERTEX_POINT('', #3619);
#342 = VERTEX_POINT('', #3620);
#343 = VERTEX_POINT('', #3621);
#344 = VERTEX_POINT('', #3622);
#345 = VERTEX_POINT('', #3623);
#346 = VERTEX_POINT('', #3624);
#347 = VERTEX_POINT('', #3625);
#348 = VERTEX_POINT('', #3626);
#349 = VERTEX_POINT('', #3627);
#350 = VERTEX_POINT('', #3628);
#351 = VERTEX_POINT('', #3629);
#352 = VERTEX_POINT('', #3630);
#353 = VERTEX_POINT('', #3631);
#354 = VERTEX_POINT('', #3632);
#355 = VERTEX_POINT('', #3633);
#356 = VERTEX_POINT('', #3634);
#357 = VERTEX_POINT('', #3635);
#358 = VERTEX_POINT('', #3636);
#359 = VERTEX_POINT('', #3637);
#360 = VERTEX_POINT('', #3638);
#361 = VERTEX_POINT('', #3639);
#362 = VERTEX_POINT('', #3640);
#363 = VERTEX_POINT('', #3641);
#364 = VERTEX_POINT('', #3642);
#365 = VERTEX_POINT('', #3643);
#366 = VERTEX_POINT('', #3644);
#367 = VERTEX_POINT('', #3645);
#368 = (
    BOUNDED_SURFACE()
    B_SPLINE_SURFACE(1, 1, ((#369, #370), (#371, #372)), .UNSPECIFIED., .U., .U., .U.)
    B_SPLINE_SURFACE_WITH_KNOTS((2, 2), (2, 2), (0.0, 12.0), (0.0, 12.0), .UNSPECIFIED.)
    GEOMETRIC_REPRESENTATION_ITEM()
    RATIONAL_B_SPLINE_SURFACE(((1.0, 1.0), (1.0, 1.0)))
    REPRESENTATION_ITEM('')
    SURFACE()
);
#369 = CARTESIAN_POINT('', (0.0, 0.0, 0.0));
#370 = CARTESIAN_POINT('', (12.0, 0.0, 0.0));
#371 = CARTESIAN_POINT('', (0.0, 12.0, 0.0));
#372 = CARTESIAN_POINT('', (12.0, 12.0, 0.0));
#373 = (
    BOUNDED_SURFACE()
    B_SPLINE_SURFACE(1, 1, ((#374, #375), (#376, #377)), .UNSPECIFIED., .U., .U., .U.)
    B_SPLINE_SURFACE_WITH_KNOTS((2, 2), (2, 2), (0.0, 12.0), (0.0, 12.0), .UNSPECIFIED.)
    GEOMETRIC_REPRESENTATION_ITEM()
    RATIONAL_B_SPLINE_SURFACE(((1.0, 1.0), (1.0, 1.0)))
    REPRESENTATION_ITEM('')
    SURFACE()
);
#374 = CARTESIAN_POINT('', (0.0, 0.0, 1.5));
#375 = CARTESIAN_POINT('', (0.0, 12.0, 1.5));
#376 = CARTESIAN_POINT('', (12.0, 0.0, 1.5));
#377 = CARTESIAN_POINT('', (12.0, 12.0, 1.5));
#378 = (
    BOUNDED_SURFACE()
    B_SPLINE_SURFACE(1, 1, ((#379, #380), (#381, #382)), .UNSPECIFIED., .U., .U., .U.)
    B_SPLINE_SURFACE_WITH_KNOTS((2, 2), (2, 2), (0.0, 1.5), (0.0, 12.0), .UNSPECIFIED.)
    GEOMETRIC_REPRESENTATION_ITEM()
    RATIONAL_B_SPLINE_SURFACE(((1.0, 1.0), (1.0, 1.0)))
    REPRESENTATION_ITEM('')
    SURFACE()
);
#379 = CARTESIAN_POINT('', (0.0, 0.0, 0.0));
#380 = CARTESIAN_POINT('', (0.0, 12.0, 0.0));
#381 = CARTESIAN_POINT('', (0.0, 0.0, 1.5));
#382 = CARTESIAN_POINT('', (0.0, 12.0, 1.5));
#383 = (
    BOUNDED_SURFACE()
    B_SPLINE_SURFACE(1, 1, ((#384, #385), (#386, #387)), .UNSPECIFIED., .U., .U., .U.)
    B_SPLINE_SURFACE_WITH_KNOTS((2, 2), (2, 2), (0.0, 12.0), (0.0, 1.5), .UNSPECIFIED.)
    GEOMETRIC_REPRESENTATION_ITEM()
    RATIONAL_B_SPLINE_SURFACE(((1.0, 1.0), (1.0, 1.0)))
    REPRESENTATION_ITEM('')
    SURFACE()
);
#384 = CARTESIAN_POINT('', (12.0, 0.0, 0.0));
#385 = CARTESIAN_POINT('', (12.0, 0.0, 1.5));
#386 = CARTESIAN_POINT('', (12.0, 12.0, 0.0));
#387 = CARTESIAN_POINT('', (12.0, 12.0, 1.5));
#388 = (
    BOUNDED_SURFACE()
    B_SPLINE_SURFACE(1, 1, ((#389, #390), (#391, #392)), .UNSPECIFIED., .U., .U., .U.)
    B_SPLINE_SURFACE_WITH_KNOTS((2, 2), (2, 2), (0.0, 12.0), (0.0, 1.5), .UNSPECIFIED.)
    GEOMETRIC_REPRESENTATION_ITEM()
    RATIONAL_B_SPLINE_SURFACE(((1.0, 1.0), (1.0, 1.0)))
    REPRESENTATION_ITEM('')
    SURFACE()
);
#389 = CARTESIAN_POINT('', (0.0, 0.0, 0.0));
#390 = CARTESIAN_POINT('', (0.0, 0.0, 1.5));
#391 = CARTESIAN_POINT('', (12.0, 0.0, 0.0));
#392 = CARTESIAN_POINT('', (12.0, 0.0, 1.5));
#393 = (
    BOUNDED_SURFACE()
    B_SPLINE_SURFACE(1, 1, ((#394, #395), (#396, #397)), .UNSPECIFIED., .U., .U., .U.)
    B_SPLINE_SURFACE_WITH_KNOTS((2, 2), (2, 2), (0.0, 1.5), (0.0, 12.0), .UNSPECIFIED.)
    GEOMETRIC_REPRESENTATION_ITEM()
    RATIONAL_B_SPLINE_SURFACE(((1.0, 1.0), (1.0, 1.0)))
    REPRESENTATION_ITEM('')
    SURFACE()
);
#394 = CARTESIAN_POINT('', (0.0, 12.0, 0.0));
#395 = CARTESIAN_POINT('', (12.0, 12.0, 0.0));
#396 = CARTESIAN_POINT('', (0.0, 12.0, 1.5));
#397 = CARTESIAN_POINT('', (12.0, 12.0, 1.5));
#398 = (
    BOUNDED_SURFACE()
    B_SPLINE_SURFACE(2, 1, ((#399, #400), (#401, #402), (#403, #404), (#405, #406), (#407, #408), (#409, #410), (#411, #412), (#413, #414), (#415, #416)), .UNSPECIFIED., .U., .U., .U.)
    B_SPLINE_SURFACE_WITH_KNOTS((3, 2, 2, 2, 3), (2, 2), (0.0, 1.1780972450961729, 2.3561944901923457, 3.5342917352885177, 4.71238898038469), (0.0, 3.5), .UNSPECIFIED.)
    GEOMETRIC_REPRESENTATION_ITEM()
    RATIONAL_B_SPLINE_SURFACE(((1.0, 1.0), (0.7071067811865476, 0.7071067811865476), (1.0, 1.0), (0.7071067811865476, 0.7071067811865476), (1.0, 1.0), (0.7071067811865476, 0.7071067811865476), (1.0, 1.0), (0.7071067811865476, 0.7071067811865476), (1.0, 1.0)))
    REPRESENTATION_ITEM('')
    SURFACE()
);
#399 = CARTESIAN_POINT('', (2.25, 1.5, -1.0));
#400 = CARTESIAN_POINT('', (2.25, 1.5, 2.5));
#401 = CARTESIAN_POINT('', (2.25, 2.25, -1.0));
#402 = CARTESIAN_POINT('', (2.25, 2.25, 2.5));
#403 = CARTESIAN_POINT('', (1.5, 2.25, -1.0));
#404 = CARTESIAN_POINT('', (1.5, 2.25, 2.5));
#405 = CARTESIAN_POINT('', (0.75, 2.25, -1.0));
#406 = CARTESIAN_POINT('', (0.75, 2.25, 2.5));
#407 = CARTESIAN_POINT('', (0.75, 1.5, -1.0));
#408 = CARTESIAN_POINT('', (0.75, 1.5, 2.5));
#409 = CARTESIAN_POINT('', (0.7499999999999999, 0.75, -1.0));
#410 = CARTESIAN_POINT('', (0.7499999999999999, 0.75, 2.5));
#411 = CARTESIAN_POINT('', (1.4999999999999998, 0.75, -1.0));
#412 = CARTESIAN_POINT('', (1.4999999999999998, 0.75, 2.5));
#413 = CARTESIAN_POINT('', (2.25, 0.7499999999999998, -1.0));
#414 = CARTESIAN_POINT('', (2.25, 0.7499999999999998, 2.5));
#415 = CARTESIAN_POINT('', (2.25, 1.5, -1.0));
#416 = CARTESIAN_POINT('', (2.25, 1.5, 2.5));
#417 = (
    BOUNDED_SURFACE()
    B_SPLINE_SURFACE(2, 1, ((#418, #419), (#420, #421), (#422, #423), (#424, #425), (#426, #427), (#428, #429), (#430, #431), (#432, #433), (#434, #435)), .UNSPECIFIED., .U., .U., .U.)
    B_SPLINE_SURFACE_WITH_KNOTS((3, 2, 2, 2, 3), (2, 2), (0.0, 1.1780972450961729, 2.3561944901923453, 3.5342917352885173, 4.71238898038469), (0.0, 3.5), .UNSPECIFIED.)
    GEOMETRIC_REPRESENTATION_ITEM()
    RATIONAL_B_SPLINE_SURFACE(((1.0, 1.0), (0.7071067811865476, 0.7071067811865476), (1.0, 1.0), (0.7071067811865476, 0.7071067811865476), (1.0, 1.0), (0.7071067811865476, 0.7071067811865476), (1.0, 1.0), (0.7071067811865476, 0.7071067811865476), (1.0, 1.0)))
    REPRESENTATION_ITEM('')
    SURFACE()
);
#418 = CARTESIAN_POINT('', (2.25, 4.5, -1.0));
#419 = CARTESIAN_POINT('', (2.25, 4.5, 2.5));
#420 = CARTESIAN_POINT('', (2.25, 5.25, -1.0));
#421 = CARTESIAN_POINT('', (2.25, 5.25, 2.5));
#422 = CARTESIAN_POINT('', (1.5, 5.25, -1.0));
#423 = CARTESIAN_POINT('', (1.5, 5.25, 2.5));
#424 = CARTESIAN_POINT('', (0.75, 5.25, -1.0));
#425 = CARTESIAN_POINT('', (0.75, 5.25, 2.5));
#426 = CARTESIAN_POINT('', (0.75, 4.5, -1.0));
#427 = CARTESIAN_POINT('', (0.75, 4.5, 2.5));
#428 = CARTESIAN_POINT('', (0.7499999999999999, 3.75, -1.0));
#429 = CARTESIAN_POINT('', (0.7499999999999999, 3.75, 2.5));
#430 = CARTESIAN_POINT('', (1.4999999999999998, 3.75, -1.0));
#431 = CARTESIAN_POINT('', (1.4999999999999998, 3.75, 2.5));
#432 = CARTESIAN_POINT('', (2.25, 3.75, -1.0));
#433 = CARTESIAN_POINT('', (2.25, 3.75, 2.5));
#434 = CARTESIAN_POINT('', (2.25, 4.5, -1.0));
#435 = CARTESIAN_POINT('', (2.25, 4.5, 2.5));
#436 = (
    BOUNDED_SURFACE()
    B_SPLINE_SURFACE(2, 1, ((#437, #438), (#439, #440), (#441, #442), (#443, #444), (#445, #446), (#447, #448), (#449, #450), (#451, #452), (#453, #454)), .UNSPECIFIED., .U., .U., .U.)
    B_SPLINE_SURFACE_WITH_KNOTS((3, 2, 2, 2, 3), (2, 2), (0.0, 1.1780972450961729, 2.3561944901923457, 3.5342917352885177, 4.71238898038469), (0.0, 3.5), .UNSPECIFIED.)
    GEOMETRIC_REPRESENTATION_ITEM()
    RATIONAL_B_SPLINE_SURFACE(((1.0, 1.0), (0.7071067811865476, 0.7071067811865476), (1.0, 1.0), (0.7071067811865476, 0.7071067811865476), (1.0, 1.0), (0.7071067811865476, 0.7071067811865476), (1.0, 1.0), (0.7071067811865476, 0.7071067811865476), (1.0, 1.0)))
    REPRESENTATION_ITEM('')
    SURFACE()
);
#437 = CARTESIAN_POINT('', (2.25, 7.5, -1.0));
#438 = CARTESIAN_POINT('', (2.25, 7.5, 2.5));
#439 = CARTESIAN_POINT('', (2.25, 8.25, -1.0));
#440 = CARTESIAN_POINT('', (2.25, 8.25, 2.5));
#441 = CARTESIAN_POINT('', (1.5, 8.25, -1.0));
#442 = CARTESIAN_POINT('', (1.5, 8.25, 2.5));
#443 = CARTESIAN_POINT('', (0.75, 8.25, -1.0));
#444 = CARTESIAN_POINT('', (0.75, 8.25, 2.5));
#445 = CARTESIAN_POINT('', (0.75, 7.5, -1.0));
#446 = CARTESIAN_POINT('', (0.75, 7.5, 2.5));
#447 = CARTESIAN_POINT('', (0.7499999999999999, 6.75, -1.0));
#448 = CARTESIAN_POINT('', (0.7499999999999999, 6.75, 2.5));
#449 = CARTESIAN_POINT('', (1.4999999999999998, 6.75, -1.0));
#450 = CARTESIAN_POINT('', (1.4999999999999998, 6.75, 2.5));
#451 = CARTESIAN_POINT('', (2.25, 6.75, -1.0));
#452 = CARTESIAN_POINT('', (2.25, 6.75, 2.5));
#453 = CARTESIAN_POINT('', (2.25, 7.5, -1.0));
#454 = CARTESIAN_POINT('', (2.25, 7.5, 2.5));
#455 = (
    BOUNDED_SURFACE()
    B_SPLINE_SURFACE(2, 1, ((#456, #457), (#458, #459), (#460, #461), (#462, #463), (#464, #465), (#466, #467), (#468, #469), (#470, #471), (#472, #473)), .UNSPECIFIED., .U., .U., .U.)
    B_SPLINE_SURFACE_WITH_KNOTS((3, 2, 2, 2, 3), (2, 2), (0.0, 1.1780972450961729, 2.3561944901923457, 3.5342917352885177, 4.71238898038469), (0.0, 3.5), .UNSPECIFIED.)
    GEOMETRIC_REPRESENTATION_ITEM()
    RATIONAL_B_SPLINE_SURFACE(((1.0, 1.0), (0.7071067811865476, 0.7071067811865476), (1.0, 1.0), (0.7071067811865476, 0.7071067811865476), (1.0, 1.0), (0.7071067811865476, 0.7071067811865476), (1.0, 1.0), (0.7071067811865476, 0.7071067811865476), (1.0, 1.0)))
    REPRESENTATION_ITEM('')
    SURFACE()
);
#456 = CARTESIAN_POINT('', (2.25, 10.5, -1.0));
#457 = CARTESIAN_POINT('', (2.25, 10.5, 2.5));
#458 = CARTESIAN_POINT('', (2.25, 11.25, -1.0));
#459 = CARTESIAN_POINT('', (2.25, 11.25, 2.5));
#460 = CARTESIAN_POINT('', (1.5, 11.25, -1.0));
#461 = CARTESIAN_POINT('', (1.5, 11.25, 2.5));
#462 = CARTESIAN_POINT('', (0.75, 11.25, -1.0));
#463 = CARTESIAN_POINT('', (0.75, 11.25, 2.5));
#464 = CARTESIAN_POINT('', (0.75, 10.5, -1.0));
#465 = CARTESIAN_POINT('', (0.75, 10.5, 2.5));
#466 = CARTESIAN_POINT('', (0.7499999999999999, 9.75, -1.0));
#467 = CARTESIAN_POINT('', (0.7499999999999999, 9.75, 2.5));
#468 = CARTESIAN_POINT('', (1.4999999999999998, 9.75, -1.0));
#469 = CARTESIAN_POINT('', (1.4999999999999998, 9.75, 2.5));
#470 = CARTESIAN_POINT('', (2.25, 9.75, -1.0));
#471 = CARTESIAN_POINT('', (2.25, 9.75, 2.5));
#472 = CARTESIAN_POINT('', (2.25, 10.5, -1.0));
#473 = CARTESIAN_POINT('', (2.25, 10.5, 2.5));
#474 = (
    BOUNDED_SURFACE()
    B_SPLINE_SURFACE(2, 1, ((#475, #476), (#477, #478), (#479, #480), (#481, #482), (#483, #484), (#485, #486), (#487, #488), (#489, #490), (#491, #492)), .UNSPECIFIED., .U., .U., .U.)
    B_SPLINE_SURFACE_WITH_KNOTS((3, 2, 2, 2, 3), (2, 2), (0.0, 1.1780972450961726, 2.3561944901923453, 3.5342917352885177, 4.712388980384689), (0.0, 3.5), .UNSPECIFIED.)
    GEOMETRIC_REPRESENTATION_ITEM()
    RATIONAL_B_SPLINE_SURFACE(((1.0, 1.0), (0.7071067811865476, 0.7071067811865476), (1.0, 1.0), (0.7071067811865476, 0.7071067811865476), (1.0, 1.0), (0.7071067811865476, 0.7071067811865476), (1.0, 1.0), (0.7071067811865476, 0.7071067811865476), (1.0, 1.0)))
    REPRESENTATION_ITEM('')
    SURFACE()
);
#475 = CARTESIAN_POINT('', (5.25, 1.5, -1.0));
#476 = CARTESIAN_POINT('', (5.25, 1.5, 2.5));
#477 = CARTESIAN_POINT('', (5.25, 2.25, -1.0));
#478 = CARTESIAN_POINT('', (5.25, 2.25, 2.5));
#479 = CARTESIAN_POINT('', (4.5, 2.25, -1.0));
#480 = CARTESIAN_POINT('', (4.5, 2.25, 2.5));
#481 = CARTESIAN_POINT('', (3.75, 2.25, -1.0));
#482 = CARTESIAN_POINT('', (3.75, 2.25, 2.5));
#483 = CARTESIAN_POINT('', (3.75, 1.5, -1.0));
#484 = CARTESIAN_POINT('', (3.75, 1.5, 2.5));
#485 = CARTESIAN_POINT('', (3.75, 0.75, -1.0));
#486 = CARTESIAN_POINT('', (3.75, 0.75, 2.5));
#487 = CARTESIAN_POINT('', (4.5, 0.75, -1.0));
#488 = CARTESIAN_POINT('', (4.5, 0.75, 2.5));
#489 = CARTESIAN_POINT('', (5.25, 0.7499999999999998, -1.0));
#490 = CARTESIAN_POINT('', (5.25, 0.7499999999999998, 2.5));
#491 = CARTESIAN_POINT('', (5.25, 1.5, -1.0));
#492 = CARTESIAN_POINT('', (5.25, 1.5, 2.5));
#493 = (
    BOUNDED_SURFACE()
    B_SPLINE_SURFACE(2, 1, ((#494, #495), (#496, #497), (#498, #499), (#500, #501), (#502, #503), (#504, #505), (#506, #507), (#508, #509), (#510, #511)), .UNSPECIFIED., .U., .U., .U.)
    B_SPLINE_SURFACE_WITH_KNOTS((3, 2, 2, 2, 3), (2, 2), (0.0, 1.1780972450961724, 2.356194490192345, 3.534291735288517, 4.712388980384689), (0.0, 3.5), .UNSPECIFIED.)
    GEOMETRIC_REPRESENTATION_ITEM()
    RATIONAL_B_SPLINE_SURFACE(((1.0, 1.0), (0.7071067811865476, 0.7071067811865476), (1.0, 1.0), (0.7071067811865476, 0.7071067811865476), (1.0, 1.0), (0.7071067811865476, 0.7071067811865476), (1.0, 1.0), (0.7071067811865476, 0.7071067811865476), (1.0, 1.0)))
    REPRESENTATION_ITEM('')
    SURFACE()
);
#494 = CARTESIAN_POINT('', (5.25, 4.5, -1.0));
#495 = CARTESIAN_POINT('', (5.25, 4.5, 2.5));
#496 = CARTESIAN_POINT('', (5.25, 5.25, -1.0));
#497 = CARTESIAN_POINT('', (5.25, 5.25, 2.5));
#498 = CARTESIAN_POINT('', (4.5, 5.25, -1.0));
#499 = CARTESIAN_POINT('', (4.5, 5.25, 2.5));
#500 = CARTESIAN_POINT('', (3.75, 5.25, -1.0));
#501 = CARTESIAN_POINT('', (3.75, 5.25, 2.5));
#502 = CARTESIAN_POINT('', (3.75, 4.5, -1.0));
#503 = CARTESIAN_POINT('', (3.75, 4.5, 2.5));
#504 = CARTESIAN_POINT('', (3.75, 3.75, -1.0));
#505 = CARTESIAN_POINT('', (3.75, 3.75, 2.5));
#506 = CARTESIAN_POINT('', (4.5, 3.75, -1.0));
#507 = CARTESIAN_POINT('', (4.5, 3.75, 2.5));
#508 = CARTESIAN_POINT('', (5.25, 3.75, -1.0));
#509 = CARTESIAN_POINT('', (5.25, 3.75, 2.5));
#510 = CARTESIAN_POINT('', (5.25, 4.5, -1.0));
#511 = CARTESIAN_POINT('', (5.25, 4.5, 2.5));
#512 = (
    BOUNDED_SURFACE()
    B_SPLINE_SURFACE(2, 1, ((#513, #514), (#515, #516), (#517, #518), (#519, #520), (#521, #522), (#523, #524), (#525, #526), (#527, #528), (#529, #530)), .UNSPECIFIED., .U., .U., .U.)
    B_SPLINE_SURFACE_WITH_KNOTS((3, 2, 2, 2, 3), (2, 2), (0.0, 1.178097245096173, 2.3561944901923457, 3.5342917352885177, 4.712388980384688), (0.0, 3.5), .UNSPECIFIED.)
    GEOMETRIC_REPRESENTATION_ITEM()
    RATIONAL_B_SPLINE_SURFACE(((1.0, 1.0), (0.7071067811865476, 0.7071067811865476), (1.0, 1.0), (0.7071067811865476, 0.7071067811865476), (1.0, 1.0), (0.7071067811865476, 0.7071067811865476), (1.0, 1.0), (0.7071067811865476, 0.7071067811865476), (1.0, 1.0)))
    REPRESENTATION_ITEM('')
    SURFACE()
);
#513 = CARTESIAN_POINT('', (5.25, 7.5, -1.0));
#514 = CARTESIAN_POINT('', (5.25, 7.5, 2.5));
#515 = CARTESIAN_POINT('', (5.25, 8.25, -1.0));
#516 = CARTESIAN_POINT('', (5.25, 8.25, 2.5));
#517 = CARTESIAN_POINT('', (4.5, 8.25, -1.0));
#518 = CARTESIAN_POINT('', (4.5, 8.25, 2.5));
#519 = CARTESIAN_POINT('', (3.75, 8.25, -1.0));
#520 = CARTESIAN_POINT('', (3.75, 8.25, 2.5));
#521 = CARTESIAN_POINT('', (3.75, 7.5, -1.0));
#522 = CARTESIAN_POINT('', (3.75, 7.5, 2.5));
#523 = CARTESIAN_POINT('', (3.75, 6.75, -1.0));
#524 = CARTESIAN_POINT('', (3.75, 6.75, 2.5));
#525 = CARTESIAN_POINT('', (4.5, 6.75, -1.0));
#526 = CARTESIAN_POINT('', (4.5, 6.75, 2.5));
#527 = CARTESIAN_POINT('', (5.25, 6.75, -1.0));
#528 = CARTESIAN_POINT('', (5.25, 6.75, 2.5));
#529 = CARTESIAN_POINT('', (5.25, 7.5, -1.0));
#530 = CARTESIAN_POINT('', (5.25, 7.5, 2.5));
#531 = (
    BOUNDED_SURFACE()
    B_SPLINE_SURFACE(2, 1, ((#532, #533), (#534, #535), (#536, #537), (#538, #539), (#540, #541), (#542, #543), (#544, #545), (#546, #547), (#548, #549)), .UNSPECIFIED., .U., .U., .U.)
    B_SPLINE_SURFACE_WITH_KNOTS((3, 2, 2, 2, 3), (2, 2), (0.0, 1.1780972450961729, 2.3561944901923457, 3.5342917352885177, 4.71238898038469), (0.0, 3.5), .UNSPECIFIED.)
    GEOMETRIC_REPRESENTATION_ITEM()
    RATIONAL_B_SPLINE_SURFACE(((1.0, 1.0), (0.7071067811865476, 0.7071067811865476), (1.0, 1.0), (0.7071067811865476, 0.7071067811865476), (1.0, 1.0), (0.7071067811865476, 0.7071067811865476), (1.0, 1.0), (0.7071067811865476, 0.7071067811865476), (1.0, 1.0)))
    REPRESENTATION_ITEM('')
    SURFACE()
);
#532 = CARTESIAN_POINT('', (5.25, 10.5, -1.0));
#533 = CARTESIAN_POINT('', (5.25, 10.5, 2.5));
#534 = CARTESIAN_POINT('', (5.25, 11.25, -1.0));
#535 = CARTESIAN_POINT('', (5.25, 11.25, 2.5));
#536 = CARTESIAN_POINT('', (4.5, 11.25, -1.0));
#537 = CARTESIAN_POINT('', (4.5, 11.25, 2.5));
#538 = CARTESIAN_POINT('', (3.75, 11.25, -1.0));
#539 = CARTESIAN_POINT('', (3.75, 11.25, 2.5));
#540 = CARTESIAN_POINT('', (3.75, 10.5, -1.0));
#541 = CARTESIAN_POINT('', (3.75, 10.5, 2.5));
#542 = CARTESIAN_POINT('', (3.75, 9.75, -1.0));
#543 = CARTESIAN_POINT('', (3.75, 9.75, 2.5));
#544 = CARTESIAN_POINT('', (4.5, 9.75, -1.0));
#545 = CARTESIAN_POINT('', (4.5, 9.75, 2.5));
#546 = CARTESIAN_POINT('', (5.25, 9.75, -1.0));
#547 = CARTESIAN_POINT('', (5.25, 9.75, 2.5));
#548 = CARTESIAN_POINT('', (5.25, 10.5, -1.0));
#549 = CARTESIAN_POINT('', (5.25, 10.5, 2.5));
#550 = (
    BOUNDED_SURFACE()
    B_SPLINE_SURFACE(2, 1, ((#551, #552), (#553, #554), (#555, #556), (#557, #558), (#559, #560), (#561, #562), (#563, #564), (#565, #566), (#567, #568)), .UNSPECIFIED., .U., .U., .U.)
    B_SPLINE_SURFACE_WITH_KNOTS((3, 2, 2, 2, 3), (2, 2), (0.0, 1.1780972450961729, 2.356194490192345, 3.534291735288517, 4.71238898038469), (0.0, 3.5), .UNSPECIFIED.)
    GEOMETRIC_REPRESENTATION_ITEM()
    RATIONAL_B_SPLINE_SURFACE(((1.0, 1.0), (0.7071067811865476, 0.7071067811865476), (1.0, 1.0), (0.7071067811865476, 0.7071067811865476), (1.0, 1.0), (0.7071067811865476, 0.7071067811865476), (1.0, 1.0), (0.7071067811865476, 0.7071067811865476), (1.0, 1.0)))
    REPRESENTATION_ITEM('')
    SURFACE()
);
#551 = CARTESIAN_POINT('', (8.25, 1.5, -1.0));
#552 = CARTESIAN_POINT('', (8.25, 1.5, 2.5));
#553 = CARTESIAN_POINT('', (8.25, 2.25, -1.0));
#554 = CARTESIAN_POINT('', (8.25, 2.25, 2.5));
#555 = CARTESIAN_POINT('', (7.5, 2.25, -1.0));
#556 = CARTESIAN_POINT('', (7.5, 2.25, 2.5));
#557 = CARTESIAN_POINT('', (6.75, 2.25, -1.0));
#558 = CARTESIAN_POINT('', (6.75, 2.25, 2.5));
#559 = CARTESIAN_POINT('', (6.75, 1.5, -1.0));
#560 = CARTESIAN_POINT('', (6.75, 1.5, 2.5));
#561 = CARTESIAN_POINT('', (6.75, 0.75, -1.0));
#562 = CARTESIAN_POINT('', (6.75, 0.75, 2.5));
#563 = CARTESIAN_POINT('', (7.5, 0.75, -1.0));
#564 = CARTESIAN_POINT('', (7.5, 0.75, 2.5));
#565 = CARTESIAN_POINT('', (8.25, 0.7499999999999998, -1.0));
#566 = CARTESIAN_POINT('', (8.25, 0.7499999999999998, 2.5));
#567 = CARTESIAN_POINT('', (8.25, 1.5, -1.0));
#568 = CARTESIAN_POINT('', (8.25, 1.5, 2.5));
#569 = (
    BOUNDED_SURFACE()
    B_SPLINE_SURFACE(2, 1, ((#570, #571), (#572, #573), (#574, #575), (#576, #577), (#578, #579), (#580, #581), (#582, #583), (#584, #585), (#586, #587)), .UNSPECIFIED., .U., .U., .U.)
    B_SPLINE_SURFACE_WITH_KNOTS((3, 2, 2, 2, 3), (2, 2), (0.0, 1.1780972450961729, 2.356194490192345, 3.534291735288517, 4.712388980384689), (0.0, 3.5), .UNSPECIFIED.)
    GEOMETRIC_REPRESENTATION_ITEM()
    RATIONAL_B_SPLINE_SURFACE(((1.0, 1.0), (0.7071067811865476, 0.7071067811865476), (1.0, 1.0), (0.7071067811865476, 0.7071067811865476), (1.0, 1.0), (0.7071067811865476, 0.7071067811865476), (1.0, 1.0), (0.7071067811865476, 0.7071067811865476), (1.0, 1.0)))
    REPRESENTATION_ITEM('')
    SURFACE()
);
#570 = CARTESIAN_POINT('', (8.25, 4.5, -1.0));
#571 = CARTESIAN_POINT('', (8.25, 4.5, 2.5));
#572 = CARTESIAN_POINT('', (8.25, 5.25, -1.0));
#573 = CARTESIAN_POINT('', (8.25, 5.25, 2.5));
#574 = CARTESIAN_POINT('', (7.5, 5.25, -1.0));
#575 = CARTESIAN_POINT('', (7.5, 5.25, 2.5));
#576 = CARTESIAN_POINT('', (6.75, 5.25, -1.0));
#577 = CARTESIAN_POINT('', (6.75, 5.25, 2.5));
#578 = CARTESIAN_POINT('', (6.75, 4.5, -1.0));
#579 = CARTESIAN_POINT('', (6.75, 4.5, 2.5));
#580 = CARTESIAN_POINT('', (6.75, 3.75, -1.0));
#581 = CARTESIAN_POINT('', (6.75, 3.75, 2.5));
#582 = CARTESIAN_POINT('', (7.5, 3.75, -1.0));
#583 = CARTESIAN_POINT('', (7.5, 3.75, 2.5));
#584 = CARTESIAN_POINT('', (8.25, 3.75, -1.0));
#585 = CARTESIAN_POINT('', (8.25, 3.75, 2.5));
#586 = CARTESIAN_POINT('', (8.25, 4.5, -1.0));
#587 = CARTESIAN_POINT('', (8.25, 4.5, 2.5));
#588 = (
    BOUNDED_SURFACE()
    B_SPLINE_SURFACE(2, 1, ((#589, #590), (#591, #592), (#593, #594), (#595, #596), (#597, #598), (#599, #600), (#601, #602), (#603, #604), (#605, #606)), .UNSPECIFIED., .U., .U., .U.)
    B_SPLINE_SURFACE_WITH_KNOTS((3, 2, 2, 2, 3), (2, 2), (0.0, 1.1780972450961733, 2.3561944901923457, 3.5342917352885177, 4.712388980384689), (0.0, 3.5), .UNSPECIFIED.)
    GEOMETRIC_REPRESENTATION_ITEM()
    RATIONAL_B_SPLINE_SURFACE(((1.0, 1.0), (0.7071067811865476, 0.7071067811865476), (1.0, 1.0), (0.7071067811865476, 0.7071067811865476), (1.0, 1.0), (0.7071067811865476, 0.7071067811865476), (1.0, 1.0), (0.7071067811865476, 0.7071067811865476), (1.0, 1.0)))
    REPRESENTATION_ITEM('')
    SURFACE()
);
#589 = CARTESIAN_POINT('', (8.25, 7.5, -1.0));
#590 = CARTESIAN_POINT('', (8.25, 7.5, 2.5));
#591 = CARTESIAN_POINT('', (8.25, 8.25, -1.0));
#592 = CARTESIAN_POINT('', (8.25, 8.25, 2.5));
#593 = CARTESIAN_POINT('', (7.5, 8.25, -1.0));
#594 = CARTESIAN_POINT('', (7.5, 8.25, 2.5));
#595 = CARTESIAN_POINT('', (6.75, 8.25, -1.0));
#596 = CARTESIAN_POINT('', (6.75, 8.25, 2.5));
#597 = CARTESIAN_POINT('', (6.75, 7.5, -1.0));
#598 = CARTESIAN_POINT('', (6.75, 7.5, 2.5));
#599 = CARTESIAN_POINT('', (6.75, 6.75, -1.0));
#600 = CARTESIAN_POINT('', (6.75, 6.75, 2.5));
#601 = CARTESIAN_POINT('', (7.5, 6.75, -1.0));
#602 = CARTESIAN_POINT('', (7.5, 6.75, 2.5));
#603 = CARTESIAN_POINT('', (8.25, 6.75, -1.0));
#604 = CARTESIAN_POINT('', (8.25, 6.75, 2.5));
#605 = CARTESIAN_POINT('', (8.25, 7.5, -1.0));
#606 = CARTESIAN_POINT('', (8.25, 7.5, 2.5));
#607 = (
    BOUNDED_SURFACE()
    B_SPLINE_SURFACE(2, 1, ((#608, #609), (#610, #611), (#612, #613), (#614, #615), (#616, #617), (#618, #619), (#620, #621), (#622, #623), (#624, #625)), .UNSPECIFIED., .U., .U., .U.)
    B_SPLINE_SURFACE_WITH_KNOTS((3, 2, 2, 2, 3), (2, 2), (0.0, 1.178097245096173, 2.3561944901923457, 3.5342917352885177, 4.71238898038469), (0.0, 3.5), .UNSPECIFIED.)
    GEOMETRIC_REPRESENTATION_ITEM()
    RATIONAL_B_SPLINE_SURFACE(((1.0, 1.0), (0.7071067811865476, 0.7071067811865476), (1.0, 1.0), (0.7071067811865476, 0.7071067811865476), (1.0, 1.0), (0.7071067811865476, 0.7071067811865476), (1.0, 1.0), (0.7071067811865476, 0.7071067811865476), (1.0, 1.0)))
    REPRESENTATION_ITEM('')
    SURFACE()
);
#608 = CARTESIAN_POINT('', (8.25, 10.5, -1.0));
#609 = CARTESIAN_POINT('', (8.25, 10.5, 2.5));
#610 = CARTESIAN_POINT('', (8.25, 11.25, -1.0));
#611 = CARTESIAN_POINT('', (8.25, 11.25, 2.5));
#612 = CARTESIAN_POINT('', (7.5, 11.25, -1.0));
#613 = CARTESIAN_POINT('', (7.5, 11.25, 2.5));
#614 = CARTESIAN_POINT('', (6.75, 11.25, -1.0));
#615 = CARTESIAN_POINT('', (6.75, 11.25, 2.5));
#616 = CARTESIAN_POINT('', (6.75, 10.5, -1.0));
#617 = CARTESIAN_POINT('', (6.75, 10.5, 2.5));
#618 = CARTESIAN_POINT('', (6.75, 9.75, -1.0));
#619 = CARTESIAN_POINT('', (6.75, 9.75, 2.5));
#620 = CARTESIAN_POINT('', (7.5, 9.75, -1.0));
#621 = CARTESIAN_POINT('', (7.5, 9.75, 2.5));
#622 = CARTESIAN_POINT('', (8.25, 9.75, -1.0));
#623 = CARTESIAN_POINT('', (8.25, 9.75, 2.5));
#624 = CARTESIAN_POINT('', (8.25, 10.5, -1.0));
#625 = CARTESIAN_POINT('', (8.25, 10.5, 2.5));
#626 = (
    BOUNDED_SURFACE()
    B_SPLINE_SURFACE(2, 1, ((#627, #628), (#629, #630), (#631, #632), (#633, #634), (#635, #636), (#637, #638), (#639, #640), (#641, #642), (#643, #644)), .UNSPECIFIED., .U., .U., .U.)
    B_SPLINE_SURFACE_WITH_KNOTS((3, 2, 2, 2, 3), (2, 2), (0.0, 1.1780972450961729, 2.3561944901923457, 3.5342917352885177, 4.71238898038469), (0.0, 3.5), .UNSPECIFIED.)
    GEOMETRIC_REPRESENTATION_ITEM()
    RATIONAL_B_SPLINE_SURFACE(((1.0, 1.0), (0.7071067811865476, 0.7071067811865476), (1.0, 1.0), (0.7071067811865476, 0.7071067811865476), (1.0, 1.0), (0.7071067811865476, 0.7071067811865476), (1.0, 1.0), (0.7071067811865476, 0.7071067811865476), (1.0, 1.0)))
    REPRESENTATION_ITEM('')
    SURFACE()
);
#627 = CARTESIAN_POINT('', (11.25, 1.5, -1.0));
#628 = CARTESIAN_POINT('', (11.25, 1.5, 2.5));
#629 = CARTESIAN_POINT('', (11.25, 2.25, -1.0));
#630 = CARTESIAN_POINT('', (11.25, 2.25, 2.5));
#631 = CARTESIAN_POINT('', (10.5, 2.25, -1.0));
#632 = CARTESIAN_POINT('', (10.5, 2.25, 2.5));
#633 = CARTESIAN_POINT('', (9.75, 2.25, -1.0));
#634 = CARTESIAN_POINT('', (9.75, 2.25, 2.5));
#635 = CARTESIAN_POINT('', (9.75, 1.5, -1.0));
#636 = CARTESIAN_POINT('', (9.75, 1.5, 2.5));
#637 = CARTESIAN_POINT('', (9.75, 0.75, -1.0));
#638 = CARTESIAN_POINT('', (9.75, 0.75, 2.5));
#639 = CARTESIAN_POINT('', (10.5, 0.75, -1.0));
#640 = CARTESIAN_POINT('', (10.5, 0.75, 2.5));
#641 = CARTESIAN_POINT('', (11.25, 0.7499999999999998, -1.0));
#642 = CARTESIAN_POINT('', (11.25, 0.7499999999999998, 2.5));
#643 = CARTESIAN_POINT('', (11.25, 1.5, -1.0));
#644 = CARTESIAN_POINT('', (11.25, 1.5, 2.5));
#645 = (
    BOUNDED_SURFACE()
    B_SPLINE_SURFACE(2, 1, ((#646, #647), (#648, #649), (#650, #651), (#652, #653), (#654, #655), (#656, #657), (#658, #659), (#660, #661), (#662, #663)), .UNSPECIFIED., .U., .U., .U.)
    B_SPLINE_SURFACE_WITH_KNOTS((3, 2, 2, 2, 3), (2, 2), (0.0, 1.1780972450961729, 2.3561944901923453, 3.5342917352885173, 4.71238898038469), (0.0, 3.5), .UNSPECIFIED.)
    GEOMETRIC_REPRESENTATION_ITEM()
    RATIONAL_B_SPLINE_SURFACE(((1.0, 1.0), (0.7071067811865476, 0.7071067811865476), (1.0, 1.0), (0.7071067811865476, 0.7071067811865476), (1.0, 1.0), (0.7071067811865476, 0.7071067811865476), (1.0, 1.0), (0.7071067811865476, 0.7071067811865476), (1.0, 1.0)))
    REPRESENTATION_ITEM('')
    SURFACE()
);
#646 = CARTESIAN_POINT('', (11.25, 4.5, -1.0));
#647 = CARTESIAN_POINT('', (11.25, 4.5, 2.5));
#648 = CARTESIAN_POINT('', (11.25, 5.25, -1.0));
#649 = CARTESIAN_POINT('', (11.25, 5.25, 2.5));
#650 = CARTESIAN_POINT('', (10.5, 5.25, -1.0));
#651 = CARTESIAN_POINT('', (10.5, 5.25, 2.5));
#652 = CARTESIAN_POINT('', (9.75, 5.25, -1.0));
#653 = CARTESIAN_POINT('', (9.75, 5.25, 2.5));
#654 = CARTESIAN_POINT('', (9.75, 4.5, -1.0));
#655 = CARTESIAN_POINT('', (9.75, 4.5, 2.5));
#656 = CARTESIAN_POINT('', (9.75, 3.75, -1.0));
#657 = CARTESIAN_POINT('', (9.75, 3.75, 2.5));
#658 = CARTESIAN_POINT('', (10.5, 3.75, -1.0));
#659 = CARTESIAN_POINT('', (10.5, 3.75, 2.5));
#660 = CARTESIAN_POINT('', (11.25, 3.75, -1.0));
#661 = CARTESIAN_POINT('', (11.25, 3.75, 2.5));
#662 = CARTESIAN_POINT('', (11.25, 4.5, -1.0));
#663 = CARTESIAN_POINT('', (11.25, 4.5, 2.5));
#664 = (
    BOUNDED_SURFACE()
    B_SPLINE_SURFACE(2, 1, ((#665, #666), (#667, #668), (#669, #670), (#671, #672), (#673, #674), (#675, #676), (#677, #678), (#679, #680), (#681, #682)), .UNSPECIFIED., .U., .U., .U.)
    B_SPLINE_SURFACE_WITH_KNOTS((3, 2, 2, 2, 3), (2, 2), (0.0, 1.1780972450961733, 2.3561944901923457, 3.5342917352885177, 4.712388980384689), (0.0, 3.5), .UNSPECIFIED.)
    GEOMETRIC_REPRESENTATION_ITEM()
    RATIONAL_B_SPLINE_SURFACE(((1.0, 1.0), (0.7071067811865476, 0.7071067811865476), (1.0, 1.0), (0.7071067811865476, 0.7071067811865476), (1.0, 1.0), (0.7071067811865476, 0.7071067811865476), (1.0, 1.0), (0.7071067811865476, 0.7071067811865476), (1.0, 1.0)))
    REPRESENTATION_ITEM('')
    SURFACE()
);
#665 = CARTESIAN_POINT('', (11.25, 7.5, -1.0));
#666 = CARTESIAN_POINT('', (11.25, 7.5, 2.5));
#667 = CARTESIAN_POINT('', (11.25, 8.25, -1.0));
#668 = CARTESIAN_POINT('', (11.25, 8.25, 2.5));
#669 = CARTESIAN_POINT('', (10.5, 8.25, -1.0));
#670 = CARTESIAN_POINT('', (10.5, 8.25, 2.5));
#671 = CARTESIAN_POINT('', (9.75, 8.25, -1.0));
#672 = CARTESIAN_POINT('', (9.75, 8.25, 2.5));
#673 = CARTESIAN_POINT('', (9.75, 7.5, -1.0));
#674 = CARTESIAN_POINT('', (9.75, 7.5, 2.5));
#675 = CARTESIAN_POINT('', (9.75, 6.75, -1.0));
#676 = CARTESIAN_POINT('', (9.75, 6.75, 2.5));
#677 = CARTESIAN_POINT('', (10.5, 6.75, -1.0));
#678 = CARTESIAN_POINT('', (10.5, 6.75, 2.5));
#679 = CARTESIAN_POINT('', (11.25, 6.75, -1.0));
#680 = CARTESIAN_POINT('', (11.25, 6.75, 2.5));
#681 = CARTESIAN_POINT('', (11.25, 7.5, -1.0));
#682 = CARTESIAN_POINT('', (11.25, 7.5, 2.5));
#683 = (
    BOUNDED_SURFACE()
    B_SPLINE_SURFACE(2, 1, ((#684, #685), (#686, #687), (#688, #689), (#690, #691), (#692, #693), (#694, #695), (#696, #697), (#698, #699), (#700, #701)), .UNSPECIFIED., .U., .U., .U.)
    B_SPLINE_SURFACE_WITH_KNOTS((3, 2, 2, 2, 3), (2, 2), (0.0, 1.178097245096173, 2.3561944901923457, 3.5342917352885177, 4.71238898038469), (0.0, 3.5), .UNSPECIFIED.)
    GEOMETRIC_REPRESENTATION_ITEM()
    RATIONAL_B_SPLINE_SURFACE(((1.0, 1.0), (0.7071067811865476, 0.7071067811865476), (1.0, 1.0), (0.7071067811865476, 0.7071067811865476), (1.0, 1.0), (0.7071067811865476, 0.7071067811865476), (1.0, 1.0), (0.7071067811865476, 0.7071067811865476), (1.0, 1.0)))
    REPRESENTATION_ITEM('')
    SURFACE()
);
#684 = CARTESIAN_POINT('', (11.25, 10.5, -1.0));
#685 = CARTESIAN_POINT('', (11.25, 10.5, 2.5));
#686 = CARTESIAN_POINT('', (11.25, 11.25, -1.0));
#687 = CARTESIAN_POINT('', (11.25, 11.25, 2.5));
#688 = CARTESIAN_POINT('', (10.5, 11.25, -1.0));
#689 = CARTESIAN_POINT('', (10.5, 11.25, 2.5));
#690 = CARTESIAN_POINT('', (9.75, 11.25, -1.0));
#691 = CARTESIAN_POINT('', (9.75, 11.25, 2.5));
#692 = CARTESIAN_POINT('', (9.75, 10.5, -1.0));
#693 = CARTESIAN_POINT('', (9.75, 10.5, 2.5));
#694 = CARTESIAN_POINT('', (9.75, 9.75, -1.0));
#695 = CARTESIAN_POINT('', (9.75, 9.75, 2.5));
#696 = CARTESIAN_POINT('', (10.5, 9.75, -1.0));
#697 = CARTESIAN_POINT('', (10.5, 9.75, 2.5));
#698 = CARTESIAN_POINT('', (11.25, 9.75, -1.0));
#699 = CARTESIAN_POINT('', (11.25, 9.75, 2.5));
#700 = CARTESIAN_POINT('', (11.25, 10.5, -1.0));
#701 = CARTESIAN_POINT('', (11.25, 10.5, 2.5));
#702 = SURFACE_CURVE('', #703, (#706, #717), .CURVE_3D.);
#703 = (
    BOUNDED_CURVE()
    B_SPLINE_CURVE(1, (#704, #705), .UNSPECIFIED., .U., .U.)
    B_SPLINE_CURVE_WITH_KNOTS((2, 2), (0.0, 12.0), .UNSPECIFIED.)
    CURVE()
    GEOMETRIC_REPRESENTATION_ITEM()
    RATIONAL_B_SPLINE_CURVE((1.0, 1.0))
    REPRESENTATION_ITEM('')
);
#704 = CARTESIAN_POINT('', (0.0, 0.0, 0.0));
#705 = CARTESIAN_POINT('', (0.0, 12.0, 0.0));
#706 = PCURVE('', #707, #712);
#707 = (
    BOUNDED_SURFACE()
    B_SPLINE_SURFACE(1, 1, ((#708, #709), (#710, #711)), .UNSPECIFIED., .U., .U., .U.)
    B_SPLINE_SURFACE_WITH_KNOTS((2, 2), (2, 2), (0.0, 12.0), (0.0, 12.0), .UNSPECIFIED.)
    GEOMETRIC_REPRESENTATION_ITEM()
    RATIONAL_B_SPLINE_SURFACE(((1.0, 1.0), (1.0, 1.0)))
    REPRESENTATION_ITEM('')
    SURFACE()
);
#708 = CARTESIAN_POINT('', (0.0, 0.0, 0.0));
#709 = CARTESIAN_POINT('', (12.0, 0.0, 0.0));
#710 = CARTESIAN_POINT('', (0.0, 12.0, 0.0));
#711 = CARTESIAN_POINT('', (12.0, 12.0, 0.0));
#712 = DEFINITIONAL_REPRESENTATION('', (#714), #713);
#713 = (
    GEOMETRIC_REPRESENTATION_CONTEXT(2)
    PARAMETRIC_REPRESENTATION_CONTEXT()
    REPRESENTATION_CONTEXT('2D SPACE', '')
);
#714 = (
    BOUNDED_CURVE()
    B_SPLINE_CURVE(1, (#715, #716), .UNSPECIFIED., .U., .U.)
    B_SPLINE_CURVE_WITH_KNOTS((2, 2), (0.0, 12.0), .UNSPECIFIED.)
    CURVE()
    GEOMETRIC_REPRESENTATION_ITEM()
    RATIONAL_B_SPLINE_CURVE((1.0, 1.0))
    REPRESENTATION_ITEM('')
);
#715 = CARTESIAN_POINT('', (0.0, 0.0));
#716 = CARTESIAN_POINT('', (12.0, 0.0));
#717 = PCURVE('', #718, #723);
#718 = (
    BOUNDED_SURFACE()
    B_SPLINE_SURFACE(1, 1, ((#719, #720), (#721, #722)), .UNSPECIFIED., .U., .U., .U.)
    B_SPLINE_SURFACE_WITH_KNOTS((2, 2), (2, 2), (0.0, 1.5), (0.0, 12.0), .UNSPECIFIED.)
    GEOMETRIC_REPRESENTATION_ITEM()
    RATIONAL_B_SPLINE_SURFACE(((1.0, 1.0), (1.0, 1.0)))
    REPRESENTATION_ITEM('')
    SURFACE()
);
#719 = CARTESIAN_POINT('', (0.0, 0.0, 0.0));
#720 = CARTESIAN_POINT('', (0.0, 12.0, 0.0));
#721 = CARTESIAN_POINT('', (0.0, 0.0, 1.5));
#722 = CARTESIAN_POINT('', (0.0, 12.0, 1.5));
#723 = DEFINITIONAL_REPRESENTATION('', (#725), #724);
#724 = (
    GEOMETRIC_REPRESENTATION_CONTEXT(2)
    PARAMETRIC_REPRESENTATION_CONTEXT()
    REPRESENTATION_CONTEXT('2D SPACE', '')
);
#725 = (
    BOUNDED_CURVE()
    B_SPLINE_CURVE(1, (#726, #727), .UNSPECIFIED., .U., .U.)
    B_SPLINE_CURVE_WITH_KNOTS((2, 2), (0.0, 12.0), .UNSPECIFIED.)
    CURVE()
    GEOMETRIC_REPRESENTATION_ITEM()
    RATIONAL_B_SPLINE_CURVE((1.0, 1.0))
    REPRESENTATION_ITEM('')
);
#726 = CARTESIAN_POINT('', (0.0, 0.0));
#727 = CARTESIAN_POINT('', (0.0, 12.0));
#728 = SURFACE_CURVE('', #729, (#732, #743), .CURVE_3D.);
#729 = (
    BOUNDED_CURVE()
    B_SPLINE_CURVE(1, (#730, #731), .UNSPECIFIED., .U., .U.)
    B_SPLINE_CURVE_WITH_KNOTS((2, 2), (0.0, 12.0), .UNSPECIFIED.)
    CURVE()
    GEOMETRIC_REPRESENTATION_ITEM()
    RATIONAL_B_SPLINE_CURVE((1.0, 1.0))
    REPRESENTATION_ITEM('')
);
#730 = CARTESIAN_POINT('', (0.0, 12.0, 0.0));
#731 = CARTESIAN_POINT('', (12.0, 12.0, 0.0));
#732 = PCURVE('', #733, #738);
#733 = (
    BOUNDED_SURFACE()
    B_SPLINE_SURFACE(1, 1, ((#734, #735), (#736, #737)), .UNSPECIFIED., .U., .U., .U.)
    B_SPLINE_SURFACE_WITH_KNOTS((2, 2), (2, 2), (0.0, 12.0), (0.0, 12.0), .UNSPECIFIED.)
    GEOMETRIC_REPRESENTATION_ITEM()
    RATIONAL_B_SPLINE_SURFACE(((1.0, 1.0), (1.0, 1.0)))
    REPRESENTATION_ITEM('')
    SURFACE()
);
#734 = CARTESIAN_POINT('', (0.0, 0.0, 0.0));
#735 = CARTESIAN_POINT('', (12.0, 0.0, 0.0));
#736 = CARTESIAN_POINT('', (0.0, 12.0, 0.0));
#737 = CARTESIAN_POINT('', (12.0, 12.0, 0.0));
#738 = DEFINITIONAL_REPRESENTATION('', (#740), #739);
#739 = (
    GEOMETRIC_REPRESENTATION_CONTEXT(2)
    PARAMETRIC_REPRESENTATION_CONTEXT()
    REPRESENTATION_CONTEXT('2D SPACE', '')
);
#740 = (
    BOUNDED_CURVE()
    B_SPLINE_CURVE(1, (#741, #742), .UNSPECIFIED., .U., .U.)
    B_SPLINE_CURVE_WITH_KNOTS((2, 2), (0.0, 12.0), .UNSPECIFIED.)
    CURVE()
    GEOMETRIC_REPRESENTATION_ITEM()
    RATIONAL_B_SPLINE_CURVE((1.0, 1.0))
    REPRESENTATION_ITEM('')
);
#741 = CARTESIAN_POINT('', (12.0, 0.0));
#742 = CARTESIAN_POINT('', (12.0, 12.0));
#743 = PCURVE('', #744, #749);
#744 = (
    BOUNDED_SURFACE()
    B_SPLINE_SURFACE(1, 1, ((#745, #746), (#747, #748)), .UNSPECIFIED., .U., .U., .U.)
    B_SPLINE_SURFACE_WITH_KNOTS((2, 2), (2, 2), (0.0, 1.5), (0.0, 12.0), .UNSPECIFIED.)
    GEOMETRIC_REPRESENTATION_ITEM()
    RATIONAL_B_SPLINE_SURFACE(((1.0, 1.0), (1.0, 1.0)))
    REPRESENTATION_ITEM('')
    SURFACE()
);
#745 = CARTESIAN_POINT('', (0.0, 12.0, 0.0));
#746 = CARTESIAN_POINT('', (12.0, 12.0, 0.0));
#747 = CARTESIAN_POINT('', (0.0, 12.0, 1.5));
#748 = CARTESIAN_POINT('', (12.0, 12.0, 1.5));
#749 = DEFINITIONAL_REPRESENTATION('', (#751), #750);
#750 = (
    GEOMETRIC_REPRESENTATION_CONTEXT(2)
    PARAMETRIC_REPRESENTATION_CONTEXT()
    REPRESENTATION_CONTEXT('2D SPACE', '')
);
#751 = (
    BOUNDED_CURVE()
    B_SPLINE_CURVE(1, (#752, #753), .UNSPECIFIED., .U., .U.)
    B_SPLINE_CURVE_WITH_KNOTS((2, 2), (0.0, 12.0), .UNSPECIFIED.)
    CURVE()
    GEOMETRIC_REPRESENTATION_ITEM()
    RATIONAL_B_SPLINE_CURVE((1.0, 1.0))
    REPRESENTATION_ITEM('')
);
#752 = CARTESIAN_POINT('', (0.0, 0.0));
#753 = CARTESIAN_POINT('', (0.0, 12.0));
#754 = SURFACE_CURVE('', #755, (#758, #769), .CURVE_3D.);
#755 = (
    BOUNDED_CURVE()
    B_SPLINE_CURVE(1, (#756, #757), .UNSPECIFIED., .U., .U.)
    B_SPLINE_CURVE_WITH_KNOTS((2, 2), (0.0, 12.0), .UNSPECIFIED.)
    CURVE()
    GEOMETRIC_REPRESENTATION_ITEM()
    RATIONAL_B_SPLINE_CURVE((1.0, 1.0))
    REPRESENTATION_ITEM('')
);
#756 = CARTESIAN_POINT('', (12.0, 0.0, 0.0));
#757 = CARTESIAN_POINT('', (12.0, 12.0, 0.0));
#758 = PCURVE('', #759, #764);
#759 = (
    BOUNDED_SURFACE()
    B_SPLINE_SURFACE(1, 1, ((#760, #761), (#762, #763)), .UNSPECIFIED., .U., .U., .U.)
    B_SPLINE_SURFACE_WITH_KNOTS((2, 2), (2, 2), (0.0, 12.0), (0.0, 12.0), .UNSPECIFIED.)
    GEOMETRIC_REPRESENTATION_ITEM()
    RATIONAL_B_SPLINE_SURFACE(((1.0, 1.0), (1.0, 1.0)))
    REPRESENTATION_ITEM('')
    SURFACE()
);
#760 = CARTESIAN_POINT('', (0.0, 0.0, 0.0));
#761 = CARTESIAN_POINT('', (12.0, 0.0, 0.0));
#762 = CARTESIAN_POINT('', (0.0, 12.0, 0.0));
#763 = CARTESIAN_POINT('', (12.0, 12.0, 0.0));
#764 = DEFINITIONAL_REPRESENTATION('', (#766), #765);
#765 = (
    GEOMETRIC_REPRESENTATION_CONTEXT(2)
    PARAMETRIC_REPRESENTATION_CONTEXT()
    REPRESENTATION_CONTEXT('2D SPACE', '')
);
#766 = (
    BOUNDED_CURVE()
    B_SPLINE_CURVE(1, (#767, #768), .UNSPECIFIED., .U., .U.)
    B_SPLINE_CURVE_WITH_KNOTS((2, 2), (0.0, 12.0), .UNSPECIFIED.)
    CURVE()
    GEOMETRIC_REPRESENTATION_ITEM()
    RATIONAL_B_SPLINE_CURVE((1.0, 1.0))
    REPRESENTATION_ITEM('')
);
#767 = CARTESIAN_POINT('', (0.0, 12.0));
#768 = CARTESIAN_POINT('', (12.0, 12.0));
#769 = PCURVE('', #770, #775);
#770 = (
    BOUNDED_SURFACE()
    B_SPLINE_SURFACE(1, 1, ((#771, #772), (#773, #774)), .UNSPECIFIED., .U., .U., .U.)
    B_SPLINE_SURFACE_WITH_KNOTS((2, 2), (2, 2), (0.0, 12.0), (0.0, 1.5), .UNSPECIFIED.)
    GEOMETRIC_REPRESENTATION_ITEM()
    RATIONAL_B_SPLINE_SURFACE(((1.0, 1.0), (1.0, 1.0)))
    REPRESENTATION_ITEM('')
    SURFACE()
);
#771 = CARTESIAN_POINT('', (12.0, 0.0, 0.0));
#772 = CARTESIAN_POINT('', (12.0, 0.0, 1.5));
#773 = CARTESIAN_POINT('', (12.0, 12.0, 0.0));
#774 = CARTESIAN_POINT('', (12.0, 12.0, 1.5));
#775 = DEFINITIONAL_REPRESENTATION('', (#777), #776);
#776 = (
    GEOMETRIC_REPRESENTATION_CONTEXT(2)
    PARAMETRIC_REPRESENTATION_CONTEXT()
    REPRESENTATION_CONTEXT('2D SPACE', '')
);
#777 = (
    BOUNDED_CURVE()
    B_SPLINE_CURVE(1, (#778, #779), .UNSPECIFIED., .U., .U.)
    B_SPLINE_CURVE_WITH_KNOTS((2, 2), (0.0, 12.0), .UNSPECIFIED.)
    CURVE()
    GEOMETRIC_REPRESENTATION_ITEM()
    RATIONAL_B_SPLINE_CURVE((1.0, 1.0))
    REPRESENTATION_ITEM('')
);
#778 = CARTESIAN_POINT('', (0.0, 0.0));
#779 = CARTESIAN_POINT('', (12.0, 0.0));
#780 = SURFACE_CURVE('', #781, (#784, #795), .CURVE_3D.);
#781 = (
    BOUNDED_CURVE()
    B_SPLINE_CURVE(1, (#782, #783), .UNSPECIFIED., .U., .U.)
    B_SPLINE_CURVE_WITH_KNOTS((2, 2), (0.0, 12.0), .UNSPECIFIED.)
    CURVE()
    GEOMETRIC_REPRESENTATION_ITEM()
    RATIONAL_B_SPLINE_CURVE((1.0, 1.0))
    REPRESENTATION_ITEM('')
);
#782 = CARTESIAN_POINT('', (0.0, 0.0, 0.0));
#783 = CARTESIAN_POINT('', (12.0, 0.0, 0.0));
#784 = PCURVE('', #785, #790);
#785 = (
    BOUNDED_SURFACE()
    B_SPLINE_SURFACE(1, 1, ((#786, #787), (#788, #789)), .UNSPECIFIED., .U., .U., .U.)
    B_SPLINE_SURFACE_WITH_KNOTS((2, 2), (2, 2), (0.0, 12.0), (0.0, 12.0), .UNSPECIFIED.)
    GEOMETRIC_REPRESENTATION_ITEM()
    RATIONAL_B_SPLINE_SURFACE(((1.0, 1.0), (1.0, 1.0)))
    REPRESENTATION_ITEM('')
    SURFACE()
);
#786 = CARTESIAN_POINT('', (0.0, 0.0, 0.0));
#787 = CARTESIAN_POINT('', (12.0, 0.0, 0.0));
#788 = CARTESIAN_POINT('', (0.0, 12.0, 0.0));
#789 = CARTESIAN_POINT('', (12.0, 12.0, 0.0));
#790 = DEFINITIONAL_REPRESENTATION('', (#792), #791);
#791 = (
    GEOMETRIC_REPRESENTATION_CONTEXT(2)
    PARAMETRIC_REPRESENTATION_CONTEXT()
    REPRESENTATION_CONTEXT('2D SPACE', '')
);
#792 = (
    BOUNDED_CURVE()
    B_SPLINE_CURVE(1, (#793, #794), .UNSPECIFIED., .U., .U.)
    B_SPLINE_CURVE_WITH_KNOTS((2, 2), (0.0, 12.0), .UNSPECIFIED.)
    CURVE()
    GEOMETRIC_REPRESENTATION_ITEM()
    RATIONAL_B_SPLINE_CURVE((1.0, 1.0))
    REPRESENTATION_ITEM('')
);
#793 = CARTESIAN_POINT('', (0.0, 0.0));
#794 = CARTESIAN_POINT('', (0.0, 12.0));
#795 = PCURVE('', #796, #801);
#796 = (
    BOUNDED_SURFACE()
    B_SPLINE_SURFACE(1, 1, ((#797, #798), (#799, #800)), .UNSPECIFIED., .U., .U., .U.)
    B_SPLINE_SURFACE_WITH_KNOTS((2, 2), (2, 2), (0.0, 12.0), (0.0, 1.5), .UNSPECIFIED.)
    GEOMETRIC_REPRESENTATION_ITEM()
    RATIONAL_B_SPLINE_SURFACE(((1.0, 1.0), (1.0, 1.0)))
    REPRESENTATION_ITEM('')
    SURFACE()
);
#797 = CARTESIAN_POINT('', (0.0, 0.0, 0.0));
#798 = CARTESIAN_POINT('', (0.0, 0.0, 1.5));
#799 = CARTESIAN_POINT('', (12.0, 0.0, 0.0));
#800 = CARTESIAN_POINT('', (12.0, 0.0, 1.5));
#801 = DEFINITIONAL_REPRESENTATION('', (#803), #802);
#802 = (
    GEOMETRIC_REPRESENTATION_CONTEXT(2)
    PARAMETRIC_REPRESENTATION_CONTEXT()
    REPRESENTATION_CONTEXT('2D SPACE', '')
);
#803 = (
    BOUNDED_CURVE()
    B_SPLINE_CURVE(1, (#804, #805), .UNSPECIFIED., .U., .U.)
    B_SPLINE_CURVE_WITH_KNOTS((2, 2), (0.0, 12.0), .UNSPECIFIED.)
    CURVE()
    GEOMETRIC_REPRESENTATION_ITEM()
    RATIONAL_B_SPLINE_CURVE((1.0, 1.0))
    REPRESENTATION_ITEM('')
);
#804 = CARTESIAN_POINT('', (0.0, 0.0));
#805 = CARTESIAN_POINT('', (12.0, 0.0));
#806 = SURFACE_CURVE('', #807, (#817, #835), .CURVE_3D.);
#807 = (
    BOUNDED_CURVE()
    B_SPLINE_CURVE(2, (#808, #809, #810, #811, #812, #813, #814, #815, #816), .UNSPECIFIED., .U., .U.)
    B_SPLINE_CURVE_WITH_KNOTS((3, 2, 2, 2, 3), (0.0, 0.25, 0.5, 0.75, 1.0), .UNSPECIFIED.)
    CURVE()
    GEOMETRIC_REPRESENTATION_ITEM()
    RATIONAL_B_SPLINE_CURVE((1.0, 0.7071067811865476, 1.0, 0.7071067811865476, 1.0, 0.7071067811865476, 1.0, 0.7071067811865476, 1.0))
    REPRESENTATION_ITEM('')
);
#808 = CARTESIAN_POINT('', (2.25, 1.5, 0.0));
#809 = CARTESIAN_POINT('', (2.25, 2.25, 0.0));
#810 = CARTESIAN_POINT('', (1.5, 2.25, 0.0));
#811 = CARTESIAN_POINT('', (0.75, 2.25, 0.0));
#812 = CARTESIAN_POINT('', (0.75, 1.5, 0.0));
#813 = CARTESIAN_POINT('', (0.7499999999999999, 0.75, 0.0));
#814 = CARTESIAN_POINT('', (1.4999999999999998, 0.75, 0.0));
#815 = CARTESIAN_POINT('', (2.25, 0.7499999999999998, 0.0));
#816 = CARTESIAN_POINT('', (2.25, 1.5, 0.0));
#817 = PCURVE('', #818, #823);
#818 = (
    BOUNDED_SURFACE()
    B_SPLINE_SURFACE(1, 1, ((#819, #820), (#821, #822)), .UNSPECIFIED., .U., .U., .U.)
    B_SPLINE_SURFACE_WITH_KNOTS((2, 2), (2, 2), (0.0, 12.0), (0.0, 12.0), .UNSPECIFIED.)
    GEOMETRIC_REPRESENTATION_ITEM()
    RATIONAL_B_SPLINE_SURFACE(((1.0, 1.0), (1.0, 1.0)))
    REPRESENTATION_ITEM('')
    SURFACE()
);
#819 = CARTESIAN_POINT('', (0.0, 0.0, 0.0));
#820 = CARTESIAN_POINT('', (12.0, 0.0, 0.0));
#821 = CARTESIAN_POINT('', (0.0, 12.0, 0.0));
#822 = CARTESIAN_POINT('', (12.0, 12.0, 0.0));
#823 = DEFINITIONAL_REPRESENTATION('', (#825), #824);
#824 = (
    GEOMETRIC_REPRESENTATION_CONTEXT(2)
    PARAMETRIC_REPRESENTATION_CONTEXT()
    REPRESENTATION_CONTEXT('2D SPACE', '')
);
#825 = (
    BOUNDED_CURVE()
    B_SPLINE_CURVE(2, (#826, #827, #828, #829, #830, #831, #832, #833, #834), .UNSPECIFIED., .U., .U.)
    B_SPLINE_CURVE_WITH_KNOTS((3, 2, 2, 2, 3), (0.0, 0.25, 0.5, 0.75, 1.0), .UNSPECIFIED.)
    CURVE()
    GEOMETRIC_REPRESENTATION_ITEM()
    RATIONAL_B_SPLINE_CURVE((1.0, 0.7071067811865476, 1.0, 0.7071067811865476, 1.0, 0.7071067811865476, 1.0, 0.7071067811865476, 1.0))
    REPRESENTATION_ITEM('')
);
#826 = CARTESIAN_POINT('', (1.5, 2.25));
#827 = CARTESIAN_POINT('', (2.25, 2.25));
#828 = CARTESIAN_POINT('', (2.25, 1.5));
#829 = CARTESIAN_POINT('', (2.25, 0.75));
#830 = CARTESIAN_POINT('', (1.5, 0.75));
#831 = CARTESIAN_POINT('', (0.75, 0.7499999999999999));
#832 = CARTESIAN_POINT('', (0.75, 1.4999999999999998));
#833 = CARTESIAN_POINT('', (0.7499999999999998, 2.25));
#834 = CARTESIAN_POINT('', (1.5, 2.25));
#835 = PCURVE('', #836, #855);
#836 = (
    BOUNDED_SURFACE()
    B_SPLINE_SURFACE(2, 1, ((#837, #838), (#839, #840), (#841, #842), (#843, #844), (#845, #846), (#847, #848), (#849, #850), (#851, #852), (#853, #854)), .UNSPECIFIED., .U., .U., .U.)
    B_SPLINE_SURFACE_WITH_KNOTS((3, 2, 2, 2, 3), (2, 2), (0.0, 1.1780972450961729, 2.3561944901923457, 3.5342917352885177, 4.71238898038469), (0.0, 3.5), .UNSPECIFIED.)
    GEOMETRIC_REPRESENTATION_ITEM()
    RATIONAL_B_SPLINE_SURFACE(((1.0, 1.0), (0.7071067811865476, 0.7071067811865476), (1.0, 1.0), (0.7071067811865476, 0.7071067811865476), (1.0, 1.0), (0.7071067811865476, 0.7071067811865476), (1.0, 1.0), (0.7071067811865476, 0.7071067811865476), (1.0, 1.0)))
    REPRESENTATION_ITEM('')
    SURFACE()
);
#837 = CARTESIAN_POINT('', (2.25, 1.5, -1.0));
#838 = CARTESIAN_POINT('', (2.25, 1.5, 2.5));
#839 = CARTESIAN_POINT('', (2.25, 2.25, -1.0));
#840 = CARTESIAN_POINT('', (2.25, 2.25, 2.5));
#841 = CARTESIAN_POINT('', (1.5, 2.25, -1.0));
#842 = CARTESIAN_POINT('', (1.5, 2.25, 2.5));
#843 = CARTESIAN_POINT('', (0.75, 2.25, -1.0));
#844 = CARTESIAN_POINT('', (0.75, 2.25, 2.5));
#845 = CARTESIAN_POINT('', (0.75, 1.5, -1.0));
#846 = CARTESIAN_POINT('', (0.75, 1.5, 2.5));
#847 = CARTESIAN_POINT('', (0.7499999999999999, 0.75, -1.0));
#848 = CARTESIAN_POINT('', (0.7499999999999999, 0.75, 2.5));
#849 = CARTESIAN_POINT('', (1.4999999999999998, 0.75, -1.0));
#850 = CARTESIAN_POINT('', (1.4999999999999998, 0.75, 2.5));
#851 = CARTESIAN_POINT('', (2.25, 0.7499999999999998, -1.0));
#852 = CARTESIAN_POINT('', (2.25, 0.7499999999999998, 2.5));
#853 = CARTESIAN_POINT('', (2.25, 1.5, -1.0));
#854 = CARTESIAN_POINT('', (2.25, 1.5, 2.5));
#855 = DEFINITIONAL_REPRESENTATION('', (#857), #856);
#856 = (
    GEOMETRIC_REPRESENTATION_CONTEXT(2)
    PARAMETRIC_REPRESENTATION_CONTEXT()
    REPRESENTATION_CONTEXT('2D SPACE', '')
);
#857 = (
    BOUNDED_CURVE()
    B_SPLINE_CURVE(1, (#858, #859), .UNSPECIFIED., .U., .U.)
    B_SPLINE_CURVE_WITH_KNOTS((2, 2), (0.0, 1.0), .UNSPECIFIED.)
    CURVE()
    GEOMETRIC_REPRESENTATION_ITEM()
    RATIONAL_B_SPLINE_CURVE((1.0, 1.0))
    REPRESENTATION_ITEM('')
);
#858 = CARTESIAN_POINT('', (0.0, 1.0));
#859 = CARTESIAN_POINT('', (4.71238898038469, 1.0));
#860 = SURFACE_CURVE('', #861, (#871, #889), .CURVE_3D.);
#861 = (
    BOUNDED_CURVE()
    B_SPLINE_CURVE(2, (#862, #863, #864, #865, #866, #867, #868, #869, #870), .UNSPECIFIED., .U., .U.)
    B_SPLINE_CURVE_WITH_KNOTS((3, 2, 2, 2, 3), (0.0, 0.25, 0.5, 0.75, 1.0), .UNSPECIFIED.)
    CURVE()
    GEOMETRIC_REPRESENTATION_ITEM()
    RATIONAL_B_SPLINE_CURVE((1.0, 0.7071067811865476, 1.0, 0.7071067811865476, 1.0, 0.7071067811865476, 1.0, 0.7071067811865476, 1.0))
    REPRESENTATION_ITEM('')
);
#862 = CARTESIAN_POINT('', (2.25, 4.5, 0.0));
#863 = CARTESIAN_POINT('', (2.25, 5.25, 0.0));
#864 = CARTESIAN_POINT('', (1.5, 5.25, 0.0));
#865 = CARTESIAN_POINT('', (0.75, 5.25, 0.0));
#866 = CARTESIAN_POINT('', (0.75, 4.5, 0.0));
#867 = CARTESIAN_POINT('', (0.7499999999999999, 3.75, 0.0));
#868 = CARTESIAN_POINT('', (1.4999999999999998, 3.75, 0.0));
#869 = CARTESIAN_POINT('', (2.25, 3.75, 0.0));
#870 = CARTESIAN_POINT('', (2.25, 4.5, 0.0));
#871 = PCURVE('', #872, #877);
#872 = (
    BOUNDED_SURFACE()
    B_SPLINE_SURFACE(1, 1, ((#873, #874), (#875, #876)), .UNSPECIFIED., .U., .U., .U.)
    B_SPLINE_SURFACE_WITH_KNOTS((2, 2), (2, 2), (0.0, 12.0), (0.0, 12.0), .UNSPECIFIED.)
    GEOMETRIC_REPRESENTATION_ITEM()
    RATIONAL_B_SPLINE_SURFACE(((1.0, 1.0), (1.0, 1.0)))
    REPRESENTATION_ITEM('')
    SURFACE()
);
#873 = CARTESIAN_POINT('', (0.0, 0.0, 0.0));
#874 = CARTESIAN_POINT('', (12.0, 0.0, 0.0));
#875 = CARTESIAN_POINT('', (0.0, 12.0, 0.0));
#876 = CARTESIAN_POINT('', (12.0, 12.0, 0.0));
#877 = DEFINITIONAL_REPRESENTATION('', (#879), #878);
#878 = (
    GEOMETRIC_REPRESENTATION_CONTEXT(2)
    PARAMETRIC_REPRESENTATION_CONTEXT()
    REPRESENTATION_CONTEXT('2D SPACE', '')
);
#879 = (
    BOUNDED_CURVE()
    B_SPLINE_CURVE(2, (#880, #881, #882, #883, #884, #885, #886, #887, #888), .UNSPECIFIED., .U., .U.)
    B_SPLINE_CURVE_WITH_KNOTS((3, 2, 2, 2, 3), (0.0, 0.25, 0.5, 0.75, 1.0), .UNSPECIFIED.)
    CURVE()
    GEOMETRIC_REPRESENTATION_ITEM()
    RATIONAL_B_SPLINE_CURVE((1.0, 0.7071067811865476, 1.0, 0.7071067811865476, 1.0, 0.7071067811865476, 1.0, 0.7071067811865476, 1.0))
    REPRESENTATION_ITEM('')
);
#880 = CARTESIAN_POINT('', (4.5, 2.25));
#881 = CARTESIAN_POINT('', (5.25, 2.25));
#882 = CARTESIAN_POINT('', (5.25, 1.5));
#883 = CARTESIAN_POINT('', (5.25, 0.75));
#884 = CARTESIAN_POINT('', (4.5, 0.75));
#885 = CARTESIAN_POINT('', (3.75, 0.7499999999999999));
#886 = CARTESIAN_POINT('', (3.75, 1.4999999999999998));
#887 = CARTESIAN_POINT('', (3.75, 2.25));
#888 = CARTESIAN_POINT('', (4.5, 2.25));
#889 = PCURVE('', #890, #909);
#890 = (
    BOUNDED_SURFACE()
    B_SPLINE_SURFACE(2, 1, ((#891, #892), (#893, #894), (#895, #896), (#897, #898), (#899, #900), (#901, #902), (#903, #904), (#905, #906), (#907, #908)), .UNSPECIFIED., .U., .U., .U.)
    B_SPLINE_SURFACE_WITH_KNOTS((3, 2, 2, 2, 3), (2, 2), (0.0, 1.1780972450961729, 2.3561944901923453, 3.5342917352885173, 4.71238898038469), (0.0, 3.5), .UNSPECIFIED.)
    GEOMETRIC_REPRESENTATION_ITEM()
    RATIONAL_B_SPLINE_SURFACE(((1.0, 1.0), (0.7071067811865476, 0.7071067811865476), (1.0, 1.0), (0.7071067811865476, 0.7071067811865476), (1.0, 1.0), (0.7071067811865476, 0.7071067811865476), (1.0, 1.0), (0.7071067811865476, 0.7071067811865476), (1.0, 1.0)))
    REPRESENTATION_ITEM('')
    SURFACE()
);
#891 = CARTESIAN_POINT('', (2.25, 4.5, -1.0));
#892 = CARTESIAN_POINT('', (2.25, 4.5, 2.5));
#893 = CARTESIAN_POINT('', (2.25, 5.25, -1.0));
#894 = CARTESIAN_POINT('', (2.25, 5.25, 2.5));
#895 = CARTESIAN_POINT('', (1.5, 5.25, -1.0));
#896 = CARTESIAN_POINT('', (1.5, 5.25, 2.5));
#897 = CARTESIAN_POINT('', (0.75, 5.25, -1.0));
#898 = CARTESIAN_POINT('', (0.75, 5.25, 2.5));
#899 = CARTESIAN_POINT('', (0.75, 4.5, -1.0));
#900 = CARTESIAN_POINT('', (0.75, 4.5, 2.5));
#901 = CARTESIAN_POINT('', (0.7499999999999999, 3.75, -1.0));
#902 = CARTESIAN_POINT('', (0.7499999999999999, 3.75, 2.5));
#903 = CARTESIAN_POINT('', (1.4999999999999998, 3.75, -1.0));
#904 = CARTESIAN_POINT('', (1.4999999999999998, 3.75, 2.5));
#905 = CARTESIAN_POINT('', (2.25, 3.75, -1.0));
#906 = CARTESIAN_POINT('', (2.25, 3.75, 2.5));
#907 = CARTESIAN_POINT('', (2.25, 4.5, -1.0));
#908 = CARTESIAN_POINT('', (2.25, 4.5, 2.5));
#909 = DEFINITIONAL_REPRESENTATION('', (#911), #910);
#910 = (
    GEOMETRIC_REPRESENTATION_CONTEXT(2)
    PARAMETRIC_REPRESENTATION_CONTEXT()
    REPRESENTATION_CONTEXT('2D SPACE', '')
);
#911 = (
    BOUNDED_CURVE()
    B_SPLINE_CURVE(1, (#912, #913), .UNSPECIFIED., .U., .U.)
    B_SPLINE_CURVE_WITH_KNOTS((2, 2), (0.0, 1.0), .UNSPECIFIED.)
    CURVE()
    GEOMETRIC_REPRESENTATION_ITEM()
    RATIONAL_B_SPLINE_CURVE((1.0, 1.0))
    REPRESENTATION_ITEM('')
);
#912 = CARTESIAN_POINT('', (0.0, 1.0));
#913 = CARTESIAN_POINT('', (4.71238898038469, 1.0));
#914 = SURFACE_CURVE('', #915, (#925, #943), .CURVE_3D.);
#915 = (
    BOUNDED_CURVE()
    B_SPLINE_CURVE(2, (#916, #917, #918, #919, #920, #921, #922, #923, #924), .UNSPECIFIED., .U., .U.)
    B_SPLINE_CURVE_WITH_KNOTS((3, 2, 2, 2, 3), (0.0, 0.25, 0.5, 0.75, 1.0), .UNSPECIFIED.)
    CURVE()
    GEOMETRIC_REPRESENTATION_ITEM()
    RATIONAL_B_SPLINE_CURVE((1.0, 0.7071067811865476, 1.0, 0.7071067811865476, 1.0, 0.7071067811865476, 1.0, 0.7071067811865476, 1.0))
    REPRESENTATION_ITEM('')
);
#916 = CARTESIAN_POINT('', (2.25, 7.5, 0.0));
#917 = CARTESIAN_POINT('', (2.25, 8.25, 0.0));
#918 = CARTESIAN_POINT('', (1.5, 8.25, 0.0));
#919 = CARTESIAN_POINT('', (0.75, 8.25, 0.0));
#920 = CARTESIAN_POINT('', (0.75, 7.5, 0.0));
#921 = CARTESIAN_POINT('', (0.7499999999999999, 6.75, 0.0));
#922 = CARTESIAN_POINT('', (1.4999999999999998, 6.75, 0.0));
#923 = CARTESIAN_POINT('', (2.25, 6.75, 0.0));
#924 = CARTESIAN_POINT('', (2.25, 7.5, 0.0));
#925 = PCURVE('', #926, #931);
#926 = (
    BOUNDED_SURFACE()
    B_SPLINE_SURFACE(1, 1, ((#927, #928), (#929, #930)), .UNSPECIFIED., .U., .U., .U.)
    B_SPLINE_SURFACE_WITH_KNOTS((2, 2), (2, 2), (0.0, 12.0), (0.0, 12.0), .UNSPECIFIED.)
    GEOMETRIC_REPRESENTATION_ITEM()
    RATIONAL_B_SPLINE_SURFACE(((1.0, 1.0), (1.0, 1.0)))
    REPRESENTATION_ITEM('')
    SURFACE()
);
#927 = CARTESIAN_POINT('', (0.0, 0.0, 0.0));
#928 = CARTESIAN_POINT('', (12.0, 0.0, 0.0));
#929 = CARTESIAN_POINT('', (0.0, 12.0, 0.0));
#930 = CARTESIAN_POINT('', (12.0, 12.0, 0.0));
#931 = DEFINITIONAL_REPRESENTATION('', (#933), #932);
#932 = (
    GEOMETRIC_REPRESENTATION_CONTEXT(2)
    PARAMETRIC_REPRESENTATION_CONTEXT()
    REPRESENTATION_CONTEXT('2D SPACE', '')
);
#933 = (
    BOUNDED_CURVE()
    B_SPLINE_CURVE(2, (#934, #935, #936, #937, #938, #939, #940, #941, #942), .UNSPECIFIED., .U., .U.)
    B_SPLINE_CURVE_WITH_KNOTS((3, 2, 2, 2, 3), (0.0, 0.25, 0.5, 0.75, 1.0), .UNSPECIFIED.)
    CURVE()
    GEOMETRIC_REPRESENTATION_ITEM()
    RATIONAL_B_SPLINE_CURVE((1.0, 0.7071067811865476, 1.0, 0.7071067811865476, 1.0, 0.7071067811865476, 1.0, 0.7071067811865476, 1.0))
    REPRESENTATION_ITEM('')
);
#934 = CARTESIAN_POINT('', (7.5, 2.25));
#935 = CARTESIAN_POINT('', (8.25, 2.25));
#936 = CARTESIAN_POINT('', (8.25, 1.5));
#937 = CARTESIAN_POINT('', (8.25, 0.75));
#938 = CARTESIAN_POINT('', (7.5, 0.75));
#939 = CARTESIAN_POINT('', (6.75, 0.7499999999999999));
#940 = CARTESIAN_POINT('', (6.75, 1.4999999999999998));
#941 = CARTESIAN_POINT('', (6.75, 2.25));
#942 = CARTESIAN_POINT('', (7.5, 2.25));
#943 = PCURVE('', #944, #963);
#944 = (
    BOUNDED_SURFACE()
    B_SPLINE_SURFACE(2, 1, ((#945, #946), (#947, #948), (#949, #950), (#951, #952), (#953, #954), (#955, #956), (#957, #958), (#959, #960), (#961, #962)), .UNSPECIFIED., .U., .U., .U.)
    B_SPLINE_SURFACE_WITH_KNOTS((3, 2, 2, 2, 3), (2, 2), (0.0, 1.1780972450961729, 2.3561944901923457, 3.5342917352885177, 4.71238898038469), (0.0, 3.5), .UNSPECIFIED.)
    GEOMETRIC_REPRESENTATION_ITEM()
    RATIONAL_B_SPLINE_SURFACE(((1.0, 1.0), (0.7071067811865476, 0.7071067811865476), (1.0, 1.0), (0.7071067811865476, 0.7071067811865476), (1.0, 1.0), (0.7071067811865476, 0.7071067811865476), (1.0, 1.0), (0.7071067811865476, 0.7071067811865476), (1.0, 1.0)))
    REPRESENTATION_ITEM('')
    SURFACE()
);
#945 = CARTESIAN_POINT('', (2.25, 7.5, -1.0));
#946 = CARTESIAN_POINT('', (2.25, 7.5, 2.5));
#947 = CARTESIAN_POINT('', (2.25, 8.25, -1.0));
#948 = CARTESIAN_POINT('', (2.25, 8.25, 2.5));
#949 = CARTESIAN_POINT('', (1.5, 8.25, -1.0));
#950 = CARTESIAN_POINT('', (1.5, 8.25, 2.5));
#951 = CARTESIAN_POINT('', (0.75, 8.25, -1.0));
#952 = CARTESIAN_POINT('', (0.75, 8.25, 2.5));
#953 = CARTESIAN_POINT('', (0.75, 7.5, -1.0));
#954 = CARTESIAN_POINT('', (0.75, 7.5, 2.5));
#955 = CARTESIAN_POINT('', (0.7499999999999999, 6.75, -1.0));
#956 = CARTESIAN_POINT('', (0.7499999999999999, 6.75, 2.5));
#957 = CARTESIAN_POINT('', (1.4999999999999998, 6.75, -1.0));
#958 = CARTESIAN_POINT('', (1.4999999999999998, 6.75, 2.5));
#959 = CARTESIAN_POINT('', (2.25, 6.75, -1.0));
#960 = CARTESIAN_POINT('', (2.25, 6.75, 2.5));
#961 = CARTESIAN_POINT('', (2.25, 7.5, -1.0));
#962 = CARTESIAN_POINT('', (2.25, 7.5, 2.5));
#963 = DEFINITIONAL_REPRESENTATION('', (#965), #964);
#964 = (
    GEOMETRIC_REPRESENTATION_CONTEXT(2)
    PARAMETRIC_REPRESENTATION_CONTEXT()
    REPRESENTATION_CONTEXT('2D SPACE', '')
);
#965 = (
    BOUNDED_CURVE()
    B_SPLINE_CURVE(1, (#966, #967), .UNSPECIFIED., .U., .U.)
    B_SPLINE_CURVE_WITH_KNOTS((2, 2), (0.0, 1.0), .UNSPECIFIED.)
    CURVE()
    GEOMETRIC_REPRESENTATION_ITEM()
    RATIONAL_B_SPLINE_CURVE((1.0, 1.0))
    REPRESENTATION_ITEM('')
);
#966 = CARTESIAN_POINT('', (0.0, 1.0));
#967 = CARTESIAN_POINT('', (4.71238898038469, 1.0));
#968 = SURFACE_CURVE('', #969, (#979, #997), .CURVE_3D.);
#969 = (
    BOUNDED_CURVE()
    B_SPLINE_CURVE(2, (#970, #971, #972, #973, #974, #975, #976, #977, #978), .UNSPECIFIED., .U., .U.)
    B_SPLINE_CURVE_WITH_KNOTS((3, 2, 2, 2, 3), (0.0, 0.25, 0.5, 0.75, 1.0), .UNSPECIFIED.)
    CURVE()
    GEOMETRIC_REPRESENTATION_ITEM()
    RATIONAL_B_SPLINE_CURVE((1.0, 0.7071067811865476, 1.0, 0.7071067811865476, 1.0, 0.7071067811865476, 1.0, 0.7071067811865476, 1.0))
    REPRESENTATION_ITEM('')
);
#970 = CARTESIAN_POINT('', (2.25, 10.5, 0.0));
#971 = CARTESIAN_POINT('', (2.25, 11.25, 0.0));
#972 = CARTESIAN_POINT('', (1.5, 11.25, 0.0));
#973 = CARTESIAN_POINT('', (0.75, 11.25, 0.0));
#974 = CARTESIAN_POINT('', (0.75, 10.5, 0.0));
#975 = CARTESIAN_POINT('', (0.7499999999999999, 9.75, 0.0));
#976 = CARTESIAN_POINT('', (1.4999999999999998, 9.75, 0.0));
#977 = CARTESIAN_POINT('', (2.25, 9.75, 0.0));
#978 = CARTESIAN_POINT('', (2.25, 10.5, 0.0));
#979 = PCURVE('', #980, #985);
#980 = (
    BOUNDED_SURFACE()
    B_SPLINE_SURFACE(1, 1, ((#981, #982), (#983, #984)), .UNSPECIFIED., .U., .U., .U.)
    B_SPLINE_SURFACE_WITH_KNOTS((2, 2), (2, 2), (0.0, 12.0), (0.0, 12.0), .UNSPECIFIED.)
    GEOMETRIC_REPRESENTATION_ITEM()
    RATIONAL_B_SPLINE_SURFACE(((1.0, 1.0), (1.0, 1.0)))
    REPRESENTATION_ITEM('')
    SURFACE()
);
#981 = CARTESIAN_POINT('', (0.0, 0.0, 0.0));
#982 = CARTESIAN_POINT('', (12.0, 0.0, 0.0));
#983 = CARTESIAN_POINT('', (0.0, 12.0, 0.0));
#984 = CARTESIAN_POINT('', (12.0, 12.0, 0.0));
#985 = DEFINITIONAL_REPRESENTATION('', (#987), #986);
#986 = (
    GEOMETRIC_REPRESENTATION_CONTEXT(2)
    PARAMETRIC_REPRESENTATION_CONTEXT()
    REPRESENTATION_CONTEXT('2D SPACE', '')
);
#987 = (
    BOUNDED_CURVE()
    B_SPLINE_CURVE(2, (#988, #989, #990, #991, #992, #993, #994, #995, #996), .UNSPECIFIED., .U., .U.)
    B_SPLINE_CURVE_WITH_KNOTS((3, 2, 2, 2, 3), (0.0, 0.25, 0.5, 0.75, 1.0), .UNSPECIFIED.)
    CURVE()
    GEOMETRIC_REPRESENTATION_ITEM()
    RATIONAL_B_SPLINE_CURVE((1.0, 0.7071067811865476, 1.0, 0.7071067811865476, 1.0, 0.7071067811865476, 1.0, 0.7071067811865476, 1.0))
    REPRESENTATION_ITEM('')
);
#988 = CARTESIAN_POINT('', (10.5, 2.25));
#989 = CARTESIAN_POINT('', (11.25, 2.25));
#990 = CARTESIAN_POINT('', (11.25, 1.5));
#991 = CARTESIAN_POINT('', (11.25, 0.75));
#992 = CARTESIAN_POINT('', (10.5, 0.75));
#993 = CARTESIAN_POINT('', (9.75, 0.7499999999999999));
#994 = CARTESIAN_POINT('', (9.75, 1.4999999999999998));
#995 = CARTESIAN_POINT('', (9.75, 2.25));
#996 = CARTESIAN_POINT('', (10.5, 2.25));
#997 = PCURVE('', #998, #1017);
#998 = (
    BOUNDED_SURFACE()
    B_SPLINE_SURFACE(2, 1, ((#999, #1000), (#1001, #1002), (#1003, #1004), (#1005, #1006), (#1007, #1008), (#1009, #1010), (#1011, #1012), (#1013, #1014), (#1015, #1016)), .UNSPECIFIED., .U., .U., .U.)
    B_SPLINE_SURFACE_WITH_KNOTS((3, 2, 2, 2, 3), (2, 2), (0.0, 1.1780972450961729, 2.3561944901923457, 3.5342917352885177, 4.71238898038469), (0.0, 3.5), .UNSPECIFIED.)
    GEOMETRIC_REPRESENTATION_ITEM()
    RATIONAL_B_SPLINE_SURFACE(((1.0, 1.0), (0.7071067811865476, 0.7071067811865476), (1.0, 1.0), (0.7071067811865476, 0.7071067811865476), (1.0, 1.0), (0.7071067811865476, 0.7071067811865476), (1.0, 1.0), (0.7071067811865476, 0.7071067811865476), (1.0, 1.0)))
    REPRESENTATION_ITEM('')
    SURFACE()
);
#999 = CARTESIAN_POINT('', (2.25, 10.5, -1.0));
#1000 = CARTESIAN_POINT('', (2.25, 10.5, 2.5));
#1001 = CARTESIAN_POINT('', (2.25, 11.25, -1.0));
#1002 = CARTESIAN_POINT('', (2.25, 11.25, 2.5));
#1003 = CARTESIAN_POINT('', (1.5, 11.25, -1.0));
#1004 = CARTESIAN_POINT('', (1.5, 11.25, 2.5));
#1005 = CARTESIAN_POINT('', (0.75, 11.25, -1.0));
#1006 = CARTESIAN_POINT('', (0.75, 11.25, 2.5));
#1007 = CARTESIAN_POINT('', (0.75, 10.5, -1.0));
#1008 = CARTESIAN_POINT('', (0.75, 10.5, 2.5));
#1009 = CARTESIAN_POINT('', (0.7499999999999999, 9.75, -1.0));
#1010 = CARTESIAN_POINT('', (0.7499999999999999, 9.75, 2.5));
#1011 = CARTESIAN_POINT('', (1.4999999999999998, 9.75, -1.0));
#1012 = CARTESIAN_POINT('', (1.4999999999999998, 9.75, 2.5));
#1013 = CARTESIAN_POINT('', (2.25, 9.75, -1.0));
#1014 = CARTESIAN_POINT('', (2.25, 9.75, 2.5));
#1015 = CARTESIAN_POINT('', (2.25, 10.5, -1.0));
#1016 = CARTESIAN_POINT('', (2.25, 10.5, 2.5));
#1017 = DEFINITIONAL_REPRESENTATION('', (#1019), #1018);
#1018 = (
    GEOMETRIC_REPRESENTATION_CONTEXT(2)
    PARAMETRIC_REPRESENTATION_CONTEXT()
    REPRESENTATION_CONTEXT('2D SPACE', '')
);
#1019 = (
    BOUNDED_CURVE()
    B_SPLINE_CURVE(1, (#1020, #1021), .UNSPECIFIED., .U., .U.)
    B_SPLINE_CURVE_WITH_KNOTS((2, 2), (0.0, 1.0), .UNSPECIFIED.)
    CURVE()
    GEOMETRIC_REPRESENTATION_ITEM()
    RATIONAL_B_SPLINE_CURVE((1.0, 1.0))
    REPRESENTATION_ITEM('')
);
#1020 = CARTESIAN_POINT('', (0.0, 1.0));
#1021 = CARTESIAN_POINT('', (4.71238898038469, 1.0));
#1022 = SURFACE_CURVE('', #1023, (#1033, #1051), .CURVE_3D.);
#1023 = (
    BOUNDED_CURVE()
    B_SPLINE_CURVE(2, (#1024, #1025, #1026, #1027, #1028, #1029, #1030, #1031, #1032), .UNSPECIFIED., .U., .U.)
    B_SPLINE_CURVE_WITH_KNOTS((3, 2, 2, 2, 3), (0.0, 0.25, 0.5, 0.75, 1.0), .UNSPECIFIED.)
    CURVE()
    GEOMETRIC_REPRESENTATION_ITEM()
    RATIONAL_B_SPLINE_CURVE((1.0, 0.7071067811865476, 1.0, 0.7071067811865476, 1.0, 0.7071067811865476, 1.0, 0.7071067811865476, 1.0))
    REPRESENTATION_ITEM('')
);
#1024 = CARTESIAN_POINT('', (5.25, 1.5, 0.0));
#1025 = CARTESIAN_POINT('', (5.25, 2.25, 0.0));
#1026 = CARTESIAN_POINT('', (4.5, 2.25, 0.0));
#1027 = CARTESIAN_POINT('', (3.75, 2.25, 0.0));
#1028 = CARTESIAN_POINT('', (3.75, 1.5, 0.0));
#1029 = CARTESIAN_POINT('', (3.75, 0.75, 0.0));
#1030 = CARTESIAN_POINT('', (4.5, 0.75, 0.0));
#1031 = CARTESIAN_POINT('', (5.25, 0.7499999999999998, 0.0));
#1032 = CARTESIAN_POINT('', (5.25, 1.5, 0.0));
#1033 = PCURVE('', #1034, #1039);
#1034 = (
    BOUNDED_SURFACE()
    B_SPLINE_SURFACE(1, 1, ((#1035, #1036), (#1037, #1038)), .UNSPECIFIED., .U., .U., .U.)
    B_SPLINE_SURFACE_WITH_KNOTS((2, 2), (2, 2), (0.0, 12.0), (0.0, 12.0), .UNSPECIFIED.)
    GEOMETRIC_REPRESENTATION_ITEM()
    RATIONAL_B_SPLINE_SURFACE(((1.0, 1.0), (1.0, 1.0)))
    REPRESENTATION_ITEM('')
    SURFACE()
);
#1035 = CARTESIAN_POINT('', (0.0, 0.0, 0.0));
#1036 = CARTESIAN_POINT('', (12.0, 0.0, 0.0));
#1037 = CARTESIAN_POINT('', (0.0, 12.0, 0.0));
#1038 = CARTESIAN_POINT('', (12.0, 12.0, 0.0));
#1039 = DEFINITIONAL_REPRESENTATION('', (#1041), #1040);
#1040 = (
    GEOMETRIC_REPRESENTATION_CONTEXT(2)
    PARAMETRIC_REPRESENTATION_CONTEXT()
    REPRESENTATION_CONTEXT('2D SPACE', '')
);
#1041 = (
    BOUNDED_CURVE()
    B_SPLINE_CURVE(2, (#1042, #1043, #1044, #1045, #1046, #1047, #1048, #1049, #1050), .UNSPECIFIED., .U., .U.)
    B_SPLINE_CURVE_WITH_KNOTS((3, 2, 2, 2, 3), (0.0, 0.25, 0.5, 0.75, 1.0), .UNSPECIFIED.)
    CURVE()
    GEOMETRIC_REPRESENTATION_ITEM()
    RATIONAL_B_SPLINE_CURVE((1.0, 0.7071067811865476, 1.0, 0.7071067811865476, 1.0, 0.7071067811865476, 1.0, 0.7071067811865476, 1.0))
    REPRESENTATION_ITEM('')
);
#1042 = CARTESIAN_POINT('', (1.5, 5.25));
#1043 = CARTESIAN_POINT('', (2.25, 5.25));
#1044 = CARTESIAN_POINT('', (2.25, 4.5));
#1045 = CARTESIAN_POINT('', (2.25, 3.75));
#1046 = CARTESIAN_POINT('', (1.5, 3.75));
#1047 = CARTESIAN_POINT('', (0.75, 3.75));
#1048 = CARTESIAN_POINT('', (0.75, 4.5));
#1049 = CARTESIAN_POINT('', (0.7499999999999998, 5.25));
#1050 = CARTESIAN_POINT('', (1.5, 5.25));
#1051 = PCURVE('', #1052, #1071);
#1052 = (
    BOUNDED_SURFACE()
    B_SPLINE_SURFACE(2, 1, ((#1053, #1054), (#1055, #1056), (#1057, #1058), (#1059, #1060), (#1061, #1062), (#1063, #1064), (#1065, #1066), (#1067, #1068), (#1069, #1070)), .UNSPECIFIED., .U., .U., .U.)
    B_SPLINE_SURFACE_WITH_KNOTS((3, 2, 2, 2, 3), (2, 2), (0.0, 1.1780972450961726, 2.3561944901923453, 3.5342917352885177, 4.712388980384689), (0.0, 3.5), .UNSPECIFIED.)
    GEOMETRIC_REPRESENTATION_ITEM()
    RATIONAL_B_SPLINE_SURFACE(((1.0, 1.0), (0.7071067811865476, 0.7071067811865476), (1.0, 1.0), (0.7071067811865476, 0.7071067811865476), (1.0, 1.0), (0.7071067811865476, 0.7071067811865476), (1.0, 1.0), (0.7071067811865476, 0.7071067811865476), (1.0, 1.0)))
    REPRESENTATION_ITEM('')
    SURFACE()
);
#1053 = CARTESIAN_POINT('', (5.25, 1.5, -1.0));
#1054 = CARTESIAN_POINT('', (5.25, 1.5, 2.5));
#1055 = CARTESIAN_POINT('', (5.25, 2.25, -1.0));
#1056 = CARTESIAN_POINT('', (5.25, 2.25, 2.5));
#1057 = CARTESIAN_POINT('', (4.5, 2.25, -1.0));
#1058 = CARTESIAN_POINT('', (4.5, 2.25, 2.5));
#1059 = CARTESIAN_POINT('', (3.75, 2.25, -1.0));
#1060 = CARTESIAN_POINT('', (3.75, 2.25, 2.5));
#1061 = CARTESIAN_POINT('', (3.75, 1.5, -1.0));
#1062 = CARTESIAN_POINT('', (3.75, 1.5, 2.5));
#1063 = CARTESIAN_POINT('', (3.75, 0.75, -1.0));
#1064 = CARTESIAN_POINT('', (3.75, 0.75, 2.5));
#1065 = CARTESIAN_POINT('', (4.5, 0.75, -1.0));
#1066 = CARTESIAN_POINT('', (4.5, 0.75, 2.5));
#1067 = CARTESIAN_POINT('', (5.25, 0.7499999999999998, -1.0));
#1068 = CARTESIAN_POINT('', (5.25, 0.7499999999999998, 2.5));
#1069 = CARTESIAN_POINT('', (5.25, 1.5, -1.0));
#1070 = CARTESIAN_POINT('', (5.25, 1.5, 2.5));
#1071 = DEFINITIONAL_REPRESENTATION('', (#1073), #1072);
#1072 = (
    GEOMETRIC_REPRESENTATION_CONTEXT(2)
    PARAMETRIC_REPRESENTATION_CONTEXT()
    REPRESENTATION_CONTEXT('2D SPACE', '')
);
#1073 = (
    BOUNDED_CURVE()
    B_SPLINE_CURVE(1, (#1074, #1075), .UNSPECIFIED., .U., .U.)
    B_SPLINE_CURVE_WITH_KNOTS((2, 2), (0.0, 1.0), .UNSPECIFIED.)
    CURVE()
    GEOMETRIC_REPRESENTATION_ITEM()
    RATIONAL_B_SPLINE_CURVE((1.0, 1.0))
    REPRESENTATION_ITEM('')
);
#1074 = CARTESIAN_POINT('', (0.0, 1.0));
#1075 = CARTESIAN_POINT('', (4.712388980384687, 1.0));
#1076 = SURFACE_CURVE('', #1077, (#1087, #1105), .CURVE_3D.);
#1077 = (
    BOUNDED_CURVE()
    B_SPLINE_CURVE(2, (#1078, #1079, #1080, #1081, #1082, #1083, #1084, #1085, #1086), .UNSPECIFIED., .U., .U.)
    B_SPLINE_CURVE_WITH_KNOTS((3, 2, 2, 2, 3), (0.0, 0.25, 0.5, 0.75, 1.0), .UNSPECIFIED.)
    CURVE()
    GEOMETRIC_REPRESENTATION_ITEM()
    RATIONAL_B_SPLINE_CURVE((1.0, 0.7071067811865476, 1.0, 0.7071067811865476, 1.0, 0.7071067811865476, 1.0, 0.7071067811865476, 1.0))
    REPRESENTATION_ITEM('')
);
#1078 = CARTESIAN_POINT('', (5.25, 4.5, 0.0));
#1079 = CARTESIAN_POINT('', (5.25, 5.25, 0.0));
#1080 = CARTESIAN_POINT('', (4.5, 5.25, 0.0));
#1081 = CARTESIAN_POINT('', (3.75, 5.25, 0.0));
#1082 = CARTESIAN_POINT('', (3.75, 4.5, 0.0));
#1083 = CARTESIAN_POINT('', (3.75, 3.75, 0.0));
#1084 = CARTESIAN_POINT('', (4.5, 3.75, 0.0));
#1085 = CARTESIAN_POINT('', (5.25, 3.75, 0.0));
#1086 = CARTESIAN_POINT('', (5.25, 4.5, 0.0));
#1087 = PCURVE('', #1088, #1093);
#1088 = (
    BOUNDED_SURFACE()
    B_SPLINE_SURFACE(1, 1, ((#1089, #1090), (#1091, #1092)), .UNSPECIFIED., .U., .U., .U.)
    B_SPLINE_SURFACE_WITH_KNOTS((2, 2), (2, 2), (0.0, 12.0), (0.0, 12.0), .UNSPECIFIED.)
    GEOMETRIC_REPRESENTATION_ITEM()
    RATIONAL_B_SPLINE_SURFACE(((1.0, 1.0), (1.0, 1.0)))
    REPRESENTATION_ITEM('')
    SURFACE()
);
#1089 = CARTESIAN_POINT('', (0.0, 0.0, 0.0));
#1090 = CARTESIAN_POINT('', (12.0, 0.0, 0.0));
#1091 = CARTESIAN_POINT('', (0.0, 12.0, 0.0));
#1092 = CARTESIAN_POINT('', (12.0, 12.0, 0.0));
#1093 = DEFINITIONAL_REPRESENTATION('', (#1095), #1094);
#1094 = (
    GEOMETRIC_REPRESENTATION_CONTEXT(2)
    PARAMETRIC_REPRESENTATION_CONTEXT()
    REPRESENTATION_CONTEXT('2D SPACE', '')
);
#1095 = (
    BOUNDED_CURVE()
    B_SPLINE_CURVE(2, (#1096, #1097, #1098, #1099, #1100, #1101, #1102, #1103, #1104), .UNSPECIFIED., .U., .U.)
    B_SPLINE_CURVE_WITH_KNOTS((3, 2, 2, 2, 3), (0.0, 0.25, 0.5, 0.75, 1.0), .UNSPECIFIED.)
    CURVE()
    GEOMETRIC_REPRESENTATION_ITEM()
    RATIONAL_B_SPLINE_CURVE((1.0, 0.7071067811865476, 1.0, 0.7071067811865476, 1.0, 0.7071067811865476, 1.0, 0.7071067811865476, 1.0))
    REPRESENTATION_ITEM('')
);
#1096 = CARTESIAN_POINT('', (4.5, 5.25));
#1097 = CARTESIAN_POINT('', (5.25, 5.25));
#1098 = CARTESIAN_POINT('', (5.25, 4.5));
#1099 = CARTESIAN_POINT('', (5.25, 3.75));
#1100 = CARTESIAN_POINT('', (4.5, 3.75));
#1101 = CARTESIAN_POINT('', (3.75, 3.75));
#1102 = CARTESIAN_POINT('', (3.75, 4.5));
#1103 = CARTESIAN_POINT('', (3.75, 5.25));
#1104 = CARTESIAN_POINT('', (4.5, 5.25));
#1105 = PCURVE('', #1106, #1125);
#1106 = (
    BOUNDED_SURFACE()
    B_SPLINE_SURFACE(2, 1, ((#1107, #1108), (#1109, #1110), (#1111, #1112), (#1113, #1114), (#1115, #1116), (#1117, #1118), (#1119, #1120), (#1121, #1122), (#1123, #1124)), .UNSPECIFIED., .U., .U., .U.)
    B_SPLINE_SURFACE_WITH_KNOTS((3, 2, 2, 2, 3), (2, 2), (0.0, 1.1780972450961724, 2.356194490192345, 3.534291735288517, 4.712388980384689), (0.0, 3.5), .UNSPECIFIED.)
    GEOMETRIC_REPRESENTATION_ITEM()
    RATIONAL_B_SPLINE_SURFACE(((1.0, 1.0), (0.7071067811865476, 0.7071067811865476), (1.0, 1.0), (0.7071067811865476, 0.7071067811865476), (1.0, 1.0), (0.7071067811865476, 0.7071067811865476), (1.0, 1.0), (0.7071067811865476, 0.7071067811865476), (1.0, 1.0)))
    REPRESENTATION_ITEM('')
    SURFACE()
);
#1107 = CARTESIAN_POINT('', (5.25, 4.5, -1.0));
#1108 = CARTESIAN_POINT('', (5.25, 4.5, 2.5));
#1109 = CARTESIAN_POINT('', (5.25, 5.25, -1.0));
#1110 = CARTESIAN_POINT('', (5.25, 5.25, 2.5));
#1111 = CARTESIAN_POINT('', (4.5, 5.25, -1.0));
#1112 = CARTESIAN_POINT('', (4.5, 5.25, 2.5));
#1113 = CARTESIAN_POINT('', (3.75, 5.25, -1.0));
#1114 = CARTESIAN_POINT('', (3.75, 5.25, 2.5));
#1115 = CARTESIAN_POINT('', (3.75, 4.5, -1.0));
#1116 = CARTESIAN_POINT('', (3.75, 4.5, 2.5));
#1117 = CARTESIAN_POINT('', (3.75, 3.75, -1.0));
#1118 = CARTESIAN_POINT('', (3.75, 3.75, 2.5));
#1119 = CARTESIAN_POINT('', (4.5, 3.75, -1.0));
#1120 = CARTESIAN_POINT('', (4.5, 3.75, 2.5));
#1121 = CARTESIAN_POINT('', (5.25, 3.75, -1.0));
#1122 = CARTESIAN_POINT('', (5.25, 3.75, 2.5));
#1123 = CARTESIAN_POINT('', (5.25, 4.5, -1.0));
#1124 = CARTESIAN_POINT('', (5.25, 4.5, 2.5));
#1125 = DEFINITIONAL_REPRESENTATION('', (#1127), #1126);
#1126 = (
    GEOMETRIC_REPRESENTATION_CONTEXT(2)
    PARAMETRIC_REPRESENTATION_CONTEXT()
    REPRESENTATION_CONTEXT('2D SPACE', '')
);
#1127 = (
    BOUNDED_CURVE()
    B_SPLINE_CURVE(1, (#1128, #1129), .UNSPECIFIED., .U., .U.)
    B_SPLINE_CURVE_WITH_KNOTS((2, 2), (0.0, 1.0), .UNSPECIFIED.)
    CURVE()
    GEOMETRIC_REPRESENTATION_ITEM()
    RATIONAL_B_SPLINE_CURVE((1.0, 1.0))
    REPRESENTATION_ITEM('')
);
#1128 = CARTESIAN_POINT('', (0.0, 1.0));
#1129 = CARTESIAN_POINT('', (4.712388980384687, 1.0));
#1130 = SURFACE_CURVE('', #1131, (#1141, #1159), .CURVE_3D.);
#1131 = (
    BOUNDED_CURVE()
    B_SPLINE_CURVE(2, (#1132, #1133, #1134, #1135, #1136, #1137, #1138, #1139, #1140), .UNSPECIFIED., .U., .U.)
    B_SPLINE_CURVE_WITH_KNOTS((3, 2, 2, 2, 3), (0.0, 0.25, 0.5, 0.75, 1.0), .UNSPECIFIED.)
    CURVE()
    GEOMETRIC_REPRESENTATION_ITEM()
    RATIONAL_B_SPLINE_CURVE((1.0, 0.7071067811865476, 1.0, 0.7071067811865476, 1.0, 0.7071067811865476, 1.0, 0.7071067811865476, 1.0))
    REPRESENTATION_ITEM('')
);
#1132 = CARTESIAN_POINT('', (5.25, 7.5, 0.0));
#1133 = CARTESIAN_POINT('', (5.25, 8.25, 0.0));
#1134 = CARTESIAN_POINT('', (4.5, 8.25, 0.0));
#1135 = CARTESIAN_POINT('', (3.75, 8.25, 0.0));
#1136 = CARTESIAN_POINT('', (3.75, 7.5, 0.0));
#1137 = CARTESIAN_POINT('', (3.75, 6.75, 0.0));
#1138 = CARTESIAN_POINT('', (4.5, 6.75, 0.0));
#1139 = CARTESIAN_POINT('', (5.25, 6.75, 0.0));
#1140 = CARTESIAN_POINT('', (5.25, 7.5, 0.0));
#1141 = PCURVE('', #1142, #1147);
#1142 = (
    BOUNDED_SURFACE()
    B_SPLINE_SURFACE(1, 1, ((#1143, #1144), (#1145, #1146)), .UNSPECIFIED., .U., .U., .U.)
    B_SPLINE_SURFACE_WITH_KNOTS((2, 2), (2, 2), (0.0, 12.0), (0.0, 12.0), .UNSPECIFIED.)
    GEOMETRIC_REPRESENTATION_ITEM()
    RATIONAL_B_SPLINE_SURFACE(((1.0, 1.0), (1.0, 1.0)))
    REPRESENTATION_ITEM('')
    SURFACE()
);
#1143 = CARTESIAN_POINT('', (0.0, 0.0, 0.0));
#1144 = CARTESIAN_POINT('', (12.0, 0.0, 0.0));
#1145 = CARTESIAN_POINT('', (0.0, 12.0, 0.0));
#1146 = CARTESIAN_POINT('', (12.0, 12.0, 0.0));
#1147 = DEFINITIONAL_REPRESENTATION('', (#1149), #1148);
#1148 = (
    GEOMETRIC_REPRESENTATION_CONTEXT(2)
    PARAMETRIC_REPRESENTATION_CONTEXT()
    REPRESENTATION_CONTEXT('2D SPACE', '')
);
#1149 = (
    BOUNDED_CURVE()
    B_SPLINE_CURVE(2, (#1150, #1151, #1152, #1153, #1154, #1155, #1156, #1157, #1158), .UNSPECIFIED., .U., .U.)
    B_SPLINE_CURVE_WITH_KNOTS((3, 2, 2, 2, 3), (0.0, 0.25, 0.5, 0.75, 1.0), .UNSPECIFIED.)
    CURVE()
    GEOMETRIC_REPRESENTATION_ITEM()
    RATIONAL_B_SPLINE_CURVE((1.0, 0.7071067811865476, 1.0, 0.7071067811865476, 1.0, 0.7071067811865476, 1.0, 0.7071067811865476, 1.0))
    REPRESENTATION_ITEM('')
);
#1150 = CARTESIAN_POINT('', (7.5, 5.25));
#1151 = CARTESIAN_POINT('', (8.25, 5.25));
#1152 = CARTESIAN_POINT('', (8.25, 4.5));
#1153 = CARTESIAN_POINT('', (8.25, 3.75));
#1154 = CARTESIAN_POINT('', (7.5, 3.75));
#1155 = CARTESIAN_POINT('', (6.75, 3.75));
#1156 = CARTESIAN_POINT('', (6.75, 4.5));
#1157 = CARTESIAN_POINT('', (6.75, 5.25));
#1158 = CARTESIAN_POINT('', (7.5, 5.25));
#1159 = PCURVE('', #1160, #1179);
#1160 = (
    BOUNDED_SURFACE()
    B_SPLINE_SURFACE(2, 1, ((#1161, #1162), (#1163, #1164), (#1165, #1166), (#1167, #1168), (#1169, #1170), (#1171, #1172), (#1173, #1174), (#1175, #1176), (#1177, #1178)), .UNSPECIFIED., .U., .U., .U.)
    B_SPLINE_SURFACE_WITH_KNOTS((3, 2, 2, 2, 3), (2, 2), (0.0, 1.178097245096173, 2.3561944901923457, 3.5342917352885177, 4.712388980384688), (0.0, 3.5), .UNSPECIFIED.)
    GEOMETRIC_REPRESENTATION_ITEM()
    RATIONAL_B_SPLINE_SURFACE(((1.0, 1.0), (0.7071067811865476, 0.7071067811865476), (1.0, 1.0), (0.7071067811865476, 0.7071067811865476), (1.0, 1.0), (0.7071067811865476, 0.7071067811865476), (1.0, 1.0), (0.7071067811865476, 0.7071067811865476), (1.0, 1.0)))
    REPRESENTATION_ITEM('')
    SURFACE()
);
#1161 = CARTESIAN_POINT('', (5.25, 7.5, -1.0));
#1162 = CARTESIAN_POINT('', (5.25, 7.5, 2.5));
#1163 = CARTESIAN_POINT('', (5.25, 8.25, -1.0));
#1164 = CARTESIAN_POINT('', (5.25, 8.25, 2.5));
#1165 = CARTESIAN_POINT('', (4.5, 8.25, -1.0));
#1166 = CARTESIAN_POINT('', (4.5, 8.25, 2.5));
#1167 = CARTESIAN_POINT('', (3.75, 8.25, -1.0));
#1168 = CARTESIAN_POINT('', (3.75, 8.25, 2.5));
#1169 = CARTESIAN_POINT('', (3.75, 7.5, -1.0));
#1170 = CARTESIAN_POINT('', (3.75, 7.5, 2.5));
#1171 = CARTESIAN_POINT('', (3.75, 6.75, -1.0));
#1172 = CARTESIAN_POINT('', (3.75, 6.75, 2.5));
#1173 = CARTESIAN_POINT('', (4.5, 6.75, -1.0));
#1174 = CARTESIAN_POINT('', (4.5, 6.75, 2.5));
#1175 = CARTESIAN_POINT('', (5.25, 6.75, -1.0));
#1176 = CARTESIAN_POINT('', (5.25, 6.75, 2.5));
#1177 = CARTESIAN_POINT('', (5.25, 7.5, -1.0));
#1178 = CARTESIAN_POINT('', (5.25, 7.5, 2.5));
#1179 = DEFINITIONAL_REPRESENTATION('', (#1181), #1180);
#1180 = (
    GEOMETRIC_REPRESENTATION_CONTEXT(2)
    PARAMETRIC_REPRESENTATION_CONTEXT()
    REPRESENTATION_CONTEXT('2D SPACE', '')
);
#1181 = (
    BOUNDED_CURVE()
    B_SPLINE_CURVE(1, (#1182, #1183), .UNSPECIFIED., .U., .U.)
    B_SPLINE_CURVE_WITH_KNOTS((2, 2), (0.0, 1.0), .UNSPECIFIED.)
    CURVE()
    GEOMETRIC_REPRESENTATION_ITEM()
    RATIONAL_B_SPLINE_CURVE((1.0, 1.0))
    REPRESENTATION_ITEM('')
);
#1182 = CARTESIAN_POINT('', (0.0, 1.0));
#1183 = CARTESIAN_POINT('', (4.712388980384688, 1.0));
#1184 = SURFACE_CURVE('', #1185, (#1195, #1213), .CURVE_3D.);
#1185 = (
    BOUNDED_CURVE()
    B_SPLINE_CURVE(2, (#1186, #1187, #1188, #1189, #1190, #1191, #1192, #1193, #1194), .UNSPECIFIED., .U., .U.)
    B_SPLINE_CURVE_WITH_KNOTS((3, 2, 2, 2, 3), (0.0, 0.25, 0.5, 0.75, 1.0), .UNSPECIFIED.)
    CURVE()
    GEOMETRIC_REPRESENTATION_ITEM()
    RATIONAL_B_SPLINE_CURVE((1.0, 0.7071067811865476, 1.0, 0.7071067811865476, 1.0, 0.7071067811865476, 1.0, 0.7071067811865476, 1.0))
    REPRESENTATION_ITEM('')
);
#1186 = CARTESIAN_POINT('', (5.25, 10.5, 0.0));
#1187 = CARTESIAN_POINT('', (5.25, 11.25, 0.0));
#1188 = CARTESIAN_POINT('', (4.5, 11.25, 0.0));
#1189 = CARTESIAN_POINT('', (3.75, 11.25, 0.0));
#1190 = CARTESIAN_POINT('', (3.75, 10.5, 0.0));
#1191 = CARTESIAN_POINT('', (3.75, 9.75, 0.0));
#1192 = CARTESIAN_POINT('', (4.5, 9.75, 0.0));
#1193 = CARTESIAN_POINT('', (5.25, 9.75, 0.0));
#1194 = CARTESIAN_POINT('', (5.25, 10.5, 0.0));
#1195 = PCURVE('', #1196, #1201);
#1196 = (
    BOUNDED_SURFACE()
    B_SPLINE_SURFACE(1, 1, ((#1197, #1198), (#1199, #1200)), .UNSPECIFIED., .U., .U., .U.)
    B_SPLINE_SURFACE_WITH_KNOTS((2, 2), (2, 2), (0.0, 12.0), (0.0, 12.0), .UNSPECIFIED.)
    GEOMETRIC_REPRESENTATION_ITEM()
    RATIONAL_B_SPLINE_SURFACE(((1.0, 1.0), (1.0, 1.0)))
    REPRESENTATION_ITEM('')
    SURFACE()
);
#1197 = CARTESIAN_POINT('', (0.0, 0.0, 0.0));
#1198 = CARTESIAN_POINT('', (12.0, 0.0, 0.0));
#1199 = CARTESIAN_POINT('', (0.0, 12.0, 0.0));
#1200 = CARTESIAN_POINT('', (12.0, 12.0, 0.0));
#1201 = DEFINITIONAL_REPRESENTATION('', (#1203), #1202);
#1202 = (
    GEOMETRIC_REPRESENTATION_CONTEXT(2)
    PARAMETRIC_REPRESENTATION_CONTEXT()
    REPRESENTATION_CONTEXT('2D SPACE', '')
);
#1203 = (
    BOUNDED_CURVE()
    B_SPLINE_CURVE(2, (#1204, #1205, #1206, #1207, #1208, #1209, #1210, #1211, #1212), .UNSPECIFIED., .U., .U.)
    B_SPLINE_CURVE_WITH_KNOTS((3, 2, 2, 2, 3), (0.0, 0.25, 0.5, 0.75, 1.0), .UNSPECIFIED.)
    CURVE()
    GEOMETRIC_REPRESENTATION_ITEM()
    RATIONAL_B_SPLINE_CURVE((1.0, 0.7071067811865476, 1.0, 0.7071067811865476, 1.0, 0.7071067811865476, 1.0, 0.7071067811865476, 1.0))
    REPRESENTATION_ITEM('')
);
#1204 = CARTESIAN_POINT('', (10.5, 5.25));
#1205 = CARTESIAN_POINT('', (11.25, 5.25));
#1206 = CARTESIAN_POINT('', (11.25, 4.5));
#1207 = CARTESIAN_POINT('', (11.25, 3.75));
#1208 = CARTESIAN_POINT('', (10.5, 3.75));
#1209 = CARTESIAN_POINT('', (9.75, 3.75));
#1210 = CARTESIAN_POINT('', (9.75, 4.5));
#1211 = CARTESIAN_POINT('', (9.75, 5.25));
#1212 = CARTESIAN_POINT('', (10.5, 5.25));
#1213 = PCURVE('', #1214, #1233);
#1214 = (
    BOUNDED_SURFACE()
    B_SPLINE_SURFACE(2, 1, ((#1215, #1216), (#1217, #1218), (#1219, #1220), (#1221, #1222), (#1223, #1224), (#1225, #1226), (#1227, #1228), (#1229, #1230), (#1231, #1232)), .UNSPECIFIED., .U., .U., .U.)
    B_SPLINE_SURFACE_WITH_KNOTS((3, 2, 2, 2, 3), (2, 2), (0.0, 1.1780972450961729, 2.3561944901923457, 3.5342917352885177, 4.71238898038469), (0.0, 3.5), .UNSPECIFIED.)
    GEOMETRIC_REPRESENTATION_ITEM()
    RATIONAL_B_SPLINE_SURFACE(((1.0, 1.0), (0.7071067811865476, 0.7071067811865476), (1.0, 1.0), (0.7071067811865476, 0.7071067811865476), (1.0, 1.0), (0.7071067811865476, 0.7071067811865476), (1.0, 1.0), (0.7071067811865476, 0.7071067811865476), (1.0, 1.0)))
    REPRESENTATION_ITEM('')
    SURFACE()
);
#1215 = CARTESIAN_POINT('', (5.25, 10.5, -1.0));
#1216 = CARTESIAN_POINT('', (5.25, 10.5, 2.5));
#1217 = CARTESIAN_POINT('', (5.25, 11.25, -1.0));
#1218 = CARTESIAN_POINT('', (5.25, 11.25, 2.5));
#1219 = CARTESIAN_POINT('', (4.5, 11.25, -1.0));
#1220 = CARTESIAN_POINT('', (4.5, 11.25, 2.5));
#1221 = CARTESIAN_POINT('', (3.75, 11.25, -1.0));
#1222 = CARTESIAN_POINT('', (3.75, 11.25, 2.5));
#1223 = CARTESIAN_POINT('', (3.75, 10.5, -1.0));
#1224 = CARTESIAN_POINT('', (3.75, 10.5, 2.5));
#1225 = CARTESIAN_POINT('', (3.75, 9.75, -1.0));
#1226 = CARTESIAN_POINT('', (3.75, 9.75, 2.5));
#1227 = CARTESIAN_POINT('', (4.5, 9.75, -1.0));
#1228 = CARTESIAN_POINT('', (4.5, 9.75, 2.5));
#1229 = CARTESIAN_POINT('', (5.25, 9.75, -1.0));
#1230 = CARTESIAN_POINT('', (5.25, 9.75, 2.5));
#1231 = CARTESIAN_POINT('', (5.25, 10.5, -1.0));
#1232 = CARTESIAN_POINT('', (5.25, 10.5, 2.5));
#1233 = DEFINITIONAL_REPRESENTATION('', (#1235), #1234);
#1234 = (
    GEOMETRIC_REPRESENTATION_CONTEXT(2)
    PARAMETRIC_REPRESENTATION_CONTEXT()
    REPRESENTATION_CONTEXT('2D SPACE', '')
);
#1235 = (
    BOUNDED_CURVE()
    B_SPLINE_CURVE(1, (#1236, #1237), .UNSPECIFIED., .U., .U.)
    B_SPLINE_CURVE_WITH_KNOTS((2, 2), (0.0, 1.0), .UNSPECIFIED.)
    CURVE()
    GEOMETRIC_REPRESENTATION_ITEM()
    RATIONAL_B_SPLINE_CURVE((1.0, 1.0))
    REPRESENTATION_ITEM('')
);
#1236 = CARTESIAN_POINT('', (0.0, 1.0));
#1237 = CARTESIAN_POINT('', (4.71238898038469, 1.0));
#1238 = SURFACE_CURVE('', #1239, (#1249, #1267), .CURVE_3D.);
#1239 = (
    BOUNDED_CURVE()
    B_SPLINE_CURVE(2, (#1240, #1241, #1242, #1243, #1244, #1245, #1246, #1247, #1248), .UNSPECIFIED., .U., .U.)
    B_SPLINE_CURVE_WITH_KNOTS((3, 2, 2, 2, 3), (0.0, 0.25, 0.5, 0.75, 1.0), .UNSPECIFIED.)
    CURVE()
    GEOMETRIC_REPRESENTATION_ITEM()
    RATIONAL_B_SPLINE_CURVE((1.0, 0.7071067811865476, 1.0, 0.7071067811865476, 1.0, 0.7071067811865476, 1.0, 0.7071067811865476, 1.0))
    REPRESENTATION_ITEM('')
);
#1240 = CARTESIAN_POINT('', (8.25, 1.5, 0.0));
#1241 = CARTESIAN_POINT('', (8.25, 2.25, 0.0));
#1242 = CARTESIAN_POINT('', (7.5, 2.25, 0.0));
#1243 = CARTESIAN_POINT('', (6.75, 2.25, 0.0));
#1244 = CARTESIAN_POINT('', (6.75, 1.5, 0.0));
#1245 = CARTESIAN_POINT('', (6.75, 0.75, 0.0));
#1246 = CARTESIAN_POINT('', (7.5, 0.75, 0.0));
#1247 = CARTESIAN_POINT('', (8.25, 0.7499999999999998, 0.0));
#1248 = CARTESIAN_POINT('', (8.25, 1.5, 0.0));
#1249 = PCURVE('', #1250, #1255);
#1250 = (
    BOUNDED_SURFACE()
    B_SPLINE_SURFACE(1, 1, ((#1251, #1252), (#1253, #1254)), .UNSPECIFIED., .U., .U., .U.)
    B_SPLINE_SURFACE_WITH_KNOTS((2, 2), (2, 2), (0.0, 12.0), (0.0, 12.0), .UNSPECIFIED.)
    GEOMETRIC_REPRESENTATION_ITEM()
    RATIONAL_B_SPLINE_SURFACE(((1.0, 1.0), (1.0, 1.0)))
    REPRESENTATION_ITEM('')
    SURFACE()
);
#1251 = CARTESIAN_POINT('', (0.0, 0.0, 0.0));
#1252 = CARTESIAN_POINT('', (12.0, 0.0, 0.0));
#1253 = CARTESIAN_POINT('', (0.0, 12.0, 0.0));
#1254 = CARTESIAN_POINT('', (12.0, 12.0, 0.0));
#1255 = DEFINITIONAL_REPRESENTATION('', (#1257), #1256);
#1256 = (
    GEOMETRIC_REPRESENTATION_CONTEXT(2)
    PARAMETRIC_REPRESENTATION_CONTEXT()
    REPRESENTATION_CONTEXT('2D SPACE', '')
);
#1257 = (
    BOUNDED_CURVE()
    B_SPLINE_CURVE(2, (#1258, #1259, #1260, #1261, #1262, #1263, #1264, #1265, #1266), .UNSPECIFIED., .U., .U.)
    B_SPLINE_CURVE_WITH_KNOTS((3, 2, 2, 2, 3), (0.0, 0.25, 0.5, 0.75, 1.0), .UNSPECIFIED.)
    CURVE()
    GEOMETRIC_REPRESENTATION_ITEM()
    RATIONAL_B_SPLINE_CURVE((1.0, 0.7071067811865476, 1.0, 0.7071067811865476, 1.0, 0.7071067811865476, 1.0, 0.7071067811865476, 1.0))
    REPRESENTATION_ITEM('')
);
#1258 = CARTESIAN_POINT('', (1.5, 8.25));
#1259 = CARTESIAN_POINT('', (2.25, 8.25));
#1260 = CARTESIAN_POINT('', (2.25, 7.5));
#1261 = CARTESIAN_POINT('', (2.25, 6.75));
#1262 = CARTESIAN_POINT('', (1.5, 6.75));
#1263 = CARTESIAN_POINT('', (0.75, 6.75));
#1264 = CARTESIAN_POINT('', (0.75, 7.5));
#1265 = CARTESIAN_POINT('', (0.7499999999999998, 8.25));
#1266 = CARTESIAN_POINT('', (1.5, 8.25));
#1267 = PCURVE('', #1268, #1287);
#1268 = (
    BOUNDED_SURFACE()
    B_SPLINE_SURFACE(2, 1, ((#1269, #1270), (#1271, #1272), (#1273, #1274), (#1275, #1276), (#1277, #1278), (#1279, #1280), (#1281, #1282), (#1283, #1284), (#1285, #1286)), .UNSPECIFIED., .U., .U., .U.)
    B_SPLINE_SURFACE_WITH_KNOTS((3, 2, 2, 2, 3), (2, 2), (0.0, 1.1780972450961729, 2.356194490192345, 3.534291735288517, 4.71238898038469), (0.0, 3.5), .UNSPECIFIED.)
    GEOMETRIC_REPRESENTATION_ITEM()
    RATIONAL_B_SPLINE_SURFACE(((1.0, 1.0), (0.7071067811865476, 0.7071067811865476), (1.0, 1.0), (0.7071067811865476, 0.7071067811865476), (1.0, 1.0), (0.7071067811865476, 0.7071067811865476), (1.0, 1.0), (0.7071067811865476, 0.7071067811865476), (1.0, 1.0)))
    REPRESENTATION_ITEM('')
    SURFACE()
);
#1269 = CARTESIAN_POINT('', (8.25, 1.5, -1.0));
#1270 = CARTESIAN_POINT('', (8.25, 1.5, 2.5));
#1271 = CARTESIAN_POINT('', (8.25, 2.25, -1.0));
#1272 = CARTESIAN_POINT('', (8.25, 2.25, 2.5));
#1273 = CARTESIAN_POINT('', (7.5, 2.25, -1.0));
#1274 = CARTESIAN_POINT('', (7.5, 2.25, 2.5));
#1275 = CARTESIAN_POINT('', (6.75, 2.25, -1.0));
#1276 = CARTESIAN_POINT('', (6.75, 2.25, 2.5));
#1277 = CARTESIAN_POINT('', (6.75, 1.5, -1.0));
#1278 = CARTESIAN_POINT('', (6.75, 1.5, 2.5));
#1279 = CARTESIAN_POINT('', (6.75, 0.75, -1.0));
#1280 = CARTESIAN_POINT('', (6.75, 0.75, 2.5));
#1281 = CARTESIAN_POINT('', (7.5, 0.75, -1.0));
#1282 = CARTESIAN_POINT('', (7.5, 0.75, 2.5));
#1283 = CARTESIAN_POINT('', (8.25, 0.7499999999999998, -1.0));
#1284 = CARTESIAN_POINT('', (8.25, 0.7499999999999998, 2.5));
#1285 = CARTESIAN_POINT('', (8.25, 1.5, -1.0));
#1286 = CARTESIAN_POINT('', (8.25, 1.5, 2.5));
#1287 = DEFINITIONAL_REPRESENTATION('', (#1289), #1288);
#1288 = (
    GEOMETRIC_REPRESENTATION_CONTEXT(2)
    PARAMETRIC_REPRESENTATION_CONTEXT()
    REPRESENTATION_CONTEXT('2D SPACE', '')
);
#1289 = (
    BOUNDED_CURVE()
    B_SPLINE_CURVE(1, (#1290, #1291), .UNSPECIFIED., .U., .U.)
    B_SPLINE_CURVE_WITH_KNOTS((2, 2), (0.0, 1.0), .UNSPECIFIED.)
    CURVE()
    GEOMETRIC_REPRESENTATION_ITEM()
    RATIONAL_B_SPLINE_CURVE((1.0, 1.0))
    REPRESENTATION_ITEM('')
);
#1290 = CARTESIAN_POINT('', (0.0, 1.0));
#1291 = CARTESIAN_POINT('', (4.71238898038469, 1.0));
#1292 = SURFACE_CURVE('', #1293, (#1303, #1321), .CURVE_3D.);
#1293 = (
    BOUNDED_CURVE()
    B_SPLINE_CURVE(2, (#1294, #1295, #1296, #1297, #1298, #1299, #1300, #1301, #1302), .UNSPECIFIED., .U., .U.)
    B_SPLINE_CURVE_WITH_KNOTS((3, 2, 2, 2, 3), (0.0, 0.25, 0.5, 0.75, 1.0), .UNSPECIFIED.)
    CURVE()
    GEOMETRIC_REPRESENTATION_ITEM()
    RATIONAL_B_SPLINE_CURVE((1.0, 0.7071067811865476, 1.0, 0.7071067811865476, 1.0, 0.7071067811865476, 1.0, 0.7071067811865476, 1.0))
    REPRESENTATION_ITEM('')
);
#1294 = CARTESIAN_POINT('', (8.25, 4.5, 0.0));
#1295 = CARTESIAN_POINT('', (8.25, 5.25, 0.0));
#1296 = CARTESIAN_POINT('', (7.5, 5.25, 0.0));
#1297 = CARTESIAN_POINT('', (6.75, 5.25, 0.0));
#1298 = CARTESIAN_POINT('', (6.75, 4.5, 0.0));
#1299 = CARTESIAN_POINT('', (6.75, 3.75, 0.0));
#1300 = CARTESIAN_POINT('', (7.5, 3.75, 0.0));
#1301 = CARTESIAN_POINT('', (8.25, 3.75, 0.0));
#1302 = CARTESIAN_POINT('', (8.25, 4.5, 0.0));
#1303 = PCURVE('', #1304, #1309);
#1304 = (
    BOUNDED_SURFACE()
    B_SPLINE_SURFACE(1, 1, ((#1305, #1306), (#1307, #1308)), .UNSPECIFIED., .U., .U., .U.)
    B_SPLINE_SURFACE_WITH_KNOTS((2, 2), (2, 2), (0.0, 12.0), (0.0, 12.0), .UNSPECIFIED.)
    GEOMETRIC_REPRESENTATION_ITEM()
    RATIONAL_B_SPLINE_SURFACE(((1.0, 1.0), (1.0, 1.0)))
    REPRESENTATION_ITEM('')
    SURFACE()
);
#1305 = CARTESIAN_POINT('', (0.0, 0.0, 0.0));
#1306 = CARTESIAN_POINT('', (12.0, 0.0, 0.0));
#1307 = CARTESIAN_POINT('', (0.0, 12.0, 0.0));
#1308 = CARTESIAN_POINT('', (12.0, 12.0, 0.0));
#1309 = DEFINITIONAL_REPRESENTATION('', (#1311), #1310);
#1310 = (
    GEOMETRIC_REPRESENTATION_CONTEXT(2)
    PARAMETRIC_REPRESENTATION_CONTEXT()
    REPRESENTATION_CONTEXT('2D SPACE', '')
);
#1311 = (
    BOUNDED_CURVE()
    B_SPLINE_CURVE(2, (#1312, #1313, #1314, #1315, #1316, #1317, #1318, #1319, #1320), .UNSPECIFIED., .U., .U.)
    B_SPLINE_CURVE_WITH_KNOTS((3, 2, 2, 2, 3), (0.0, 0.25, 0.5, 0.75, 1.0), .UNSPECIFIED.)
    CURVE()
    GEOMETRIC_REPRESENTATION_ITEM()
    RATIONAL_B_SPLINE_CURVE((1.0, 0.7071067811865476, 1.0, 0.7071067811865476, 1.0, 0.7071067811865476, 1.0, 0.7071067811865476, 1.0))
    REPRESENTATION_ITEM('')
);
#1312 = CARTESIAN_POINT('', (4.5, 8.25));
#1313 = CARTESIAN_POINT('', (5.25, 8.25));
#1314 = CARTESIAN_POINT('', (5.25, 7.5));
#1315 = CARTESIAN_POINT('', (5.25, 6.75));
#1316 = CARTESIAN_POINT('', (4.5, 6.75));
#1317 = CARTESIAN_POINT('', (3.75, 6.75));
#1318 = CARTESIAN_POINT('', (3.75, 7.5));
#1319 = CARTESIAN_POINT('', (3.75, 8.25));
#1320 = CARTESIAN_POINT('', (4.5, 8.25));
#1321 = PCURVE('', #1322, #1341);
#1322 = (
    BOUNDED_SURFACE()
    B_SPLINE_SURFACE(2, 1, ((#1323, #1324), (#1325, #1326), (#1327, #1328), (#1329, #1330), (#1331, #1332), (#1333, #1334), (#1335, #1336), (#1337, #1338), (#1339, #1340)), .UNSPECIFIED., .U., .U., .U.)
    B_SPLINE_SURFACE_WITH_KNOTS((3, 2, 2, 2, 3), (2, 2), (0.0, 1.1780972450961729, 2.356194490192345, 3.534291735288517, 4.712388980384689), (0.0, 3.5), .UNSPECIFIED.)
    GEOMETRIC_REPRESENTATION_ITEM()
    RATIONAL_B_SPLINE_SURFACE(((1.0, 1.0), (0.7071067811865476, 0.7071067811865476), (1.0, 1.0), (0.7071067811865476, 0.7071067811865476), (1.0, 1.0), (0.7071067811865476, 0.7071067811865476), (1.0, 1.0), (0.7071067811865476, 0.7071067811865476), (1.0, 1.0)))
    REPRESENTATION_ITEM('')
    SURFACE()
);
#1323 = CARTESIAN_POINT('', (8.25, 4.5, -1.0));
#1324 = CARTESIAN_POINT('', (8.25, 4.5, 2.5));
#1325 = CARTESIAN_POINT('', (8.25, 5.25, -1.0));
#1326 = CARTESIAN_POINT('', (8.25, 5.25, 2.5));
#1327 = CARTESIAN_POINT('', (7.5, 5.25, -1.0));
#1328 = CARTESIAN_POINT('', (7.5, 5.25, 2.5));
#1329 = CARTESIAN_POINT('', (6.75, 5.25, -1.0));
#1330 = CARTESIAN_POINT('', (6.75, 5.25, 2.5));
#1331 = CARTESIAN_POINT('', (6.75, 4.5, -1.0));
#1332 = CARTESIAN_POINT('', (6.75, 4.5, 2.5));
#1333 = CARTESIAN_POINT('', (6.75, 3.75, -1.0));
#1334 = CARTESIAN_POINT('', (6.75, 3.75, 2.5));
#1335 = CARTESIAN_POINT('', (7.5, 3.75, -1.0));
#1336 = CARTESIAN_POINT('', (7.5, 3.75, 2.5));
#1337 = CARTESIAN_POINT('', (8.25, 3.75, -1.0));
#1338 = CARTESIAN_POINT('', (8.25, 3.75, 2.5));
#1339 = CARTESIAN_POINT('', (8.25, 4.5, -1.0));
#1340 = CARTESIAN_POINT('', (8.25, 4.5, 2.5));
#1341 = DEFINITIONAL_REPRESENTATION('', (#1343), #1342);
#1342 = (
    GEOMETRIC_REPRESENTATION_CONTEXT(2)
    PARAMETRIC_REPRESENTATION_CONTEXT()
    REPRESENTATION_CONTEXT('2D SPACE', '')
);
#1343 = (
    BOUNDED_CURVE()
    B_SPLINE_CURVE(1, (#1344, #1345), .UNSPECIFIED., .U., .U.)
    B_SPLINE_CURVE_WITH_KNOTS((2, 2), (0.0, 1.0), .UNSPECIFIED.)
    CURVE()
    GEOMETRIC_REPRESENTATION_ITEM()
    RATIONAL_B_SPLINE_CURVE((1.0, 1.0))
    REPRESENTATION_ITEM('')
);
#1344 = CARTESIAN_POINT('', (0.0, 1.0));
#1345 = CARTESIAN_POINT('', (4.712388980384689, 1.0));
#1346 = SURFACE_CURVE('', #1347, (#1357, #1375), .CURVE_3D.);
#1347 = (
    BOUNDED_CURVE()
    B_SPLINE_CURVE(2, (#1348, #1349, #1350, #1351, #1352, #1353, #1354, #1355, #1356), .UNSPECIFIED., .U., .U.)
    B_SPLINE_CURVE_WITH_KNOTS((3, 2, 2, 2, 3), (0.0, 0.25, 0.5, 0.75, 1.0), .UNSPECIFIED.)
    CURVE()
    GEOMETRIC_REPRESENTATION_ITEM()
    RATIONAL_B_SPLINE_CURVE((1.0, 0.7071067811865476, 1.0, 0.7071067811865476, 1.0, 0.7071067811865476, 1.0, 0.7071067811865476, 1.0))
    REPRESENTATION_ITEM('')
);
#1348 = CARTESIAN_POINT('', (8.25, 7.5, 0.0));
#1349 = CARTESIAN_POINT('', (8.25, 8.25, 0.0));
#1350 = CARTESIAN_POINT('', (7.5, 8.25, 0.0));
#1351 = CARTESIAN_POINT('', (6.75, 8.25, 0.0));
#1352 = CARTESIAN_POINT('', (6.75, 7.5, 0.0));
#1353 = CARTESIAN_POINT('', (6.75, 6.75, 0.0));
#1354 = CARTESIAN_POINT('', (7.5, 6.75, 0.0));
#1355 = CARTESIAN_POINT('', (8.25, 6.75, 0.0));
#1356 = CARTESIAN_POINT('', (8.25, 7.5, 0.0));
#1357 = PCURVE('', #1358, #1363);
#1358 = (
    BOUNDED_SURFACE()
    B_SPLINE_SURFACE(1, 1, ((#1359, #1360), (#1361, #1362)), .UNSPECIFIED., .U., .U., .U.)
    B_SPLINE_SURFACE_WITH_KNOTS((2, 2), (2, 2), (0.0, 12.0), (0.0, 12.0), .UNSPECIFIED.)
    GEOMETRIC_REPRESENTATION_ITEM()
    RATIONAL_B_SPLINE_SURFACE(((1.0, 1.0), (1.0, 1.0)))
    REPRESENTATION_ITEM('')
    SURFACE()
);
#1359 = CARTESIAN_POINT('', (0.0, 0.0, 0.0));
#1360 = CARTESIAN_POINT('', (12.0, 0.0, 0.0));
#1361 = CARTESIAN_POINT('', (0.0, 12.0, 0.0));
#1362 = CARTESIAN_POINT('', (12.0, 12.0, 0.0));
#1363 = DEFINITIONAL_REPRESENTATION('', (#1365), #1364);
#1364 = (
    GEOMETRIC_REPRESENTATION_CONTEXT(2)
    PARAMETRIC_REPRESENTATION_CONTEXT()
    REPRESENTATION_CONTEXT('2D SPACE', '')
);
#1365 = (
    BOUNDED_CURVE()
    B_SPLINE_CURVE(2, (#1366, #1367, #1368, #1369, #1370, #1371, #1372, #1373, #1374), .UNSPECIFIED., .U., .U.)
    B_SPLINE_CURVE_WITH_KNOTS((3, 2, 2, 2, 3), (0.0, 0.25, 0.5, 0.75, 1.0), .UNSPECIFIED.)
    CURVE()
    GEOMETRIC_REPRESENTATION_ITEM()
    RATIONAL_B_SPLINE_CURVE((1.0, 0.7071067811865476, 1.0, 0.7071067811865476, 1.0, 0.7071067811865476, 1.0, 0.7071067811865476, 1.0))
    REPRESENTATION_ITEM('')
);
#1366 = CARTESIAN_POINT('', (7.5, 8.25));
#1367 = CARTESIAN_POINT('', (8.25, 8.25));
#1368 = CARTESIAN_POINT('', (8.25, 7.5));
#1369 = CARTESIAN_POINT('', (8.25, 6.75));
#1370 = CARTESIAN_POINT('', (7.5, 6.75));
#1371 = CARTESIAN_POINT('', (6.75, 6.75));
#1372 = CARTESIAN_POINT('', (6.75, 7.5));
#1373 = CARTESIAN_POINT('', (6.75, 8.25));
#1374 = CARTESIAN_POINT('', (7.5, 8.25));
#1375 = PCURVE('', #1376, #1395);
#1376 = (
    BOUNDED_SURFACE()
    B_SPLINE_SURFACE(2, 1, ((#1377, #1378), (#1379, #1380), (#1381, #1382), (#1383, #1384), (#1385, #1386), (#1387, #1388), (#1389, #1390), (#1391, #1392), (#1393, #1394)), .UNSPECIFIED., .U., .U., .U.)
    B_SPLINE_SURFACE_WITH_KNOTS((3, 2, 2, 2, 3), (2, 2), (0.0, 1.1780972450961733, 2.3561944901923457, 3.5342917352885177, 4.712388980384689), (0.0, 3.5), .UNSPECIFIED.)
    GEOMETRIC_REPRESENTATION_ITEM()
    RATIONAL_B_SPLINE_SURFACE(((1.0, 1.0), (0.7071067811865476, 0.7071067811865476), (1.0, 1.0), (0.7071067811865476, 0.7071067811865476), (1.0, 1.0), (0.7071067811865476, 0.7071067811865476), (1.0, 1.0), (0.7071067811865476, 0.7071067811865476), (1.0, 1.0)))
    REPRESENTATION_ITEM('')
    SURFACE()
);
#1377 = CARTESIAN_POINT('', (8.25, 7.5, -1.0));
#1378 = CARTESIAN_POINT('', (8.25, 7.5, 2.5));
#1379 = CARTESIAN_POINT('', (8.25, 8.25, -1.0));
#1380 = CARTESIAN_POINT('', (8.25, 8.25, 2.5));
#1381 = CARTESIAN_POINT('', (7.5, 8.25, -1.0));
#1382 = CARTESIAN_POINT('', (7.5, 8.25, 2.5));
#1383 = CARTESIAN_POINT('', (6.75, 8.25, -1.0));
#1384 = CARTESIAN_POINT('', (6.75, 8.25, 2.5));
#1385 = CARTESIAN_POINT('', (6.75, 7.5, -1.0));
#1386 = CARTESIAN_POINT('', (6.75, 7.5, 2.5));
#1387 = CARTESIAN_POINT('', (6.75, 6.75, -1.0));
#1388 = CARTESIAN_POINT('', (6.75, 6.75, 2.5));
#1389 = CARTESIAN_POINT('', (7.5, 6.75, -1.0));
#1390 = CARTESIAN_POINT('', (7.5, 6.75, 2.5));
#1391 = CARTESIAN_POINT('', (8.25, 6.75, -1.0));
#1392 = CARTESIAN_POINT('', (8.25, 6.75, 2.5));
#1393 = CARTESIAN_POINT('', (8.25, 7.5, -1.0));
#1394 = CARTESIAN_POINT('', (8.25, 7.5, 2.5));
#1395 = DEFINITIONAL_REPRESENTATION('', (#1397), #1396);
#1396 = (
    GEOMETRIC_REPRESENTATION_CONTEXT(2)
    PARAMETRIC_REPRESENTATION_CONTEXT()
    REPRESENTATION_CONTEXT('2D SPACE', '')
);
#1397 = (
    BOUNDED_CURVE()
    B_SPLINE_CURVE(1, (#1398, #1399), .UNSPECIFIED., .U., .U.)
    B_SPLINE_CURVE_WITH_KNOTS((2, 2), (0.0, 1.0), .UNSPECIFIED.)
    CURVE()
    GEOMETRIC_REPRESENTATION_ITEM()
    RATIONAL_B_SPLINE_CURVE((1.0, 1.0))
    REPRESENTATION_ITEM('')
);
#1398 = CARTESIAN_POINT('', (0.0, 1.0));
#1399 = CARTESIAN_POINT('', (4.712388980384689, 1.0));
#1400 = SURFACE_CURVE('', #1401, (#1411, #1429), .CURVE_3D.);
#1401 = (
    BOUNDED_CURVE()
    B_SPLINE_CURVE(2, (#1402, #1403, #1404, #1405, #1406, #1407, #1408, #1409, #1410), .UNSPECIFIED., .U., .U.)
    B_SPLINE_CURVE_WITH_KNOTS((3, 2, 2, 2, 3), (0.0, 0.25, 0.5, 0.75, 1.0), .UNSPECIFIED.)
    CURVE()
    GEOMETRIC_REPRESENTATION_ITEM()
    RATIONAL_B_SPLINE_CURVE((1.0, 0.7071067811865476, 1.0, 0.7071067811865476, 1.0, 0.7071067811865476, 1.0, 0.7071067811865476, 1.0))
    REPRESENTATION_ITEM('')
);
#1402 = CARTESIAN_POINT('', (8.25, 10.5, 0.0));
#1403 = CARTESIAN_POINT('', (8.25, 11.25, 0.0));
#1404 = CARTESIAN_POINT('', (7.5, 11.25, 0.0));
#1405 = CARTESIAN_POINT('', (6.75, 11.25, 0.0));
#1406 = CARTESIAN_POINT('', (6.75, 10.5, 0.0));
#1407 = CARTESIAN_POINT('', (6.75, 9.75, 0.0));
#1408 = CARTESIAN_POINT('', (7.5, 9.75, 0.0));
#1409 = CARTESIAN_POINT('', (8.25, 9.75, 0.0));
#1410 = CARTESIAN_POINT('', (8.25, 10.5, 0.0));
#1411 = PCURVE('', #1412, #1417);
#1412 = (
    BOUNDED_SURFACE()
    B_SPLINE_SURFACE(1, 1, ((#1413, #1414), (#1415, #1416)), .UNSPECIFIED., .U., .U., .U.)
    B_SPLINE_SURFACE_WITH_KNOTS((2, 2), (2, 2), (0.0, 12.0), (0.0, 12.0), .UNSPECIFIED.)
    GEOMETRIC_REPRESENTATION_ITEM()
    RATIONAL_B_SPLINE_SURFACE(((1.0, 1.0), (1.0, 1.0)))
    REPRESENTATION_ITEM('')
    SURFACE()
);
#1413 = CARTESIAN_POINT('', (0.0, 0.0, 0.0));
#1414 = CARTESIAN_POINT('', (12.0, 0.0, 0.0));
#1415 = CARTESIAN_POINT('', (0.0, 12.0, 0.0));
#1416 = CARTESIAN_POINT('', (12.0, 12.0, 0.0));
#1417 = DEFINITIONAL_REPRESENTATION('', (#1419), #1418);
#1418 = (
    GEOMETRIC_REPRESENTATION_CONTEXT(2)
    PARAMETRIC_REPRESENTATION_CONTEXT()
    REPRESENTATION_CONTEXT('2D SPACE', '')
);
#1419 = (
    BOUNDED_CURVE()
    B_SPLINE_CURVE(2, (#1420, #1421, #1422, #1423, #1424, #1425, #1426, #1427, #1428), .UNSPECIFIED., .U., .U.)
    B_SPLINE_CURVE_WITH_KNOTS((3, 2, 2, 2, 3), (0.0, 0.25, 0.5, 0.75, 1.0), .UNSPECIFIED.)
    CURVE()
    GEOMETRIC_REPRESENTATION_ITEM()
    RATIONAL_B_SPLINE_CURVE((1.0, 0.7071067811865476, 1.0, 0.7071067811865476, 1.0, 0.7071067811865476, 1.0, 0.7071067811865476, 1.0))
    REPRESENTATION_ITEM('')
);
#1420 = CARTESIAN_POINT('', (10.5, 8.25));
#1421 = CARTESIAN_POINT('', (11.25, 8.25));
#1422 = CARTESIAN_POINT('', (11.25, 7.5));
#1423 = CARTESIAN_POINT('', (11.25, 6.75));
#1424 = CARTESIAN_POINT('', (10.5, 6.75));
#1425 = CARTESIAN_POINT('', (9.75, 6.75));
#1426 = CARTESIAN_POINT('', (9.75, 7.5));
#1427 = CARTESIAN_POINT('', (9.75, 8.25));
#1428 = CARTESIAN_POINT('', (10.5, 8.25));
#1429 = PCURVE('', #1430, #1449);
#1430 = (
    BOUNDED_SURFACE()
    B_SPLINE_SURFACE(2, 1, ((#1431, #1432), (#1433, #1434), (#1435, #1436), (#1437, #1438), (#1439, #1440), (#1441, #1442), (#1443, #1444), (#1445, #1446), (#1447, #1448)), .UNSPECIFIED., .U., .U., .U.)
    B_SPLINE_SURFACE_WITH_KNOTS((3, 2, 2, 2, 3), (2, 2), (0.0, 1.178097245096173, 2.3561944901923457, 3.5342917352885177, 4.71238898038469), (0.0, 3.5), .UNSPECIFIED.)
    GEOMETRIC_REPRESENTATION_ITEM()
    RATIONAL_B_SPLINE_SURFACE(((1.0, 1.0), (0.7071067811865476, 0.7071067811865476), (1.0, 1.0), (0.7071067811865476, 0.7071067811865476), (1.0, 1.0), (0.7071067811865476, 0.7071067811865476), (1.0, 1.0), (0.7071067811865476, 0.7071067811865476), (1.0, 1.0)))
    REPRESENTATION_ITEM('')
    SURFACE()
);
#1431 = CARTESIAN_POINT('', (8.25, 10.5, -1.0));
#1432 = CARTESIAN_POINT('', (8.25, 10.5, 2.5));
#1433 = CARTESIAN_POINT('', (8.25, 11.25, -1.0));
#1434 = CARTESIAN_POINT('', (8.25, 11.25, 2.5));
#1435 = CARTESIAN_POINT('', (7.5, 11.25, -1.0));
#1436 = CARTESIAN_POINT('', (7.5, 11.25, 2.5));
#1437 = CARTESIAN_POINT('', (6.75, 11.25, -1.0));
#1438 = CARTESIAN_POINT('', (6.75, 11.25, 2.5));
#1439 = CARTESIAN_POINT('', (6.75, 10.5, -1.0));
#1440 = CARTESIAN_POINT('', (6.75, 10.5, 2.5));
#1441 = CARTESIAN_POINT('', (6.75, 9.75, -1.0));
#1442 = CARTESIAN_POINT('', (6.75, 9.75, 2.5));
#1443 = CARTESIAN_POINT('', (7.5, 9.75, -1.0));
#1444 = CARTESIAN_POINT('', (7.5, 9.75, 2.5));
#1445 = CARTESIAN_POINT('', (8.25, 9.75, -1.0));
#1446 = CARTESIAN_POINT('', (8.25, 9.75, 2.5));
#1447 = CARTESIAN_POINT('', (8.25, 10.5, -1.0));
#1448 = CARTESIAN_POINT('', (8.25, 10.5, 2.5));
#1449 = DEFINITIONAL_REPRESENTATION('', (#1451), #1450);
#1450 = (
    GEOMETRIC_REPRESENTATION_CONTEXT(2)
    PARAMETRIC_REPRESENTATION_CONTEXT()
    REPRESENTATION_CONTEXT('2D SPACE', '')
);
#1451 = (
    BOUNDED_CURVE()
    B_SPLINE_CURVE(1, (#1452, #1453), .UNSPECIFIED., .U., .U.)
    B_SPLINE_CURVE_WITH_KNOTS((2, 2), (0.0, 1.0), .UNSPECIFIED.)
    CURVE()
    GEOMETRIC_REPRESENTATION_ITEM()
    RATIONAL_B_SPLINE_CURVE((1.0, 1.0))
    REPRESENTATION_ITEM('')
);
#1452 = CARTESIAN_POINT('', (0.0, 1.0));
#1453 = CARTESIAN_POINT('', (4.71238898038469, 1.0));
#1454 = SURFACE_CURVE('', #1455, (#1465, #1483), .CURVE_3D.);
#1455 = (
    BOUNDED_CURVE()
    B_SPLINE_CURVE(2, (#1456, #1457, #1458, #1459, #1460, #1461, #1462, #1463, #1464), .UNSPECIFIED., .U., .U.)
    B_SPLINE_CURVE_WITH_KNOTS((3, 2, 2, 2, 3), (0.0, 0.25, 0.5, 0.75, 1.0), .UNSPECIFIED.)
    CURVE()
    GEOMETRIC_REPRESENTATION_ITEM()
    RATIONAL_B_SPLINE_CURVE((1.0, 0.7071067811865476, 1.0, 0.7071067811865476, 1.0, 0.7071067811865476, 1.0, 0.7071067811865476, 1.0))
    REPRESENTATION_ITEM('')
);
#1456 = CARTESIAN_POINT('', (11.25, 1.5, 0.0));
#1457 = CARTESIAN_POINT('', (11.25, 2.25, 0.0));
#1458 = CARTESIAN_POINT('', (10.5, 2.25, 0.0));
#1459 = CARTESIAN_POINT('', (9.75, 2.25, 0.0));
#1460 = CARTESIAN_POINT('', (9.75, 1.5, 0.0));
#1461 = CARTESIAN_POINT('', (9.75, 0.75, 0.0));
#1462 = CARTESIAN_POINT('', (10.5, 0.75, 0.0));
#1463 = CARTESIAN_POINT('', (11.25, 0.7499999999999998, 0.0));
#1464 = CARTESIAN_POINT('', (11.25, 1.5, 0.0));
#1465 = PCURVE('', #1466, #1471);
#1466 = (
    BOUNDED_SURFACE()
    B_SPLINE_SURFACE(1, 1, ((#1467, #1468), (#1469, #1470)), .UNSPECIFIED., .U., .U., .U.)
    B_SPLINE_SURFACE_WITH_KNOTS((2, 2), (2, 2), (0.0, 12.0), (0.0, 12.0), .UNSPECIFIED.)
    GEOMETRIC_REPRESENTATION_ITEM()
    RATIONAL_B_SPLINE_SURFACE(((1.0, 1.0), (1.0, 1.0)))
    REPRESENTATION_ITEM('')
    SURFACE()
);
#1467 = CARTESIAN_POINT('', (0.0, 0.0, 0.0));
#1468 = CARTESIAN_POINT('', (12.0, 0.0, 0.0));
#1469 = CARTESIAN_POINT('', (0.0, 12.0, 0.0));
#1470 = CARTESIAN_POINT('', (12.0, 12.0, 0.0));
#1471 = DEFINITIONAL_REPRESENTATION('', (#1473), #1472);
#1472 = (
    GEOMETRIC_REPRESENTATION_CONTEXT(2)
    PARAMETRIC_REPRESENTATION_CONTEXT()
    REPRESENTATION_CONTEXT('2D SPACE', '')
);
#1473 = (
    BOUNDED_CURVE()
    B_SPLINE_CURVE(2, (#1474, #1475, #1476, #1477, #1478, #1479, #1480, #1481, #1482), .UNSPECIFIED., .U., .U.)
    B_SPLINE_CURVE_WITH_KNOTS((3, 2, 2, 2, 3), (0.0, 0.25, 0.5, 0.75, 1.0), .UNSPECIFIED.)
    CURVE()
    GEOMETRIC_REPRESENTATION_ITEM()
    RATIONAL_B_SPLINE_CURVE((1.0, 0.7071067811865476, 1.0, 0.7071067811865476, 1.0, 0.7071067811865476, 1.0, 0.7071067811865476, 1.0))
    REPRESENTATION_ITEM('')
);
#1474 = CARTESIAN_POINT('', (1.5, 11.25));
#1475 = CARTESIAN_POINT('', (2.25, 11.25));
#1476 = CARTESIAN_POINT('', (2.25, 10.5));
#1477 = CARTESIAN_POINT('', (2.25, 9.75));
#1478 = CARTESIAN_POINT('', (1.5, 9.75));
#1479 = CARTESIAN_POINT('', (0.75, 9.75));
#1480 = CARTESIAN_POINT('', (0.75, 10.5));
#1481 = CARTESIAN_POINT('', (0.7499999999999998, 11.25));
#1482 = CARTESIAN_POINT('', (1.5, 11.25));
#1483 = PCURVE('', #1484, #1503);
#1484 = (
    BOUNDED_SURFACE()
    B_SPLINE_SURFACE(2, 1, ((#1485, #1486), (#1487, #1488), (#1489, #1490), (#1491, #1492), (#1493, #1494), (#1495, #1496), (#1497, #1498), (#1499, #1500), (#1501, #1502)), .UNSPECIFIED., .U., .U., .U.)
    B_SPLINE_SURFACE_WITH_KNOTS((3, 2, 2, 2, 3), (2, 2), (0.0, 1.1780972450961729, 2.3561944901923457, 3.5342917352885177, 4.71238898038469), (0.0, 3.5), .UNSPECIFIED.)
    GEOMETRIC_REPRESENTATION_ITEM()
    RATIONAL_B_SPLINE_SURFACE(((1.0, 1.0), (0.7071067811865476, 0.7071067811865476), (1.0, 1.0), (0.7071067811865476, 0.7071067811865476), (1.0, 1.0), (0.7071067811865476, 0.7071067811865476), (1.0, 1.0), (0.7071067811865476, 0.7071067811865476), (1.0, 1.0)))
    REPRESENTATION_ITEM('')
    SURFACE()
);
#1485 = CARTESIAN_POINT('', (11.25, 1.5, -1.0));
#1486 = CARTESIAN_POINT('', (11.25, 1.5, 2.5));
#1487 = CARTESIAN_POINT('', (11.25, 2.25, -1.0));
#1488 = CARTESIAN_POINT('', (11.25, 2.25, 2.5));
#1489 = CARTESIAN_POINT('', (10.5, 2.25, -1.0));
#1490 = CARTESIAN_POINT('', (10.5, 2.25, 2.5));
#1491 = CARTESIAN_POINT('', (9.75, 2.25, -1.0));
#1492 = CARTESIAN_POINT('', (9.75, 2.25, 2.5));
#1493 = CARTESIAN_POINT('', (9.75, 1.5, -1.0));
#1494 = CARTESIAN_POINT('', (9.75, 1.5, 2.5));
#1495 = CARTESIAN_POINT('', (9.75, 0.75, -1.0));
#1496 = CARTESIAN_POINT('', (9.75, 0.75, 2.5));
#1497 = CARTESIAN_POINT('', (10.5, 0.75, -1.0));
#1498 = CARTESIAN_POINT('', (10.5, 0.75, 2.5));
#1499 = CARTESIAN_POINT('', (11.25, 0.7499999999999998, -1.0));
#1500 = CARTESIAN_POINT('', (11.25, 0.7499999999999998, 2.5));
#1501 = CARTESIAN_POINT('', (11.25, 1.5, -1.0));
#1502 = CARTESIAN_POINT('', (11.25, 1.5, 2.5));
#1503 = DEFINITIONAL_REPRESENTATION('', (#1505), #1504);
#1504 = (
    GEOMETRIC_REPRESENTATION_CONTEXT(2)
    PARAMETRIC_REPRESENTATION_CONTEXT()
    REPRESENTATION_CONTEXT('2D SPACE', '')
);
#1505 = (
    BOUNDED_CURVE()
    B_SPLINE_CURVE(1, (#1506, #1507), .UNSPECIFIED., .U., .U.)
    B_SPLINE_CURVE_WITH_KNOTS((2, 2), (0.0, 1.0), .UNSPECIFIED.)
    CURVE()
    GEOMETRIC_REPRESENTATION_ITEM()
    RATIONAL_B_SPLINE_CURVE((1.0, 1.0))
    REPRESENTATION_ITEM('')
);
#1506 = CARTESIAN_POINT('', (0.0, 1.0));
#1507 = CARTESIAN_POINT('', (4.71238898038469, 1.0));
#1508 = SURFACE_CURVE('', #1509, (#1519, #1537), .CURVE_3D.);
#1509 = (
    BOUNDED_CURVE()
    B_SPLINE_CURVE(2, (#1510, #1511, #1512, #1513, #1514, #1515, #1516, #1517, #1518), .UNSPECIFIED., .U., .U.)
    B_SPLINE_CURVE_WITH_KNOTS((3, 2, 2, 2, 3), (0.0, 0.25, 0.5, 0.75, 1.0), .UNSPECIFIED.)
    CURVE()
    GEOMETRIC_REPRESENTATION_ITEM()
    RATIONAL_B_SPLINE_CURVE((1.0, 0.7071067811865476, 1.0, 0.7071067811865476, 1.0, 0.7071067811865476, 1.0, 0.7071067811865476, 1.0))
    REPRESENTATION_ITEM('')
);
#1510 = CARTESIAN_POINT('', (11.25, 4.5, 0.0));
#1511 = CARTESIAN_POINT('', (11.25, 5.25, 0.0));
#1512 = CARTESIAN_POINT('', (10.5, 5.25, 0.0));
#1513 = CARTESIAN_POINT('', (9.75, 5.25, 0.0));
#1514 = CARTESIAN_POINT('', (9.75, 4.5, 0.0));
#1515 = CARTESIAN_POINT('', (9.75, 3.75, 0.0));
#1516 = CARTESIAN_POINT('', (10.5, 3.75, 0.0));
#1517 = CARTESIAN_POINT('', (11.25, 3.75, 0.0));
#1518 = CARTESIAN_POINT('', (11.25, 4.5, 0.0));
#1519 = PCURVE('', #1520, #1525);
#1520 = (
    BOUNDED_SURFACE()
    B_SPLINE_SURFACE(1, 1, ((#1521, #1522), (#1523, #1524)), .UNSPECIFIED., .U., .U., .U.)
    B_SPLINE_SURFACE_WITH_KNOTS((2, 2), (2, 2), (0.0, 12.0), (0.0, 12.0), .UNSPECIFIED.)
    GEOMETRIC_REPRESENTATION_ITEM()
    RATIONAL_B_SPLINE_SURFACE(((1.0, 1.0), (1.0, 1.0)))
    REPRESENTATION_ITEM('')
    SURFACE()
);
#1521 = CARTESIAN_POINT('', (0.0, 0.0, 0.0));
#1522 = CARTESIAN_POINT('', (12.0, 0.0, 0.0));
#1523 = CARTESIAN_POINT('', (0.0, 12.0, 0.0));
#1524 = CARTESIAN_POINT('', (12.0, 12.0, 0.0));
#1525 = DEFINITIONAL_REPRESENTATION('', (#1527), #1526);
#1526 = (
    GEOMETRIC_REPRESENTATION_CONTEXT(2)
    PARAMETRIC_REPRESENTATION_CONTEXT()
    REPRESENTATION_CONTEXT('2D SPACE', '')
);
#1527 = (
    BOUNDED_CURVE()
    B_SPLINE_CURVE(2, (#1528, #1529, #1530, #1531, #1532, #1533, #1534, #1535, #1536), .UNSPECIFIED., .U., .U.)
    B_SPLINE_CURVE_WITH_KNOTS((3, 2, 2, 2, 3), (0.0, 0.25, 0.5, 0.75, 1.0), .UNSPECIFIED.)
    CURVE()
    GEOMETRIC_REPRESENTATION_ITEM()
    RATIONAL_B_SPLINE_CURVE((1.0, 0.7071067811865476, 1.0, 0.7071067811865476, 1.0, 0.7071067811865476, 1.0, 0.7071067811865476, 1.0))
    REPRESENTATION_ITEM('')
);
#1528 = CARTESIAN_POINT('', (4.5, 11.25));
#1529 = CARTESIAN_POINT('', (5.25, 11.25));
#1530 = CARTESIAN_POINT('', (5.25, 10.5));
#1531 = CARTESIAN_POINT('', (5.25, 9.75));
#1532 = CARTESIAN_POINT('', (4.5, 9.75));
#1533 = CARTESIAN_POINT('', (3.75, 9.75));
#1534 = CARTESIAN_POINT('', (3.75, 10.5));
#1535 = CARTESIAN_POINT('', (3.75, 11.25));
#1536 = CARTESIAN_POINT('', (4.5, 11.25));
#1537 = PCURVE('', #1538, #1557);
#1538 = (
    BOUNDED_SURFACE()
    B_SPLINE_SURFACE(2, 1, ((#1539, #1540), (#1541, #1542), (#1543, #1544), (#1545, #1546), (#1547, #1548), (#1549, #1550), (#1551, #1552), (#1553, #1554), (#1555, #1556)), .UNSPECIFIED., .U., .U., .U.)
    B_SPLINE_SURFACE_WITH_KNOTS((3, 2, 2, 2, 3), (2, 2), (0.0, 1.1780972450961729, 2.3561944901923453, 3.5342917352885173, 4.71238898038469), (0.0, 3.5), .UNSPECIFIED.)
    GEOMETRIC_REPRESENTATION_ITEM()
    RATIONAL_B_SPLINE_SURFACE(((1.0, 1.0), (0.7071067811865476, 0.7071067811865476), (1.0, 1.0), (0.7071067811865476, 0.7071067811865476), (1.0, 1.0), (0.7071067811865476, 0.7071067811865476), (1.0, 1.0), (0.7071067811865476, 0.7071067811865476), (1.0, 1.0)))
    REPRESENTATION_ITEM('')
    SURFACE()
);
#1539 = CARTESIAN_POINT('', (11.25, 4.5, -1.0));
#1540 = CARTESIAN_POINT('', (11.25, 4.5, 2.5));
#1541 = CARTESIAN_POINT('', (11.25, 5.25, -1.0));
#1542 = CARTESIAN_POINT('', (11.25, 5.25, 2.5));
#1543 = CARTESIAN_POINT('', (10.5, 5.25, -1.0));
#1544 = CARTESIAN_POINT('', (10.5, 5.25, 2.5));
#1545 = CARTESIAN_POINT('', (9.75, 5.25, -1.0));
#1546 = CARTESIAN_POINT('', (9.75, 5.25, 2.5));
#1547 = CARTESIAN_POINT('', (9.75, 4.5, -1.0));
#1548 = CARTESIAN_POINT('', (9.75, 4.5, 2.5));
#1549 = CARTESIAN_POINT('', (9.75, 3.75, -1.0));
#1550 = CARTESIAN_POINT('', (9.75, 3.75, 2.5));
#1551 = CARTESIAN_POINT('', (10.5, 3.75, -1.0));
#1552 = CARTESIAN_POINT('', (10.5, 3.75, 2.5));
#1553 = CARTESIAN_POINT('', (11.25, 3.75, -1.0));
#1554 = CARTESIAN_POINT('', (11.25, 3.75, 2.5));
#1555 = CARTESIAN_POINT('', (11.25, 4.5, -1.0));
#1556 = CARTESIAN_POINT('', (11.25, 4.5, 2.5));
#1557 = DEFINITIONAL_REPRESENTATION('', (#1559), #1558);
#1558 = (
    GEOMETRIC_REPRESENTATION_CONTEXT(2)
    PARAMETRIC_REPRESENTATION_CONTEXT()
    REPRESENTATION_CONTEXT('2D SPACE', '')
);
#1559 = (
    BOUNDED_CURVE()
    B_SPLINE_CURVE(1, (#1560, #1561), .UNSPECIFIED., .U., .U.)
    B_SPLINE_CURVE_WITH_KNOTS((2, 2), (0.0, 1.0), .UNSPECIFIED.)
    CURVE()
    GEOMETRIC_REPRESENTATION_ITEM()
    RATIONAL_B_SPLINE_CURVE((1.0, 1.0))
    REPRESENTATION_ITEM('')
);
#1560 = CARTESIAN_POINT('', (0.0, 1.0));
#1561 = CARTESIAN_POINT('', (4.71238898038469, 1.0));
#1562 = SURFACE_CURVE('', #1563, (#1573, #1591), .CURVE_3D.);
#1563 = (
    BOUNDED_CURVE()
    B_SPLINE_CURVE(2, (#1564, #1565, #1566, #1567, #1568, #1569, #1570, #1571, #1572), .UNSPECIFIED., .U., .U.)
    B_SPLINE_CURVE_WITH_KNOTS((3, 2, 2, 2, 3), (0.0, 0.25, 0.5, 0.75, 1.0), .UNSPECIFIED.)
    CURVE()
    GEOMETRIC_REPRESENTATION_ITEM()
    RATIONAL_B_SPLINE_CURVE((1.0, 0.7071067811865476, 1.0, 0.7071067811865476, 1.0, 0.7071067811865476, 1.0, 0.7071067811865476, 1.0))
    REPRESENTATION_ITEM('')
);
#1564 = CARTESIAN_POINT('', (11.25, 7.5, 0.0));
#1565 = CARTESIAN_POINT('', (11.25, 8.25, 0.0));
#1566 = CARTESIAN_POINT('', (10.5, 8.25, 0.0));
#1567 = CARTESIAN_POINT('', (9.75, 8.25, 0.0));
#1568 = CARTESIAN_POINT('', (9.75, 7.5, 0.0));
#1569 = CARTESIAN_POINT('', (9.75, 6.75, 0.0));
#1570 = CARTESIAN_POINT('', (10.5, 6.75, 0.0));
#1571 = CARTESIAN_POINT('', (11.25, 6.75, 0.0));
#1572 = CARTESIAN_POINT('', (11.25, 7.5, 0.0));
#1573 = PCURVE('', #1574, #1579);
#1574 = (
    BOUNDED_SURFACE()
    B_SPLINE_SURFACE(1, 1, ((#1575, #1576), (#1577, #1578)), .UNSPECIFIED., .U., .U., .U.)
    B_SPLINE_SURFACE_WITH_KNOTS((2, 2), (2, 2), (0.0, 12.0), (0.0, 12.0), .UNSPECIFIED.)
    GEOMETRIC_REPRESENTATION_ITEM()
    RATIONAL_B_SPLINE_SURFACE(((1.0, 1.0), (1.0, 1.0)))
    REPRESENTATION_ITEM('')
    SURFACE()
);
#1575 = CARTESIAN_POINT('', (0.0, 0.0, 0.0));
#1576 = CARTESIAN_POINT('', (12.0, 0.0, 0.0));
#1577 = CARTESIAN_POINT('', (0.0, 12.0, 0.0));
#1578 = CARTESIAN_POINT('', (12.0, 12.0, 0.0));
#1579 = DEFINITIONAL_REPRESENTATION('', (#1581), #1580);
#1580 = (
    GEOMETRIC_REPRESENTATION_CONTEXT(2)
    PARAMETRIC_REPRESENTATION_CONTEXT()
    REPRESENTATION_CONTEXT('2D SPACE', '')
);
#1581 = (
    BOUNDED_CURVE()
    B_SPLINE_CURVE(2, (#1582, #1583, #1584, #1585, #1586, #1587, #1588, #1589, #1590), .UNSPECIFIED., .U., .U.)
    B_SPLINE_CURVE_WITH_KNOTS((3, 2, 2, 2, 3), (0.0, 0.25, 0.5, 0.75, 1.0), .UNSPECIFIED.)
    CURVE()
    GEOMETRIC_REPRESENTATION_ITEM()
    RATIONAL_B_SPLINE_CURVE((1.0, 0.7071067811865476, 1.0, 0.7071067811865476, 1.0, 0.7071067811865476, 1.0, 0.7071067811865476, 1.0))
    REPRESENTATION_ITEM('')
);
#1582 = CARTESIAN_POINT('', (7.5, 11.25));
#1583 = CARTESIAN_POINT('', (8.25, 11.25));
#1584 = CARTESIAN_POINT('', (8.25, 10.5));
#1585 = CARTESIAN_POINT('', (8.25, 9.75));
#1586 = CARTESIAN_POINT('', (7.5, 9.75));
#1587 = CARTESIAN_POINT('', (6.75, 9.75));
#1588 = CARTESIAN_POINT('', (6.75, 10.5));
#1589 = CARTESIAN_POINT('', (6.75, 11.25));
#1590 = CARTESIAN_POINT('', (7.5, 11.25));
#1591 = PCURVE('', #1592, #1611);
#1592 = (
    BOUNDED_SURFACE()
    B_SPLINE_SURFACE(2, 1, ((#1593, #1594), (#1595, #1596), (#1597, #1598), (#1599, #1600), (#1601, #1602), (#1603, #1604), (#1605, #1606), (#1607, #1608), (#1609, #1610)), .UNSPECIFIED., .U., .U., .U.)
    B_SPLINE_SURFACE_WITH_KNOTS((3, 2, 2, 2, 3), (2, 2), (0.0, 1.1780972450961733, 2.3561944901923457, 3.5342917352885177, 4.712388980384689), (0.0, 3.5), .UNSPECIFIED.)
    GEOMETRIC_REPRESENTATION_ITEM()
    RATIONAL_B_SPLINE_SURFACE(((1.0, 1.0), (0.7071067811865476, 0.7071067811865476), (1.0, 1.0), (0.7071067811865476, 0.7071067811865476), (1.0, 1.0), (0.7071067811865476, 0.7071067811865476), (1.0, 1.0), (0.7071067811865476, 0.7071067811865476), (1.0, 1.0)))
    REPRESENTATION_ITEM('')
    SURFACE()
);
#1593 = CARTESIAN_POINT('', (11.25, 7.5, -1.0));
#1594 = CARTESIAN_POINT('', (11.25, 7.5, 2.5));
#1595 = CARTESIAN_POINT('', (11.25, 8.25, -1.0));
#1596 = CARTESIAN_POINT('', (11.25, 8.25, 2.5));
#1597 = CARTESIAN_POINT('', (10.5, 8.25, -1.0));
#1598 = CARTESIAN_POINT('', (10.5, 8.25, 2.5));
#1599 = CARTESIAN_POINT('', (9.75, 8.25, -1.0));
#1600 = CARTESIAN_POINT('', (9.75, 8.25, 2.5));
#1601 = CARTESIAN_POINT('', (9.75, 7.5, -1.0));
#1602 = CARTESIAN_POINT('', (9.75, 7.5, 2.5));
#1603 = CARTESIAN_POINT('', (9.75, 6.75, -1.0));
#1604 = CARTESIAN_POINT('', (9.75, 6.75, 2.5));
#1605 = CARTESIAN_POINT('', (10.5, 6.75, -1.0));
#1606 = CARTESIAN_POINT('', (10.5, 6.75, 2.5));
#1607 = CARTESIAN_POINT('', (11.25, 6.75, -1.0));
#1608 = CARTESIAN_POINT('', (11.25, 6.75, 2.5));
#1609 = CARTESIAN_POINT('', (11.25, 7.5, -1.0));
#1610 = CARTESIAN_POINT('', (11.25, 7.5, 2.5));
#1611 = DEFINITIONAL_REPRESENTATION('', (#1613), #1612);
#1612 = (
    GEOMETRIC_REPRESENTATION_CONTEXT(2)
    PARAMETRIC_REPRESENTATION_CONTEXT()
    REPRESENTATION_CONTEXT('2D SPACE', '')
);
#1613 = (
    BOUNDED_CURVE()
    B_SPLINE_CURVE(1, (#1614, #1615), .UNSPECIFIED., .U., .U.)
    B_SPLINE_CURVE_WITH_KNOTS((2, 2), (0.0, 1.0), .UNSPECIFIED.)
    CURVE()
    GEOMETRIC_REPRESENTATION_ITEM()
    RATIONAL_B_SPLINE_CURVE((1.0, 1.0))
    REPRESENTATION_ITEM('')
);
#1614 = CARTESIAN_POINT('', (0.0, 1.0));
#1615 = CARTESIAN_POINT('', (4.712388980384689, 1.0));
#1616 = SURFACE_CURVE('', #1617, (#1627, #1645), .CURVE_3D.);
#1617 = (
    BOUNDED_CURVE()
    B_SPLINE_CURVE(2, (#1618, #1619, #1620, #1621, #1622, #1623, #1624, #1625, #1626), .UNSPECIFIED., .U., .U.)
    B_SPLINE_CURVE_WITH_KNOTS((3, 2, 2, 2, 3), (0.0, 0.25, 0.5, 0.75, 1.0), .UNSPECIFIED.)
    CURVE()
    GEOMETRIC_REPRESENTATION_ITEM()
    RATIONAL_B_SPLINE_CURVE((1.0, 0.7071067811865476, 1.0, 0.7071067811865476, 1.0, 0.7071067811865476, 1.0, 0.7071067811865476, 1.0))
    REPRESENTATION_ITEM('')
);
#1618 = CARTESIAN_POINT('', (11.25, 10.5, 0.0));
#1619 = CARTESIAN_POINT('', (11.25, 11.25, 0.0));
#1620 = CARTESIAN_POINT('', (10.5, 11.25, 0.0));
#1621 = CARTESIAN_POINT('', (9.75, 11.25, 0.0));
#1622 = CARTESIAN_POINT('', (9.75, 10.5, 0.0));
#1623 = CARTESIAN_POINT('', (9.75, 9.75, 0.0));
#1624 = CARTESIAN_POINT('', (10.5, 9.75, 0.0));
#1625 = CARTESIAN_POINT('', (11.25, 9.75, 0.0));
#1626 = CARTESIAN_POINT('', (11.25, 10.5, 0.0));
#1627 = PCURVE('', #1628, #1633);
#1628 = (
    BOUNDED_SURFACE()
    B_SPLINE_SURFACE(1, 1, ((#1629, #1630), (#1631, #1632)), .UNSPECIFIED., .U., .U., .U.)
    B_SPLINE_SURFACE_WITH_KNOTS((2, 2), (2, 2), (0.0, 12.0), (0.0, 12.0), .UNSPECIFIED.)
    GEOMETRIC_REPRESENTATION_ITEM()
    RATIONAL_B_SPLINE_SURFACE(((1.0, 1.0), (1.0, 1.0)))
    REPRESENTATION_ITEM('')
    SURFACE()
);
#1629 = CARTESIAN_POINT('', (0.0, 0.0, 0.0));
#1630 = CARTESIAN_POINT('', (12.0, 0.0, 0.0));
#1631 = CARTESIAN_POINT('', (0.0, 12.0, 0.0));
#1632 = CARTESIAN_POINT('', (12.0, 12.0, 0.0));
#1633 = DEFINITIONAL_REPRESENTATION('', (#1635), #1634);
#1634 = (
    GEOMETRIC_REPRESENTATION_CONTEXT(2)
    PARAMETRIC_REPRESENTATION_CONTEXT()
    REPRESENTATION_CONTEXT('2D SPACE', '')
);
#1635 = (
    BOUNDED_CURVE()
    B_SPLINE_CURVE(2, (#1636, #1637, #1638, #1639, #1640, #1641, #1642, #1643, #1644), .UNSPECIFIED., .U., .U.)
    B_SPLINE_CURVE_WITH_KNOTS((3, 2, 2, 2, 3), (0.0, 0.25, 0.5, 0.75, 1.0), .UNSPECIFIED.)
    CURVE()
    GEOMETRIC_REPRESENTATION_ITEM()
    RATIONAL_B_SPLINE_CURVE((1.0, 0.7071067811865476, 1.0, 0.7071067811865476, 1.0, 0.7071067811865476, 1.0, 0.7071067811865476, 1.0))
    REPRESENTATION_ITEM('')
);
#1636 = CARTESIAN_POINT('', (10.5, 11.25));
#1637 = CARTESIAN_POINT('', (11.25, 11.25));
#1638 = CARTESIAN_POINT('', (11.25, 10.5));
#1639 = CARTESIAN_POINT('', (11.25, 9.75));
#1640 = CARTESIAN_POINT('', (10.5, 9.75));
#1641 = CARTESIAN_POINT('', (9.75, 9.75));
#1642 = CARTESIAN_POINT('', (9.75, 10.5));
#1643 = CARTESIAN_POINT('', (9.75, 11.25));
#1644 = CARTESIAN_POINT('', (10.5, 11.25));
#1645 = PCURVE('', #1646, #1665);
#1646 = (
    BOUNDED_SURFACE()
    B_SPLINE_SURFACE(2, 1, ((#1647, #1648), (#1649, #1650), (#1651, #1652), (#1653, #1654), (#1655, #1656), (#1657, #1658), (#1659, #1660), (#1661, #1662), (#1663, #1664)), .UNSPECIFIED., .U., .U., .U.)
    B_SPLINE_SURFACE_WITH_KNOTS((3, 2, 2, 2, 3), (2, 2), (0.0, 1.178097245096173, 2.3561944901923457, 3.5342917352885177, 4.71238898038469), (0.0, 3.5), .UNSPECIFIED.)
    GEOMETRIC_REPRESENTATION_ITEM()
    RATIONAL_B_SPLINE_SURFACE(((1.0, 1.0), (0.7071067811865476, 0.7071067811865476), (1.0, 1.0), (0.7071067811865476, 0.7071067811865476), (1.0, 1.0), (0.7071067811865476, 0.7071067811865476), (1.0, 1.0), (0.7071067811865476, 0.7071067811865476), (1.0, 1.0)))
    REPRESENTATION_ITEM('')
    SURFACE()
);
#1647 = CARTESIAN_POINT('', (11.25, 10.5, -1.0));
#1648 = CARTESIAN_POINT('', (11.25, 10.5, 2.5));
#1649 = CARTESIAN_POINT('', (11.25, 11.25, -1.0));
#1650 = CARTESIAN_POINT('', (11.25, 11.25, 2.5));
#1651 = CARTESIAN_POINT('', (10.5, 11.25, -1.0));
#1652 = CARTESIAN_POINT('', (10.5, 11.25, 2.5));
#1653 = CARTESIAN_POINT('', (9.75, 11.25, -1.0));
#1654 = CARTESIAN_POINT('', (9.75, 11.25, 2.5));
#1655 = CARTESIAN_POINT('', (9.75, 10.5, -1.0));
#1656 = CARTESIAN_POINT('', (9.75, 10.5, 2.5));
#1657 = CARTESIAN_POINT('', (9.75, 9.75, -1.0));
#1658 = CARTESIAN_POINT('', (9.75, 9.75, 2.5));
#1659 = CARTESIAN_POINT('', (10.5, 9.75, -1.0));
#1660 = CARTESIAN_POINT('', (10.5, 9.75, 2.5));
#1661 = CARTESIAN_POINT('', (11.25, 9.75, -1.0));
#1662 = CARTESIAN_POINT('', (11.25, 9.75, 2.5));
#1663 = CARTESIAN_POINT('', (11.25, 10.5, -1.0));
#1664 = CARTESIAN_POINT('', (11.25, 10.5, 2.5));
#1665 = DEFINITIONAL_REPRESENTATION('', (#1667), #1666);
#1666 = (
    GEOMETRIC_REPRESENTATION_CONTEXT(2)
    PARAMETRIC_REPRESENTATION_CONTEXT()
    REPRESENTATION_CONTEXT('2D SPACE', '')
);
#1667 = (
    BOUNDED_CURVE()
    B_SPLINE_CURVE(1, (#1668, #1669), .UNSPECIFIED., .U., .U.)
    B_SPLINE_CURVE_WITH_KNOTS((2, 2), (0.0, 1.0), .UNSPECIFIED.)
    CURVE()
    GEOMETRIC_REPRESENTATION_ITEM()
    RATIONAL_B_SPLINE_CURVE((1.0, 1.0))
    REPRESENTATION_ITEM('')
);
#1668 = CARTESIAN_POINT('', (0.0, 1.0));
#1669 = CARTESIAN_POINT('', (4.71238898038469, 1.0));
#1670 = SURFACE_CURVE('', #1671, (#1674, #1685), .CURVE_3D.);
#1671 = (
    BOUNDED_CURVE()
    B_SPLINE_CURVE(1, (#1672, #1673), .UNSPECIFIED., .U., .U.)
    B_SPLINE_CURVE_WITH_KNOTS((2, 2), (0.0, 12.0), .UNSPECIFIED.)
    CURVE()
    GEOMETRIC_REPRESENTATION_ITEM()
    RATIONAL_B_SPLINE_CURVE((1.0, 1.0))
    REPRESENTATION_ITEM('')
);
#1672 = CARTESIAN_POINT('', (0.0, 0.0, 1.5));
#1673 = CARTESIAN_POINT('', (0.0, 12.0, 1.5));
#1674 = PCURVE('', #1675, #1680);
#1675 = (
    BOUNDED_SURFACE()
    B_SPLINE_SURFACE(1, 1, ((#1676, #1677), (#1678, #1679)), .UNSPECIFIED., .U., .U., .U.)
    B_SPLINE_SURFACE_WITH_KNOTS((2, 2), (2, 2), (0.0, 12.0), (0.0, 12.0), .UNSPECIFIED.)
    GEOMETRIC_REPRESENTATION_ITEM()
    RATIONAL_B_SPLINE_SURFACE(((1.0, 1.0), (1.0, 1.0)))
    REPRESENTATION_ITEM('')
    SURFACE()
);
#1676 = CARTESIAN_POINT('', (0.0, 0.0, 1.5));
#1677 = CARTESIAN_POINT('', (0.0, 12.0, 1.5));
#1678 = CARTESIAN_POINT('', (12.0, 0.0, 1.5));
#1679 = CARTESIAN_POINT('', (12.0, 12.0, 1.5));
#1680 = DEFINITIONAL_REPRESENTATION('', (#1682), #1681);
#1681 = (
    GEOMETRIC_REPRESENTATION_CONTEXT(2)
    PARAMETRIC_REPRESENTATION_CONTEXT()
    REPRESENTATION_CONTEXT('2D SPACE', '')
);
#1682 = (
    BOUNDED_CURVE()
    B_SPLINE_CURVE(1, (#1683, #1684), .UNSPECIFIED., .U., .U.)
    B_SPLINE_CURVE_WITH_KNOTS((2, 2), (0.0, 12.0), .UNSPECIFIED.)
    CURVE()
    GEOMETRIC_REPRESENTATION_ITEM()
    RATIONAL_B_SPLINE_CURVE((1.0, 1.0))
    REPRESENTATION_ITEM('')
);
#1683 = CARTESIAN_POINT('', (0.0, 0.0));
#1684 = CARTESIAN_POINT('', (0.0, 12.0));
#1685 = PCURVE('', #1686, #1691);
#1686 = (
    BOUNDED_SURFACE()
    B_SPLINE_SURFACE(1, 1, ((#1687, #1688), (#1689, #1690)), .UNSPECIFIED., .U., .U., .U.)
    B_SPLINE_SURFACE_WITH_KNOTS((2, 2), (2, 2), (0.0, 1.5), (0.0, 12.0), .UNSPECIFIED.)
    GEOMETRIC_REPRESENTATION_ITEM()
    RATIONAL_B_SPLINE_SURFACE(((1.0, 1.0), (1.0, 1.0)))
    REPRESENTATION_ITEM('')
    SURFACE()
);
#1687 = CARTESIAN_POINT('', (0.0, 0.0, 0.0));
#1688 = CARTESIAN_POINT('', (0.0, 12.0, 0.0));
#1689 = CARTESIAN_POINT('', (0.0, 0.0, 1.5));
#1690 = CARTESIAN_POINT('', (0.0, 12.0, 1.5));
#1691 = DEFINITIONAL_REPRESENTATION('', (#1693), #1692);
#1692 = (
    GEOMETRIC_REPRESENTATION_CONTEXT(2)
    PARAMETRIC_REPRESENTATION_CONTEXT()
    REPRESENTATION_CONTEXT('2D SPACE', '')
);
#1693 = (
    BOUNDED_CURVE()
    B_SPLINE_CURVE(1, (#1694, #1695), .UNSPECIFIED., .U., .U.)
    B_SPLINE_CURVE_WITH_KNOTS((2, 2), (0.0, 12.0), .UNSPECIFIED.)
    CURVE()
    GEOMETRIC_REPRESENTATION_ITEM()
    RATIONAL_B_SPLINE_CURVE((1.0, 1.0))
    REPRESENTATION_ITEM('')
);
#1694 = CARTESIAN_POINT('', (1.5, 0.0));
#1695 = CARTESIAN_POINT('', (1.5, 12.0));
#1696 = SURFACE_CURVE('', #1697, (#1700, #1711), .CURVE_3D.);
#1697 = (
    BOUNDED_CURVE()
    B_SPLINE_CURVE(1, (#1698, #1699), .UNSPECIFIED., .U., .U.)
    B_SPLINE_CURVE_WITH_KNOTS((2, 2), (0.0, 12.0), .UNSPECIFIED.)
    CURVE()
    GEOMETRIC_REPRESENTATION_ITEM()
    RATIONAL_B_SPLINE_CURVE((1.0, 1.0))
    REPRESENTATION_ITEM('')
);
#1698 = CARTESIAN_POINT('', (0.0, 0.0, 1.5));
#1699 = CARTESIAN_POINT('', (12.0, 0.0, 1.5));
#1700 = PCURVE('', #1701, #1706);
#1701 = (
    BOUNDED_SURFACE()
    B_SPLINE_SURFACE(1, 1, ((#1702, #1703), (#1704, #1705)), .UNSPECIFIED., .U., .U., .U.)
    B_SPLINE_SURFACE_WITH_KNOTS((2, 2), (2, 2), (0.0, 12.0), (0.0, 12.0), .UNSPECIFIED.)
    GEOMETRIC_REPRESENTATION_ITEM()
    RATIONAL_B_SPLINE_SURFACE(((1.0, 1.0), (1.0, 1.0)))
    REPRESENTATION_ITEM('')
    SURFACE()
);
#1702 = CARTESIAN_POINT('', (0.0, 0.0, 1.5));
#1703 = CARTESIAN_POINT('', (0.0, 12.0, 1.5));
#1704 = CARTESIAN_POINT('', (12.0, 0.0, 1.5));
#1705 = CARTESIAN_POINT('', (12.0, 12.0, 1.5));
#1706 = DEFINITIONAL_REPRESENTATION('', (#1708), #1707);
#1707 = (
    GEOMETRIC_REPRESENTATION_CONTEXT(2)
    PARAMETRIC_REPRESENTATION_CONTEXT()
    REPRESENTATION_CONTEXT('2D SPACE', '')
);
#1708 = (
    BOUNDED_CURVE()
    B_SPLINE_CURVE(1, (#1709, #1710), .UNSPECIFIED., .U., .U.)
    B_SPLINE_CURVE_WITH_KNOTS((2, 2), (0.0, 12.0), .UNSPECIFIED.)
    CURVE()
    GEOMETRIC_REPRESENTATION_ITEM()
    RATIONAL_B_SPLINE_CURVE((1.0, 1.0))
    REPRESENTATION_ITEM('')
);
#1709 = CARTESIAN_POINT('', (0.0, 0.0));
#1710 = CARTESIAN_POINT('', (12.0, 0.0));
#1711 = PCURVE('', #1712, #1717);
#1712 = (
    BOUNDED_SURFACE()
    B_SPLINE_SURFACE(1, 1, ((#1713, #1714), (#1715, #1716)), .UNSPECIFIED., .U., .U., .U.)
    B_SPLINE_SURFACE_WITH_KNOTS((2, 2), (2, 2), (0.0, 12.0), (0.0, 1.5), .UNSPECIFIED.)
    GEOMETRIC_REPRESENTATION_ITEM()
    RATIONAL_B_SPLINE_SURFACE(((1.0, 1.0), (1.0, 1.0)))
    REPRESENTATION_ITEM('')
    SURFACE()
);
#1713 = CARTESIAN_POINT('', (0.0, 0.0, 0.0));
#1714 = CARTESIAN_POINT('', (0.0, 0.0, 1.5));
#1715 = CARTESIAN_POINT('', (12.0, 0.0, 0.0));
#1716 = CARTESIAN_POINT('', (12.0, 0.0, 1.5));
#1717 = DEFINITIONAL_REPRESENTATION('', (#1719), #1718);
#1718 = (
    GEOMETRIC_REPRESENTATION_CONTEXT(2)
    PARAMETRIC_REPRESENTATION_CONTEXT()
    REPRESENTATION_CONTEXT('2D SPACE', '')
);
#1719 = (
    BOUNDED_CURVE()
    B_SPLINE_CURVE(1, (#1720, #1721), .UNSPECIFIED., .U., .U.)
    B_SPLINE_CURVE_WITH_KNOTS((2, 2), (0.0, 12.0), .UNSPECIFIED.)
    CURVE()
    GEOMETRIC_REPRESENTATION_ITEM()
    RATIONAL_B_SPLINE_CURVE((1.0, 1.0))
    REPRESENTATION_ITEM('')
);
#1720 = CARTESIAN_POINT('', (0.0, 1.5));
#1721 = CARTESIAN_POINT('', (12.0, 1.5));
#1722 = SURFACE_CURVE('', #1723, (#1726, #1737), .CURVE_3D.);
#1723 = (
    BOUNDED_CURVE()
    B_SPLINE_CURVE(1, (#1724, #1725), .UNSPECIFIED., .U., .U.)
    B_SPLINE_CURVE_WITH_KNOTS((2, 2), (0.0, 12.0), .UNSPECIFIED.)
    CURVE()
    GEOMETRIC_REPRESENTATION_ITEM()
    RATIONAL_B_SPLINE_CURVE((1.0, 1.0))
    REPRESENTATION_ITEM('')
);
#1724 = CARTESIAN_POINT('', (12.0, 0.0, 1.5));
#1725 = CARTESIAN_POINT('', (12.0, 12.0, 1.5));
#1726 = PCURVE('', #1727, #1732);
#1727 = (
    BOUNDED_SURFACE()
    B_SPLINE_SURFACE(1, 1, ((#1728, #1729), (#1730, #1731)), .UNSPECIFIED., .U., .U., .U.)
    B_SPLINE_SURFACE_WITH_KNOTS((2, 2), (2, 2), (0.0, 12.0), (0.0, 12.0), .UNSPECIFIED.)
    GEOMETRIC_REPRESENTATION_ITEM()
    RATIONAL_B_SPLINE_SURFACE(((1.0, 1.0), (1.0, 1.0)))
    REPRESENTATION_ITEM('')
    SURFACE()
);
#1728 = CARTESIAN_POINT('', (0.0, 0.0, 1.5));
#1729 = CARTESIAN_POINT('', (0.0, 12.0, 1.5));
#1730 = CARTESIAN_POINT('', (12.0, 0.0, 1.5));
#1731 = CARTESIAN_POINT('', (12.0, 12.0, 1.5));
#1732 = DEFINITIONAL_REPRESENTATION('', (#1734), #1733);
#1733 = (
    GEOMETRIC_REPRESENTATION_CONTEXT(2)
    PARAMETRIC_REPRESENTATION_CONTEXT()
    REPRESENTATION_CONTEXT('2D SPACE', '')
);
#1734 = (
    BOUNDED_CURVE()
    B_SPLINE_CURVE(1, (#1735, #1736), .UNSPECIFIED., .U., .U.)
    B_SPLINE_CURVE_WITH_KNOTS((2, 2), (0.0, 12.0), .UNSPECIFIED.)
    CURVE()
    GEOMETRIC_REPRESENTATION_ITEM()
    RATIONAL_B_SPLINE_CURVE((1.0, 1.0))
    REPRESENTATION_ITEM('')
);
#1735 = CARTESIAN_POINT('', (12.0, 0.0));
#1736 = CARTESIAN_POINT('', (12.0, 12.0));
#1737 = PCURVE('', #1738, #1743);
#1738 = (
    BOUNDED_SURFACE()
    B_SPLINE_SURFACE(1, 1, ((#1739, #1740), (#1741, #1742)), .UNSPECIFIED., .U., .U., .U.)
    B_SPLINE_SURFACE_WITH_KNOTS((2, 2), (2, 2), (0.0, 12.0), (0.0, 1.5), .UNSPECIFIED.)
    GEOMETRIC_REPRESENTATION_ITEM()
    RATIONAL_B_SPLINE_SURFACE(((1.0, 1.0), (1.0, 1.0)))
    REPRESENTATION_ITEM('')
    SURFACE()
);
#1739 = CARTESIAN_POINT('', (12.0, 0.0, 0.0));
#1740 = CARTESIAN_POINT('', (12.0, 0.0, 1.5));
#1741 = CARTESIAN_POINT('', (12.0, 12.0, 0.0));
#1742 = CARTESIAN_POINT('', (12.0, 12.0, 1.5));
#1743 = DEFINITIONAL_REPRESENTATION('', (#1745), #1744);
#1744 = (
    GEOMETRIC_REPRESENTATION_CONTEXT(2)
    PARAMETRIC_REPRESENTATION_CONTEXT()
    REPRESENTATION_CONTEXT('2D SPACE', '')
);
#1745 = (
    BOUNDED_CURVE()
    B_SPLINE_CURVE(1, (#1746, #1747), .UNSPECIFIED., .U., .U.)
    B_SPLINE_CURVE_WITH_KNOTS((2, 2), (0.0, 12.0), .UNSPECIFIED.)
    CURVE()
    GEOMETRIC_REPRESENTATION_ITEM()
    RATIONAL_B_SPLINE_CURVE((1.0, 1.0))
    REPRESENTATION_ITEM('')
);
#1746 = CARTESIAN_POINT('', (0.0, 1.5));
#1747 = CARTESIAN_POINT('', (12.0, 1.5));
#1748 = SURFACE_CURVE('', #1749, (#1752, #1763), .CURVE_3D.);
#1749 = (
    BOUNDED_CURVE()
    B_SPLINE_CURVE(1, (#1750, #1751), .UNSPECIFIED., .U., .U.)
    B_SPLINE_CURVE_WITH_KNOTS((2, 2), (0.0, 12.0), .UNSPECIFIED.)
    CURVE()
    GEOMETRIC_REPRESENTATION_ITEM()
    RATIONAL_B_SPLINE_CURVE((1.0, 1.0))
    REPRESENTATION_ITEM('')
);
#1750 = CARTESIAN_POINT('', (0.0, 12.0, 1.5));
#1751 = CARTESIAN_POINT('', (12.0, 12.0, 1.5));
#1752 = PCURVE('', #1753, #1758);
#1753 = (
    BOUNDED_SURFACE()
    B_SPLINE_SURFACE(1, 1, ((#1754, #1755), (#1756, #1757)), .UNSPECIFIED., .U., .U., .U.)
    B_SPLINE_SURFACE_WITH_KNOTS((2, 2), (2, 2), (0.0, 12.0), (0.0, 12.0), .UNSPECIFIED.)
    GEOMETRIC_REPRESENTATION_ITEM()
    RATIONAL_B_SPLINE_SURFACE(((1.0, 1.0), (1.0, 1.0)))
    REPRESENTATION_ITEM('')
    SURFACE()
);
#1754 = CARTESIAN_POINT('', (0.0, 0.0, 1.5));
#1755 = CARTESIAN_POINT('', (0.0, 12.0, 1.5));
#1756 = CARTESIAN_POINT('', (12.0, 0.0, 1.5));
#1757 = CARTESIAN_POINT('', (12.0, 12.0, 1.5));
#1758 = DEFINITIONAL_REPRESENTATION('', (#1760), #1759);
#1759 = (
    GEOMETRIC_REPRESENTATION_CONTEXT(2)
    PARAMETRIC_REPRESENTATION_CONTEXT()
    REPRESENTATION_CONTEXT('2D SPACE', '')
);
#1760 = (
    BOUNDED_CURVE()
    B_SPLINE_CURVE(1, (#1761, #1762), .UNSPECIFIED., .U., .U.)
    B_SPLINE_CURVE_WITH_KNOTS((2, 2), (0.0, 12.0), .UNSPECIFIED.)
    CURVE()
    GEOMETRIC_REPRESENTATION_ITEM()
    RATIONAL_B_SPLINE_CURVE((1.0, 1.0))
    REPRESENTATION_ITEM('')
);
#1761 = CARTESIAN_POINT('', (0.0, 12.0));
#1762 = CARTESIAN_POINT('', (12.0, 12.0));
#1763 = PCURVE('', #1764, #1769);
#1764 = (
    BOUNDED_SURFACE()
    B_SPLINE_SURFACE(1, 1, ((#1765, #1766), (#1767, #1768)), .UNSPECIFIED., .U., .U., .U.)
    B_SPLINE_SURFACE_WITH_KNOTS((2, 2), (2, 2), (0.0, 1.5), (0.0, 12.0), .UNSPECIFIED.)
    GEOMETRIC_REPRESENTATION_ITEM()
    RATIONAL_B_SPLINE_SURFACE(((1.0, 1.0), (1.0, 1.0)))
    REPRESENTATION_ITEM('')
    SURFACE()
);
#1765 = CARTESIAN_POINT('', (0.0, 12.0, 0.0));
#1766 = CARTESIAN_POINT('', (12.0, 12.0, 0.0));
#1767 = CARTESIAN_POINT('', (0.0, 12.0, 1.5));
#1768 = CARTESIAN_POINT('', (12.0, 12.0, 1.5));
#1769 = DEFINITIONAL_REPRESENTATION('', (#1771), #1770);
#1770 = (
    GEOMETRIC_REPRESENTATION_CONTEXT(2)
    PARAMETRIC_REPRESENTATION_CONTEXT()
    REPRESENTATION_CONTEXT('2D SPACE', '')
);
#1771 = (
    BOUNDED_CURVE()
    B_SPLINE_CURVE(1, (#1772, #1773), .UNSPECIFIED., .U., .U.)
    B_SPLINE_CURVE_WITH_KNOTS((2, 2), (0.0, 12.0), .UNSPECIFIED.)
    CURVE()
    GEOMETRIC_REPRESENTATION_ITEM()
    RATIONAL_B_SPLINE_CURVE((1.0, 1.0))
    REPRESENTATION_ITEM('')
);
#1772 = CARTESIAN_POINT('', (1.5, 0.0));
#1773 = CARTESIAN_POINT('', (1.5, 12.0));
#1774 = SURFACE_CURVE('', #1775, (#1785, #1803), .CURVE_3D.);
#1775 = (
    BOUNDED_CURVE()
    B_SPLINE_CURVE(2, (#1776, #1777, #1778, #1779, #1780, #1781, #1782, #1783, #1784), .UNSPECIFIED., .U., .U.)
    B_SPLINE_CURVE_WITH_KNOTS((3, 2, 2, 2, 3), (0.0, 0.25, 0.5, 0.75, 1.0), .UNSPECIFIED.)
    CURVE()
    GEOMETRIC_REPRESENTATION_ITEM()
    RATIONAL_B_SPLINE_CURVE((1.0, 0.7071067811865476, 1.0, 0.7071067811865476, 1.0, 0.7071067811865476, 1.0, 0.7071067811865476, 1.0))
    REPRESENTATION_ITEM('')
);
#1776 = CARTESIAN_POINT('', (2.25, 1.5, 1.5));
#1777 = CARTESIAN_POINT('', (2.25, 2.25, 1.5));
#1778 = CARTESIAN_POINT('', (1.5, 2.25, 1.5));
#1779 = CARTESIAN_POINT('', (0.75, 2.25, 1.5));
#1780 = CARTESIAN_POINT('', (0.75, 1.5, 1.5));
#1781 = CARTESIAN_POINT('', (0.7499999999999999, 0.75, 1.5));
#1782 = CARTESIAN_POINT('', (1.4999999999999998, 0.75, 1.5));
#1783 = CARTESIAN_POINT('', (2.25, 0.7499999999999998, 1.5));
#1784 = CARTESIAN_POINT('', (2.25, 1.5, 1.5));
#1785 = PCURVE('', #1786, #1791);
#1786 = (
    BOUNDED_SURFACE()
    B_SPLINE_SURFACE(1, 1, ((#1787, #1788), (#1789, #1790)), .UNSPECIFIED., .U., .U., .U.)
    B_SPLINE_SURFACE_WITH_KNOTS((2, 2), (2, 2), (0.0, 12.0), (0.0, 12.0), .UNSPECIFIED.)
    GEOMETRIC_REPRESENTATION_ITEM()
    RATIONAL_B_SPLINE_SURFACE(((1.0, 1.0), (1.0, 1.0)))
    REPRESENTATION_ITEM('')
    SURFACE()
);
#1787 = CARTESIAN_POINT('', (0.0, 0.0, 1.5));
#1788 = CARTESIAN_POINT('', (0.0, 12.0, 1.5));
#1789 = CARTESIAN_POINT('', (12.0, 0.0, 1.5));
#1790 = CARTESIAN_POINT('', (12.0, 12.0, 1.5));
#1791 = DEFINITIONAL_REPRESENTATION('', (#1793), #1792);
#1792 = (
    GEOMETRIC_REPRESENTATION_CONTEXT(2)
    PARAMETRIC_REPRESENTATION_CONTEXT()
    REPRESENTATION_CONTEXT('2D SPACE', '')
);
#1793 = (
    BOUNDED_CURVE()
    B_SPLINE_CURVE(2, (#1794, #1795, #1796, #1797, #1798, #1799, #1800, #1801, #1802), .UNSPECIFIED., .U., .U.)
    B_SPLINE_CURVE_WITH_KNOTS((3, 2, 2, 2, 3), (0.0, 0.25, 0.5, 0.75, 1.0), .UNSPECIFIED.)
    CURVE()
    GEOMETRIC_REPRESENTATION_ITEM()
    RATIONAL_B_SPLINE_CURVE((1.0, 0.7071067811865476, 1.0, 0.7071067811865476, 1.0, 0.7071067811865476, 1.0, 0.7071067811865476, 1.0))
    REPRESENTATION_ITEM('')
);
#1794 = CARTESIAN_POINT('', (2.25, 1.5));
#1795 = CARTESIAN_POINT('', (2.25, 2.25));
#1796 = CARTESIAN_POINT('', (1.5, 2.25));
#1797 = CARTESIAN_POINT('', (0.75, 2.25));
#1798 = CARTESIAN_POINT('', (0.75, 1.5));
#1799 = CARTESIAN_POINT('', (0.7499999999999999, 0.75));
#1800 = CARTESIAN_POINT('', (1.4999999999999998, 0.75));
#1801 = CARTESIAN_POINT('', (2.25, 0.7499999999999998));
#1802 = CARTESIAN_POINT('', (2.25, 1.5));
#1803 = PCURVE('', #1804, #1823);
#1804 = (
    BOUNDED_SURFACE()
    B_SPLINE_SURFACE(2, 1, ((#1805, #1806), (#1807, #1808), (#1809, #1810), (#1811, #1812), (#1813, #1814), (#1815, #1816), (#1817, #1818), (#1819, #1820), (#1821, #1822)), .UNSPECIFIED., .U., .U., .U.)
    B_SPLINE_SURFACE_WITH_KNOTS((3, 2, 2, 2, 3), (2, 2), (0.0, 1.1780972450961729, 2.3561944901923457, 3.5342917352885177, 4.71238898038469), (0.0, 3.5), .UNSPECIFIED.)
    GEOMETRIC_REPRESENTATION_ITEM()
    RATIONAL_B_SPLINE_SURFACE(((1.0, 1.0), (0.7071067811865476, 0.7071067811865476), (1.0, 1.0), (0.7071067811865476, 0.7071067811865476), (1.0, 1.0), (0.7071067811865476, 0.7071067811865476), (1.0, 1.0), (0.7071067811865476, 0.7071067811865476), (1.0, 1.0)))
    REPRESENTATION_ITEM('')
    SURFACE()
);
#1805 = CARTESIAN_POINT('', (2.25, 1.5, -1.0));
#1806 = CARTESIAN_POINT('', (2.25, 1.5, 2.5));
#1807 = CARTESIAN_POINT('', (2.25, 2.25, -1.0));
#1808 = CARTESIAN_POINT('', (2.25, 2.25, 2.5));
#1809 = CARTESIAN_POINT('', (1.5, 2.25, -1.0));
#1810 = CARTESIAN_POINT('', (1.5, 2.25, 2.5));
#1811 = CARTESIAN_POINT('', (0.75, 2.25, -1.0));
#1812 = CARTESIAN_POINT('', (0.75, 2.25, 2.5));
#1813 = CARTESIAN_POINT('', (0.75, 1.5, -1.0));
#1814 = CARTESIAN_POINT('', (0.75, 1.5, 2.5));
#1815 = CARTESIAN_POINT('', (0.7499999999999999, 0.75, -1.0));
#1816 = CARTESIAN_POINT('', (0.7499999999999999, 0.75, 2.5));
#1817 = CARTESIAN_POINT('', (1.4999999999999998, 0.75, -1.0));
#1818 = CARTESIAN_POINT('', (1.4999999999999998, 0.75, 2.5));
#1819 = CARTESIAN_POINT('', (2.25, 0.7499999999999998, -1.0));
#1820 = CARTESIAN_POINT('', (2.25, 0.7499999999999998, 2.5));
#1821 = CARTESIAN_POINT('', (2.25, 1.5, -1.0));
#1822 = CARTESIAN_POINT('', (2.25, 1.5, 2.5));
#1823 = DEFINITIONAL_REPRESENTATION('', (#1825), #1824);
#1824 = (
    GEOMETRIC_REPRESENTATION_CONTEXT(2)
    PARAMETRIC_REPRESENTATION_CONTEXT()
    REPRESENTATION_CONTEXT('2D SPACE', '')
);
#1825 = (
    BOUNDED_CURVE()
    B_SPLINE_CURVE(1, (#1826, #1827), .UNSPECIFIED., .U., .U.)
    B_SPLINE_CURVE_WITH_KNOTS((2, 2), (0.0, 1.0), .UNSPECIFIED.)
    CURVE()
    GEOMETRIC_REPRESENTATION_ITEM()
    RATIONAL_B_SPLINE_CURVE((1.0, 1.0))
    REPRESENTATION_ITEM('')
);
#1826 = CARTESIAN_POINT('', (0.0, 2.5));
#1827 = CARTESIAN_POINT('', (4.71238898038469, 2.5));
#1828 = SURFACE_CURVE('', #1829, (#1839, #1857), .CURVE_3D.);
#1829 = (
    BOUNDED_CURVE()
    B_SPLINE_CURVE(2, (#1830, #1831, #1832, #1833, #1834, #1835, #1836, #1837, #1838), .UNSPECIFIED., .U., .U.)
    B_SPLINE_CURVE_WITH_KNOTS((3, 2, 2, 2, 3), (0.0, 0.25, 0.5, 0.75, 1.0), .UNSPECIFIED.)
    CURVE()
    GEOMETRIC_REPRESENTATION_ITEM()
    RATIONAL_B_SPLINE_CURVE((1.0, 0.7071067811865476, 1.0, 0.7071067811865476, 1.0, 0.7071067811865476, 1.0, 0.7071067811865476, 1.0))
    REPRESENTATION_ITEM('')
);
#1830 = CARTESIAN_POINT('', (2.25, 4.5, 1.5));
#1831 = CARTESIAN_POINT('', (2.25, 5.25, 1.5));
#1832 = CARTESIAN_POINT('', (1.5, 5.25, 1.5));
#1833 = CARTESIAN_POINT('', (0.75, 5.25, 1.5));
#1834 = CARTESIAN_POINT('', (0.75, 4.5, 1.5));
#1835 = CARTESIAN_POINT('', (0.7499999999999999, 3.75, 1.5));
#1836 = CARTESIAN_POINT('', (1.4999999999999998, 3.75, 1.5));
#1837 = CARTESIAN_POINT('', (2.25, 3.75, 1.5));
#1838 = CARTESIAN_POINT('', (2.25, 4.5, 1.5));
#1839 = PCURVE('', #1840, #1845);
#1840 = (
    BOUNDED_SURFACE()
    B_SPLINE_SURFACE(1, 1, ((#1841, #1842), (#1843, #1844)), .UNSPECIFIED., .U., .U., .U.)
    B_SPLINE_SURFACE_WITH_KNOTS((2, 2), (2, 2), (0.0, 12.0), (0.0, 12.0), .UNSPECIFIED.)
    GEOMETRIC_REPRESENTATION_ITEM()
    RATIONAL_B_SPLINE_SURFACE(((1.0, 1.0), (1.0, 1.0)))
    REPRESENTATION_ITEM('')
    SURFACE()
);
#1841 = CARTESIAN_POINT('', (0.0, 0.0, 1.5));
#1842 = CARTESIAN_POINT('', (0.0, 12.0, 1.5));
#1843 = CARTESIAN_POINT('', (12.0, 0.0, 1.5));
#1844 = CARTESIAN_POINT('', (12.0, 12.0, 1.5));
#1845 = DEFINITIONAL_REPRESENTATION('', (#1847), #1846);
#1846 = (
    GEOMETRIC_REPRESENTATION_CONTEXT(2)
    PARAMETRIC_REPRESENTATION_CONTEXT()
    REPRESENTATION_CONTEXT('2D SPACE', '')
);
#1847 = (
    BOUNDED_CURVE()
    B_SPLINE_CURVE(2, (#1848, #1849, #1850, #1851, #1852, #1853, #1854, #1855, #1856), .UNSPECIFIED., .U., .U.)
    B_SPLINE_CURVE_WITH_KNOTS((3, 2, 2, 2, 3), (0.0, 0.25, 0.5, 0.75, 1.0), .UNSPECIFIED.)
    CURVE()
    GEOMETRIC_REPRESENTATION_ITEM()
    RATIONAL_B_SPLINE_CURVE((1.0, 0.7071067811865476, 1.0, 0.7071067811865476, 1.0, 0.7071067811865476, 1.0, 0.7071067811865476, 1.0))
    REPRESENTATION_ITEM('')
);
#1848 = CARTESIAN_POINT('', (2.25, 4.5));
#1849 = CARTESIAN_POINT('', (2.25, 5.25));
#1850 = CARTESIAN_POINT('', (1.5, 5.25));
#1851 = CARTESIAN_POINT('', (0.75, 5.25));
#1852 = CARTESIAN_POINT('', (0.75, 4.5));
#1853 = CARTESIAN_POINT('', (0.7499999999999999, 3.75));
#1854 = CARTESIAN_POINT('', (1.4999999999999998, 3.75));
#1855 = CARTESIAN_POINT('', (2.25, 3.75));
#1856 = CARTESIAN_POINT('', (2.25, 4.5));
#1857 = PCURVE('', #1858, #1877);
#1858 = (
    BOUNDED_SURFACE()
    B_SPLINE_SURFACE(2, 1, ((#1859, #1860), (#1861, #1862), (#1863, #1864), (#1865, #1866), (#1867, #1868), (#1869, #1870), (#1871, #1872), (#1873, #1874), (#1875, #1876)), .UNSPECIFIED., .U., .U., .U.)
    B_SPLINE_SURFACE_WITH_KNOTS((3, 2, 2, 2, 3), (2, 2), (0.0, 1.1780972450961729, 2.3561944901923453, 3.5342917352885173, 4.71238898038469), (0.0, 3.5), .UNSPECIFIED.)
    GEOMETRIC_REPRESENTATION_ITEM()
    RATIONAL_B_SPLINE_SURFACE(((1.0, 1.0), (0.7071067811865476, 0.7071067811865476), (1.0, 1.0), (0.7071067811865476, 0.7071067811865476), (1.0, 1.0), (0.7071067811865476, 0.7071067811865476), (1.0, 1.0), (0.7071067811865476, 0.7071067811865476), (1.0, 1.0)))
    REPRESENTATION_ITEM('')
    SURFACE()
);
#1859 = CARTESIAN_POINT('', (2.25, 4.5, -1.0));
#1860 = CARTESIAN_POINT('', (2.25, 4.5, 2.5));
#1861 = CARTESIAN_POINT('', (2.25, 5.25, -1.0));
#1862 = CARTESIAN_POINT('', (2.25, 5.25, 2.5));
#1863 = CARTESIAN_POINT('', (1.5, 5.25, -1.0));
#1864 = CARTESIAN_POINT('', (1.5, 5.25, 2.5));
#1865 = CARTESIAN_POINT('', (0.75, 5.25, -1.0));
#1866 = CARTESIAN_POINT('', (0.75, 5.25, 2.5));
#1867 = CARTESIAN_POINT('', (0.75, 4.5, -1.0));
#1868 = CARTESIAN_POINT('', (0.75, 4.5, 2.5));
#1869 = CARTESIAN_POINT('', (0.7499999999999999, 3.75, -1.0));
#1870 = CARTESIAN_POINT('', (0.7499999999999999, 3.75, 2.5));
#1871 = CARTESIAN_POINT('', (1.4999999999999998, 3.75, -1.0));
#1872 = CARTESIAN_POINT('', (1.4999999999999998, 3.75, 2.5));
#1873 = CARTESIAN_POINT('', (2.25, 3.75, -1.0));
#1874 = CARTESIAN_POINT('', (2.25, 3.75, 2.5));
#1875 = CARTESIAN_POINT('', (2.25, 4.5, -1.0));
#1876 = CARTESIAN_POINT('', (2.25, 4.5, 2.5));
#1877 = DEFINITIONAL_REPRESENTATION('', (#1879), #1878);
#1878 = (
    GEOMETRIC_REPRESENTATION_CONTEXT(2)
    PARAMETRIC_REPRESENTATION_CONTEXT()
    REPRESENTATION_CONTEXT('2D SPACE', '')
);
#1879 = (
    BOUNDED_CURVE()
    B_SPLINE_CURVE(1, (#1880, #1881), .UNSPECIFIED., .U., .U.)
    B_SPLINE_CURVE_WITH_KNOTS((2, 2), (0.0, 1.0), .UNSPECIFIED.)
    CURVE()
    GEOMETRIC_REPRESENTATION_ITEM()
    RATIONAL_B_SPLINE_CURVE((1.0, 1.0))
    REPRESENTATION_ITEM('')
);
#1880 = CARTESIAN_POINT('', (0.0, 2.5));
#1881 = CARTESIAN_POINT('', (4.71238898038469, 2.5));
#1882 = SURFACE_CURVE('', #1883, (#1893, #1911), .CURVE_3D.);
#1883 = (
    BOUNDED_CURVE()
    B_SPLINE_CURVE(2, (#1884, #1885, #1886, #1887, #1888, #1889, #1890, #1891, #1892), .UNSPECIFIED., .U., .U.)
    B_SPLINE_CURVE_WITH_KNOTS((3, 2, 2, 2, 3), (0.0, 0.25, 0.5, 0.75, 1.0), .UNSPECIFIED.)
    CURVE()
    GEOMETRIC_REPRESENTATION_ITEM()
    RATIONAL_B_SPLINE_CURVE((1.0, 0.7071067811865476, 1.0, 0.7071067811865476, 1.0, 0.7071067811865476, 1.0, 0.7071067811865476, 1.0))
    REPRESENTATION_ITEM('')
);
#1884 = CARTESIAN_POINT('', (2.25, 7.5, 1.5));
#1885 = CARTESIAN_POINT('', (2.25, 8.25, 1.5));
#1886 = CARTESIAN_POINT('', (1.5, 8.25, 1.5));
#1887 = CARTESIAN_POINT('', (0.75, 8.25, 1.5));
#1888 = CARTESIAN_POINT('', (0.75, 7.5, 1.5));
#1889 = CARTESIAN_POINT('', (0.7499999999999999, 6.75, 1.5));
#1890 = CARTESIAN_POINT('', (1.4999999999999998, 6.75, 1.5));
#1891 = CARTESIAN_POINT('', (2.25, 6.75, 1.5));
#1892 = CARTESIAN_POINT('', (2.25, 7.5, 1.5));
#1893 = PCURVE('', #1894, #1899);
#1894 = (
    BOUNDED_SURFACE()
    B_SPLINE_SURFACE(1, 1, ((#1895, #1896), (#1897, #1898)), .UNSPECIFIED., .U., .U., .U.)
    B_SPLINE_SURFACE_WITH_KNOTS((2, 2), (2, 2), (0.0, 12.0), (0.0, 12.0), .UNSPECIFIED.)
    GEOMETRIC_REPRESENTATION_ITEM()
    RATIONAL_B_SPLINE_SURFACE(((1.0, 1.0), (1.0, 1.0)))
    REPRESENTATION_ITEM('')
    SURFACE()
);
#1895 = CARTESIAN_POINT('', (0.0, 0.0, 1.5));
#1896 = CARTESIAN_POINT('', (0.0, 12.0, 1.5));
#1897 = CARTESIAN_POINT('', (12.0, 0.0, 1.5));
#1898 = CARTESIAN_POINT('', (12.0, 12.0, 1.5));
#1899 = DEFINITIONAL_REPRESENTATION('', (#1901), #1900);
#1900 = (
    GEOMETRIC_REPRESENTATION_CONTEXT(2)
    PARAMETRIC_REPRESENTATION_CONTEXT()
    REPRESENTATION_CONTEXT('2D SPACE', '')
);
#1901 = (
    BOUNDED_CURVE()
    B_SPLINE_CURVE(2, (#1902, #1903, #1904, #1905, #1906, #1907, #1908, #1909, #1910), .UNSPECIFIED., .U., .U.)
    B_SPLINE_CURVE_WITH_KNOTS((3, 2, 2, 2, 3), (0.0, 0.25, 0.5, 0.75, 1.0), .UNSPECIFIED.)
    CURVE()
    GEOMETRIC_REPRESENTATION_ITEM()
    RATIONAL_B_SPLINE_CURVE((1.0, 0.7071067811865476, 1.0, 0.7071067811865476, 1.0, 0.7071067811865476, 1.0, 0.7071067811865476, 1.0))
    REPRESENTATION_ITEM('')
);
#1902 = CARTESIAN_POINT('', (2.25, 7.5));
#1903 = CARTESIAN_POINT('', (2.25, 8.25));
#1904 = CARTESIAN_POINT('', (1.5, 8.25));
#1905 = CARTESIAN_POINT('', (0.75, 8.25));
#1906 = CARTESIAN_POINT('', (0.75, 7.5));
#1907 = CARTESIAN_POINT('', (0.7499999999999999, 6.75));
#1908 = CARTESIAN_POINT('', (1.4999999999999998, 6.75));
#1909 = CARTESIAN_POINT('', (2.25, 6.75));
#1910 = CARTESIAN_POINT('', (2.25, 7.5));
#1911 = PCURVE('', #1912, #1931);
#1912 = (
    BOUNDED_SURFACE()
    B_SPLINE_SURFACE(2, 1, ((#1913, #1914), (#1915, #1916), (#1917, #1918), (#1919, #1920), (#1921, #1922), (#1923, #1924), (#1925, #1926), (#1927, #1928), (#1929, #1930)), .UNSPECIFIED., .U., .U., .U.)
    B_SPLINE_SURFACE_WITH_KNOTS((3, 2, 2, 2, 3), (2, 2), (0.0, 1.1780972450961729, 2.3561944901923457, 3.5342917352885177, 4.71238898038469), (0.0, 3.5), .UNSPECIFIED.)
    GEOMETRIC_REPRESENTATION_ITEM()
    RATIONAL_B_SPLINE_SURFACE(((1.0, 1.0), (0.7071067811865476, 0.7071067811865476), (1.0, 1.0), (0.7071067811865476, 0.7071067811865476), (1.0, 1.0), (0.7071067811865476, 0.7071067811865476), (1.0, 1.0), (0.7071067811865476, 0.7071067811865476), (1.0, 1.0)))
    REPRESENTATION_ITEM('')
    SURFACE()
);
#1913 = CARTESIAN_POINT('', (2.25, 7.5, -1.0));
#1914 = CARTESIAN_POINT('', (2.25, 7.5, 2.5));
#1915 = CARTESIAN_POINT('', (2.25, 8.25, -1.0));
#1916 = CARTESIAN_POINT('', (2.25, 8.25, 2.5));
#1917 = CARTESIAN_POINT('', (1.5, 8.25, -1.0));
#1918 = CARTESIAN_POINT('', (1.5, 8.25, 2.5));
#1919 = CARTESIAN_POINT('', (0.75, 8.25, -1.0));
#1920 = CARTESIAN_POINT('', (0.75, 8.25, 2.5));
#1921 = CARTESIAN_POINT('', (0.75, 7.5, -1.0));
#1922 = CARTESIAN_POINT('', (0.75, 7.5, 2.5));
#1923 = CARTESIAN_POINT('', (0.7499999999999999, 6.75, -1.0));
#1924 = CARTESIAN_POINT('', (0.7499999999999999, 6.75, 2.5));
#1925 = CARTESIAN_POINT('', (1.4999999999999998, 6.75, -1.0));
#1926 = CARTESIAN_POINT('', (1.4999999999999998, 6.75, 2.5));
#1927 = CARTESIAN_POINT('', (2.25, 6.75, -1.0));
#1928 = CARTESIAN_POINT('', (2.25, 6.75, 2.5));
#1929 = CARTESIAN_POINT('', (2.25, 7.5, -1.0));
#1930 = CARTESIAN_POINT('', (2.25, 7.5, 2.5));
#1931 = DEFINITIONAL_REPRESENTATION('', (#1933), #1932);
#1932 = (
    GEOMETRIC_REPRESENTATION_CONTEXT(2)
    PARAMETRIC_REPRESENTATION_CONTEXT()
    REPRESENTATION_CONTEXT('2D SPACE', '')
);
#1933 = (
    BOUNDED_CURVE()
    B_SPLINE_CURVE(1, (#1934, #1935), .UNSPECIFIED., .U., .U.)
    B_SPLINE_CURVE_WITH_KNOTS((2, 2), (0.0, 1.0), .UNSPECIFIED.)
    CURVE()
    GEOMETRIC_REPRESENTATION_ITEM()
    RATIONAL_B_SPLINE_CURVE((1.0, 1.0))
    REPRESENTATION_ITEM('')
);
#1934 = CARTESIAN_POINT('', (0.0, 2.5));
#1935 = CARTESIAN_POINT('', (4.71238898038469, 2.5));
#1936 = SURFACE_CURVE('', #1937, (#1947, #1965), .CURVE_3D.);
#1937 = (
    BOUNDED_CURVE()
    B_SPLINE_CURVE(2, (#1938, #1939, #1940, #1941, #1942, #1943, #1944, #1945, #1946), .UNSPECIFIED., .U., .U.)
    B_SPLINE_CURVE_WITH_KNOTS((3, 2, 2, 2, 3), (0.0, 0.25, 0.5, 0.75, 1.0), .UNSPECIFIED.)
    CURVE()
    GEOMETRIC_REPRESENTATION_ITEM()
    RATIONAL_B_SPLINE_CURVE((1.0, 0.7071067811865476, 1.0, 0.7071067811865476, 1.0, 0.7071067811865476, 1.0, 0.7071067811865476, 1.0))
    REPRESENTATION_ITEM('')
);
#1938 = CARTESIAN_POINT('', (2.25, 10.5, 1.5));
#1939 = CARTESIAN_POINT('', (2.25, 11.25, 1.5));
#1940 = CARTESIAN_POINT('', (1.5, 11.25, 1.5));
#1941 = CARTESIAN_POINT('', (0.75, 11.25, 1.5));
#1942 = CARTESIAN_POINT('', (0.75, 10.5, 1.5));
#1943 = CARTESIAN_POINT('', (0.7499999999999999, 9.75, 1.5));
#1944 = CARTESIAN_POINT('', (1.4999999999999998, 9.75, 1.5));
#1945 = CARTESIAN_POINT('', (2.25, 9.75, 1.5));
#1946 = CARTESIAN_POINT('', (2.25, 10.5, 1.5));
#1947 = PCURVE('', #1948, #1953);
#1948 = (
    BOUNDED_SURFACE()
    B_SPLINE_SURFACE(1, 1, ((#1949, #1950), (#1951, #1952)), .UNSPECIFIED., .U., .U., .U.)
    B_SPLINE_SURFACE_WITH_KNOTS((2, 2), (2, 2), (0.0, 12.0), (0.0, 12.0), .UNSPECIFIED.)
    GEOMETRIC_REPRESENTATION_ITEM()
    RATIONAL_B_SPLINE_SURFACE(((1.0, 1.0), (1.0, 1.0)))
    REPRESENTATION_ITEM('')
    SURFACE()
);
#1949 = CARTESIAN_POINT('', (0.0, 0.0, 1.5));
#1950 = CARTESIAN_POINT('', (0.0, 12.0, 1.5));
#1951 = CARTESIAN_POINT('', (12.0, 0.0, 1.5));
#1952 = CARTESIAN_POINT('', (12.0, 12.0, 1.5));
#1953 = DEFINITIONAL_REPRESENTATION('', (#1955), #1954);
#1954 = (
    GEOMETRIC_REPRESENTATION_CONTEXT(2)
    PARAMETRIC_REPRESENTATION_CONTEXT()
    REPRESENTATION_CONTEXT('2D SPACE', '')
);
#1955 = (
    BOUNDED_CURVE()
    B_SPLINE_CURVE(2, (#1956, #1957, #1958, #1959, #1960, #1961, #1962, #1963, #1964), .UNSPECIFIED., .U., .U.)
    B_SPLINE_CURVE_WITH_KNOTS((3, 2, 2, 2, 3), (0.0, 0.25, 0.5, 0.75, 1.0), .UNSPECIFIED.)
    CURVE()
    GEOMETRIC_REPRESENTATION_ITEM()
    RATIONAL_B_SPLINE_CURVE((1.0, 0.7071067811865476, 1.0, 0.7071067811865476, 1.0, 0.7071067811865476, 1.0, 0.7071067811865476, 1.0))
    REPRESENTATION_ITEM('')
);
#1956 = CARTESIAN_POINT('', (2.25, 10.5));
#1957 = CARTESIAN_POINT('', (2.25, 11.25));
#1958 = CARTESIAN_POINT('', (1.5, 11.25));
#1959 = CARTESIAN_POINT('', (0.75, 11.25));
#1960 = CARTESIAN_POINT('', (0.75, 10.5));
#1961 = CARTESIAN_POINT('', (0.7499999999999999, 9.75));
#1962 = CARTESIAN_POINT('', (1.4999999999999998, 9.75));
#1963 = CARTESIAN_POINT('', (2.25, 9.75));
#1964 = CARTESIAN_POINT('', (2.25, 10.5));
#1965 = PCURVE('', #1966, #1985);
#1966 = (
    BOUNDED_SURFACE()
    B_SPLINE_SURFACE(2, 1, ((#1967, #1968), (#1969, #1970), (#1971, #1972), (#1973, #1974), (#1975, #1976), (#1977, #1978), (#1979, #1980), (#1981, #1982), (#1983, #1984)), .UNSPECIFIED., .U., .U., .U.)
    B_SPLINE_SURFACE_WITH_KNOTS((3, 2, 2, 2, 3), (2, 2), (0.0, 1.1780972450961729, 2.3561944901923457, 3.5342917352885177, 4.71238898038469), (0.0, 3.5), .UNSPECIFIED.)
    GEOMETRIC_REPRESENTATION_ITEM()
    RATIONAL_B_SPLINE_SURFACE(((1.0, 1.0), (0.7071067811865476, 0.7071067811865476), (1.0, 1.0), (0.7071067811865476, 0.7071067811865476), (1.0, 1.0), (0.7071067811865476, 0.7071067811865476), (1.0, 1.0), (0.7071067811865476, 0.7071067811865476), (1.0, 1.0)))
    REPRESENTATION_ITEM('')
    SURFACE()
);
#1967 = CARTESIAN_POINT('', (2.25, 10.5, -1.0));
#1968 = CARTESIAN_POINT('', (2.25, 10.5, 2.5));
#1969 = CARTESIAN_POINT('', (2.25, 11.25, -1.0));
#1970 = CARTESIAN_POINT('', (2.25, 11.25, 2.5));
#1971 = CARTESIAN_POINT('', (1.5, 11.25, -1.0));
#1972 = CARTESIAN_POINT('', (1.5, 11.25, 2.5));
#1973 = CARTESIAN_POINT('', (0.75, 11.25, -1.0));
#1974 = CARTESIAN_POINT('', (0.75, 11.25, 2.5));
#1975 = CARTESIAN_POINT('', (0.75, 10.5, -1.0));
#1976 = CARTESIAN_POINT('', (0.75, 10.5, 2.5));
#1977 = CARTESIAN_POINT('', (0.7499999999999999, 9.75, -1.0));
#1978 = CARTESIAN_POINT('', (0.7499999999999999, 9.75, 2.5));
#1979 = CARTESIAN_POINT('', (1.4999999999999998, 9.75, -1.0));
#1980 = CARTESIAN_POINT('', (1.4999999999999998, 9.75, 2.5));
#1981 = CARTESIAN_POINT('', (2.25, 9.75, -1.0));
#1982 = CARTESIAN_POINT('', (2.25, 9.75, 2.5));
#1983 = CARTESIAN_POINT('', (2.25, 10.5, -1.0));
#1984 = CARTESIAN_POINT('', (2.25, 10.5, 2.5));
#1985 = DEFINITIONAL_REPRESENTATION('', (#1987), #1986);
#1986 = (
    GEOMETRIC_REPRESENTATION_CONTEXT(2)
    PARAMETRIC_REPRESENTATION_CONTEXT()
    REPRESENTATION_CONTEXT('2D SPACE', '')
);
#1987 = (
    BOUNDED_CURVE()
    B_SPLINE_CURVE(1, (#1988, #1989), .UNSPECIFIED., .U., .U.)
    B_SPLINE_CURVE_WITH_KNOTS((2, 2), (0.0, 1.0), .UNSPECIFIED.)
    CURVE()
    GEOMETRIC_REPRESENTATION_ITEM()
    RATIONAL_B_SPLINE_CURVE((1.0, 1.0))
    REPRESENTATION_ITEM('')
);
#1988 = CARTESIAN_POINT('', (0.0, 2.5));
#1989 = CARTESIAN_POINT('', (4.71238898038469, 2.5));
#1990 = SURFACE_CURVE('', #1991, (#2001, #2019), .CURVE_3D.);
#1991 = (
    BOUNDED_CURVE()
    B_SPLINE_CURVE(2, (#1992, #1993, #1994, #1995, #1996, #1997, #1998, #1999, #2000), .UNSPECIFIED., .U., .U.)
    B_SPLINE_CURVE_WITH_KNOTS((3, 2, 2, 2, 3), (0.0, 0.25, 0.5, 0.75, 1.0), .UNSPECIFIED.)
    CURVE()
    GEOMETRIC_REPRESENTATION_ITEM()
    RATIONAL_B_SPLINE_CURVE((1.0, 0.7071067811865476, 1.0, 0.7071067811865476, 1.0, 0.7071067811865476, 1.0, 0.7071067811865476, 1.0))
    REPRESENTATION_ITEM('')
);
#1992 = CARTESIAN_POINT('', (5.25, 1.5, 1.5));
#1993 = CARTESIAN_POINT('', (5.25, 2.25, 1.5));
#1994 = CARTESIAN_POINT('', (4.5, 2.25, 1.5));
#1995 = CARTESIAN_POINT('', (3.75, 2.25, 1.5));
#1996 = CARTESIAN_POINT('', (3.75, 1.5, 1.5));
#1997 = CARTESIAN_POINT('', (3.75, 0.75, 1.5));
#1998 = CARTESIAN_POINT('', (4.5, 0.75, 1.5));
#1999 = CARTESIAN_POINT('', (5.25, 0.7499999999999998, 1.5));
#2000 = CARTESIAN_POINT('', (5.25, 1.5, 1.5));
#2001 = PCURVE('', #2002, #2007);
#2002 = (
    BOUNDED_SURFACE()
    B_SPLINE_SURFACE(1, 1, ((#2003, #2004), (#2005, #2006)), .UNSPECIFIED., .U., .U., .U.)
    B_SPLINE_SURFACE_WITH_KNOTS((2, 2), (2, 2), (0.0, 12.0), (0.0, 12.0), .UNSPECIFIED.)
    GEOMETRIC_REPRESENTATION_ITEM()
    RATIONAL_B_SPLINE_SURFACE(((1.0, 1.0), (1.0, 1.0)))
    REPRESENTATION_ITEM('')
    SURFACE()
);
#2003 = CARTESIAN_POINT('', (0.0, 0.0, 1.5));
#2004 = CARTESIAN_POINT('', (0.0, 12.0, 1.5));
#2005 = CARTESIAN_POINT('', (12.0, 0.0, 1.5));
#2006 = CARTESIAN_POINT('', (12.0, 12.0, 1.5));
#2007 = DEFINITIONAL_REPRESENTATION('', (#2009), #2008);
#2008 = (
    GEOMETRIC_REPRESENTATION_CONTEXT(2)
    PARAMETRIC_REPRESENTATION_CONTEXT()
    REPRESENTATION_CONTEXT('2D SPACE', '')
);
#2009 = (
    BOUNDED_CURVE()
    B_SPLINE_CURVE(2, (#2010, #2011, #2012, #2013, #2014, #2015, #2016, #2017, #2018), .UNSPECIFIED., .U., .U.)
    B_SPLINE_CURVE_WITH_KNOTS((3, 2, 2, 2, 3), (0.0, 0.25, 0.5, 0.75, 1.0), .UNSPECIFIED.)
    CURVE()
    GEOMETRIC_REPRESENTATION_ITEM()
    RATIONAL_B_SPLINE_CURVE((1.0, 0.7071067811865476, 1.0, 0.7071067811865476, 1.0, 0.7071067811865476, 1.0, 0.7071067811865476, 1.0))
    REPRESENTATION_ITEM('')
);
#2010 = CARTESIAN_POINT('', (5.25, 1.5));
#2011 = CARTESIAN_POINT('', (5.25, 2.25));
#2012 = CARTESIAN_POINT('', (4.5, 2.25));
#2013 = CARTESIAN_POINT('', (3.75, 2.25));
#2014 = CARTESIAN_POINT('', (3.75, 1.5));
#2015 = CARTESIAN_POINT('', (3.75, 0.75));
#2016 = CARTESIAN_POINT('', (4.5, 0.75));
#2017 = CARTESIAN_POINT('', (5.25, 0.7499999999999998));
#2018 = CARTESIAN_POINT('', (5.25, 1.5));
#2019 = PCURVE('', #2020, #2039);
#2020 = (
    BOUNDED_SURFACE()
    B_SPLINE_SURFACE(2, 1, ((#2021, #2022), (#2023, #2024), (#2025, #2026), (#2027, #2028), (#2029, #2030), (#2031, #2032), (#2033, #2034), (#2035, #2036), (#2037, #2038)), .UNSPECIFIED., .U., .U., .U.)
    B_SPLINE_SURFACE_WITH_KNOTS((3, 2, 2, 2, 3), (2, 2), (0.0, 1.1780972450961726, 2.3561944901923453, 3.5342917352885177, 4.712388980384689), (0.0, 3.5), .UNSPECIFIED.)
    GEOMETRIC_REPRESENTATION_ITEM()
    RATIONAL_B_SPLINE_SURFACE(((1.0, 1.0), (0.7071067811865476, 0.7071067811865476), (1.0, 1.0), (0.7071067811865476, 0.7071067811865476), (1.0, 1.0), (0.7071067811865476, 0.7071067811865476), (1.0, 1.0), (0.7071067811865476, 0.7071067811865476), (1.0, 1.0)))
    REPRESENTATION_ITEM('')
    SURFACE()
);
#2021 = CARTESIAN_POINT('', (5.25, 1.5, -1.0));
#2022 = CARTESIAN_POINT('', (5.25, 1.5, 2.5));
#2023 = CARTESIAN_POINT('', (5.25, 2.25, -1.0));
#2024 = CARTESIAN_POINT('', (5.25, 2.25, 2.5));
#2025 = CARTESIAN_POINT('', (4.5, 2.25, -1.0));
#2026 = CARTESIAN_POINT('', (4.5, 2.25, 2.5));
#2027 = CARTESIAN_POINT('', (3.75, 2.25, -1.0));
#2028 = CARTESIAN_POINT('', (3.75, 2.25, 2.5));
#2029 = CARTESIAN_POINT('', (3.75, 1.5, -1.0));
#2030 = CARTESIAN_POINT('', (3.75, 1.5, 2.5));
#2031 = CARTESIAN_POINT('', (3.75, 0.75, -1.0));
#2032 = CARTESIAN_POINT('', (3.75, 0.75, 2.5));
#2033 = CARTESIAN_POINT('', (4.5, 0.75, -1.0));
#2034 = CARTESIAN_POINT('', (4.5, 0.75, 2.5));
#2035 = CARTESIAN_POINT('', (5.25, 0.7499999999999998, -1.0));
#2036 = CARTESIAN_POINT('', (5.25, 0.7499999999999998, 2.5));
#2037 = CARTESIAN_POINT('', (5.25, 1.5, -1.0));
#2038 = CARTESIAN_POINT('', (5.25, 1.5, 2.5));
#2039 = DEFINITIONAL_REPRESENTATION('', (#2041), #2040);
#2040 = (
    GEOMETRIC_REPRESENTATION_CONTEXT(2)
    PARAMETRIC_REPRESENTATION_CONTEXT()
    REPRESENTATION_CONTEXT('2D SPACE', '')
);
#2041 = (
    BOUNDED_CURVE()
    B_SPLINE_CURVE(1, (#2042, #2043), .UNSPECIFIED., .U., .U.)
    B_SPLINE_CURVE_WITH_KNOTS((2, 2), (0.0, 1.0), .UNSPECIFIED.)
    CURVE()
    GEOMETRIC_REPRESENTATION_ITEM()
    RATIONAL_B_SPLINE_CURVE((1.0, 1.0))
    REPRESENTATION_ITEM('')
);
#2042 = CARTESIAN_POINT('', (0.0, 2.5));
#2043 = CARTESIAN_POINT('', (4.712388980384688, 2.5));
#2044 = SURFACE_CURVE('', #2045, (#2055, #2073), .CURVE_3D.);
#2045 = (
    BOUNDED_CURVE()
    B_SPLINE_CURVE(2, (#2046, #2047, #2048, #2049, #2050, #2051, #2052, #2053, #2054), .UNSPECIFIED., .U., .U.)
    B_SPLINE_CURVE_WITH_KNOTS((3, 2, 2, 2, 3), (0.0, 0.25, 0.5, 0.75, 1.0), .UNSPECIFIED.)
    CURVE()
    GEOMETRIC_REPRESENTATION_ITEM()
    RATIONAL_B_SPLINE_CURVE((1.0, 0.7071067811865476, 1.0, 0.7071067811865476, 1.0, 0.7071067811865476, 1.0, 0.7071067811865476, 1.0))
    REPRESENTATION_ITEM('')
);
#2046 = CARTESIAN_POINT('', (5.25, 4.5, 1.5));
#2047 = CARTESIAN_POINT('', (5.25, 5.25, 1.5));
#2048 = CARTESIAN_POINT('', (4.5, 5.25, 1.5));
#2049 = CARTESIAN_POINT('', (3.75, 5.25, 1.5));
#2050 = CARTESIAN_POINT('', (3.75, 4.5, 1.5));
#2051 = CARTESIAN_POINT('', (3.75, 3.75, 1.5));
#2052 = CARTESIAN_POINT('', (4.5, 3.75, 1.5));
#2053 = CARTESIAN_POINT('', (5.25, 3.75, 1.5));
#2054 = CARTESIAN_POINT('', (5.25, 4.5, 1.5));
#2055 = PCURVE('', #2056, #2061);
#2056 = (
    BOUNDED_SURFACE()
    B_SPLINE_SURFACE(1, 1, ((#2057, #2058), (#2059, #2060)), .UNSPECIFIED., .U., .U., .U.)
    B_SPLINE_SURFACE_WITH_KNOTS((2, 2), (2, 2), (0.0, 12.0), (0.0, 12.0), .UNSPECIFIED.)
    GEOMETRIC_REPRESENTATION_ITEM()
    RATIONAL_B_SPLINE_SURFACE(((1.0, 1.0), (1.0, 1.0)))
    REPRESENTATION_ITEM('')
    SURFACE()
);
#2057 = CARTESIAN_POINT('', (0.0, 0.0, 1.5));
#2058 = CARTESIAN_POINT('', (0.0, 12.0, 1.5));
#2059 = CARTESIAN_POINT('', (12.0, 0.0, 1.5));
#2060 = CARTESIAN_POINT('', (12.0, 12.0, 1.5));
#2061 = DEFINITIONAL_REPRESENTATION('', (#2063), #2062);
#2062 = (
    GEOMETRIC_REPRESENTATION_CONTEXT(2)
    PARAMETRIC_REPRESENTATION_CONTEXT()
    REPRESENTATION_CONTEXT('2D SPACE', '')
);
#2063 = (
    BOUNDED_CURVE()
    B_SPLINE_CURVE(2, (#2064, #2065, #2066, #2067, #2068, #2069, #2070, #2071, #2072), .UNSPECIFIED., .U., .U.)
    B_SPLINE_CURVE_WITH_KNOTS((3, 2, 2, 2, 3), (0.0, 0.25, 0.5, 0.75, 1.0), .UNSPECIFIED.)
    CURVE()
    GEOMETRIC_REPRESENTATION_ITEM()
    RATIONAL_B_SPLINE_CURVE((1.0, 0.7071067811865476, 1.0, 0.7071067811865476, 1.0, 0.7071067811865476, 1.0, 0.7071067811865476, 1.0))
    REPRESENTATION_ITEM('')
);
#2064 = CARTESIAN_POINT('', (5.25, 4.5));
#2065 = CARTESIAN_POINT('', (5.25, 5.25));
#2066 = CARTESIAN_POINT('', (4.5, 5.25));
#2067 = CARTESIAN_POINT('', (3.75, 5.25));
#2068 = CARTESIAN_POINT('', (3.75, 4.5));
#2069 = CARTESIAN_POINT('', (3.75, 3.75));
#2070 = CARTESIAN_POINT('', (4.5, 3.75));
#2071 = CARTESIAN_POINT('', (5.25, 3.75));
#2072 = CARTESIAN_POINT('', (5.25, 4.5));
#2073 = PCURVE('', #2074, #2093);
#2074 = (
    BOUNDED_SURFACE()
    B_SPLINE_SURFACE(2, 1, ((#2075, #2076), (#2077, #2078), (#2079, #2080), (#2081, #2082), (#2083, #2084), (#2085, #2086), (#2087, #2088), (#2089, #2090), (#2091, #2092)), .UNSPECIFIED., .U., .U., .U.)
    B_SPLINE_SURFACE_WITH_KNOTS((3, 2, 2, 2, 3), (2, 2), (0.0, 1.1780972450961724, 2.356194490192345, 3.534291735288517, 4.712388980384689), (0.0, 3.5), .UNSPECIFIED.)
    GEOMETRIC_REPRESENTATION_ITEM()
    RATIONAL_B_SPLINE_SURFACE(((1.0, 1.0), (0.7071067811865476, 0.7071067811865476), (1.0, 1.0), (0.7071067811865476, 0.7071067811865476), (1.0, 1.0), (0.7071067811865476, 0.7071067811865476), (1.0, 1.0), (0.7071067811865476, 0.7071067811865476), (1.0, 1.0)))
    REPRESENTATION_ITEM('')
    SURFACE()
);
#2075 = CARTESIAN_POINT('', (5.25, 4.5, -1.0));
#2076 = CARTESIAN_POINT('', (5.25, 4.5, 2.5));
#2077 = CARTESIAN_POINT('', (5.25, 5.25, -1.0));
#2078 = CARTESIAN_POINT('', (5.25, 5.25, 2.5));
#2079 = CARTESIAN_POINT('', (4.5, 5.25, -1.0));
#2080 = CARTESIAN_POINT('', (4.5, 5.25, 2.5));
#2081 = CARTESIAN_POINT('', (3.75, 5.25, -1.0));
#2082 = CARTESIAN_POINT('', (3.75, 5.25, 2.5));
#2083 = CARTESIAN_POINT('', (3.75, 4.5, -1.0));
#2084 = CARTESIAN_POINT('', (3.75, 4.5, 2.5));
#2085 = CARTESIAN_POINT('', (3.75, 3.75, -1.0));
#2086 = CARTESIAN_POINT('', (3.75, 3.75, 2.5));
#2087 = CARTESIAN_POINT('', (4.5, 3.75, -1.0));
#2088 = CARTESIAN_POINT('', (4.5, 3.75, 2.5));
#2089 = CARTESIAN_POINT('', (5.25, 3.75, -1.0));
#2090 = CARTESIAN_POINT('', (5.25, 3.75, 2.5));
#2091 = CARTESIAN_POINT('', (5.25, 4.5, -1.0));
#2092 = CARTESIAN_POINT('', (5.25, 4.5, 2.5));
#2093 = DEFINITIONAL_REPRESENTATION('', (#2095), #2094);
#2094 = (
    GEOMETRIC_REPRESENTATION_CONTEXT(2)
    PARAMETRIC_REPRESENTATION_CONTEXT()
    REPRESENTATION_CONTEXT('2D SPACE', '')
);
#2095 = (
    BOUNDED_CURVE()
    B_SPLINE_CURVE(1, (#2096, #2097), .UNSPECIFIED., .U., .U.)
    B_SPLINE_CURVE_WITH_KNOTS((2, 2), (0.0, 1.0), .UNSPECIFIED.)
    CURVE()
    GEOMETRIC_REPRESENTATION_ITEM()
    RATIONAL_B_SPLINE_CURVE((1.0, 1.0))
    REPRESENTATION_ITEM('')
);
#2096 = CARTESIAN_POINT('', (0.0, 2.5));
#2097 = CARTESIAN_POINT('', (4.712388980384688, 2.5));
#2098 = SURFACE_CURVE('', #2099, (#2109, #2127), .CURVE_3D.);
#2099 = (
    BOUNDED_CURVE()
    B_SPLINE_CURVE(2, (#2100, #2101, #2102, #2103, #2104, #2105, #2106, #2107, #2108), .UNSPECIFIED., .U., .U.)
    B_SPLINE_CURVE_WITH_KNOTS((3, 2, 2, 2, 3), (0.0, 0.25, 0.5, 0.75, 1.0), .UNSPECIFIED.)
    CURVE()
    GEOMETRIC_REPRESENTATION_ITEM()
    RATIONAL_B_SPLINE_CURVE((1.0, 0.7071067811865476, 1.0, 0.7071067811865476, 1.0, 0.7071067811865476, 1.0, 0.7071067811865476, 1.0))
    REPRESENTATION_ITEM('')
);
#2100 = CARTESIAN_POINT('', (5.25, 7.5, 1.5));
#2101 = CARTESIAN_POINT('', (5.25, 8.25, 1.5));
#2102 = CARTESIAN_POINT('', (4.5, 8.25, 1.5));
#2103 = CARTESIAN_POINT('', (3.75, 8.25, 1.5));
#2104 = CARTESIAN_POINT('', (3.75, 7.5, 1.5));
#2105 = CARTESIAN_POINT('', (3.75, 6.75, 1.5));
#2106 = CARTESIAN_POINT('', (4.5, 6.75, 1.5));
#2107 = CARTESIAN_POINT('', (5.25, 6.75, 1.5));
#2108 = CARTESIAN_POINT('', (5.25, 7.5, 1.5));
#2109 = PCURVE('', #2110, #2115);
#2110 = (
    BOUNDED_SURFACE()
    B_SPLINE_SURFACE(1, 1, ((#2111, #2112), (#2113, #2114)), .UNSPECIFIED., .U., .U., .U.)
    B_SPLINE_SURFACE_WITH_KNOTS((2, 2), (2, 2), (0.0, 12.0), (0.0, 12.0), .UNSPECIFIED.)
    GEOMETRIC_REPRESENTATION_ITEM()
    RATIONAL_B_SPLINE_SURFACE(((1.0, 1.0), (1.0, 1.0)))
    REPRESENTATION_ITEM('')
    SURFACE()
);
#2111 = CARTESIAN_POINT('', (0.0, 0.0, 1.5));
#2112 = CARTESIAN_POINT('', (0.0, 12.0, 1.5));
#2113 = CARTESIAN_POINT('', (12.0, 0.0, 1.5));
#2114 = CARTESIAN_POINT('', (12.0, 12.0, 1.5));
#2115 = DEFINITIONAL_REPRESENTATION('', (#2117), #2116);
#2116 = (
    GEOMETRIC_REPRESENTATION_CONTEXT(2)
    PARAMETRIC_REPRESENTATION_CONTEXT()
    REPRESENTATION_CONTEXT('2D SPACE', '')
);
#2117 = (
    BOUNDED_CURVE()
    B_SPLINE_CURVE(2, (#2118, #2119, #2120, #2121, #2122, #2123, #2124, #2125, #2126), .UNSPECIFIED., .U., .U.)
    B_SPLINE_CURVE_WITH_KNOTS((3, 2, 2, 2, 3), (0.0, 0.25, 0.5, 0.75, 1.0), .UNSPECIFIED.)
    CURVE()
    GEOMETRIC_REPRESENTATION_ITEM()
    RATIONAL_B_SPLINE_CURVE((1.0, 0.7071067811865476, 1.0, 0.7071067811865476, 1.0, 0.7071067811865476, 1.0, 0.7071067811865476, 1.0))
    REPRESENTATION_ITEM('')
);
#2118 = CARTESIAN_POINT('', (5.25, 7.5));
#2119 = CARTESIAN_POINT('', (5.25, 8.25));
#2120 = CARTESIAN_POINT('', (4.5, 8.25));
#2121 = CARTESIAN_POINT('', (3.75, 8.25));
#2122 = CARTESIAN_POINT('', (3.75, 7.5));
#2123 = CARTESIAN_POINT('', (3.75, 6.75));
#2124 = CARTESIAN_POINT('', (4.5, 6.75));
#2125 = CARTESIAN_POINT('', (5.25, 6.75));
#2126 = CARTESIAN_POINT('', (5.25, 7.5));
#2127 = PCURVE('', #2128, #2147);
#2128 = (
    BOUNDED_SURFACE()
    B_SPLINE_SURFACE(2, 1, ((#2129, #2130), (#2131, #2132), (#2133, #2134), (#2135, #2136), (#2137, #2138), (#2139, #2140), (#2141, #2142), (#2143, #2144), (#2145, #2146)), .UNSPECIFIED., .U., .U., .U.)
    B_SPLINE_SURFACE_WITH_KNOTS((3, 2, 2, 2, 3), (2, 2), (0.0, 1.178097245096173, 2.3561944901923457, 3.5342917352885177, 4.712388980384688), (0.0, 3.5), .UNSPECIFIED.)
    GEOMETRIC_REPRESENTATION_ITEM()
    RATIONAL_B_SPLINE_SURFACE(((1.0, 1.0), (0.7071067811865476, 0.7071067811865476), (1.0, 1.0), (0.7071067811865476, 0.7071067811865476), (1.0, 1.0), (0.7071067811865476, 0.7071067811865476), (1.0, 1.0), (0.7071067811865476, 0.7071067811865476), (1.0, 1.0)))
    REPRESENTATION_ITEM('')
    SURFACE()
);
#2129 = CARTESIAN_POINT('', (5.25, 7.5, -1.0));
#2130 = CARTESIAN_POINT('', (5.25, 7.5, 2.5));
#2131 = CARTESIAN_POINT('', (5.25, 8.25, -1.0));
#2132 = CARTESIAN_POINT('', (5.25, 8.25, 2.5));
#2133 = CARTESIAN_POINT('', (4.5, 8.25, -1.0));
#2134 = CARTESIAN_POINT('', (4.5, 8.25, 2.5));
#2135 = CARTESIAN_POINT('', (3.75, 8.25, -1.0));
#2136 = CARTESIAN_POINT('', (3.75, 8.25, 2.5));
#2137 = CARTESIAN_POINT('', (3.75, 7.5, -1.0));
#2138 = CARTESIAN_POINT('', (3.75, 7.5, 2.5));
#2139 = CARTESIAN_POINT('', (3.75, 6.75, -1.0));
#2140 = CARTESIAN_POINT('', (3.75, 6.75, 2.5));
#2141 = CARTESIAN_POINT('', (4.5, 6.75, -1.0));
#2142 = CARTESIAN_POINT('', (4.5, 6.75, 2.5));
#2143 = CARTESIAN_POINT('', (5.25, 6.75, -1.0));
#2144 = CARTESIAN_POINT('', (5.25, 6.75, 2.5));
#2145 = CARTESIAN_POINT('', (5.25, 7.5, -1.0));
#2146 = CARTESIAN_POINT('', (5.25, 7.5, 2.5));
#2147 = DEFINITIONAL_REPRESENTATION('', (#2149), #2148);
#2148 = (
    GEOMETRIC_REPRESENTATION_CONTEXT(2)
    PARAMETRIC_REPRESENTATION_CONTEXT()
    REPRESENTATION_CONTEXT('2D SPACE', '')
);
#2149 = (
    BOUNDED_CURVE()
    B_SPLINE_CURVE(1, (#2150, #2151), .UNSPECIFIED., .U., .U.)
    B_SPLINE_CURVE_WITH_KNOTS((2, 2), (0.0, 1.0), .UNSPECIFIED.)
    CURVE()
    GEOMETRIC_REPRESENTATION_ITEM()
    RATIONAL_B_SPLINE_CURVE((1.0, 1.0))
    REPRESENTATION_ITEM('')
);
#2150 = CARTESIAN_POINT('', (0.0, 2.5));
#2151 = CARTESIAN_POINT('', (4.712388980384688, 2.5));
#2152 = SURFACE_CURVE('', #2153, (#2163, #2181), .CURVE_3D.);
#2153 = (
    BOUNDED_CURVE()
    B_SPLINE_CURVE(2, (#2154, #2155, #2156, #2157, #2158, #2159, #2160, #2161, #2162), .UNSPECIFIED., .U., .U.)
    B_SPLINE_CURVE_WITH_KNOTS((3, 2, 2, 2, 3), (0.0, 0.25, 0.5, 0.75, 1.0), .UNSPECIFIED.)
    CURVE()
    GEOMETRIC_REPRESENTATION_ITEM()
    RATIONAL_B_SPLINE_CURVE((1.0, 0.7071067811865476, 1.0, 0.7071067811865476, 1.0, 0.7071067811865476, 1.0, 0.7071067811865476, 1.0))
    REPRESENTATION_ITEM('')
);
#2154 = CARTESIAN_POINT('', (5.25, 10.5, 1.5));
#2155 = CARTESIAN_POINT('', (5.25, 11.25, 1.5));
#2156 = CARTESIAN_POINT('', (4.5, 11.25, 1.5));
#2157 = CARTESIAN_POINT('', (3.75, 11.25, 1.5));
#2158 = CARTESIAN_POINT('', (3.75, 10.5, 1.5));
#2159 = CARTESIAN_POINT('', (3.75, 9.75, 1.5));
#2160 = CARTESIAN_POINT('', (4.5, 9.75, 1.5));
#2161 = CARTESIAN_POINT('', (5.25, 9.75, 1.5));
#2162 = CARTESIAN_POINT('', (5.25, 10.5, 1.5));
#2163 = PCURVE('', #2164, #2169);
#2164 = (
    BOUNDED_SURFACE()
    B_SPLINE_SURFACE(1, 1, ((#2165, #2166), (#2167, #2168)), .UNSPECIFIED., .U., .U., .U.)
    B_SPLINE_SURFACE_WITH_KNOTS((2, 2), (2, 2), (0.0, 12.0), (0.0, 12.0), .UNSPECIFIED.)
    GEOMETRIC_REPRESENTATION_ITEM()
    RATIONAL_B_SPLINE_SURFACE(((1.0, 1.0), (1.0, 1.0)))
    REPRESENTATION_ITEM('')
    SURFACE()
);
#2165 = CARTESIAN_POINT('', (0.0, 0.0, 1.5));
#2166 = CARTESIAN_POINT('', (0.0, 12.0, 1.5));
#2167 = CARTESIAN_POINT('', (12.0, 0.0, 1.5));
#2168 = CARTESIAN_POINT('', (12.0, 12.0, 1.5));
#2169 = DEFINITIONAL_REPRESENTATION('', (#2171), #2170);
#2170 = (
    GEOMETRIC_REPRESENTATION_CONTEXT(2)
    PARAMETRIC_REPRESENTATION_CONTEXT()
    REPRESENTATION_CONTEXT('2D SPACE', '')
);
#2171 = (
    BOUNDED_CURVE()
    B_SPLINE_CURVE(2, (#2172, #2173, #2174, #2175, #2176, #2177, #2178, #2179, #2180), .UNSPECIFIED., .U., .U.)
    B_SPLINE_CURVE_WITH_KNOTS((3, 2, 2, 2, 3), (0.0, 0.25, 0.5, 0.75, 1.0), .UNSPECIFIED.)
    CURVE()
    GEOMETRIC_REPRESENTATION_ITEM()
    RATIONAL_B_SPLINE_CURVE((1.0, 0.7071067811865476, 1.0, 0.7071067811865476, 1.0, 0.7071067811865476, 1.0, 0.7071067811865476, 1.0))
    REPRESENTATION_ITEM('')
);
#2172 = CARTESIAN_POINT('', (5.25, 10.5));
#2173 = CARTESIAN_POINT('', (5.25, 11.25));
#2174 = CARTESIAN_POINT('', (4.5, 11.25));
#2175 = CARTESIAN_POINT('', (3.75, 11.25));
#2176 = CARTESIAN_POINT('', (3.75, 10.5));
#2177 = CARTESIAN_POINT('', (3.75, 9.75));
#2178 = CARTESIAN_POINT('', (4.5, 9.75));
#2179 = CARTESIAN_POINT('', (5.25, 9.75));
#2180 = CARTESIAN_POINT('', (5.25, 10.5));
#2181 = PCURVE('', #2182, #2201);
#2182 = (
    BOUNDED_SURFACE()
    B_SPLINE_SURFACE(2, 1, ((#2183, #2184), (#2185, #2186), (#2187, #2188), (#2189, #2190), (#2191, #2192), (#2193, #2194), (#2195, #2196), (#2197, #2198), (#2199, #2200)), .UNSPECIFIED., .U., .U., .U.)
    B_SPLINE_SURFACE_WITH_KNOTS((3, 2, 2, 2, 3), (2, 2), (0.0, 1.1780972450961729, 2.3561944901923457, 3.5342917352885177, 4.71238898038469), (0.0, 3.5), .UNSPECIFIED.)
    GEOMETRIC_REPRESENTATION_ITEM()
    RATIONAL_B_SPLINE_SURFACE(((1.0, 1.0), (0.7071067811865476, 0.7071067811865476), (1.0, 1.0), (0.7071067811865476, 0.7071067811865476), (1.0, 1.0), (0.7071067811865476, 0.7071067811865476), (1.0, 1.0), (0.7071067811865476, 0.7071067811865476), (1.0, 1.0)))
    REPRESENTATION_ITEM('')
    SURFACE()
);
#2183 = CARTESIAN_POINT('', (5.25, 10.5, -1.0));
#2184 = CARTESIAN_POINT('', (5.25, 10.5, 2.5));
#2185 = CARTESIAN_POINT('', (5.25, 11.25, -1.0));
#2186 = CARTESIAN_POINT('', (5.25, 11.25, 2.5));
#2187 = CARTESIAN_POINT('', (4.5, 11.25, -1.0));
#2188 = CARTESIAN_POINT('', (4.5, 11.25, 2.5));
#2189 = CARTESIAN_POINT('', (3.75, 11.25, -1.0));
#2190 = CARTESIAN_POINT('', (3.75, 11.25, 2.5));
#2191 = CARTESIAN_POINT('', (3.75, 10.5, -1.0));
#2192 = CARTESIAN_POINT('', (3.75, 10.5, 2.5));
#2193 = CARTESIAN_POINT('', (3.75, 9.75, -1.0));
#2194 = CARTESIAN_POINT('', (3.75, 9.75, 2.5));
#2195 = CARTESIAN_POINT('', (4.5, 9.75, -1.0));
#2196 = CARTESIAN_POINT('', (4.5, 9.75, 2.5));
#2197 = CARTESIAN_POINT('', (5.25, 9.75, -1.0));
#2198 = CARTESIAN_POINT('', (5.25, 9.75, 2.5));
#2199 = CARTESIAN_POINT('', (5.25, 10.5, -1.0));
#2200 = CARTESIAN_POINT('', (5.25, 10.5, 2.5));
#2201 = DEFINITIONAL_REPRESENTATION('', (#2203), #2202);
#2202 = (
    GEOMETRIC_REPRESENTATION_CONTEXT(2)
    PARAMETRIC_REPRESENTATION_CONTEXT()
    REPRESENTATION_CONTEXT('2D SPACE', '')
);
#2203 = (
    BOUNDED_CURVE()
    B_SPLINE_CURVE(1, (#2204, #2205), .UNSPECIFIED., .U., .U.)
    B_SPLINE_CURVE_WITH_KNOTS((2, 2), (0.0, 1.0), .UNSPECIFIED.)
    CURVE()
    GEOMETRIC_REPRESENTATION_ITEM()
    RATIONAL_B_SPLINE_CURVE((1.0, 1.0))
    REPRESENTATION_ITEM('')
);
#2204 = CARTESIAN_POINT('', (0.0, 2.5));
#2205 = CARTESIAN_POINT('', (4.71238898038469, 2.5));
#2206 = SURFACE_CURVE('', #2207, (#2217, #2235), .CURVE_3D.);
#2207 = (
    BOUNDED_CURVE()
    B_SPLINE_CURVE(2, (#2208, #2209, #2210, #2211, #2212, #2213, #2214, #2215, #2216), .UNSPECIFIED., .U., .U.)
    B_SPLINE_CURVE_WITH_KNOTS((3, 2, 2, 2, 3), (0.0, 0.25, 0.5, 0.75, 1.0), .UNSPECIFIED.)
    CURVE()
    GEOMETRIC_REPRESENTATION_ITEM()
    RATIONAL_B_SPLINE_CURVE((1.0, 0.7071067811865476, 1.0, 0.7071067811865476, 1.0, 0.7071067811865476, 1.0, 0.7071067811865476, 1.0))
    REPRESENTATION_ITEM('')
);
#2208 = CARTESIAN_POINT('', (8.25, 1.5, 1.5));
#2209 = CARTESIAN_POINT('', (8.25, 2.25, 1.5));
#2210 = CARTESIAN_POINT('', (7.5, 2.25, 1.5));
#2211 = CARTESIAN_POINT('', (6.75, 2.25, 1.5));
#2212 = CARTESIAN_POINT('', (6.75, 1.5, 1.5));
#2213 = CARTESIAN_POINT('', (6.75, 0.75, 1.5));
#2214 = CARTESIAN_POINT('', (7.5, 0.75, 1.5));
#2215 = CARTESIAN_POINT('', (8.25, 0.7499999999999998, 1.5));
#2216 = CARTESIAN_POINT('', (8.25, 1.5, 1.5));
#2217 = PCURVE('', #2218, #2223);
#2218 = (
    BOUNDED_SURFACE()
    B_SPLINE_SURFACE(1, 1, ((#2219, #2220), (#2221, #2222)), .UNSPECIFIED., .U., .U., .U.)
    B_SPLINE_SURFACE_WITH_KNOTS((2, 2), (2, 2), (0.0, 12.0), (0.0, 12.0), .UNSPECIFIED.)
    GEOMETRIC_REPRESENTATION_ITEM()
    RATIONAL_B_SPLINE_SURFACE(((1.0, 1.0), (1.0, 1.0)))
    REPRESENTATION_ITEM('')
    SURFACE()
);
#2219 = CARTESIAN_POINT('', (0.0, 0.0, 1.5));
#2220 = CARTESIAN_POINT('', (0.0, 12.0, 1.5));
#2221 = CARTESIAN_POINT('', (12.0, 0.0, 1.5));
#2222 = CARTESIAN_POINT('', (12.0, 12.0, 1.5));
#2223 = DEFINITIONAL_REPRESENTATION('', (#2225), #2224);
#2224 = (
    GEOMETRIC_REPRESENTATION_CONTEXT(2)
    PARAMETRIC_REPRESENTATION_CONTEXT()
    REPRESENTATION_CONTEXT('2D SPACE', '')
);
#2225 = (
    BOUNDED_CURVE()
    B_SPLINE_CURVE(2, (#2226, #2227, #2228, #2229, #2230, #2231, #2232, #2233, #2234), .UNSPECIFIED., .U., .U.)
    B_SPLINE_CURVE_WITH_KNOTS((3, 2, 2, 2, 3), (0.0, 0.25, 0.5, 0.75, 1.0), .UNSPECIFIED.)
    CURVE()
    GEOMETRIC_REPRESENTATION_ITEM()
    RATIONAL_B_SPLINE_CURVE((1.0, 0.7071067811865476, 1.0, 0.7071067811865476, 1.0, 0.7071067811865476, 1.0, 0.7071067811865476, 1.0))
    REPRESENTATION_ITEM('')
);
#2226 = CARTESIAN_POINT('', (8.25, 1.5));
#2227 = CARTESIAN_POINT('', (8.25, 2.25));
#2228 = CARTESIAN_POINT('', (7.5, 2.25));
#2229 = CARTESIAN_POINT('', (6.75, 2.25));
#2230 = CARTESIAN_POINT('', (6.75, 1.5));
#2231 = CARTESIAN_POINT('', (6.75, 0.75));
#2232 = CARTESIAN_POINT('', (7.5, 0.75));
#2233 = CARTESIAN_POINT('', (8.25, 0.7499999999999998));
#2234 = CARTESIAN_POINT('', (8.25, 1.5));
#2235 = PCURVE('', #2236, #2255);
#2236 = (
    BOUNDED_SURFACE()
    B_SPLINE_SURFACE(2, 1, ((#2237, #2238), (#2239, #2240), (#2241, #2242), (#2243, #2244), (#2245, #2246), (#2247, #2248), (#2249, #2250), (#2251, #2252), (#2253, #2254)), .UNSPECIFIED., .U., .U., .U.)
    B_SPLINE_SURFACE_WITH_KNOTS((3, 2, 2, 2, 3), (2, 2), (0.0, 1.1780972450961729, 2.356194490192345, 3.534291735288517, 4.71238898038469), (0.0, 3.5), .UNSPECIFIED.)
    GEOMETRIC_REPRESENTATION_ITEM()
    RATIONAL_B_SPLINE_SURFACE(((1.0, 1.0), (0.7071067811865476, 0.7071067811865476), (1.0, 1.0), (0.7071067811865476, 0.7071067811865476), (1.0, 1.0), (0.7071067811865476, 0.7071067811865476), (1.0, 1.0), (0.7071067811865476, 0.7071067811865476), (1.0, 1.0)))
    REPRESENTATION_ITEM('')
    SURFACE()
);
#2237 = CARTESIAN_POINT('', (8.25, 1.5, -1.0));
#2238 = CARTESIAN_POINT('', (8.25, 1.5, 2.5));
#2239 = CARTESIAN_POINT('', (8.25, 2.25, -1.0));
#2240 = CARTESIAN_POINT('', (8.25, 2.25, 2.5));
#2241 = CARTESIAN_POINT('', (7.5, 2.25, -1.0));
#2242 = CARTESIAN_POINT('', (7.5, 2.25, 2.5));
#2243 = CARTESIAN_POINT('', (6.75, 2.25, -1.0));
#2244 = CARTESIAN_POINT('', (6.75, 2.25, 2.5));
#2245 = CARTESIAN_POINT('', (6.75, 1.5, -1.0));
#2246 = CARTESIAN_POINT('', (6.75, 1.5, 2.5));
#2247 = CARTESIAN_POINT('', (6.75, 0.75, -1.0));
#2248 = CARTESIAN_POINT('', (6.75, 0.75, 2.5));
#2249 = CARTESIAN_POINT('', (7.5, 0.75, -1.0));
#2250 = CARTESIAN_POINT('', (7.5, 0.75, 2.5));
#2251 = CARTESIAN_POINT('', (8.25, 0.7499999999999998, -1.0));
#2252 = CARTESIAN_POINT('', (8.25, 0.7499999999999998, 2.5));
#2253 = CARTESIAN_POINT('', (8.25, 1.5, -1.0));
#2254 = CARTESIAN_POINT('', (8.25, 1.5, 2.5));
#2255 = DEFINITIONAL_REPRESENTATION('', (#2257), #2256);
#2256 = (
    GEOMETRIC_REPRESENTATION_CONTEXT(2)
    PARAMETRIC_REPRESENTATION_CONTEXT()
    REPRESENTATION_CONTEXT('2D SPACE', '')
);
#2257 = (
    BOUNDED_CURVE()
    B_SPLINE_CURVE(1, (#2258, #2259), .UNSPECIFIED., .U., .U.)
    B_SPLINE_CURVE_WITH_KNOTS((2, 2), (0.0, 1.0), .UNSPECIFIED.)
    CURVE()
    GEOMETRIC_REPRESENTATION_ITEM()
    RATIONAL_B_SPLINE_CURVE((1.0, 1.0))
    REPRESENTATION_ITEM('')
);
#2258 = CARTESIAN_POINT('', (0.0, 2.5));
#2259 = CARTESIAN_POINT('', (4.71238898038469, 2.5));
#2260 = SURFACE_CURVE('', #2261, (#2271, #2289), .CURVE_3D.);
#2261 = (
    BOUNDED_CURVE()
    B_SPLINE_CURVE(2, (#2262, #2263, #2264, #2265, #2266, #2267, #2268, #2269, #2270), .UNSPECIFIED., .U., .U.)
    B_SPLINE_CURVE_WITH_KNOTS((3, 2, 2, 2, 3), (0.0, 0.25, 0.5, 0.75, 1.0), .UNSPECIFIED.)
    CURVE()
    GEOMETRIC_REPRESENTATION_ITEM()
    RATIONAL_B_SPLINE_CURVE((1.0, 0.7071067811865476, 1.0, 0.7071067811865476, 1.0, 0.7071067811865476, 1.0, 0.7071067811865476, 1.0))
    REPRESENTATION_ITEM('')
);
#2262 = CARTESIAN_POINT('', (8.25, 4.5, 1.5));
#2263 = CARTESIAN_POINT('', (8.25, 5.25, 1.5));
#2264 = CARTESIAN_POINT('', (7.5, 5.25, 1.5));
#2265 = CARTESIAN_POINT('', (6.75, 5.25, 1.5));
#2266 = CARTESIAN_POINT('', (6.75, 4.5, 1.5));
#2267 = CARTESIAN_POINT('', (6.75, 3.75, 1.5));
#2268 = CARTESIAN_POINT('', (7.5, 3.75, 1.5));
#2269 = CARTESIAN_POINT('', (8.25, 3.75, 1.5));
#2270 = CARTESIAN_POINT('', (8.25, 4.5, 1.5));
#2271 = PCURVE('', #2272, #2277);
#2272 = (
    BOUNDED_SURFACE()
    B_SPLINE_SURFACE(1, 1, ((#2273, #2274), (#2275, #2276)), .UNSPECIFIED., .U., .U., .U.)
    B_SPLINE_SURFACE_WITH_KNOTS((2, 2), (2, 2), (0.0, 12.0), (0.0, 12.0), .UNSPECIFIED.)
    GEOMETRIC_REPRESENTATION_ITEM()
    RATIONAL_B_SPLINE_SURFACE(((1.0, 1.0), (1.0, 1.0)))
    REPRESENTATION_ITEM('')
    SURFACE()
);
#2273 = CARTESIAN_POINT('', (0.0, 0.0, 1.5));
#2274 = CARTESIAN_POINT('', (0.0, 12.0, 1.5));
#2275 = CARTESIAN_POINT('', (12.0, 0.0, 1.5));
#2276 = CARTESIAN_POINT('', (12.0, 12.0, 1.5));
#2277 = DEFINITIONAL_REPRESENTATION('', (#2279), #2278);
#2278 = (
    GEOMETRIC_REPRESENTATION_CONTEXT(2)
    PARAMETRIC_REPRESENTATION_CONTEXT()
    REPRESENTATION_CONTEXT('2D SPACE', '')
);
#2279 = (
    BOUNDED_CURVE()
    B_SPLINE_CURVE(2, (#2280, #2281, #2282, #2283, #2284, #2285, #2286, #2287, #2288), .UNSPECIFIED., .U., .U.)
    B_SPLINE_CURVE_WITH_KNOTS((3, 2, 2, 2, 3), (0.0, 0.25, 0.5, 0.75, 1.0), .UNSPECIFIED.)
    CURVE()
    GEOMETRIC_REPRESENTATION_ITEM()
    RATIONAL_B_SPLINE_CURVE((1.0, 0.7071067811865476, 1.0, 0.7071067811865476, 1.0, 0.7071067811865476, 1.0, 0.7071067811865476, 1.0))
    REPRESENTATION_ITEM('')
);
#2280 = CARTESIAN_POINT('', (8.25, 4.5));
#2281 = CARTESIAN_POINT('', (8.25, 5.25));
#2282 = CARTESIAN_POINT('', (7.5, 5.25));
#2283 = CARTESIAN_POINT('', (6.75, 5.25));
#2284 = CARTESIAN_POINT('', (6.75, 4.5));
#2285 = CARTESIAN_POINT('', (6.75, 3.75));
#2286 = CARTESIAN_POINT('', (7.5, 3.75));
#2287 = CARTESIAN_POINT('', (8.25, 3.75));
#2288 = CARTESIAN_POINT('', (8.25, 4.5));
#2289 = PCURVE('', #2290, #2309);
#2290 = (
    BOUNDED_SURFACE()
    B_SPLINE_SURFACE(2, 1, ((#2291, #2292), (#2293, #2294), (#2295, #2296), (#2297, #2298), (#2299, #2300), (#2301, #2302), (#2303, #2304), (#2305, #2306), (#2307, #2308)), .UNSPECIFIED., .U., .U., .U.)
    B_SPLINE_SURFACE_WITH_KNOTS((3, 2, 2, 2, 3), (2, 2), (0.0, 1.1780972450961729, 2.356194490192345, 3.534291735288517, 4.712388980384689), (0.0, 3.5), .UNSPECIFIED.)
    GEOMETRIC_REPRESENTATION_ITEM()
    RATIONAL_B_SPLINE_SURFACE(((1.0, 1.0), (0.7071067811865476, 0.7071067811865476), (1.0, 1.0), (0.7071067811865476, 0.7071067811865476), (1.0, 1.0), (0.7071067811865476, 0.7071067811865476), (1.0, 1.0), (0.7071067811865476, 0.7071067811865476), (1.0, 1.0)))
    REPRESENTATION_ITEM('')
    SURFACE()
);
#2291 = CARTESIAN_POINT('', (8.25, 4.5, -1.0));
#2292 = CARTESIAN_POINT('', (8.25, 4.5, 2.5));
#2293 = CARTESIAN_POINT('', (8.25, 5.25, -1.0));
#2294 = CARTESIAN_POINT('', (8.25, 5.25, 2.5));
#2295 = CARTESIAN_POINT('', (7.5, 5.25, -1.0));
#2296 = CARTESIAN_POINT('', (7.5, 5.25, 2.5));
#2297 = CARTESIAN_POINT('', (6.75, 5.25, -1.0));
#2298 = CARTESIAN_POINT('', (6.75, 5.25, 2.5));
#2299 = CARTESIAN_POINT('', (6.75, 4.5, -1.0));
#2300 = CARTESIAN_POINT('', (6.75, 4.5, 2.5));
#2301 = CARTESIAN_POINT('', (6.75, 3.75, -1.0));
#2302 = CARTESIAN_POINT('', (6.75, 3.75, 2.5));
#2303 = CARTESIAN_POINT('', (7.5, 3.75, -1.0));
#2304 = CARTESIAN_POINT('', (7.5, 3.75, 2.5));
#2305 = CARTESIAN_POINT('', (8.25, 3.75, -1.0));
#2306 = CARTESIAN_POINT('', (8.25, 3.75, 2.5));
#2307 = CARTESIAN_POINT('', (8.25, 4.5, -1.0));
#2308 = CARTESIAN_POINT('', (8.25, 4.5, 2.5));
#2309 = DEFINITIONAL_REPRESENTATION('', (#2311), #2310);
#2310 = (
    GEOMETRIC_REPRESENTATION_CONTEXT(2)
    PARAMETRIC_REPRESENTATION_CONTEXT()
    REPRESENTATION_CONTEXT('2D SPACE', '')
);
#2311 = (
    BOUNDED_CURVE()
    B_SPLINE_CURVE(1, (#2312, #2313), .UNSPECIFIED., .U., .U.)
    B_SPLINE_CURVE_WITH_KNOTS((2, 2), (0.0, 1.0), .UNSPECIFIED.)
    CURVE()
    GEOMETRIC_REPRESENTATION_ITEM()
    RATIONAL_B_SPLINE_CURVE((1.0, 1.0))
    REPRESENTATION_ITEM('')
);
#2312 = CARTESIAN_POINT('', (0.0, 2.5));
#2313 = CARTESIAN_POINT('', (4.712388980384689, 2.5));
#2314 = SURFACE_CURVE('', #2315, (#2325, #2343), .CURVE_3D.);
#2315 = (
    BOUNDED_CURVE()
    B_SPLINE_CURVE(2, (#2316, #2317, #2318, #2319, #2320, #2321, #2322, #2323, #2324), .UNSPECIFIED., .U., .U.)
    B_SPLINE_CURVE_WITH_KNOTS((3, 2, 2, 2, 3), (0.0, 0.25, 0.5, 0.75, 1.0), .UNSPECIFIED.)
    CURVE()
    GEOMETRIC_REPRESENTATION_ITEM()
    RATIONAL_B_SPLINE_CURVE((1.0, 0.7071067811865476, 1.0, 0.7071067811865476, 1.0, 0.7071067811865476, 1.0, 0.7071067811865476, 1.0))
    REPRESENTATION_ITEM('')
);
#2316 = CARTESIAN_POINT('', (8.25, 7.5, 1.5));
#2317 = CARTESIAN_POINT('', (8.25, 8.25, 1.5));
#2318 = CARTESIAN_POINT('', (7.5, 8.25, 1.5));
#2319 = CARTESIAN_POINT('', (6.75, 8.25, 1.5));
#2320 = CARTESIAN_POINT('', (6.75, 7.5, 1.5));
#2321 = CARTESIAN_POINT('', (6.75, 6.75, 1.5));
#2322 = CARTESIAN_POINT('', (7.5, 6.75, 1.5));
#2323 = CARTESIAN_POINT('', (8.25, 6.75, 1.5));
#2324 = CARTESIAN_POINT('', (8.25, 7.5, 1.5));
#2325 = PCURVE('', #2326, #2331);
#2326 = (
    BOUNDED_SURFACE()
    B_SPLINE_SURFACE(1, 1, ((#2327, #2328), (#2329, #2330)), .UNSPECIFIED., .U., .U., .U.)
    B_SPLINE_SURFACE_WITH_KNOTS((2, 2), (2, 2), (0.0, 12.0), (0.0, 12.0), .UNSPECIFIED.)
    GEOMETRIC_REPRESENTATION_ITEM()
    RATIONAL_B_SPLINE_SURFACE(((1.0, 1.0), (1.0, 1.0)))
    REPRESENTATION_ITEM('')
    SURFACE()
);
#2327 = CARTESIAN_POINT('', (0.0, 0.0, 1.5));
#2328 = CARTESIAN_POINT('', (0.0, 12.0, 1.5));
#2329 = CARTESIAN_POINT('', (12.0, 0.0, 1.5));
#2330 = CARTESIAN_POINT('', (12.0, 12.0, 1.5));
#2331 = DEFINITIONAL_REPRESENTATION('', (#2333), #2332);
#2332 = (
    GEOMETRIC_REPRESENTATION_CONTEXT(2)
    PARAMETRIC_REPRESENTATION_CONTEXT()
    REPRESENTATION_CONTEXT('2D SPACE', '')
);
#2333 = (
    BOUNDED_CURVE()
    B_SPLINE_CURVE(2, (#2334, #2335, #2336, #2337, #2338, #2339, #2340, #2341, #2342), .UNSPECIFIED., .U., .U.)
    B_SPLINE_CURVE_WITH_KNOTS((3, 2, 2, 2, 3), (0.0, 0.25, 0.5, 0.75, 1.0), .UNSPECIFIED.)
    CURVE()
    GEOMETRIC_REPRESENTATION_ITEM()
    RATIONAL_B_SPLINE_CURVE((1.0, 0.7071067811865476, 1.0, 0.7071067811865476, 1.0, 0.7071067811865476, 1.0, 0.7071067811865476, 1.0))
    REPRESENTATION_ITEM('')
);
#2334 = CARTESIAN_POINT('', (8.25, 7.5));
#2335 = CARTESIAN_POINT('', (8.25, 8.25));
#2336 = CARTESIAN_POINT('', (7.5, 8.25));
#2337 = CARTESIAN_POINT('', (6.75, 8.25));
#2338 = CARTESIAN_POINT('', (6.75, 7.5));
#2339 = CARTESIAN_POINT('', (6.75, 6.75));
#2340 = CARTESIAN_POINT('', (7.5, 6.75));
#2341 = CARTESIAN_POINT('', (8.25, 6.75));
#2342 = CARTESIAN_POINT('', (8.25, 7.5));
#2343 = PCURVE('', #2344, #2363);
#2344 = (
    BOUNDED_SURFACE()
    B_SPLINE_SURFACE(2, 1, ((#2345, #2346), (#2347, #2348), (#2349, #2350), (#2351, #2352), (#2353, #2354), (#2355, #2356), (#2357, #2358), (#2359, #2360), (#2361, #2362)), .UNSPECIFIED., .U., .U., .U.)
    B_SPLINE_SURFACE_WITH_KNOTS((3, 2, 2, 2, 3), (2, 2), (0.0, 1.1780972450961733, 2.3561944901923457, 3.5342917352885177, 4.712388980384689), (0.0, 3.5), .UNSPECIFIED.)
    GEOMETRIC_REPRESENTATION_ITEM()
    RATIONAL_B_SPLINE_SURFACE(((1.0, 1.0), (0.7071067811865476, 0.7071067811865476), (1.0, 1.0), (0.7071067811865476, 0.7071067811865476), (1.0, 1.0), (0.7071067811865476, 0.7071067811865476), (1.0, 1.0), (0.7071067811865476, 0.7071067811865476), (1.0, 1.0)))
    REPRESENTATION_ITEM('')
    SURFACE()
);
#2345 = CARTESIAN_POINT('', (8.25, 7.5, -1.0));
#2346 = CARTESIAN_POINT('', (8.25, 7.5, 2.5));
#2347 = CARTESIAN_POINT('', (8.25, 8.25, -1.0));
#2348 = CARTESIAN_POINT('', (8.25, 8.25, 2.5));
#2349 = CARTESIAN_POINT('', (7.5, 8.25, -1.0));
#2350 = CARTESIAN_POINT('', (7.5, 8.25, 2.5));
#2351 = CARTESIAN_POINT('', (6.75, 8.25, -1.0));
#2352 = CARTESIAN_POINT('', (6.75, 8.25, 2.5));
#2353 = CARTESIAN_POINT('', (6.75, 7.5, -1.0));
#2354 = CARTESIAN_POINT('', (6.75, 7.5, 2.5));
#2355 = CARTESIAN_POINT('', (6.75, 6.75, -1.0));
#2356 = CARTESIAN_POINT('', (6.75, 6.75, 2.5));
#2357 = CARTESIAN_POINT('', (7.5, 6.75, -1.0));
#2358 = CARTESIAN_POINT('', (7.5, 6.75, 2.5));
#2359 = CARTESIAN_POINT('', (8.25, 6.75, -1.0));
#2360 = CARTESIAN_POINT('', (8.25, 6.75, 2.5));
#2361 = CARTESIAN_POINT('', (8.25, 7.5, -1.0));
#2362 = CARTESIAN_POINT('', (8.25, 7.5, 2.5));
#2363 = DEFINITIONAL_REPRESENTATION('', (#2365), #2364);
#2364 = (
    GEOMETRIC_REPRESENTATION_CONTEXT(2)
    PARAMETRIC_REPRESENTATION_CONTEXT()
    REPRESENTATION_CONTEXT('2D SPACE', '')
);
#2365 = (
    BOUNDED_CURVE()
    B_SPLINE_CURVE(1, (#2366, #2367), .UNSPECIFIED., .U., .U.)
    B_SPLINE_CURVE_WITH_KNOTS((2, 2), (0.0, 1.0), .UNSPECIFIED.)
    CURVE()
    GEOMETRIC_REPRESENTATION_ITEM()
    RATIONAL_B_SPLINE_CURVE((1.0, 1.0))
    REPRESENTATION_ITEM('')
);
#2366 = CARTESIAN_POINT('', (0.0, 2.5));
#2367 = CARTESIAN_POINT('', (4.712388980384689, 2.5));
#2368 = SURFACE_CURVE('', #2369, (#2379, #2397), .CURVE_3D.);
#2369 = (
    BOUNDED_CURVE()
    B_SPLINE_CURVE(2, (#2370, #2371, #2372, #2373, #2374, #2375, #2376, #2377, #2378), .UNSPECIFIED., .U., .U.)
    B_SPLINE_CURVE_WITH_KNOTS((3, 2, 2, 2, 3), (0.0, 0.25, 0.5, 0.75, 1.0), .UNSPECIFIED.)
    CURVE()
    GEOMETRIC_REPRESENTATION_ITEM()
    RATIONAL_B_SPLINE_CURVE((1.0, 0.7071067811865476, 1.0, 0.7071067811865476, 1.0, 0.7071067811865476, 1.0, 0.7071067811865476, 1.0))
    REPRESENTATION_ITEM('')
);
#2370 = CARTESIAN_POINT('', (8.25, 10.5, 1.5));
#2371 = CARTESIAN_POINT('', (8.25, 11.25, 1.5));
#2372 = CARTESIAN_POINT('', (7.5, 11.25, 1.5));
#2373 = CARTESIAN_POINT('', (6.75, 11.25, 1.5));
#2374 = CARTESIAN_POINT('', (6.75, 10.5, 1.5));
#2375 = CARTESIAN_POINT('', (6.75, 9.75, 1.5));
#2376 = CARTESIAN_POINT('', (7.5, 9.75, 1.5));
#2377 = CARTESIAN_POINT('', (8.25, 9.75, 1.5));
#2378 = CARTESIAN_POINT('', (8.25, 10.5, 1.5));
#2379 = PCURVE('', #2380, #2385);
#2380 = (
    BOUNDED_SURFACE()
    B_SPLINE_SURFACE(1, 1, ((#2381, #2382), (#2383, #2384)), .UNSPECIFIED., .U., .U., .U.)
    B_SPLINE_SURFACE_WITH_KNOTS((2, 2), (2, 2), (0.0, 12.0), (0.0, 12.0), .UNSPECIFIED.)
    GEOMETRIC_REPRESENTATION_ITEM()
    RATIONAL_B_SPLINE_SURFACE(((1.0, 1.0), (1.0, 1.0)))
    REPRESENTATION_ITEM('')
    SURFACE()
);
#2381 = CARTESIAN_POINT('', (0.0, 0.0, 1.5));
#2382 = CARTESIAN_POINT('', (0.0, 12.0, 1.5));
#2383 = CARTESIAN_POINT('', (12.0, 0.0, 1.5));
#2384 = CARTESIAN_POINT('', (12.0, 12.0, 1.5));
#2385 = DEFINITIONAL_REPRESENTATION('', (#2387), #2386);
#2386 = (
    GEOMETRIC_REPRESENTATION_CONTEXT(2)
    PARAMETRIC_REPRESENTATION_CONTEXT()
    REPRESENTATION_CONTEXT('2D SPACE', '')
);
#2387 = (
    BOUNDED_CURVE()
    B_SPLINE_CURVE(2, (#2388, #2389, #2390, #2391, #2392, #2393, #2394, #2395, #2396), .UNSPECIFIED., .U., .U.)
    B_SPLINE_CURVE_WITH_KNOTS((3, 2, 2, 2, 3), (0.0, 0.25, 0.5, 0.75, 1.0), .UNSPECIFIED.)
    CURVE()
    GEOMETRIC_REPRESENTATION_ITEM()
    RATIONAL_B_SPLINE_CURVE((1.0, 0.7071067811865476, 1.0, 0.7071067811865476, 1.0, 0.7071067811865476, 1.0, 0.7071067811865476, 1.0))
    REPRESENTATION_ITEM('')
);
#2388 = CARTESIAN_POINT('', (8.25, 10.5));
#2389 = CARTESIAN_POINT('', (8.25, 11.25));
#2390 = CARTESIAN_POINT('', (7.5, 11.25));
#2391 = CARTESIAN_POINT('', (6.75, 11.25));
#2392 = CARTESIAN_POINT('', (6.75, 10.5));
#2393 = CARTESIAN_POINT('', (6.75, 9.75));
#2394 = CARTESIAN_POINT('', (7.5, 9.75));
#2395 = CARTESIAN_POINT('', (8.25, 9.75));
#2396 = CARTESIAN_POINT('', (8.25, 10.5));
#2397 = PCURVE('', #2398, #2417);
#2398 = (
    BOUNDED_SURFACE()
    B_SPLINE_SURFACE(2, 1, ((#2399, #2400), (#2401, #2402), (#2403, #2404), (#2405, #2406), (#2407, #2408), (#2409, #2410), (#2411, #2412), (#2413, #2414), (#2415, #2416)), .UNSPECIFIED., .U., .U., .U.)
    B_SPLINE_SURFACE_WITH_KNOTS((3, 2, 2, 2, 3), (2, 2), (0.0, 1.178097245096173, 2.3561944901923457, 3.5342917352885177, 4.71238898038469), (0.0, 3.5), .UNSPECIFIED.)
    GEOMETRIC_REPRESENTATION_ITEM()
    RATIONAL_B_SPLINE_SURFACE(((1.0, 1.0), (0.7071067811865476, 0.7071067811865476), (1.0, 1.0), (0.7071067811865476, 0.7071067811865476), (1.0, 1.0), (0.7071067811865476, 0.7071067811865476), (1.0, 1.0), (0.7071067811865476, 0.7071067811865476), (1.0, 1.0)))
    REPRESENTATION_ITEM('')
    SURFACE()
);
#2399 = CARTESIAN_POINT('', (8.25, 10.5, -1.0));
#2400 = CARTESIAN_POINT('', (8.25, 10.5, 2.5));
#2401 = CARTESIAN_POINT('', (8.25, 11.25, -1.0));
#2402 = CARTESIAN_POINT('', (8.25, 11.25, 2.5));
#2403 = CARTESIAN_POINT('', (7.5, 11.25, -1.0));
#2404 = CARTESIAN_POINT('', (7.5, 11.25, 2.5));
#2405 = CARTESIAN_POINT('', (6.75, 11.25, -1.0));
#2406 = CARTESIAN_POINT('', (6.75, 11.25, 2.5));
#2407 = CARTESIAN_POINT('', (6.75, 10.5, -1.0));
#2408 = CARTESIAN_POINT('', (6.75, 10.5, 2.5));
#2409 = CARTESIAN_POINT('', (6.75, 9.75, -1.0));
#2410 = CARTESIAN_POINT('', (6.75, 9.75, 2.5));
#2411 = CARTESIAN_POINT('', (7.5, 9.75, -1.0));
#2412 = CARTESIAN_POINT('', (7.5, 9.75, 2.5));
#2413 = CARTESIAN_POINT('', (8.25, 9.75, -1.0));
#2414 = CARTESIAN_POINT('', (8.25, 9.75, 2.5));
#2415 = CARTESIAN_POINT('', (8.25, 10.5, -1.0));
#2416 = CARTESIAN_POINT('', (8.25, 10.5, 2.5));
#2417 = DEFINITIONAL_REPRESENTATION('', (#2419), #2418);
#2418 = (
    GEOMETRIC_REPRESENTATION_CONTEXT(2)
    PARAMETRIC_REPRESENTATION_CONTEXT()
    REPRESENTATION_CONTEXT('2D SPACE', '')
);
#2419 = (
    BOUNDED_CURVE()
    B_SPLINE_CURVE(1, (#2420, #2421), .UNSPECIFIED., .U., .U.)
    B_SPLINE_CURVE_WITH_KNOTS((2, 2), (0.0, 1.0), .UNSPECIFIED.)
    CURVE()
    GEOMETRIC_REPRESENTATION_ITEM()
    RATIONAL_B_SPLINE_CURVE((1.0, 1.0))
    REPRESENTATION_ITEM('')
);
#2420 = CARTESIAN_POINT('', (0.0, 2.5));
#2421 = CARTESIAN_POINT('', (4.71238898038469, 2.5));
#2422 = SURFACE_CURVE('', #2423, (#2433, #2451), .CURVE_3D.);
#2423 = (
    BOUNDED_CURVE()
    B_SPLINE_CURVE(2, (#2424, #2425, #2426, #2427, #2428, #2429, #2430, #2431, #2432), .UNSPECIFIED., .U., .U.)
    B_SPLINE_CURVE_WITH_KNOTS((3, 2, 2, 2, 3), (0.0, 0.25, 0.5, 0.75, 1.0), .UNSPECIFIED.)
    CURVE()
    GEOMETRIC_REPRESENTATION_ITEM()
    RATIONAL_B_SPLINE_CURVE((1.0, 0.7071067811865476, 1.0, 0.7071067811865476, 1.0, 0.7071067811865476, 1.0, 0.7071067811865476, 1.0))
    REPRESENTATION_ITEM('')
);
#2424 = CARTESIAN_POINT('', (11.25, 1.5, 1.5));
#2425 = CARTESIAN_POINT('', (11.25, 2.25, 1.5));
#2426 = CARTESIAN_POINT('', (10.5, 2.25, 1.5));
#2427 = CARTESIAN_POINT('', (9.75, 2.25, 1.5));
#2428 = CARTESIAN_POINT('', (9.75, 1.5, 1.5));
#2429 = CARTESIAN_POINT('', (9.75, 0.75, 1.5));
#2430 = CARTESIAN_POINT('', (10.5, 0.75, 1.5));
#2431 = CARTESIAN_POINT('', (11.25, 0.7499999999999998, 1.5));
#2432 = CARTESIAN_POINT('', (11.25, 1.5, 1.5));
#2433 = PCURVE('', #2434, #2439);
#2434 = (
    BOUNDED_SURFACE()
    B_SPLINE_SURFACE(1, 1, ((#2435, #2436), (#2437, #2438)), .UNSPECIFIED., .U., .U., .U.)
    B_SPLINE_SURFACE_WITH_KNOTS((2, 2), (2, 2), (0.0, 12.0), (0.0, 12.0), .UNSPECIFIED.)
    GEOMETRIC_REPRESENTATION_ITEM()
    RATIONAL_B_SPLINE_SURFACE(((1.0, 1.0), (1.0, 1.0)))
    REPRESENTATION_ITEM('')
    SURFACE()
);
#2435 = CARTESIAN_POINT('', (0.0, 0.0, 1.5));
#2436 = CARTESIAN_POINT('', (0.0, 12.0, 1.5));
#2437 = CARTESIAN_POINT('', (12.0, 0.0, 1.5));
#2438 = CARTESIAN_POINT('', (12.0, 12.0, 1.5));
#2439 = DEFINITIONAL_REPRESENTATION('', (#2441), #2440);
#2440 = (
    GEOMETRIC_REPRESENTATION_CONTEXT(2)
    PARAMETRIC_REPRESENTATION_CONTEXT()
    REPRESENTATION_CONTEXT('2D SPACE', '')
);
#2441 = (
    BOUNDED_CURVE()
    B_SPLINE_CURVE(2, (#2442, #2443, #2444, #2445, #2446, #2447, #2448, #2449, #2450), .UNSPECIFIED., .U., .U.)
    B_SPLINE_CURVE_WITH_KNOTS((3, 2, 2, 2, 3), (0.0, 0.25, 0.5, 0.75, 1.0), .UNSPECIFIED.)
    CURVE()
    GEOMETRIC_REPRESENTATION_ITEM()
    RATIONAL_B_SPLINE_CURVE((1.0, 0.7071067811865476, 1.0, 0.7071067811865476, 1.0, 0.7071067811865476, 1.0, 0.7071067811865476, 1.0))
    REPRESENTATION_ITEM('')
);
#2442 = CARTESIAN_POINT('', (11.25, 1.5));
#2443 = CARTESIAN_POINT('', (11.25, 2.25));
#2444 = CARTESIAN_POINT('', (10.5, 2.25));
#2445 = CARTESIAN_POINT('', (9.75, 2.25));
#2446 = CARTESIAN_POINT('', (9.75, 1.5));
#2447 = CARTESIAN_POINT('', (9.75, 0.75));
#2448 = CARTESIAN_POINT('', (10.5, 0.75));
#2449 = CARTESIAN_POINT('', (11.25, 0.7499999999999998));
#2450 = CARTESIAN_POINT('', (11.25, 1.5));
#2451 = PCURVE('', #2452, #2471);
#2452 = (
    BOUNDED_SURFACE()
    B_SPLINE_SURFACE(2, 1, ((#2453, #2454), (#2455, #2456), (#2457, #2458), (#2459, #2460), (#2461, #2462), (#2463, #2464), (#2465, #2466), (#2467, #2468), (#2469, #2470)), .UNSPECIFIED., .U., .U., .U.)
    B_SPLINE_SURFACE_WITH_KNOTS((3, 2, 2, 2, 3), (2, 2), (0.0, 1.1780972450961729, 2.3561944901923457, 3.5342917352885177, 4.71238898038469), (0.0, 3.5), .UNSPECIFIED.)
    GEOMETRIC_REPRESENTATION_ITEM()
    RATIONAL_B_SPLINE_SURFACE(((1.0, 1.0), (0.7071067811865476, 0.7071067811865476), (1.0, 1.0), (0.7071067811865476, 0.7071067811865476), (1.0, 1.0), (0.7071067811865476, 0.7071067811865476), (1.0, 1.0), (0.7071067811865476, 0.7071067811865476), (1.0, 1.0)))
    REPRESENTATION_ITEM('')
    SURFACE()
);
#2453 = CARTESIAN_POINT('', (11.25, 1.5, -1.0));
#2454 = CARTESIAN_POINT('', (11.25, 1.5, 2.5));
#2455 = CARTESIAN_POINT('', (11.25, 2.25, -1.0));
#2456 = CARTESIAN_POINT('', (11.25, 2.25, 2.5));
#2457 = CARTESIAN_POINT('', (10.5, 2.25, -1.0));
#2458 = CARTESIAN_POINT('', (10.5, 2.25, 2.5));
#2459 = CARTESIAN_POINT('', (9.75, 2.25, -1.0));
#2460 = CARTESIAN_POINT('', (9.75, 2.25, 2.5));
#2461 = CARTESIAN_POINT('', (9.75, 1.5, -1.0));
#2462 = CARTESIAN_POINT('', (9.75, 1.5, 2.5));
#2463 = CARTESIAN_POINT('', (9.75, 0.75, -1.0));
#2464 = CARTESIAN_POINT('', (9.75, 0.75, 2.5));
#2465 = CARTESIAN_POINT('', (10.5, 0.75, -1.0));
#2466 = CARTESIAN_POINT('', (10.5, 0.75, 2.5));
#2467 = CARTESIAN_POINT('', (11.25, 0.7499999999999998, -1.0));
#2468 = CARTESIAN_POINT('', (11.25, 0.7499999999999998, 2.5));
#2469 = CARTESIAN_POINT('', (11.25, 1.5, -1.0));
#2470 = CARTESIAN_POINT('', (11.25, 1.5, 2.5));
#2471 = DEFINITIONAL_REPRESENTATION('', (#2473), #2472);
#2472 = (
    GEOMETRIC_REPRESENTATION_CONTEXT(2)
    PARAMETRIC_REPRESENTATION_CONTEXT()
    REPRESENTATION_CONTEXT('2D SPACE', '')
);
#2473 = (
    BOUNDED_CURVE()
    B_SPLINE_CURVE(1, (#2474, #2475), .UNSPECIFIED., .U., .U.)
    B_SPLINE_CURVE_WITH_KNOTS((2, 2), (0.0, 1.0), .UNSPECIFIED.)
    CURVE()
    GEOMETRIC_REPRESENTATION_ITEM()
    RATIONAL_B_SPLINE_CURVE((1.0, 1.0))
    REPRESENTATION_ITEM('')
);
#2474 = CARTESIAN_POINT('', (0.0, 2.5));
#2475 = CARTESIAN_POINT('', (4.71238898038469, 2.5));
#2476 = SURFACE_CURVE('', #2477, (#2487, #2505), .CURVE_3D.);
#2477 = (
    BOUNDED_CURVE()
    B_SPLINE_CURVE(2, (#2478, #2479, #2480, #2481, #2482, #2483, #2484, #2485, #2486), .UNSPECIFIED., .U., .U.)
    B_SPLINE_CURVE_WITH_KNOTS((3, 2, 2, 2, 3), (0.0, 0.25, 0.5, 0.75, 1.0), .UNSPECIFIED.)
    CURVE()
    GEOMETRIC_REPRESENTATION_ITEM()
    RATIONAL_B_SPLINE_CURVE((1.0, 0.7071067811865476, 1.0, 0.7071067811865476, 1.0, 0.7071067811865476, 1.0, 0.7071067811865476, 1.0))
    REPRESENTATION_ITEM('')
);
#2478 = CARTESIAN_POINT('', (11.25, 4.5, 1.5));
#2479 = CARTESIAN_POINT('', (11.25, 5.25, 1.5));
#2480 = CARTESIAN_POINT('', (10.5, 5.25, 1.5));
#2481 = CARTESIAN_POINT('', (9.75, 5.25, 1.5));
#2482 = CARTESIAN_POINT('', (9.75, 4.5, 1.5));
#2483 = CARTESIAN_POINT('', (9.75, 3.75, 1.5));
#2484 = CARTESIAN_POINT('', (10.5, 3.75, 1.5));
#2485 = CARTESIAN_POINT('', (11.25, 3.75, 1.5));
#2486 = CARTESIAN_POINT('', (11.25, 4.5, 1.5));
#2487 = PCURVE('', #2488, #2493);
#2488 = (
    BOUNDED_SURFACE()
    B_SPLINE_SURFACE(1, 1, ((#2489, #2490), (#2491, #2492)), .UNSPECIFIED., .U., .U., .U.)
    B_SPLINE_SURFACE_WITH_KNOTS((2, 2), (2, 2), (0.0, 12.0), (0.0, 12.0), .UNSPECIFIED.)
    GEOMETRIC_REPRESENTATION_ITEM()
    RATIONAL_B_SPLINE_SURFACE(((1.0, 1.0), (1.0, 1.0)))
    REPRESENTATION_ITEM('')
    SURFACE()
);
#2489 = CARTESIAN_POINT('', (0.0, 0.0, 1.5));
#2490 = CARTESIAN_POINT('', (0.0, 12.0, 1.5));
#2491 = CARTESIAN_POINT('', (12.0, 0.0, 1.5));
#2492 = CARTESIAN_POINT('', (12.0, 12.0, 1.5));
#2493 = DEFINITIONAL_REPRESENTATION('', (#2495), #2494);
#2494 = (
    GEOMETRIC_REPRESENTATION_CONTEXT(2)
    PARAMETRIC_REPRESENTATION_CONTEXT()
    REPRESENTATION_CONTEXT('2D SPACE', '')
);
#2495 = (
    BOUNDED_CURVE()
    B_SPLINE_CURVE(2, (#2496, #2497, #2498, #2499, #2500, #2501, #2502, #2503, #2504), .UNSPECIFIED., .U., .U.)
    B_SPLINE_CURVE_WITH_KNOTS((3, 2, 2, 2, 3), (0.0, 0.25, 0.5, 0.75, 1.0), .UNSPECIFIED.)
    CURVE()
    GEOMETRIC_REPRESENTATION_ITEM()
    RATIONAL_B_SPLINE_CURVE((1.0, 0.7071067811865476, 1.0, 0.7071067811865476, 1.0, 0.7071067811865476, 1.0, 0.7071067811865476, 1.0))
    REPRESENTATION_ITEM('')
);
#2496 = CARTESIAN_POINT('', (11.25, 4.5));
#2497 = CARTESIAN_POINT('', (11.25, 5.25));
#2498 = CARTESIAN_POINT('', (10.5, 5.25));
#2499 = CARTESIAN_POINT('', (9.75, 5.25));
#2500 = CARTESIAN_POINT('', (9.75, 4.5));
#2501 = CARTESIAN_POINT('', (9.75, 3.75));
#2502 = CARTESIAN_POINT('', (10.5, 3.75));
#2503 = CARTESIAN_POINT('', (11.25, 3.75));
#2504 = CARTESIAN_POINT('', (11.25, 4.5));
#2505 = PCURVE('', #2506, #2525);
#2506 = (
    BOUNDED_SURFACE()
    B_SPLINE_SURFACE(2, 1, ((#2507, #2508), (#2509, #2510), (#2511, #2512), (#2513, #2514), (#2515, #2516), (#2517, #2518), (#2519, #2520), (#2521, #2522), (#2523, #2524)), .UNSPECIFIED., .U., .U., .U.)
    B_SPLINE_SURFACE_WITH_KNOTS((3, 2, 2, 2, 3), (2, 2), (0.0, 1.1780972450961729, 2.3561944901923453, 3.5342917352885173, 4.71238898038469), (0.0, 3.5), .UNSPECIFIED.)
    GEOMETRIC_REPRESENTATION_ITEM()
    RATIONAL_B_SPLINE_SURFACE(((1.0, 1.0), (0.7071067811865476, 0.7071067811865476), (1.0, 1.0), (0.7071067811865476, 0.7071067811865476), (1.0, 1.0), (0.7071067811865476, 0.7071067811865476), (1.0, 1.0), (0.7071067811865476, 0.7071067811865476), (1.0, 1.0)))
    REPRESENTATION_ITEM('')
    SURFACE()
);
#2507 = CARTESIAN_POINT('', (11.25, 4.5, -1.0));
#2508 = CARTESIAN_POINT('', (11.25, 4.5, 2.5));
#2509 = CARTESIAN_POINT('', (11.25, 5.25, -1.0));
#2510 = CARTESIAN_POINT('', (11.25, 5.25, 2.5));
#2511 = CARTESIAN_POINT('', (10.5, 5.25, -1.0));
#2512 = CARTESIAN_POINT('', (10.5, 5.25, 2.5));
#2513 = CARTESIAN_POINT('', (9.75, 5.25, -1.0));
#2514 = CARTESIAN_POINT('', (9.75, 5.25, 2.5));
#2515 = CARTESIAN_POINT('', (9.75, 4.5, -1.0));
#2516 = CARTESIAN_POINT('', (9.75, 4.5, 2.5));
#2517 = CARTESIAN_POINT('', (9.75, 3.75, -1.0));
#2518 = CARTESIAN_POINT('', (9.75, 3.75, 2.5));
#2519 = CARTESIAN_POINT('', (10.5, 3.75, -1.0));
#2520 = CARTESIAN_POINT('', (10.5, 3.75, 2.5));
#2521 = CARTESIAN_POINT('', (11.25, 3.75, -1.0));
#2522 = CARTESIAN_POINT('', (11.25, 3.75, 2.5));
#2523 = CARTESIAN_POINT('', (11.25, 4.5, -1.0));
#2524 = CARTESIAN_POINT('', (11.25, 4.5, 2.5));
#2525 = DEFINITIONAL_REPRESENTATION('', (#2527), #2526);
#2526 = (
    GEOMETRIC_REPRESENTATION_CONTEXT(2)
    PARAMETRIC_REPRESENTATION_CONTEXT()
    REPRESENTATION_CONTEXT('2D SPACE', '')
);
#2527 = (
    BOUNDED_CURVE()
    B_SPLINE_CURVE(1, (#2528, #2529), .UNSPECIFIED., .U., .U.)
    B_SPLINE_CURVE_WITH_KNOTS((2, 2), (0.0, 1.0), .UNSPECIFIED.)
    CURVE()
    GEOMETRIC_REPRESENTATION_ITEM()
    RATIONAL_B_SPLINE_CURVE((1.0, 1.0))
    REPRESENTATION_ITEM('')
);
#2528 = CARTESIAN_POINT('', (0.0, 2.5));
#2529 = CARTESIAN_POINT('', (4.71238898038469, 2.5));
#2530 = SURFACE_CURVE('', #2531, (#2541, #2559), .CURVE_3D.);
#2531 = (
    BOUNDED_CURVE()
    B_SPLINE_CURVE(2, (#2532, #2533, #2534, #2535, #2536, #2537, #2538, #2539, #2540), .UNSPECIFIED., .U., .U.)
    B_SPLINE_CURVE_WITH_KNOTS((3, 2, 2, 2, 3), (0.0, 0.25, 0.5, 0.75, 1.0), .UNSPECIFIED.)
    CURVE()
    GEOMETRIC_REPRESENTATION_ITEM()
    RATIONAL_B_SPLINE_CURVE((1.0, 0.7071067811865476, 1.0, 0.7071067811865476, 1.0, 0.7071067811865476, 1.0, 0.7071067811865476, 1.0))
    REPRESENTATION_ITEM('')
);
#2532 = CARTESIAN_POINT('', (11.25, 7.5, 1.5));
#2533 = CARTESIAN_POINT('', (11.25, 8.25, 1.5));
#2534 = CARTESIAN_POINT('', (10.5, 8.25, 1.5));
#2535 = CARTESIAN_POINT('', (9.75, 8.25, 1.5));
#2536 = CARTESIAN_POINT('', (9.75, 7.5, 1.5));
#2537 = CARTESIAN_POINT('', (9.75, 6.75, 1.5));
#2538 = CARTESIAN_POINT('', (10.5, 6.75, 1.5));
#2539 = CARTESIAN_POINT('', (11.25, 6.75, 1.5));
#2540 = CARTESIAN_POINT('', (11.25, 7.5, 1.5));
#2541 = PCURVE('', #2542, #2547);
#2542 = (
    BOUNDED_SURFACE()
    B_SPLINE_SURFACE(1, 1, ((#2543, #2544), (#2545, #2546)), .UNSPECIFIED., .U., .U., .U.)
    B_SPLINE_SURFACE_WITH_KNOTS((2, 2), (2, 2), (0.0, 12.0), (0.0, 12.0), .UNSPECIFIED.)
    GEOMETRIC_REPRESENTATION_ITEM()
    RATIONAL_B_SPLINE_SURFACE(((1.0, 1.0), (1.0, 1.0)))
    REPRESENTATION_ITEM('')
    SURFACE()
);
#2543 = CARTESIAN_POINT('', (0.0, 0.0, 1.5));
#2544 = CARTESIAN_POINT('', (0.0, 12.0, 1.5));
#2545 = CARTESIAN_POINT('', (12.0, 0.0, 1.5));
#2546 = CARTESIAN_POINT('', (12.0, 12.0, 1.5));
#2547 = DEFINITIONAL_REPRESENTATION('', (#2549), #2548);
#2548 = (
    GEOMETRIC_REPRESENTATION_CONTEXT(2)
    PARAMETRIC_REPRESENTATION_CONTEXT()
    REPRESENTATION_CONTEXT('2D SPACE', '')
);
#2549 = (
    BOUNDED_CURVE()
    B_SPLINE_CURVE(2, (#2550, #2551, #2552, #2553, #2554, #2555, #2556, #2557, #2558), .UNSPECIFIED., .U., .U.)
    B_SPLINE_CURVE_WITH_KNOTS((3, 2, 2, 2, 3), (0.0, 0.25, 0.5, 0.75, 1.0), .UNSPECIFIED.)
    CURVE()
    GEOMETRIC_REPRESENTATION_ITEM()
    RATIONAL_B_SPLINE_CURVE((1.0, 0.7071067811865476, 1.0, 0.7071067811865476, 1.0, 0.7071067811865476, 1.0, 0.7071067811865476, 1.0))
    REPRESENTATION_ITEM('')
);
#2550 = CARTESIAN_POINT('', (11.25, 7.5));
#2551 = CARTESIAN_POINT('', (11.25, 8.25));
#2552 = CARTESIAN_POINT('', (10.5, 8.25));
#2553 = CARTESIAN_POINT('', (9.75, 8.25));
#2554 = CARTESIAN_POINT('', (9.75, 7.5));
#2555 = CARTESIAN_POINT('', (9.75, 6.75));
#2556 = CARTESIAN_POINT('', (10.5, 6.75));
#2557 = CARTESIAN_POINT('', (11.25, 6.75));
#2558 = CARTESIAN_POINT('', (11.25, 7.5));
#2559 = PCURVE('', #2560, #2579);
#2560 = (
    BOUNDED_SURFACE()
    B_SPLINE_SURFACE(2, 1, ((#2561, #2562), (#2563, #2564), (#2565, #2566), (#2567, #2568), (#2569, #2570), (#2571, #2572), (#2573, #2574), (#2575, #2576), (#2577, #2578)), .UNSPECIFIED., .U., .U., .U.)
    B_SPLINE_SURFACE_WITH_KNOTS((3, 2, 2, 2, 3), (2, 2), (0.0, 1.1780972450961733, 2.3561944901923457, 3.5342917352885177, 4.712388980384689), (0.0, 3.5), .UNSPECIFIED.)
    GEOMETRIC_REPRESENTATION_ITEM()
    RATIONAL_B_SPLINE_SURFACE(((1.0, 1.0), (0.7071067811865476, 0.7071067811865476), (1.0, 1.0), (0.7071067811865476, 0.7071067811865476), (1.0, 1.0), (0.7071067811865476, 0.7071067811865476), (1.0, 1.0), (0.7071067811865476, 0.7071067811865476), (1.0, 1.0)))
    REPRESENTATION_ITEM('')
    SURFACE()
);
#2561 = CARTESIAN_POINT('', (11.25, 7.5, -1.0));
#2562 = CARTESIAN_POINT('', (11.25, 7.5, 2.5));
#2563 = CARTESIAN_POINT('', (11.25, 8.25, -1.0));
#2564 = CARTESIAN_POINT('', (11.25, 8.25, 2.5));
#2565 = CARTESIAN_POINT('', (10.5, 8.25, -1.0));
#2566 = CARTESIAN_POINT('', (10.5, 8.25, 2.5));
#2567 = CARTESIAN_POINT('', (9.75, 8.25, -1.0));
#2568 = CARTESIAN_POINT('', (9.75, 8.25, 2.5));
#2569 = CARTESIAN_POINT('', (9.75, 7.5, -1.0));
#2570 = CARTESIAN_POINT('', (9.75, 7.5, 2.5));
#2571 = CARTESIAN_POINT('', (9.75, 6.75, -1.0));
#2572 = CARTESIAN_POINT('', (9.75, 6.75, 2.5));
#2573 = CARTESIAN_POINT('', (10.5, 6.75, -1.0));
#2574 = CARTESIAN_POINT('', (10.5, 6.75, 2.5));
#2575 = CARTESIAN_POINT('', (11.25, 6.75, -1.0));
#2576 = CARTESIAN_POINT('', (11.25, 6.75, 2.5));
#2577 = CARTESIAN_POINT('', (11.25, 7.5, -1.0));
#2578 = CARTESIAN_POINT('', (11.25, 7.5, 2.5));
#2579 = DEFINITIONAL_REPRESENTATION('', (#2581), #2580);
#2580 = (
    GEOMETRIC_REPRESENTATION_CONTEXT(2)
    PARAMETRIC_REPRESENTATION_CONTEXT()
    REPRESENTATION_CONTEXT('2D SPACE', '')
);
#2581 = (
    BOUNDED_CURVE()
    B_SPLINE_CURVE(1, (#2582, #2583), .UNSPECIFIED., .U., .U.)
    B_SPLINE_CURVE_WITH_KNOTS((2, 2), (0.0, 1.0), .UNSPECIFIED.)
    CURVE()
    GEOMETRIC_REPRESENTATION_ITEM()
    RATIONAL_B_SPLINE_CURVE((1.0, 1.0))
    REPRESENTATION_ITEM('')
);
#2582 = CARTESIAN_POINT('', (0.0, 2.5));
#2583 = CARTESIAN_POINT('', (4.712388980384689, 2.5));
#2584 = SURFACE_CURVE('', #2585, (#2595, #2613), .CURVE_3D.);
#2585 = (
    BOUNDED_CURVE()
    B_SPLINE_CURVE(2, (#2586, #2587, #2588, #2589, #2590, #2591, #2592, #2593, #2594), .UNSPECIFIED., .U., .U.)
    B_SPLINE_CURVE_WITH_KNOTS((3, 2, 2, 2, 3), (0.0, 0.25, 0.5, 0.75, 1.0), .UNSPECIFIED.)
    CURVE()
    GEOMETRIC_REPRESENTATION_ITEM()
    RATIONAL_B_SPLINE_CURVE((1.0, 0.7071067811865476, 1.0, 0.7071067811865476, 1.0, 0.7071067811865476, 1.0, 0.7071067811865476, 1.0))
    REPRESENTATION_ITEM('')
);
#2586 = CARTESIAN_POINT('', (11.25, 10.5, 1.5));
#2587 = CARTESIAN_POINT('', (11.25, 11.25, 1.5));
#2588 = CARTESIAN_POINT('', (10.5, 11.25, 1.5));
#2589 = CARTESIAN_POINT('', (9.75, 11.25, 1.5));
#2590 = CARTESIAN_POINT('', (9.75, 10.5, 1.5));
#2591 = CARTESIAN_POINT('', (9.75, 9.75, 1.5));
#2592 = CARTESIAN_POINT('', (10.5, 9.75, 1.5));
#2593 = CARTESIAN_POINT('', (11.25, 9.75, 1.5));
#2594 = CARTESIAN_POINT('', (11.25, 10.5, 1.5));
#2595 = PCURVE('', #2596, #2601);
#2596 = (
    BOUNDED_SURFACE()
    B_SPLINE_SURFACE(1, 1, ((#2597, #2598), (#2599, #2600)), .UNSPECIFIED., .U., .U., .U.)
    B_SPLINE_SURFACE_WITH_KNOTS((2, 2), (2, 2), (0.0, 12.0), (0.0, 12.0), .UNSPECIFIED.)
    GEOMETRIC_REPRESENTATION_ITEM()
    RATIONAL_B_SPLINE_SURFACE(((1.0, 1.0), (1.0, 1.0)))
    REPRESENTATION_ITEM('')
    SURFACE()
);
#2597 = CARTESIAN_POINT('', (0.0, 0.0, 1.5));
#2598 = CARTESIAN_POINT('', (0.0, 12.0, 1.5));
#2599 = CARTESIAN_POINT('', (12.0, 0.0, 1.5));
#2600 = CARTESIAN_POINT('', (12.0, 12.0, 1.5));
#2601 = DEFINITIONAL_REPRESENTATION('', (#2603), #2602);
#2602 = (
    GEOMETRIC_REPRESENTATION_CONTEXT(2)
    PARAMETRIC_REPRESENTATION_CONTEXT()
    REPRESENTATION_CONTEXT('2D SPACE', '')
);
#2603 = (
    BOUNDED_CURVE()
    B_SPLINE_CURVE(2, (#2604, #2605, #2606, #2607, #2608, #2609, #2610, #2611, #2612), .UNSPECIFIED., .U., .U.)
    B_SPLINE_CURVE_WITH_KNOTS((3, 2, 2, 2, 3), (0.0, 0.25, 0.5, 0.75, 1.0), .UNSPECIFIED.)
    CURVE()
    GEOMETRIC_REPRESENTATION_ITEM()
    RATIONAL_B_SPLINE_CURVE((1.0, 0.7071067811865476, 1.0, 0.7071067811865476, 1.0, 0.7071067811865476, 1.0, 0.7071067811865476, 1.0))
    REPRESENTATION_ITEM('')
);
#2604 = CARTESIAN_POINT('', (11.25, 10.5));
#2605 = CARTESIAN_POINT('', (11.25, 11.25));
#2606 = CARTESIAN_POINT('', (10.5, 11.25));
#2607 = CARTESIAN_POINT('', (9.75, 11.25));
#2608 = CARTESIAN_POINT('', (9.75, 10.5));
#2609 = CARTESIAN_POINT('', (9.75, 9.75));
#2610 = CARTESIAN_POINT('', (10.5, 9.75));
#2611 = CARTESIAN_POINT('', (11.25, 9.75));
#2612 = CARTESIAN_POINT('', (11.25, 10.5));
#2613 = PCURVE('', #2614, #2633);
#2614 = (
    BOUNDED_SURFACE()
    B_SPLINE_SURFACE(2, 1, ((#2615, #2616), (#2617, #2618), (#2619, #2620), (#2621, #2622), (#2623, #2624), (#2625, #2626), (#2627, #2628), (#2629, #2630), (#2631, #2632)), .UNSPECIFIED., .U., .U., .U.)
    B_SPLINE_SURFACE_WITH_KNOTS((3, 2, 2, 2, 3), (2, 2), (0.0, 1.178097245096173, 2.3561944901923457, 3.5342917352885177, 4.71238898038469), (0.0, 3.5), .UNSPECIFIED.)
    GEOMETRIC_REPRESENTATION_ITEM()
    RATIONAL_B_SPLINE_SURFACE(((1.0, 1.0), (0.7071067811865476, 0.7071067811865476), (1.0, 1.0), (0.7071067811865476, 0.7071067811865476), (1.0, 1.0), (0.7071067811865476, 0.7071067811865476), (1.0, 1.0), (0.7071067811865476, 0.7071067811865476), (1.0, 1.0)))
    REPRESENTATION_ITEM('')
    SURFACE()
);
#2615 = CARTESIAN_POINT('', (11.25, 10.5, -1.0));
#2616 = CARTESIAN_POINT('', (11.25, 10.5, 2.5));
#2617 = CARTESIAN_POINT('', (11.25, 11.25, -1.0));
#2618 = CARTESIAN_POINT('', (11.25, 11.25, 2.5));
#2619 = CARTESIAN_POINT('', (10.5, 11.25, -1.0));
#2620 = CARTESIAN_POINT('', (10.5, 11.25, 2.5));
#2621 = CARTESIAN_POINT('', (9.75, 11.25, -1.0));
#2622 = CARTESIAN_POINT('', (9.75, 11.25, 2.5));
#2623 = CARTESIAN_POINT('', (9.75, 10.5, -1.0));
#2624 = CARTESIAN_POINT('', (9.75, 10.5, 2.5));
#2625 = CARTESIAN_POINT('', (9.75, 9.75, -1.0));
#2626 = CARTESIAN_POINT('', (9.75, 9.75, 2.5));
#2627 = CARTESIAN_POINT('', (10.5, 9.75, -1.0));
#2628 = CARTESIAN_POINT('', (10.5, 9.75, 2.5));
#2629 = CARTESIAN_POINT('', (11.25, 9.75, -1.0));
#2630 = CARTESIAN_POINT('', (11.25, 9.75, 2.5));
#2631 = CARTESIAN_POINT('', (11.25, 10.5, -1.0));
#2632 = CARTESIAN_POINT('', (11.25, 10.5, 2.5));
#2633 = DEFINITIONAL_REPRESENTATION('', (#2635), #2634);
#2634 = (
    GEOMETRIC_REPRESENTATION_CONTEXT(2)
    PARAMETRIC_REPRESENTATION_CONTEXT()
    REPRESENTATION_CONTEXT('2D SPACE', '')
);
#2635 = (
    BOUNDED_CURVE()
    B_SPLINE_CURVE(1, (#2636, #2637), .UNSPECIFIED., .U., .U.)
    B_SPLINE_CURVE_WITH_KNOTS((2, 2), (0.0, 1.0), .UNSPECIFIED.)
    CURVE()
    GEOMETRIC_REPRESENTATION_ITEM()
    RATIONAL_B_SPLINE_CURVE((1.0, 1.0))
    REPRESENTATION_ITEM('')
);
#2636 = CARTESIAN_POINT('', (0.0, 2.5));
#2637 = CARTESIAN_POINT('', (4.71238898038469, 2.5));
#2638 = SURFACE_CURVE('', #2639, (#2642, #2653), .CURVE_3D.);
#2639 = (
    BOUNDED_CURVE()
    B_SPLINE_CURVE(1, (#2640, #2641), .UNSPECIFIED., .U., .U.)
    B_SPLINE_CURVE_WITH_KNOTS((2, 2), (0.0, 1.5), .UNSPECIFIED.)
    CURVE()
    GEOMETRIC_REPRESENTATION_ITEM()
    RATIONAL_B_SPLINE_CURVE((1.0, 1.0))
    REPRESENTATION_ITEM('')
);
#2640 = CARTESIAN_POINT('', (0.0, 0.0, 0.0));
#2641 = CARTESIAN_POINT('', (0.0, 0.0, 1.5));
#2642 = PCURVE('', #2643, #2648);
#2643 = (
    BOUNDED_SURFACE()
    B_SPLINE_SURFACE(1, 1, ((#2644, #2645), (#2646, #2647)), .UNSPECIFIED., .U., .U., .U.)
    B_SPLINE_SURFACE_WITH_KNOTS((2, 2), (2, 2), (0.0, 1.5), (0.0, 12.0), .UNSPECIFIED.)
    GEOMETRIC_REPRESENTATION_ITEM()
    RATIONAL_B_SPLINE_SURFACE(((1.0, 1.0), (1.0, 1.0)))
    REPRESENTATION_ITEM('')
    SURFACE()
);
#2644 = CARTESIAN_POINT('', (0.0, 0.0, 0.0));
#2645 = CARTESIAN_POINT('', (0.0, 12.0, 0.0));
#2646 = CARTESIAN_POINT('', (0.0, 0.0, 1.5));
#2647 = CARTESIAN_POINT('', (0.0, 12.0, 1.5));
#2648 = DEFINITIONAL_REPRESENTATION('', (#2650), #2649);
#2649 = (
    GEOMETRIC_REPRESENTATION_CONTEXT(2)
    PARAMETRIC_REPRESENTATION_CONTEXT()
    REPRESENTATION_CONTEXT('2D SPACE', '')
);
#2650 = (
    BOUNDED_CURVE()
    B_SPLINE_CURVE(1, (#2651, #2652), .UNSPECIFIED., .U., .U.)
    B_SPLINE_CURVE_WITH_KNOTS((2, 2), (0.0, 1.5), .UNSPECIFIED.)
    CURVE()
    GEOMETRIC_REPRESENTATION_ITEM()
    RATIONAL_B_SPLINE_CURVE((1.0, 1.0))
    REPRESENTATION_ITEM('')
);
#2651 = CARTESIAN_POINT('', (0.0, 0.0));
#2652 = CARTESIAN_POINT('', (1.5, 0.0));
#2653 = PCURVE('', #2654, #2659);
#2654 = (
    BOUNDED_SURFACE()
    B_SPLINE_SURFACE(1, 1, ((#2655, #2656), (#2657, #2658)), .UNSPECIFIED., .U., .U., .U.)
    B_SPLINE_SURFACE_WITH_KNOTS((2, 2), (2, 2), (0.0, 12.0), (0.0, 1.5), .UNSPECIFIED.)
    GEOMETRIC_REPRESENTATION_ITEM()
    RATIONAL_B_SPLINE_SURFACE(((1.0, 1.0), (1.0, 1.0)))
    REPRESENTATION_ITEM('')
    SURFACE()
);
#2655 = CARTESIAN_POINT('', (0.0, 0.0, 0.0));
#2656 = CARTESIAN_POINT('', (0.0, 0.0, 1.5));
#2657 = CARTESIAN_POINT('', (12.0, 0.0, 0.0));
#2658 = CARTESIAN_POINT('', (12.0, 0.0, 1.5));
#2659 = DEFINITIONAL_REPRESENTATION('', (#2661), #2660);
#2660 = (
    GEOMETRIC_REPRESENTATION_CONTEXT(2)
    PARAMETRIC_REPRESENTATION_CONTEXT()
    REPRESENTATION_CONTEXT('2D SPACE', '')
);
#2661 = (
    BOUNDED_CURVE()
    B_SPLINE_CURVE(1, (#2662, #2663), .UNSPECIFIED., .U., .U.)
    B_SPLINE_CURVE_WITH_KNOTS((2, 2), (0.0, 1.5), .UNSPECIFIED.)
    CURVE()
    GEOMETRIC_REPRESENTATION_ITEM()
    RATIONAL_B_SPLINE_CURVE((1.0, 1.0))
    REPRESENTATION_ITEM('')
);
#2662 = CARTESIAN_POINT('', (0.0, 0.0));
#2663 = CARTESIAN_POINT('', (0.0, 1.5));
#2664 = SURFACE_CURVE('', #2665, (#2668, #2679), .CURVE_3D.);
#2665 = (
    BOUNDED_CURVE()
    B_SPLINE_CURVE(1, (#2666, #2667), .UNSPECIFIED., .U., .U.)
    B_SPLINE_CURVE_WITH_KNOTS((2, 2), (0.0, 1.5), .UNSPECIFIED.)
    CURVE()
    GEOMETRIC_REPRESENTATION_ITEM()
    RATIONAL_B_SPLINE_CURVE((1.0, 1.0))
    REPRESENTATION_ITEM('')
);
#2666 = CARTESIAN_POINT('', (0.0, 12.0, 0.0));
#2667 = CARTESIAN_POINT('', (0.0, 12.0, 1.5));
#2668 = PCURVE('', #2669, #2674);
#2669 = (
    BOUNDED_SURFACE()
    B_SPLINE_SURFACE(1, 1, ((#2670, #2671), (#2672, #2673)), .UNSPECIFIED., .U., .U., .U.)
    B_SPLINE_SURFACE_WITH_KNOTS((2, 2), (2, 2), (0.0, 1.5), (0.0, 12.0), .UNSPECIFIED.)
    GEOMETRIC_REPRESENTATION_ITEM()
    RATIONAL_B_SPLINE_SURFACE(((1.0, 1.0), (1.0, 1.0)))
    REPRESENTATION_ITEM('')
    SURFACE()
);
#2670 = CARTESIAN_POINT('', (0.0, 0.0, 0.0));
#2671 = CARTESIAN_POINT('', (0.0, 12.0, 0.0));
#2672 = CARTESIAN_POINT('', (0.0, 0.0, 1.5));
#2673 = CARTESIAN_POINT('', (0.0, 12.0, 1.5));
#2674 = DEFINITIONAL_REPRESENTATION('', (#2676), #2675);
#2675 = (
    GEOMETRIC_REPRESENTATION_CONTEXT(2)
    PARAMETRIC_REPRESENTATION_CONTEXT()
    REPRESENTATION_CONTEXT('2D SPACE', '')
);
#2676 = (
    BOUNDED_CURVE()
    B_SPLINE_CURVE(1, (#2677, #2678), .UNSPECIFIED., .U., .U.)
    B_SPLINE_CURVE_WITH_KNOTS((2, 2), (0.0, 1.5), .UNSPECIFIED.)
    CURVE()
    GEOMETRIC_REPRESENTATION_ITEM()
    RATIONAL_B_SPLINE_CURVE((1.0, 1.0))
    REPRESENTATION_ITEM('')
);
#2677 = CARTESIAN_POINT('', (0.0, 12.0));
#2678 = CARTESIAN_POINT('', (1.5, 12.0));
#2679 = PCURVE('', #2680, #2685);
#2680 = (
    BOUNDED_SURFACE()
    B_SPLINE_SURFACE(1, 1, ((#2681, #2682), (#2683, #2684)), .UNSPECIFIED., .U., .U., .U.)
    B_SPLINE_SURFACE_WITH_KNOTS((2, 2), (2, 2), (0.0, 1.5), (0.0, 12.0), .UNSPECIFIED.)
    GEOMETRIC_REPRESENTATION_ITEM()
    RATIONAL_B_SPLINE_SURFACE(((1.0, 1.0), (1.0, 1.0)))
    REPRESENTATION_ITEM('')
    SURFACE()
);
#2681 = CARTESIAN_POINT('', (0.0, 12.0, 0.0));
#2682 = CARTESIAN_POINT('', (12.0, 12.0, 0.0));
#2683 = CARTESIAN_POINT('', (0.0, 12.0, 1.5));
#2684 = CARTESIAN_POINT('', (12.0, 12.0, 1.5));
#2685 = DEFINITIONAL_REPRESENTATION('', (#2687), #2686);
#2686 = (
    GEOMETRIC_REPRESENTATION_CONTEXT(2)
    PARAMETRIC_REPRESENTATION_CONTEXT()
    REPRESENTATION_CONTEXT('2D SPACE', '')
);
#2687 = (
    BOUNDED_CURVE()
    B_SPLINE_CURVE(1, (#2688, #2689), .UNSPECIFIED., .U., .U.)
    B_SPLINE_CURVE_WITH_KNOTS((2, 2), (0.0, 1.5), .UNSPECIFIED.)
    CURVE()
    GEOMETRIC_REPRESENTATION_ITEM()
    RATIONAL_B_SPLINE_CURVE((1.0, 1.0))
    REPRESENTATION_ITEM('')
);
#2688 = CARTESIAN_POINT('', (0.0, 0.0));
#2689 = CARTESIAN_POINT('', (1.5, 0.0));
#2690 = SURFACE_CURVE('', #2691, (#2694, #2705), .CURVE_3D.);
#2691 = (
    BOUNDED_CURVE()
    B_SPLINE_CURVE(1, (#2692, #2693), .UNSPECIFIED., .U., .U.)
    B_SPLINE_CURVE_WITH_KNOTS((2, 2), (0.0, 1.5), .UNSPECIFIED.)
    CURVE()
    GEOMETRIC_REPRESENTATION_ITEM()
    RATIONAL_B_SPLINE_CURVE((1.0, 1.0))
    REPRESENTATION_ITEM('')
);
#2692 = CARTESIAN_POINT('', (12.0, 0.0, 0.0));
#2693 = CARTESIAN_POINT('', (12.0, 0.0, 1.5));
#2694 = PCURVE('', #2695, #2700);
#2695 = (
    BOUNDED_SURFACE()
    B_SPLINE_SURFACE(1, 1, ((#2696, #2697), (#2698, #2699)), .UNSPECIFIED., .U., .U., .U.)
    B_SPLINE_SURFACE_WITH_KNOTS((2, 2), (2, 2), (0.0, 12.0), (0.0, 1.5), .UNSPECIFIED.)
    GEOMETRIC_REPRESENTATION_ITEM()
    RATIONAL_B_SPLINE_SURFACE(((1.0, 1.0), (1.0, 1.0)))
    REPRESENTATION_ITEM('')
    SURFACE()
);
#2696 = CARTESIAN_POINT('', (12.0, 0.0, 0.0));
#2697 = CARTESIAN_POINT('', (12.0, 0.0, 1.5));
#2698 = CARTESIAN_POINT('', (12.0, 12.0, 0.0));
#2699 = CARTESIAN_POINT('', (12.0, 12.0, 1.5));
#2700 = DEFINITIONAL_REPRESENTATION('', (#2702), #2701);
#2701 = (
    GEOMETRIC_REPRESENTATION_CONTEXT(2)
    PARAMETRIC_REPRESENTATION_CONTEXT()
    REPRESENTATION_CONTEXT('2D SPACE', '')
);
#2702 = (
    BOUNDED_CURVE()
    B_SPLINE_CURVE(1, (#2703, #2704), .UNSPECIFIED., .U., .U.)
    B_SPLINE_CURVE_WITH_KNOTS((2, 2), (0.0, 1.5), .UNSPECIFIED.)
    CURVE()
    GEOMETRIC_REPRESENTATION_ITEM()
    RATIONAL_B_SPLINE_CURVE((1.0, 1.0))
    REPRESENTATION_ITEM('')
);
#2703 = CARTESIAN_POINT('', (0.0, 0.0));
#2704 = CARTESIAN_POINT('', (0.0, 1.5));
#2705 = PCURVE('', #2706, #2711);
#2706 = (
    BOUNDED_SURFACE()
    B_SPLINE_SURFACE(1, 1, ((#2707, #2708), (#2709, #2710)), .UNSPECIFIED., .U., .U., .U.)
    B_SPLINE_SURFACE_WITH_KNOTS((2, 2), (2, 2), (0.0, 12.0), (0.0, 1.5), .UNSPECIFIED.)
    GEOMETRIC_REPRESENTATION_ITEM()
    RATIONAL_B_SPLINE_SURFACE(((1.0, 1.0), (1.0, 1.0)))
    REPRESENTATION_ITEM('')
    SURFACE()
);
#2707 = CARTESIAN_POINT('', (0.0, 0.0, 0.0));
#2708 = CARTESIAN_POINT('', (0.0, 0.0, 1.5));
#2709 = CARTESIAN_POINT('', (12.0, 0.0, 0.0));
#2710 = CARTESIAN_POINT('', (12.0, 0.0, 1.5));
#2711 = DEFINITIONAL_REPRESENTATION('', (#2713), #2712);
#2712 = (
    GEOMETRIC_REPRESENTATION_CONTEXT(2)
    PARAMETRIC_REPRESENTATION_CONTEXT()
    REPRESENTATION_CONTEXT('2D SPACE', '')
);
#2713 = (
    BOUNDED_CURVE()
    B_SPLINE_CURVE(1, (#2714, #2715), .UNSPECIFIED., .U., .U.)
    B_SPLINE_CURVE_WITH_KNOTS((2, 2), (0.0, 1.5), .UNSPECIFIED.)
    CURVE()
    GEOMETRIC_REPRESENTATION_ITEM()
    RATIONAL_B_SPLINE_CURVE((1.0, 1.0))
    REPRESENTATION_ITEM('')
);
#2714 = CARTESIAN_POINT('', (12.0, 0.0));
#2715 = CARTESIAN_POINT('', (12.0, 1.5));
#2716 = SURFACE_CURVE('', #2717, (#2720, #2731), .CURVE_3D.);
#2717 = (
    BOUNDED_CURVE()
    B_SPLINE_CURVE(1, (#2718, #2719), .UNSPECIFIED., .U., .U.)
    B_SPLINE_CURVE_WITH_KNOTS((2, 2), (0.0, 1.5), .UNSPECIFIED.)
    CURVE()
    GEOMETRIC_REPRESENTATION_ITEM()
    RATIONAL_B_SPLINE_CURVE((1.0, 1.0))
    REPRESENTATION_ITEM('')
);
#2718 = CARTESIAN_POINT('', (12.0, 12.0, 0.0));
#2719 = CARTESIAN_POINT('', (12.0, 12.0, 1.5));
#2720 = PCURVE('', #2721, #2726);
#2721 = (
    BOUNDED_SURFACE()
    B_SPLINE_SURFACE(1, 1, ((#2722, #2723), (#2724, #2725)), .UNSPECIFIED., .U., .U., .U.)
    B_SPLINE_SURFACE_WITH_KNOTS((2, 2), (2, 2), (0.0, 12.0), (0.0, 1.5), .UNSPECIFIED.)
    GEOMETRIC_REPRESENTATION_ITEM()
    RATIONAL_B_SPLINE_SURFACE(((1.0, 1.0), (1.0, 1.0)))
    REPRESENTATION_ITEM('')
    SURFACE()
);
#2722 = CARTESIAN_POINT('', (12.0, 0.0, 0.0));
#2723 = CARTESIAN_POINT('', (12.0, 0.0, 1.5));
#2724 = CARTESIAN_POINT('', (12.0, 12.0, 0.0));
#2725 = CARTESIAN_POINT('', (12.0, 12.0, 1.5));
#2726 = DEFINITIONAL_REPRESENTATION('', (#2728), #2727);
#2727 = (
    GEOMETRIC_REPRESENTATION_CONTEXT(2)
    PARAMETRIC_REPRESENTATION_CONTEXT()
    REPRESENTATION_CONTEXT('2D SPACE', '')
);
#2728 = (
    BOUNDED_CURVE()
    B_SPLINE_CURVE(1, (#2729, #2730), .UNSPECIFIED., .U., .U.)
    B_SPLINE_CURVE_WITH_KNOTS((2, 2), (0.0, 1.5), .UNSPECIFIED.)
    CURVE()
    GEOMETRIC_REPRESENTATION_ITEM()
    RATIONAL_B_SPLINE_CURVE((1.0, 1.0))
    REPRESENTATION_ITEM('')
);
#2729 = CARTESIAN_POINT('', (12.0, 0.0));
#2730 = CARTESIAN_POINT('', (12.0, 1.5));
#2731 = PCURVE('', #2732, #2737);
#2732 = (
    BOUNDED_SURFACE()
    B_SPLINE_SURFACE(1, 1, ((#2733, #2734), (#2735, #2736)), .UNSPECIFIED., .U., .U., .U.)
    B_SPLINE_SURFACE_WITH_KNOTS((2, 2), (2, 2), (0.0, 1.5), (0.0, 12.0), .UNSPECIFIED.)
    GEOMETRIC_REPRESENTATION_ITEM()
    RATIONAL_B_SPLINE_SURFACE(((1.0, 1.0), (1.0, 1.0)))
    REPRESENTATION_ITEM('')
    SURFACE()
);
#2733 = CARTESIAN_POINT('', (0.0, 12.0, 0.0));
#2734 = CARTESIAN_POINT('', (12.0, 12.0, 0.0));
#2735 = CARTESIAN_POINT('', (0.0, 12.0, 1.5));
#2736 = CARTESIAN_POINT('', (12.0, 12.0, 1.5));
#2737 = DEFINITIONAL_REPRESENTATION('', (#2739), #2738);
#2738 = (
    GEOMETRIC_REPRESENTATION_CONTEXT(2)
    PARAMETRIC_REPRESENTATION_CONTEXT()
    REPRESENTATION_CONTEXT('2D SPACE', '')
);
#2739 = (
    BOUNDED_CURVE()
    B_SPLINE_CURVE(1, (#2740, #2741), .UNSPECIFIED., .U., .U.)
    B_SPLINE_CURVE_WITH_KNOTS((2, 2), (0.0, 1.5), .UNSPECIFIED.)
    CURVE()
    GEOMETRIC_REPRESENTATION_ITEM()
    RATIONAL_B_SPLINE_CURVE((1.0, 1.0))
    REPRESENTATION_ITEM('')
);
#2740 = CARTESIAN_POINT('', (0.0, 12.0));
#2741 = CARTESIAN_POINT('', (1.5, 12.0));
#2742 = SEAM_CURVE('', #2743, (#2746, #2771), .CURVE_3D.);
#2743 = (
    BOUNDED_CURVE()
    B_SPLINE_CURVE(1, (#2744, #2745), .UNSPECIFIED., .U., .U.)
    B_SPLINE_CURVE_WITH_KNOTS((2, 2), (1.0, 2.5), .UNSPECIFIED.)
    CURVE()
    GEOMETRIC_REPRESENTATION_ITEM()
    RATIONAL_B_SPLINE_CURVE((1.0, 1.0))
    REPRESENTATION_ITEM('')
);
#2744 = CARTESIAN_POINT('', (2.25, 1.5, 0.0));
#2745 = CARTESIAN_POINT('', (2.25, 1.5, 1.5));
#2746 = PCURVE('', #2747, #2766);
#2747 = (
    BOUNDED_SURFACE()
    B_SPLINE_SURFACE(2, 1, ((#2748, #2749), (#2750, #2751), (#2752, #2753), (#2754, #2755), (#2756, #2757), (#2758, #2759), (#2760, #2761), (#2762, #2763), (#2764, #2765)), .UNSPECIFIED., .U., .U., .U.)
    B_SPLINE_SURFACE_WITH_KNOTS((3, 2, 2, 2, 3), (2, 2), (0.0, 1.1780972450961729, 2.3561944901923457, 3.5342917352885177, 4.71238898038469), (0.0, 3.5), .UNSPECIFIED.)
    GEOMETRIC_REPRESENTATION_ITEM()
    RATIONAL_B_SPLINE_SURFACE(((1.0, 1.0), (0.7071067811865476, 0.7071067811865476), (1.0, 1.0), (0.7071067811865476, 0.7071067811865476), (1.0, 1.0), (0.7071067811865476, 0.7071067811865476), (1.0, 1.0), (0.7071067811865476, 0.7071067811865476), (1.0, 1.0)))
    REPRESENTATION_ITEM('')
    SURFACE()
);
#2748 = CARTESIAN_POINT('', (2.25, 1.5, -1.0));
#2749 = CARTESIAN_POINT('', (2.25, 1.5, 2.5));
#2750 = CARTESIAN_POINT('', (2.25, 2.25, -1.0));
#2751 = CARTESIAN_POINT('', (2.25, 2.25, 2.5));
#2752 = CARTESIAN_POINT('', (1.5, 2.25, -1.0));
#2753 = CARTESIAN_POINT('', (1.5, 2.25, 2.5));
#2754 = CARTESIAN_POINT('', (0.75, 2.25, -1.0));
#2755 = CARTESIAN_POINT('', (0.75, 2.25, 2.5));
#2756 = CARTESIAN_POINT('', (0.75, 1.5, -1.0));
#2757 = CARTESIAN_POINT('', (0.75, 1.5, 2.5));
#2758 = CARTESIAN_POINT('', (0.7499999999999999, 0.75, -1.0));
#2759 = CARTESIAN_POINT('', (0.7499999999999999, 0.75, 2.5));
#2760 = CARTESIAN_POINT('', (1.4999999999999998, 0.75, -1.0));
#2761 = CARTESIAN_POINT('', (1.4999999999999998, 0.75, 2.5));
#2762 = CARTESIAN_POINT('', (2.25, 0.7499999999999998, -1.0));
#2763 = CARTESIAN_POINT('', (2.25, 0.7499999999999998, 2.5));
#2764 = CARTESIAN_POINT('', (2.25, 1.5, -1.0));
#2765 = CARTESIAN_POINT('', (2.25, 1.5, 2.5));
#2766 = DEFINITIONAL_REPRESENTATION('', (#2768), #2767);
#2767 = (
    GEOMETRIC_REPRESENTATION_CONTEXT(2)
    PARAMETRIC_REPRESENTATION_CONTEXT()
    REPRESENTATION_CONTEXT('2D SPACE', '')
);
#2768 = (
    BOUNDED_CURVE()
    B_SPLINE_CURVE(1, (#2769, #2770), .UNSPECIFIED., .U., .U.)
    B_SPLINE_CURVE_WITH_KNOTS((2, 2), (1.0, 2.5), .UNSPECIFIED.)
    CURVE()
    GEOMETRIC_REPRESENTATION_ITEM()
    RATIONAL_B_SPLINE_CURVE((1.0, 1.0))
    REPRESENTATION_ITEM('')
);
#2769 = CARTESIAN_POINT('', (0.0, 1.0));
#2770 = CARTESIAN_POINT('', (0.0, 2.5));
#2771 = PCURVE('', #2772, #2791);
#2772 = (
    BOUNDED_SURFACE()
    B_SPLINE_SURFACE(2, 1, ((#2773, #2774), (#2775, #2776), (#2777, #2778), (#2779, #2780), (#2781, #2782), (#2783, #2784), (#2785, #2786), (#2787, #2788), (#2789, #2790)), .UNSPECIFIED., .U., .U., .U.)
    B_SPLINE_SURFACE_WITH_KNOTS((3, 2, 2, 2, 3), (2, 2), (0.0, 1.1780972450961729, 2.3561944901923457, 3.5342917352885177, 4.71238898038469), (0.0, 3.5), .UNSPECIFIED.)
    GEOMETRIC_REPRESENTATION_ITEM()
    RATIONAL_B_SPLINE_SURFACE(((1.0, 1.0), (0.7071067811865476, 0.7071067811865476), (1.0, 1.0), (0.7071067811865476, 0.7071067811865476), (1.0, 1.0), (0.7071067811865476, 0.7071067811865476), (1.0, 1.0), (0.7071067811865476, 0.7071067811865476), (1.0, 1.0)))
    REPRESENTATION_ITEM('')
    SURFACE()
);
#2773 = CARTESIAN_POINT('', (2.25, 1.5, -1.0));
#2774 = CARTESIAN_POINT('', (2.25, 1.5, 2.5));
#2775 = CARTESIAN_POINT('', (2.25, 2.25, -1.0));
#2776 = CARTESIAN_POINT('', (2.25, 2.25, 2.5));
#2777 = CARTESIAN_POINT('', (1.5, 2.25, -1.0));
#2778 = CARTESIAN_POINT('', (1.5, 2.25, 2.5));
#2779 = CARTESIAN_POINT('', (0.75, 2.25, -1.0));
#2780 = CARTESIAN_POINT('', (0.75, 2.25, 2.5));
#2781 = CARTESIAN_POINT('', (0.75, 1.5, -1.0));
#2782 = CARTESIAN_POINT('', (0.75, 1.5, 2.5));
#2783 = CARTESIAN_POINT('', (0.7499999999999999, 0.75, -1.0));
#2784 = CARTESIAN_POINT('', (0.7499999999999999, 0.75, 2.5));
#2785 = CARTESIAN_POINT('', (1.4999999999999998, 0.75, -1.0));
#2786 = CARTESIAN_POINT('', (1.4999999999999998, 0.75, 2.5));
#2787 = CARTESIAN_POINT('', (2.25, 0.7499999999999998, -1.0));
#2788 = CARTESIAN_POINT('', (2.25, 0.7499999999999998, 2.5));
#2789 = CARTESIAN_POINT('', (2.25, 1.5, -1.0));
#2790 = CARTESIAN_POINT('', (2.25, 1.5, 2.5));
#2791 = DEFINITIONAL_REPRESENTATION('', (#2793), #2792);
#2792 = (
    GEOMETRIC_REPRESENTATION_CONTEXT(2)
    PARAMETRIC_REPRESENTATION_CONTEXT()
    REPRESENTATION_CONTEXT('2D SPACE', '')
);
#2793 = (
    BOUNDED_CURVE()
    B_SPLINE_CURVE(1, (#2794, #2795), .UNSPECIFIED., .U., .U.)
    B_SPLINE_CURVE_WITH_KNOTS((2, 2), (1.0, 2.5), .UNSPECIFIED.)
    CURVE()
    GEOMETRIC_REPRESENTATION_ITEM()
    RATIONAL_B_SPLINE_CURVE((1.0, 1.0))
    REPRESENTATION_ITEM('')
);
#2794 = CARTESIAN_POINT('', (4.71238898038469, 1.0));
#2795 = CARTESIAN_POINT('', (4.71238898038469, 2.5));
#2796 = SEAM_CURVE('', #2797, (#2800, #2825), .CURVE_3D.);
#2797 = (
    BOUNDED_CURVE()
    B_SPLINE_CURVE(1, (#2798, #2799), .UNSPECIFIED., .U., .U.)
    B_SPLINE_CURVE_WITH_KNOTS((2, 2), (1.0, 2.5), .UNSPECIFIED.)
    CURVE()
    GEOMETRIC_REPRESENTATION_ITEM()
    RATIONAL_B_SPLINE_CURVE((1.0, 1.0))
    REPRESENTATION_ITEM('')
);
#2798 = CARTESIAN_POINT('', (2.25, 4.5, 0.0));
#2799 = CARTESIAN_POINT('', (2.25, 4.5, 1.5));
#2800 = PCURVE('', #2801, #2820);
#2801 = (
    BOUNDED_SURFACE()
    B_SPLINE_SURFACE(2, 1, ((#2802, #2803), (#2804, #2805), (#2806, #2807), (#2808, #2809), (#2810, #2811), (#2812, #2813), (#2814, #2815), (#2816, #2817), (#2818, #2819)), .UNSPECIFIED., .U., .U., .U.)
    B_SPLINE_SURFACE_WITH_KNOTS((3, 2, 2, 2, 3), (2, 2), (0.0, 1.1780972450961729, 2.3561944901923453, 3.5342917352885173, 4.71238898038469), (0.0, 3.5), .UNSPECIFIED.)
    GEOMETRIC_REPRESENTATION_ITEM()
    RATIONAL_B_SPLINE_SURFACE(((1.0, 1.0), (0.7071067811865476, 0.7071067811865476), (1.0, 1.0), (0.7071067811865476, 0.7071067811865476), (1.0, 1.0), (0.7071067811865476, 0.7071067811865476), (1.0, 1.0), (0.7071067811865476, 0.7071067811865476), (1.0, 1.0)))
    REPRESENTATION_ITEM('')
    SURFACE()
);
#2802 = CARTESIAN_POINT('', (2.25, 4.5, -1.0));
#2803 = CARTESIAN_POINT('', (2.25, 4.5, 2.5));
#2804 = CARTESIAN_POINT('', (2.25, 5.25, -1.0));
#2805 = CARTESIAN_POINT('', (2.25, 5.25, 2.5));
#2806 = CARTESIAN_POINT('', (1.5, 5.25, -1.0));
#2807 = CARTESIAN_POINT('', (1.5, 5.25, 2.5));
#2808 = CARTESIAN_POINT('', (0.75, 5.25, -1.0));
#2809 = CARTESIAN_POINT('', (0.75, 5.25, 2.5));
#2810 = CARTESIAN_POINT('', (0.75, 4.5, -1.0));
#2811 = CARTESIAN_POINT('', (0.75, 4.5, 2.5));
#2812 = CARTESIAN_POINT('', (0.7499999999999999, 3.75, -1.0));
#2813 = CARTESIAN_POINT('', (0.7499999999999999, 3.75, 2.5));
#2814 = CARTESIAN_POINT('', (1.4999999999999998, 3.75, -1.0));
#2815 = CARTESIAN_POINT('', (1.4999999999999998, 3.75, 2.5));
#2816 = CARTESIAN_POINT('', (2.25, 3.75, -1.0));
#2817 = CARTESIAN_POINT('', (2.25, 3.75, 2.5));
#2818 = CARTESIAN_POINT('', (2.25, 4.5, -1.0));
#2819 = CARTESIAN_POINT('', (2.25, 4.5, 2.5));
#2820 = DEFINITIONAL_REPRESENTATION('', (#2822), #2821);
#2821 = (
    GEOMETRIC_REPRESENTATION_CONTEXT(2)
    PARAMETRIC_REPRESENTATION_CONTEXT()
    REPRESENTATION_CONTEXT('2D SPACE', '')
);
#2822 = (
    BOUNDED_CURVE()
    B_SPLINE_CURVE(1, (#2823, #2824), .UNSPECIFIED., .U., .U.)
    B_SPLINE_CURVE_WITH_KNOTS((2, 2), (1.0, 2.5), .UNSPECIFIED.)
    CURVE()
    GEOMETRIC_REPRESENTATION_ITEM()
    RATIONAL_B_SPLINE_CURVE((1.0, 1.0))
    REPRESENTATION_ITEM('')
);
#2823 = CARTESIAN_POINT('', (0.0, 1.0));
#2824 = CARTESIAN_POINT('', (0.0, 2.5));
#2825 = PCURVE('', #2826, #2845);
#2826 = (
    BOUNDED_SURFACE()
    B_SPLINE_SURFACE(2, 1, ((#2827, #2828), (#2829, #2830), (#2831, #2832), (#2833, #2834), (#2835, #2836), (#2837, #2838), (#2839, #2840), (#2841, #2842), (#2843, #2844)), .UNSPECIFIED., .U., .U., .U.)
    B_SPLINE_SURFACE_WITH_KNOTS((3, 2, 2, 2, 3), (2, 2), (0.0, 1.1780972450961729, 2.3561944901923453, 3.5342917352885173, 4.71238898038469), (0.0, 3.5), .UNSPECIFIED.)
    GEOMETRIC_REPRESENTATION_ITEM()
    RATIONAL_B_SPLINE_SURFACE(((1.0, 1.0), (0.7071067811865476, 0.7071067811865476), (1.0, 1.0), (0.7071067811865476, 0.7071067811865476), (1.0, 1.0), (0.7071067811865476, 0.7071067811865476), (1.0, 1.0), (0.7071067811865476, 0.7071067811865476), (1.0, 1.0)))
    REPRESENTATION_ITEM('')
    SURFACE()
);
#2827 = CARTESIAN_POINT('', (2.25, 4.5, -1.0));
#2828 = CARTESIAN_POINT('', (2.25, 4.5, 2.5));
#2829 = CARTESIAN_POINT('', (2.25, 5.25, -1.0));
#2830 = CARTESIAN_POINT('', (2.25, 5.25, 2.5));
#2831 = CARTESIAN_POINT('', (1.5, 5.25, -1.0));
#2832 = CARTESIAN_POINT('', (1.5, 5.25, 2.5));
#2833 = CARTESIAN_POINT('', (0.75, 5.25, -1.0));
#2834 = CARTESIAN_POINT('', (0.75, 5.25, 2.5));
#2835 = CARTESIAN_POINT('', (0.75, 4.5, -1.0));
#2836 = CARTESIAN_POINT('', (0.75, 4.5, 2.5));
#2837 = CARTESIAN_POINT('', (0.7499999999999999, 3.75, -1.0));
#2838 = CARTESIAN_POINT('', (0.7499999999999999, 3.75, 2.5));
#2839 = CARTESIAN_POINT('', (1.4999999999999998, 3.75, -1.0));
#2840 = CARTESIAN_POINT('', (1.4999999999999998, 3.75, 2.5));
#2841 = CARTESIAN_POINT('', (2.25, 3.75, -1.0));
#2842 = CARTESIAN_POINT('', (2.25, 3.75, 2.5));
#2843 = CARTESIAN_POINT('', (2.25, 4.5, -1.0));
#2844 = CARTESIAN_POINT('', (2.25, 4.5, 2.5));
#2845 = DEFINITIONAL_REPRESENTATION('', (#2847), #2846);
#2846 = (
    GEOMETRIC_REPRESENTATION_CONTEXT(2)
    PARAMETRIC_REPRESENTATION_CONTEXT()
    REPRESENTATION_CONTEXT('2D SPACE', '')
);
#2847 = (
    BOUNDED_CURVE()
    B_SPLINE_CURVE(1, (#2848, #2849), .UNSPECIFIED., .U., .U.)
    B_SPLINE_CURVE_WITH_KNOTS((2, 2), (1.0, 2.5), .UNSPECIFIED.)
    CURVE()
    GEOMETRIC_REPRESENTATION_ITEM()
    RATIONAL_B_SPLINE_CURVE((1.0, 1.0))
    REPRESENTATION_ITEM('')
);
#2848 = CARTESIAN_POINT('', (4.71238898038469, 1.0));
#2849 = CARTESIAN_POINT('', (4.71238898038469, 2.5));
#2850 = SEAM_CURVE('', #2851, (#2854, #2879), .CURVE_3D.);
#2851 = (
    BOUNDED_CURVE()
    B_SPLINE_CURVE(1, (#2852, #2853), .UNSPECIFIED., .U., .U.)
    B_SPLINE_CURVE_WITH_KNOTS((2, 2), (1.0, 2.5), .UNSPECIFIED.)
    CURVE()
    GEOMETRIC_REPRESENTATION_ITEM()
    RATIONAL_B_SPLINE_CURVE((1.0, 1.0))
    REPRESENTATION_ITEM('')
);
#2852 = CARTESIAN_POINT('', (2.25, 7.5, 0.0));
#2853 = CARTESIAN_POINT('', (2.25, 7.5, 1.5));
#2854 = PCURVE('', #2855, #2874);
#2855 = (
    BOUNDED_SURFACE()
    B_SPLINE_SURFACE(2, 1, ((#2856, #2857), (#2858, #2859), (#2860, #2861), (#2862, #2863), (#2864, #2865), (#2866, #2867), (#2868, #2869), (#2870, #2871), (#2872, #2873)), .UNSPECIFIED., .U., .U., .U.)
    B_SPLINE_SURFACE_WITH_KNOTS((3, 2, 2, 2, 3), (2, 2), (0.0, 1.1780972450961729, 2.3561944901923457, 3.5342917352885177, 4.71238898038469), (0.0, 3.5), .UNSPECIFIED.)
    GEOMETRIC_REPRESENTATION_ITEM()
    RATIONAL_B_SPLINE_SURFACE(((1.0, 1.0), (0.7071067811865476, 0.7071067811865476), (1.0, 1.0), (0.7071067811865476, 0.7071067811865476), (1.0, 1.0), (0.7071067811865476, 0.7071067811865476), (1.0, 1.0), (0.7071067811865476, 0.7071067811865476), (1.0, 1.0)))
    REPRESENTATION_ITEM('')
    SURFACE()
);
#2856 = CARTESIAN_POINT('', (2.25, 7.5, -1.0));
#2857 = CARTESIAN_POINT('', (2.25, 7.5, 2.5));
#2858 = CARTESIAN_POINT('', (2.25, 8.25, -1.0));
#2859 = CARTESIAN_POINT('', (2.25, 8.25, 2.5));
#2860 = CARTESIAN_POINT('', (1.5, 8.25, -1.0));
#2861 = CARTESIAN_POINT('', (1.5, 8.25, 2.5));
#2862 = CARTESIAN_POINT('', (0.75, 8.25, -1.0));
#2863 = CARTESIAN_POINT('', (0.75, 8.25, 2.5));
#2864 = CARTESIAN_POINT('', (0.75, 7.5, -1.0));
#2865 = CARTESIAN_POINT('', (0.75, 7.5, 2.5));
#2866 = CARTESIAN_POINT('', (0.7499999999999999, 6.75, -1.0));
#2867 = CARTESIAN_POINT('', (0.7499999999999999, 6.75, 2.5));
#2868 = CARTESIAN_POINT('', (1.4999999999999998, 6.75, -1.0));
#2869 = CARTESIAN_POINT('', (1.4999999999999998, 6.75, 2.5));
#2870 = CARTESIAN_POINT('', (2.25, 6.75, -1.0));
#2871 = CARTESIAN_POINT('', (2.25, 6.75, 2.5));
#2872 = CARTESIAN_POINT('', (2.25, 7.5, -1.0));
#2873 = CARTESIAN_POINT('', (2.25, 7.5, 2.5));
#2874 = DEFINITIONAL_REPRESENTATION('', (#2876), #2875);
#2875 = (
    GEOMETRIC_REPRESENTATION_CONTEXT(2)
    PARAMETRIC_REPRESENTATION_CONTEXT()
    REPRESENTATION_CONTEXT('2D SPACE', '')
);
#2876 = (
    BOUNDED_CURVE()
    B_SPLINE_CURVE(1, (#2877, #2878), .UNSPECIFIED., .U., .U.)
    B_SPLINE_CURVE_WITH_KNOTS((2, 2), (1.0, 2.5), .UNSPECIFIED.)
    CURVE()
    GEOMETRIC_REPRESENTATION_ITEM()
    RATIONAL_B_SPLINE_CURVE((1.0, 1.0))
    REPRESENTATION_ITEM('')
);
#2877 = CARTESIAN_POINT('', (0.0, 1.0));
#2878 = CARTESIAN_POINT('', (0.0, 2.5));
#2879 = PCURVE('', #2880, #2899);
#2880 = (
    BOUNDED_SURFACE()
    B_SPLINE_SURFACE(2, 1, ((#2881, #2882), (#2883, #2884), (#2885, #2886), (#2887, #2888), (#2889, #2890), (#2891, #2892), (#2893, #2894), (#2895, #2896), (#2897, #2898)), .UNSPECIFIED., .U., .U., .U.)
    B_SPLINE_SURFACE_WITH_KNOTS((3, 2, 2, 2, 3), (2, 2), (0.0, 1.1780972450961729, 2.3561944901923457, 3.5342917352885177, 4.71238898038469), (0.0, 3.5), .UNSPECIFIED.)
    GEOMETRIC_REPRESENTATION_ITEM()
    RATIONAL_B_SPLINE_SURFACE(((1.0, 1.0), (0.7071067811865476, 0.7071067811865476), (1.0, 1.0), (0.7071067811865476, 0.7071067811865476), (1.0, 1.0), (0.7071067811865476, 0.7071067811865476), (1.0, 1.0), (0.7071067811865476, 0.7071067811865476), (1.0, 1.0)))
    REPRESENTATION_ITEM('')
    SURFACE()
);
#2881 = CARTESIAN_POINT('', (2.25, 7.5, -1.0));
#2882 = CARTESIAN_POINT('', (2.25, 7.5, 2.5));
#2883 = CARTESIAN_POINT('', (2.25, 8.25, -1.0));
#2884 = CARTESIAN_POINT('', (2.25, 8.25, 2.5));
#2885 = CARTESIAN_POINT('', (1.5, 8.25, -1.0));
#2886 = CARTESIAN_POINT('', (1.5, 8.25, 2.5));
#2887 = CARTESIAN_POINT('', (0.75, 8.25, -1.0));
#2888 = CARTESIAN_POINT('', (0.75, 8.25, 2.5));
#2889 = CARTESIAN_POINT('', (0.75, 7.5, -1.0));
#2890 = CARTESIAN_POINT('', (0.75, 7.5, 2.5));
#2891 = CARTESIAN_POINT('', (0.7499999999999999, 6.75, -1.0));
#2892 = CARTESIAN_POINT('', (0.7499999999999999, 6.75, 2.5));
#2893 = CARTESIAN_POINT('', (1.4999999999999998, 6.75, -1.0));
#2894 = CARTESIAN_POINT('', (1.4999999999999998, 6.75, 2.5));
#2895 = CARTESIAN_POINT('', (2.25, 6.75, -1.0));
#2896 = CARTESIAN_POINT('', (2.25, 6.75, 2.5));
#2897 = CARTESIAN_POINT('', (2.25, 7.5, -1.0));
#2898 = CARTESIAN_POINT('', (2.25, 7.5, 2.5));
#2899 = DEFINITIONAL_REPRESENTATION('', (#2901), #2900);
#2900 = (
    GEOMETRIC_REPRESENTATION_CONTEXT(2)
    PARAMETRIC_REPRESENTATION_CONTEXT()
    REPRESENTATION_CONTEXT('2D SPACE', '')
);
#2901 = (
    BOUNDED_CURVE()
    B_SPLINE_CURVE(1, (#2902, #2903), .UNSPECIFIED., .U., .U.)
    B_SPLINE_CURVE_WITH_KNOTS((2, 2), (1.0, 2.5), .UNSPECIFIED.)
    CURVE()
    GEOMETRIC_REPRESENTATION_ITEM()
    RATIONAL_B_SPLINE_CURVE((1.0, 1.0))
    REPRESENTATION_ITEM('')
);
#2902 = CARTESIAN_POINT('', (4.71238898038469, 1.0));
#2903 = CARTESIAN_POINT('', (4.71238898038469, 2.5));
#2904 = SEAM_CURVE('', #2905, (#2908, #2933), .CURVE_3D.);
#2905 = (
    BOUNDED_CURVE()
    B_SPLINE_CURVE(1, (#2906, #2907), .UNSPECIFIED., .U., .U.)
    B_SPLINE_CURVE_WITH_KNOTS((2, 2), (1.0, 2.5), .UNSPECIFIED.)
    CURVE()
    GEOMETRIC_REPRESENTATION_ITEM()
    RATIONAL_B_SPLINE_CURVE((1.0, 1.0))
    REPRESENTATION_ITEM('')
);
#2906 = CARTESIAN_POINT('', (2.25, 10.5, 0.0));
#2907 = CARTESIAN_POINT('', (2.25, 10.5, 1.5));
#2908 = PCURVE('', #2909, #2928);
#2909 = (
    BOUNDED_SURFACE()
    B_SPLINE_SURFACE(2, 1, ((#2910, #2911), (#2912, #2913), (#2914, #2915), (#2916, #2917), (#2918, #2919), (#2920, #2921), (#2922, #2923), (#2924, #2925), (#2926, #2927)), .UNSPECIFIED., .U., .U., .U.)
    B_SPLINE_SURFACE_WITH_KNOTS((3, 2, 2, 2, 3), (2, 2), (0.0, 1.1780972450961729, 2.3561944901923457, 3.5342917352885177, 4.71238898038469), (0.0, 3.5), .UNSPECIFIED.)
    GEOMETRIC_REPRESENTATION_ITEM()
    RATIONAL_B_SPLINE_SURFACE(((1.0, 1.0), (0.7071067811865476, 0.7071067811865476), (1.0, 1.0), (0.7071067811865476, 0.7071067811865476), (1.0, 1.0), (0.7071067811865476, 0.7071067811865476), (1.0, 1.0), (0.7071067811865476, 0.7071067811865476), (1.0, 1.0)))
    REPRESENTATION_ITEM('')
    SURFACE()
);
#2910 = CARTESIAN_POINT('', (2.25, 10.5, -1.0));
#2911 = CARTESIAN_POINT('', (2.25, 10.5, 2.5));
#2912 = CARTESIAN_POINT('', (2.25, 11.25, -1.0));
#2913 = CARTESIAN_POINT('', (2.25, 11.25, 2.5));
#2914 = CARTESIAN_POINT('', (1.5, 11.25, -1.0));
#2915 = CARTESIAN_POINT('', (1.5, 11.25, 2.5));
#2916 = CARTESIAN_POINT('', (0.75, 11.25, -1.0));
#2917 = CARTESIAN_POINT('', (0.75, 11.25, 2.5));
#2918 = CARTESIAN_POINT('', (0.75, 10.5, -1.0));
#2919 = CARTESIAN_POINT('', (0.75, 10.5, 2.5));
#2920 = CARTESIAN_POINT('', (0.7499999999999999, 9.75, -1.0));
#2921 = CARTESIAN_POINT('', (0.7499999999999999, 9.75, 2.5));
#2922 = CARTESIAN_POINT('', (1.4999999999999998, 9.75, -1.0));
#2923 = CARTESIAN_POINT('', (1.4999999999999998, 9.75, 2.5));
#2924 = CARTESIAN_POINT('', (2.25, 9.75, -1.0));
#2925 = CARTESIAN_POINT('', (2.25, 9.75, 2.5));
#2926 = CARTESIAN_POINT('', (2.25, 10.5, -1.0));
#2927 = CARTESIAN_POINT('', (2.25, 10.5, 2.5));
#2928 = DEFINITIONAL_REPRESENTATION('', (#2930), #2929);
#2929 = (
    GEOMETRIC_REPRESENTATION_CONTEXT(2)
    PARAMETRIC_REPRESENTATION_CONTEXT()
    REPRESENTATION_CONTEXT('2D SPACE', '')
);
#2930 = (
    BOUNDED_CURVE()
    B_SPLINE_CURVE(1, (#2931, #2932), .UNSPECIFIED., .U., .U.)
    B_SPLINE_CURVE_WITH_KNOTS((2, 2), (1.0, 2.5), .UNSPECIFIED.)
    CURVE()
    GEOMETRIC_REPRESENTATION_ITEM()
    RATIONAL_B_SPLINE_CURVE((1.0, 1.0))
    REPRESENTATION_ITEM('')
);
#2931 = CARTESIAN_POINT('', (0.0, 1.0));
#2932 = CARTESIAN_POINT('', (0.0, 2.5));
#2933 = PCURVE('', #2934, #2953);
#2934 = (
    BOUNDED_SURFACE()
    B_SPLINE_SURFACE(2, 1, ((#2935, #2936), (#2937, #2938), (#2939, #2940), (#2941, #2942), (#2943, #2944), (#2945, #2946), (#2947, #2948), (#2949, #2950), (#2951, #2952)), .UNSPECIFIED., .U., .U., .U.)
    B_SPLINE_SURFACE_WITH_KNOTS((3, 2, 2, 2, 3), (2, 2), (0.0, 1.1780972450961729, 2.3561944901923457, 3.5342917352885177, 4.71238898038469), (0.0, 3.5), .UNSPECIFIED.)
    GEOMETRIC_REPRESENTATION_ITEM()
    RATIONAL_B_SPLINE_SURFACE(((1.0, 1.0), (0.7071067811865476, 0.7071067811865476), (1.0, 1.0), (0.7071067811865476, 0.7071067811865476), (1.0, 1.0), (0.7071067811865476, 0.7071067811865476), (1.0, 1.0), (0.7071067811865476, 0.7071067811865476), (1.0, 1.0)))
    REPRESENTATION_ITEM('')
    SURFACE()
);
#2935 = CARTESIAN_POINT('', (2.25, 10.5, -1.0));
#2936 = CARTESIAN_POINT('', (2.25, 10.5, 2.5));
#2937 = CARTESIAN_POINT('', (2.25, 11.25, -1.0));
#2938 = CARTESIAN_POINT('', (2.25, 11.25, 2.5));
#2939 = CARTESIAN_POINT('', (1.5, 11.25, -1.0));
#2940 = CARTESIAN_POINT('', (1.5, 11.25, 2.5));
#2941 = CARTESIAN_POINT('', (0.75, 11.25, -1.0));
#2942 = CARTESIAN_POINT('', (0.75, 11.25, 2.5));
#2943 = CARTESIAN_POINT('', (0.75, 10.5, -1.0));
#2944 = CARTESIAN_POINT('', (0.75, 10.5, 2.5));
#2945 = CARTESIAN_POINT('', (0.7499999999999999, 9.75, -1.0));
#2946 = CARTESIAN_POINT('', (0.7499999999999999, 9.75, 2.5));
#2947 = CARTESIAN_POINT('', (1.4999999999999998, 9.75, -1.0));
#2948 = CARTESIAN_POINT('', (1.4999999999999998, 9.75, 2.5));
#2949 = CARTESIAN_POINT('', (2.25, 9.75, -1.0));
#2950 = CARTESIAN_POINT('', (2.25, 9.75, 2.5));
#2951 = CARTESIAN_POINT('', (2.25, 10.5, -1.0));
#2952 = CARTESIAN_POINT('', (2.25, 10.5, 2.5));
#2953 = DEFINITIONAL_REPRESENTATION('', (#2955), #2954);
#2954 = (
    GEOMETRIC_REPRESENTATION_CONTEXT(2)
    PARAMETRIC_REPRESENTATION_CONTEXT()
    REPRESENTATION_CONTEXT('2D SPACE', '')
);
#2955 = (
    BOUNDED_CURVE()
    B_SPLINE_CURVE(1, (#2956, #2957), .UNSPECIFIED., .U., .U.)
    B_SPLINE_CURVE_WITH_KNOTS((2, 2), (1.0, 2.5), .UNSPECIFIED.)
    CURVE()
    GEOMETRIC_REPRESENTATION_ITEM()
    RATIONAL_B_SPLINE_CURVE((1.0, 1.0))
    REPRESENTATION_ITEM('')
);
#2956 = CARTESIAN_POINT('', (4.71238898038469, 1.0));
#2957 = CARTESIAN_POINT('', (4.71238898038469, 2.5));
#2958 = SEAM_CURVE('', #2959, (#2962, #2987), .CURVE_3D.);
#2959 = (
    BOUNDED_CURVE()
    B_SPLINE_CURVE(1, (#2960, #2961), .UNSPECIFIED., .U., .U.)
    B_SPLINE_CURVE_WITH_KNOTS((2, 2), (1.0, 2.5), .UNSPECIFIED.)
    CURVE()
    GEOMETRIC_REPRESENTATION_ITEM()
    RATIONAL_B_SPLINE_CURVE((1.0, 1.0))
    REPRESENTATION_ITEM('')
);
#2960 = CARTESIAN_POINT('', (5.25, 1.5, 0.0));
#2961 = CARTESIAN_POINT('', (5.25, 1.5, 1.5));
#2962 = PCURVE('', #2963, #2982);
#2963 = (
    BOUNDED_SURFACE()
    B_SPLINE_SURFACE(2, 1, ((#2964, #2965), (#2966, #2967), (#2968, #2969), (#2970, #2971), (#2972, #2973), (#2974, #2975), (#2976, #2977), (#2978, #2979), (#2980, #2981)), .UNSPECIFIED., .U., .U., .U.)
    B_SPLINE_SURFACE_WITH_KNOTS((3, 2, 2, 2, 3), (2, 2), (0.0, 1.1780972450961726, 2.3561944901923453, 3.5342917352885177, 4.712388980384689), (0.0, 3.5), .UNSPECIFIED.)
    GEOMETRIC_REPRESENTATION_ITEM()
    RATIONAL_B_SPLINE_SURFACE(((1.0, 1.0), (0.7071067811865476, 0.7071067811865476), (1.0, 1.0), (0.7071067811865476, 0.7071067811865476), (1.0, 1.0), (0.7071067811865476, 0.7071067811865476), (1.0, 1.0), (0.7071067811865476, 0.7071067811865476), (1.0, 1.0)))
    REPRESENTATION_ITEM('')
    SURFACE()
);
#2964 = CARTESIAN_POINT('', (5.25, 1.5, -1.0));
#2965 = CARTESIAN_POINT('', (5.25, 1.5, 2.5));
#2966 = CARTESIAN_POINT('', (5.25, 2.25, -1.0));
#2967 = CARTESIAN_POINT('', (5.25, 2.25, 2.5));
#2968 = CARTESIAN_POINT('', (4.5, 2.25, -1.0));
#2969 = CARTESIAN_POINT('', (4.5, 2.25, 2.5));
#2970 = CARTESIAN_POINT('', (3.75, 2.25, -1.0));
#2971 = CARTESIAN_POINT('', (3.75, 2.25, 2.5));
#2972 = CARTESIAN_POINT('', (3.75, 1.5, -1.0));
#2973 = CARTESIAN_POINT('', (3.75, 1.5, 2.5));
#2974 = CARTESIAN_POINT('', (3.75, 0.75, -1.0));
#2975 = CARTESIAN_POINT('', (3.75, 0.75, 2.5));
#2976 = CARTESIAN_POINT('', (4.5, 0.75, -1.0));
#2977 = CARTESIAN_POINT('', (4.5, 0.75, 2.5));
#2978 = CARTESIAN_POINT('', (5.25, 0.7499999999999998, -1.0));
#2979 = CARTESIAN_POINT('', (5.25, 0.7499999999999998, 2.5));
#2980 = CARTESIAN_POINT('', (5.25, 1.5, -1.0));
#2981 = CARTESIAN_POINT('', (5.25, 1.5, 2.5));
#2982 = DEFINITIONAL_REPRESENTATION('', (#2984), #2983);
#2983 = (
    GEOMETRIC_REPRESENTATION_CONTEXT(2)
    PARAMETRIC_REPRESENTATION_CONTEXT()
    REPRESENTATION_CONTEXT('2D SPACE', '')
);
#2984 = (
    BOUNDED_CURVE()
    B_SPLINE_CURVE(1, (#2985, #2986), .UNSPECIFIED., .U., .U.)
    B_SPLINE_CURVE_WITH_KNOTS((2, 2), (1.0, 2.5), .UNSPECIFIED.)
    CURVE()
    GEOMETRIC_REPRESENTATION_ITEM()
    RATIONAL_B_SPLINE_CURVE((1.0, 1.0))
    REPRESENTATION_ITEM('')
);
#2985 = CARTESIAN_POINT('', (0.0, 1.0));
#2986 = CARTESIAN_POINT('', (0.0, 2.5));
#2987 = PCURVE('', #2988, #3007);
#2988 = (
    BOUNDED_SURFACE()
    B_SPLINE_SURFACE(2, 1, ((#2989, #2990), (#2991, #2992), (#2993, #2994), (#2995, #2996), (#2997, #2998), (#2999, #3000), (#3001, #3002), (#3003, #3004), (#3005, #3006)), .UNSPECIFIED., .U., .U., .U.)
    B_SPLINE_SURFACE_WITH_KNOTS((3, 2, 2, 2, 3), (2, 2), (0.0, 1.1780972450961726, 2.3561944901923453, 3.5342917352885177, 4.712388980384689), (0.0, 3.5), .UNSPECIFIED.)
    GEOMETRIC_REPRESENTATION_ITEM()
    RATIONAL_B_SPLINE_SURFACE(((1.0, 1.0), (0.7071067811865476, 0.7071067811865476), (1.0, 1.0), (0.7071067811865476, 0.7071067811865476), (1.0, 1.0), (0.7071067811865476, 0.7071067811865476), (1.0, 1.0), (0.7071067811865476, 0.7071067811865476), (1.0, 1.0)))
    REPRESENTATION_ITEM('')
    SURFACE()
);
#2989 = CARTESIAN_POINT('', (5.25, 1.5, -1.0));
#2990 = CARTESIAN_POINT('', (5.25, 1.5, 2.5));
#2991 = CARTESIAN_POINT('', (5.25, 2.25, -1.0));
#2992 = CARTESIAN_POINT('', (5.25, 2.25, 2.5));
#2993 = CARTESIAN_POINT('', (4.5, 2.25, -1.0));
#2994 = CARTESIAN_POINT('', (4.5, 2.25, 2.5));
#2995 = CARTESIAN_POINT('', (3.75, 2.25, -1.0));
#2996 = CARTESIAN_POINT('', (3.75, 2.25, 2.5));
#2997 = CARTESIAN_POINT('', (3.75, 1.5, -1.0));
#2998 = CARTESIAN_POINT('', (3.75, 1.5, 2.5));
#2999 = CARTESIAN_POINT('', (3.75, 0.75, -1.0));
#3000 = CARTESIAN_POINT('', (3.75, 0.75, 2.5));
#3001 = CARTESIAN_POINT('', (4.5, 0.75, -1.0));
#3002 = CARTESIAN_POINT('', (4.5, 0.75, 2.5));
#3003 = CARTESIAN_POINT('', (5.25, 0.7499999999999998, -1.0));
#3004 = CARTESIAN_POINT('', (5.25, 0.7499999999999998, 2.5));
#3005 = CARTESIAN_POINT('', (5.25, 1.5, -1.0));
#3006 = CARTESIAN_POINT('', (5.25, 1.5, 2.5));
#3007 = DEFINITIONAL_REPRESENTATION('', (#3009), #3008);
#3008 = (
    GEOMETRIC_REPRESENTATION_CONTEXT(2)
    PARAMETRIC_REPRESENTATION_CONTEXT()
    REPRESENTATION_CONTEXT('2D SPACE', '')
);
#3009 = (
    BOUNDED_CURVE()
    B_SPLINE_CURVE(1, (#3010, #3011), .UNSPECIFIED., .U., .U.)
    B_SPLINE_CURVE_WITH_KNOTS((2, 2), (1.0, 2.5), .UNSPECIFIED.)
    CURVE()
    GEOMETRIC_REPRESENTATION_ITEM()
    RATIONAL_B_SPLINE_CURVE((1.0, 1.0))
    REPRESENTATION_ITEM('')
);
#3010 = CARTESIAN_POINT('', (4.712388980384689, 1.0));
#3011 = CARTESIAN_POINT('', (4.712388980384689, 2.5));
#3012 = SEAM_CURVE('', #3013, (#3016, #3041), .CURVE_3D.);
#3013 = (
    BOUNDED_CURVE()
    B_SPLINE_CURVE(1, (#3014, #3015), .UNSPECIFIED., .U., .U.)
    B_SPLINE_CURVE_WITH_KNOTS((2, 2), (1.0, 2.5), .UNSPECIFIED.)
    CURVE()
    GEOMETRIC_REPRESENTATION_ITEM()
    RATIONAL_B_SPLINE_CURVE((1.0, 1.0))
    REPRESENTATION_ITEM('')
);
#3014 = CARTESIAN_POINT('', (5.25, 4.5, 0.0));
#3015 = CARTESIAN_POINT('', (5.25, 4.5, 1.5));
#3016 = PCURVE('', #3017, #3036);
#3017 = (
    BOUNDED_SURFACE()
    B_SPLINE_SURFACE(2, 1, ((#3018, #3019), (#3020, #3021), (#3022, #3023), (#3024, #3025), (#3026, #3027), (#3028, #3029), (#3030, #3031), (#3032, #3033), (#3034, #3035)), .UNSPECIFIED., .U., .U., .U.)
    B_SPLINE_SURFACE_WITH_KNOTS((3, 2, 2, 2, 3), (2, 2), (0.0, 1.1780972450961724, 2.356194490192345, 3.534291735288517, 4.712388980384689), (0.0, 3.5), .UNSPECIFIED.)
    GEOMETRIC_REPRESENTATION_ITEM()
    RATIONAL_B_SPLINE_SURFACE(((1.0, 1.0), (0.7071067811865476, 0.7071067811865476), (1.0, 1.0), (0.7071067811865476, 0.7071067811865476), (1.0, 1.0), (0.7071067811865476, 0.7071067811865476), (1.0, 1.0), (0.7071067811865476, 0.7071067811865476), (1.0, 1.0)))
    REPRESENTATION_ITEM('')
    SURFACE()
);
#3018 = CARTESIAN_POINT('', (5.25, 4.5, -1.0));
#3019 = CARTESIAN_POINT('', (5.25, 4.5, 2.5));
#3020 = CARTESIAN_POINT('', (5.25, 5.25, -1.0));
#3021 = CARTESIAN_POINT('', (5.25, 5.25, 2.5));
#3022 = CARTESIAN_POINT('', (4.5, 5.25, -1.0));
#3023 = CARTESIAN_POINT('', (4.5, 5.25, 2.5));
#3024 = CARTESIAN_POINT('', (3.75, 5.25, -1.0));
#3025 = CARTESIAN_POINT('', (3.75, 5.25, 2.5));
#3026 = CARTESIAN_POINT('', (3.75, 4.5, -1.0));
#3027 = CARTESIAN_POINT('', (3.75, 4.5, 2.5));
#3028 = CARTESIAN_POINT('', (3.75, 3.75, -1.0));
#3029 = CARTESIAN_POINT('', (3.75, 3.75, 2.5));
#3030 = CARTESIAN_POINT('', (4.5, 3.75, -1.0));
#3031 = CARTESIAN_POINT('', (4.5, 3.75, 2.5));
#3032 = CARTESIAN_POINT('', (5.25, 3.75, -1.0));
#3033 = CARTESIAN_POINT('', (5.25, 3.75, 2.5));
#3034 = CARTESIAN_POINT('', (5.25, 4.5, -1.0));
#3035 = CARTESIAN_POINT('', (5.25, 4.5, 2.5));
#3036 = DEFINITIONAL_REPRESENTATION('', (#3038), #3037);
#3037 = (
    GEOMETRIC_REPRESENTATION_CONTEXT(2)
    PARAMETRIC_REPRESENTATION_CONTEXT()
    REPRESENTATION_CONTEXT('2D SPACE', '')
);
#3038 = (
    BOUNDED_CURVE()
    B_SPLINE_CURVE(1, (#3039, #3040), .UNSPECIFIED., .U., .U.)
    B_SPLINE_CURVE_WITH_KNOTS((2, 2), (1.0, 2.5), .UNSPECIFIED.)
    CURVE()
    GEOMETRIC_REPRESENTATION_ITEM()
    RATIONAL_B_SPLINE_CURVE((1.0, 1.0))
    REPRESENTATION_ITEM('')
);
#3039 = CARTESIAN_POINT('', (0.0, 1.0));
#3040 = CARTESIAN_POINT('', (0.0, 2.5));
#3041 = PCURVE('', #3042, #3061);
#3042 = (
    BOUNDED_SURFACE()
    B_SPLINE_SURFACE(2, 1, ((#3043, #3044), (#3045, #3046), (#3047, #3048), (#3049, #3050), (#3051, #3052), (#3053, #3054), (#3055, #3056), (#3057, #3058), (#3059, #3060)), .UNSPECIFIED., .U., .U., .U.)
    B_SPLINE_SURFACE_WITH_KNOTS((3, 2, 2, 2, 3), (2, 2), (0.0, 1.1780972450961724, 2.356194490192345, 3.534291735288517, 4.712388980384689), (0.0, 3.5), .UNSPECIFIED.)
    GEOMETRIC_REPRESENTATION_ITEM()
    RATIONAL_B_SPLINE_SURFACE(((1.0, 1.0), (0.7071067811865476, 0.7071067811865476), (1.0, 1.0), (0.7071067811865476, 0.7071067811865476), (1.0, 1.0), (0.7071067811865476, 0.7071067811865476), (1.0, 1.0), (0.7071067811865476, 0.7071067811865476), (1.0, 1.0)))
    REPRESENTATION_ITEM('')
    SURFACE()
);
#3043 = CARTESIAN_POINT('', (5.25, 4.5, -1.0));
#3044 = CARTESIAN_POINT('', (5.25, 4.5, 2.5));
#3045 = CARTESIAN_POINT('', (5.25, 5.25, -1.0));
#3046 = CARTESIAN_POINT('', (5.25, 5.25, 2.5));
#3047 = CARTESIAN_POINT('', (4.5, 5.25, -1.0));
#3048 = CARTESIAN_POINT('', (4.5, 5.25, 2.5));
#3049 = CARTESIAN_POINT('', (3.75, 5.25, -1.0));
#3050 = CARTESIAN_POINT('', (3.75, 5.25, 2.5));
#3051 = CARTESIAN_POINT('', (3.75, 4.5, -1.0));
#3052 = CARTESIAN_POINT('', (3.75, 4.5, 2.5));
#3053 = CARTESIAN_POINT('', (3.75, 3.75, -1.0));
#3054 = CARTESIAN_POINT('', (3.75, 3.75, 2.5));
#3055 = CARTESIAN_POINT('', (4.5, 3.75, -1.0));
#3056 = CARTESIAN_POINT('', (4.5, 3.75, 2.5));
#3057 = CARTESIAN_POINT('', (5.25, 3.75, -1.0));
#3058 = CARTESIAN_POINT('', (5.25, 3.75, 2.5));
#3059 = CARTESIAN_POINT('', (5.25, 4.5, -1.0));
#3060 = CARTESIAN_POINT('', (5.25, 4.5, 2.5));
#3061 = DEFINITIONAL_REPRESENTATION('', (#3063), #3062);
#3062 = (
    GEOMETRIC_REPRESENTATION_CONTEXT(2)
    PARAMETRIC_REPRESENTATION_CONTEXT()
    REPRESENTATION_CONTEXT('2D SPACE', '')
);
#3063 = (
    BOUNDED_CURVE()
    B_SPLINE_CURVE(1, (#3064, #3065), .UNSPECIFIED., .U., .U.)
    B_SPLINE_CURVE_WITH_KNOTS((2, 2), (1.0, 2.5), .UNSPECIFIED.)
    CURVE()
    GEOMETRIC_REPRESENTATION_ITEM()
    RATIONAL_B_SPLINE_CURVE((1.0, 1.0))
    REPRESENTATION_ITEM('')
);
#3064 = CARTESIAN_POINT('', (4.712388980384689, 1.0));
#3065 = CARTESIAN_POINT('', (4.712388980384689, 2.5));
#3066 = SEAM_CURVE('', #3067, (#3070, #3095), .CURVE_3D.);
#3067 = (
    BOUNDED_CURVE()
    B_SPLINE_CURVE(1, (#3068, #3069), .UNSPECIFIED., .U., .U.)
    B_SPLINE_CURVE_WITH_KNOTS((2, 2), (1.0, 2.5), .UNSPECIFIED.)
    CURVE()
    GEOMETRIC_REPRESENTATION_ITEM()
    RATIONAL_B_SPLINE_CURVE((1.0, 1.0))
    REPRESENTATION_ITEM('')
);
#3068 = CARTESIAN_POINT('', (5.25, 7.5, 0.0));
#3069 = CARTESIAN_POINT('', (5.25, 7.5, 1.5));
#3070 = PCURVE('', #3071, #3090);
#3071 = (
    BOUNDED_SURFACE()
    B_SPLINE_SURFACE(2, 1, ((#3072, #3073), (#3074, #3075), (#3076, #3077), (#3078, #3079), (#3080, #3081), (#3082, #3083), (#3084, #3085), (#3086, #3087), (#3088, #3089)), .UNSPECIFIED., .U., .U., .U.)
    B_SPLINE_SURFACE_WITH_KNOTS((3, 2, 2, 2, 3), (2, 2), (0.0, 1.178097245096173, 2.3561944901923457, 3.5342917352885177, 4.712388980384688), (0.0, 3.5), .UNSPECIFIED.)
    GEOMETRIC_REPRESENTATION_ITEM()
    RATIONAL_B_SPLINE_SURFACE(((1.0, 1.0), (0.7071067811865476, 0.7071067811865476), (1.0, 1.0), (0.7071067811865476, 0.7071067811865476), (1.0, 1.0), (0.7071067811865476, 0.7071067811865476), (1.0, 1.0), (0.7071067811865476, 0.7071067811865476), (1.0, 1.0)))
    REPRESENTATION_ITEM('')
    SURFACE()
);
#3072 = CARTESIAN_POINT('', (5.25, 7.5, -1.0));
#3073 = CARTESIAN_POINT('', (5.25, 7.5, 2.5));
#3074 = CARTESIAN_POINT('', (5.25, 8.25, -1.0));
#3075 = CARTESIAN_POINT('', (5.25, 8.25, 2.5));
#3076 = CARTESIAN_POINT('', (4.5, 8.25, -1.0));
#3077 = CARTESIAN_POINT('', (4.5, 8.25, 2.5));
#3078 = CARTESIAN_POINT('', (3.75, 8.25, -1.0));
#3079 = CARTESIAN_POINT('', (3.75, 8.25, 2.5));
#3080 = CARTESIAN_POINT('', (3.75, 7.5, -1.0));
#3081 = CARTESIAN_POINT('', (3.75, 7.5, 2.5));
#3082 = CARTESIAN_POINT('', (3.75, 6.75, -1.0));
#3083 = CARTESIAN_POINT('', (3.75, 6.75, 2.5));
#3084 = CARTESIAN_POINT('', (4.5, 6.75, -1.0));
#3085 = CARTESIAN_POINT('', (4.5, 6.75, 2.5));
#3086 = CARTESIAN_POINT('', (5.25, 6.75, -1.0));
#3087 = CARTESIAN_POINT('', (5.25, 6.75, 2.5));
#3088 = CARTESIAN_POINT('', (5.25, 7.5, -1.0));
#3089 = CARTESIAN_POINT('', (5.25, 7.5, 2.5));
#3090 = DEFINITIONAL_REPRESENTATION('', (#3092), #3091);
#3091 = (
    GEOMETRIC_REPRESENTATION_CONTEXT(2)
    PARAMETRIC_REPRESENTATION_CONTEXT()
    REPRESENTATION_CONTEXT('2D SPACE', '')
);
#3092 = (
    BOUNDED_CURVE()
    B_SPLINE_CURVE(1, (#3093, #3094), .UNSPECIFIED., .U., .U.)
    B_SPLINE_CURVE_WITH_KNOTS((2, 2), (1.0, 2.5), .UNSPECIFIED.)
    CURVE()
    GEOMETRIC_REPRESENTATION_ITEM()
    RATIONAL_B_SPLINE_CURVE((1.0, 1.0))
    REPRESENTATION_ITEM('')
);
#3093 = CARTESIAN_POINT('', (0.0, 1.0));
#3094 = CARTESIAN_POINT('', (0.0, 2.5));
#3095 = PCURVE('', #3096, #3115);
#3096 = (
    BOUNDED_SURFACE()
    B_SPLINE_SURFACE(2, 1, ((#3097, #3098), (#3099, #3100), (#3101, #3102), (#3103, #3104), (#3105, #3106), (#3107, #3108), (#3109, #3110), (#3111, #3112), (#3113, #3114)), .UNSPECIFIED., .U., .U., .U.)
    B_SPLINE_SURFACE_WITH_KNOTS((3, 2, 2, 2, 3), (2, 2), (0.0, 1.178097245096173, 2.3561944901923457, 3.5342917352885177, 4.712388980384688), (0.0, 3.5), .UNSPECIFIED.)
    GEOMETRIC_REPRESENTATION_ITEM()
    RATIONAL_B_SPLINE_SURFACE(((1.0, 1.0), (0.7071067811865476, 0.7071067811865476), (1.0, 1.0), (0.7071067811865476, 0.7071067811865476), (1.0, 1.0), (0.7071067811865476, 0.7071067811865476), (1.0, 1.0), (0.7071067811865476, 0.7071067811865476), (1.0, 1.0)))
    REPRESENTATION_ITEM('')
    SURFACE()
);
#3097 = CARTESIAN_POINT('', (5.25, 7.5, -1.0));
#3098 = CARTESIAN_POINT('', (5.25, 7.5, 2.5));
#3099 = CARTESIAN_POINT('', (5.25, 8.25, -1.0));
#3100 = CARTESIAN_POINT('', (5.25, 8.25, 2.5));
#3101 = CARTESIAN_POINT('', (4.5, 8.25, -1.0));
#3102 = CARTESIAN_POINT('', (4.5, 8.25, 2.5));
#3103 = CARTESIAN_POINT('', (3.75, 8.25, -1.0));
#3104 = CARTESIAN_POINT('', (3.75, 8.25, 2.5));
#3105 = CARTESIAN_POINT('', (3.75, 7.5, -1.0));
#3106 = CARTESIAN_POINT('', (3.75, 7.5, 2.5));
#3107 = CARTESIAN_POINT('', (3.75, 6.75, -1.0));
#3108 = CARTESIAN_POINT('', (3.75, 6.75, 2.5));
#3109 = CARTESIAN_POINT('', (4.5, 6.75, -1.0));
#3110 = CARTESIAN_POINT('', (4.5, 6.75, 2.5));
#3111 = CARTESIAN_POINT('', (5.25, 6.75, -1.0));
#3112 = CARTESIAN_POINT('', (5.25, 6.75, 2.5));
#3113 = CARTESIAN_POINT('', (5.25, 7.5, -1.0));
#3114 = CARTESIAN_POINT('', (5.25, 7.5, 2.5));
#3115 = DEFINITIONAL_REPRESENTATION('', (#3117), #3116);
#3116 = (
    GEOMETRIC_REPRESENTATION_CONTEXT(2)
    PARAMETRIC_REPRESENTATION_CONTEXT()
    REPRESENTATION_CONTEXT('2D SPACE', '')
);
#3117 = (
    BOUNDED_CURVE()
    B_SPLINE_CURVE(1, (#3118, #3119), .UNSPECIFIED., .U., .U.)
    B_SPLINE_CURVE_WITH_KNOTS((2, 2), (1.0, 2.5), .UNSPECIFIED.)
    CURVE()
    GEOMETRIC_REPRESENTATION_ITEM()
    RATIONAL_B_SPLINE_CURVE((1.0, 1.0))
    REPRESENTATION_ITEM('')
);
#3118 = CARTESIAN_POINT('', (4.712388980384688, 1.0));
#3119 = CARTESIAN_POINT('', (4.712388980384688, 2.5));
#3120 = SEAM_CURVE('', #3121, (#3124, #3149), .CURVE_3D.);
#3121 = (
    BOUNDED_CURVE()
    B_SPLINE_CURVE(1, (#3122, #3123), .UNSPECIFIED., .U., .U.)
    B_SPLINE_CURVE_WITH_KNOTS((2, 2), (1.0, 2.5), .UNSPECIFIED.)
    CURVE()
    GEOMETRIC_REPRESENTATION_ITEM()
    RATIONAL_B_SPLINE_CURVE((1.0, 1.0))
    REPRESENTATION_ITEM('')
);
#3122 = CARTESIAN_POINT('', (5.25, 10.5, 0.0));
#3123 = CARTESIAN_POINT('', (5.25, 10.5, 1.5));
#3124 = PCURVE('', #3125, #3144);
#3125 = (
    BOUNDED_SURFACE()
    B_SPLINE_SURFACE(2, 1, ((#3126, #3127), (#3128, #3129), (#3130, #3131), (#3132, #3133), (#3134, #3135), (#3136, #3137), (#3138, #3139), (#3140, #3141), (#3142, #3143)), .UNSPECIFIED., .U., .U., .U.)
    B_SPLINE_SURFACE_WITH_KNOTS((3, 2, 2, 2, 3), (2, 2), (0.0, 1.1780972450961729, 2.3561944901923457, 3.5342917352885177, 4.71238898038469), (0.0, 3.5), .UNSPECIFIED.)
    GEOMETRIC_REPRESENTATION_ITEM()
    RATIONAL_B_SPLINE_SURFACE(((1.0, 1.0), (0.7071067811865476, 0.7071067811865476), (1.0, 1.0), (0.7071067811865476, 0.7071067811865476), (1.0, 1.0), (0.7071067811865476, 0.7071067811865476), (1.0, 1.0), (0.7071067811865476, 0.7071067811865476), (1.0, 1.0)))
    REPRESENTATION_ITEM('')
    SURFACE()
);
#3126 = CARTESIAN_POINT('', (5.25, 10.5, -1.0));
#3127 = CARTESIAN_POINT('', (5.25, 10.5, 2.5));
#3128 = CARTESIAN_POINT('', (5.25, 11.25, -1.0));
#3129 = CARTESIAN_POINT('', (5.25, 11.25, 2.5));
#3130 = CARTESIAN_POINT('', (4.5, 11.25, -1.0));
#3131 = CARTESIAN_POINT('', (4.5, 11.25, 2.5));
#3132 = CARTESIAN_POINT('', (3.75, 11.25, -1.0));
#3133 = CARTESIAN_POINT('', (3.75, 11.25, 2.5));
#3134 = CARTESIAN_POINT('', (3.75, 10.5, -1.0));
#3135 = CARTESIAN_POINT('', (3.75, 10.5, 2.5));
#3136 = CARTESIAN_POINT('', (3.75, 9.75, -1.0));
#3137 = CARTESIAN_POINT('', (3.75, 9.75, 2.5));
#3138 = CARTESIAN_POINT('', (4.5, 9.75, -1.0));
#3139 = CARTESIAN_POINT('', (4.5, 9.75, 2.5));
#3140 = CARTESIAN_POINT('', (5.25, 9.75, -1.0));
#3141 = CARTESIAN_POINT('', (5.25, 9.75, 2.5));
#3142 = CARTESIAN_POINT('', (5.25, 10.5, -1.0));
#3143 = CARTESIAN_POINT('', (5.25, 10.5, 2.5));
#3144 = DEFINITIONAL_REPRESENTATION('', (#3146), #3145);
#3145 = (
    GEOMETRIC_REPRESENTATION_CONTEXT(2)
    PARAMETRIC_REPRESENTATION_CONTEXT()
    REPRESENTATION_CONTEXT('2D SPACE', '')
);
#3146 = (
    BOUNDED_CURVE()
    B_SPLINE_CURVE(1, (#3147, #3148), .UNSPECIFIED., .U., .U.)
    B_SPLINE_CURVE_WITH_KNOTS((2, 2), (1.0, 2.5), .UNSPECIFIED.)
    CURVE()
    GEOMETRIC_REPRESENTATION_ITEM()
    RATIONAL_B_SPLINE_CURVE((1.0, 1.0))
    REPRESENTATION_ITEM('')
);
#3147 = CARTESIAN_POINT('', (0.0, 1.0));
#3148 = CARTESIAN_POINT('', (0.0, 2.5));
#3149 = PCURVE('', #3150, #3169);
#3150 = (
    BOUNDED_SURFACE()
    B_SPLINE_SURFACE(2, 1, ((#3151, #3152), (#3153, #3154), (#3155, #3156), (#3157, #3158), (#3159, #3160), (#3161, #3162), (#3163, #3164), (#3165, #3166), (#3167, #3168)), .UNSPECIFIED., .U., .U., .U.)
    B_SPLINE_SURFACE_WITH_KNOTS((3, 2, 2, 2, 3), (2, 2), (0.0, 1.1780972450961729, 2.3561944901923457, 3.5342917352885177, 4.71238898038469), (0.0, 3.5), .UNSPECIFIED.)
    GEOMETRIC_REPRESENTATION_ITEM()
    RATIONAL_B_SPLINE_SURFACE(((1.0, 1.0), (0.7071067811865476, 0.7071067811865476), (1.0, 1.0), (0.7071067811865476, 0.7071067811865476), (1.0, 1.0), (0.7071067811865476, 0.7071067811865476), (1.0, 1.0), (0.7071067811865476, 0.7071067811865476), (1.0, 1.0)))
    REPRESENTATION_ITEM('')
    SURFACE()
);
#3151 = CARTESIAN_POINT('', (5.25, 10.5, -1.0));
#3152 = CARTESIAN_POINT('', (5.25, 10.5, 2.5));
#3153 = CARTESIAN_POINT('', (5.25, 11.25, -1.0));
#3154 = CARTESIAN_POINT('', (5.25, 11.25, 2.5));
#3155 = CARTESIAN_POINT('', (4.5, 11.25, -1.0));
#3156 = CARTESIAN_POINT('', (4.5, 11.25, 2.5));
#3157 = CARTESIAN_POINT('', (3.75, 11.25, -1.0));
#3158 = CARTESIAN_POINT('', (3.75, 11.25, 2.5));
#3159 = CARTESIAN_POINT('', (3.75, 10.5, -1.0));
#3160 = CARTESIAN_POINT('', (3.75, 10.5, 2.5));
#3161 = CARTESIAN_POINT('', (3.75, 9.75, -1.0));
#3162 = CARTESIAN_POINT('', (3.75, 9.75, 2.5));
#3163 = CARTESIAN_POINT('', (4.5, 9.75, -1.0));
#3164 = CARTESIAN_POINT('', (4.5, 9.75, 2.5));
#3165 = CARTESIAN_POINT('', (5.25, 9.75, -1.0));
#3166 = CARTESIAN_POINT('', (5.25, 9.75, 2.5));
#3167 = CARTESIAN_POINT('', (5.25, 10.5, -1.0));
#3168 = CARTESIAN_POINT('', (5.25, 10.5, 2.5));
#3169 = DEFINITIONAL_REPRESENTATION('', (#3171), #3170);
#3170 = (
    GEOMETRIC_REPRESENTATION_CONTEXT(2)
    PARAMETRIC_REPRESENTATION_CONTEXT()
    REPRESENTATION_CONTEXT('2D SPACE', '')
);
#3171 = (
    BOUNDED_CURVE()
    B_SPLINE_CURVE(1, (#3172, #3173), .UNSPECIFIED., .U., .U.)
    B_SPLINE_CURVE_WITH_KNOTS((2, 2), (1.0, 2.5), .UNSPECIFIED.)
    CURVE()
    GEOMETRIC_REPRESENTATION_ITEM()
    RATIONAL_B_SPLINE_CURVE((1.0, 1.0))
    REPRESENTATION_ITEM('')
);
#3172 = CARTESIAN_POINT('', (4.71238898038469, 1.0));
#3173 = CARTESIAN_POINT('', (4.71238898038469, 2.5));
#3174 = SEAM_CURVE('', #3175, (#3178, #3203), .CURVE_3D.);
#3175 = (
    BOUNDED_CURVE()
    B_SPLINE_CURVE(1, (#3176, #3177), .UNSPECIFIED., .U., .U.)
    B_SPLINE_CURVE_WITH_KNOTS((2, 2), (1.0, 2.5), .UNSPECIFIED.)
    CURVE()
    GEOMETRIC_REPRESENTATION_ITEM()
    RATIONAL_B_SPLINE_CURVE((1.0, 1.0))
    REPRESENTATION_ITEM('')
);
#3176 = CARTESIAN_POINT('', (8.25, 1.5, 0.0));
#3177 = CARTESIAN_POINT('', (8.25, 1.5, 1.5));
#3178 = PCURVE('', #3179, #3198);
#3179 = (
    BOUNDED_SURFACE()
    B_SPLINE_SURFACE(2, 1, ((#3180, #3181), (#3182, #3183), (#3184, #3185), (#3186, #3187), (#3188, #3189), (#3190, #3191), (#3192, #3193), (#3194, #3195), (#3196, #3197)), .UNSPECIFIED., .U., .U., .U.)
    B_SPLINE_SURFACE_WITH_KNOTS((3, 2, 2, 2, 3), (2, 2), (0.0, 1.1780972450961729, 2.356194490192345, 3.534291735288517, 4.71238898038469), (0.0, 3.5), .UNSPECIFIED.)
    GEOMETRIC_REPRESENTATION_ITEM()
    RATIONAL_B_SPLINE_SURFACE(((1.0, 1.0), (0.7071067811865476, 0.7071067811865476), (1.0, 1.0), (0.7071067811865476, 0.7071067811865476), (1.0, 1.0), (0.7071067811865476, 0.7071067811865476), (1.0, 1.0), (0.7071067811865476, 0.7071067811865476), (1.0, 1.0)))
    REPRESENTATION_ITEM('')
    SURFACE()
);
#3180 = CARTESIAN_POINT('', (8.25, 1.5, -1.0));
#3181 = CARTESIAN_POINT('', (8.25, 1.5, 2.5));
#3182 = CARTESIAN_POINT('', (8.25, 2.25, -1.0));
#3183 = CARTESIAN_POINT('', (8.25, 2.25, 2.5));
#3184 = CARTESIAN_POINT('', (7.5, 2.25, -1.0));
#3185 = CARTESIAN_POINT('', (7.5, 2.25, 2.5));
#3186 = CARTESIAN_POINT('', (6.75, 2.25, -1.0));
#3187 = CARTESIAN_POINT('', (6.75, 2.25, 2.5));
#3188 = CARTESIAN_POINT('', (6.75, 1.5, -1.0));
#3189 = CARTESIAN_POINT('', (6.75, 1.5, 2.5));
#3190 = CARTESIAN_POINT('', (6.75, 0.75, -1.0));
#3191 = CARTESIAN_POINT('', (6.75, 0.75, 2.5));
#3192 = CARTESIAN_POINT('', (7.5, 0.75, -1.0));
#3193 = CARTESIAN_POINT('', (7.5, 0.75, 2.5));
#3194 = CARTESIAN_POINT('', (8.25, 0.7499999999999998, -1.0));
#3195 = CARTESIAN_POINT('', (8.25, 0.7499999999999998, 2.5));
#3196 = CARTESIAN_POINT('', (8.25, 1.5, -1.0));
#3197 = CARTESIAN_POINT('', (8.25, 1.5, 2.5));
#3198 = DEFINITIONAL_REPRESENTATION('', (#3200), #3199);
#3199 = (
    GEOMETRIC_REPRESENTATION_CONTEXT(2)
    PARAMETRIC_REPRESENTATION_CONTEXT()
    REPRESENTATION_CONTEXT('2D SPACE', '')
);
#3200 = (
    BOUNDED_CURVE()
    B_SPLINE_CURVE(1, (#3201, #3202), .UNSPECIFIED., .U., .U.)
    B_SPLINE_CURVE_WITH_KNOTS((2, 2), (1.0, 2.5), .UNSPECIFIED.)
    CURVE()
    GEOMETRIC_REPRESENTATION_ITEM()
    RATIONAL_B_SPLINE_CURVE((1.0, 1.0))
    REPRESENTATION_ITEM('')
);
#3201 = CARTESIAN_POINT('', (0.0, 1.0));
#3202 = CARTESIAN_POINT('', (0.0, 2.5));
#3203 = PCURVE('', #3204, #3223);
#3204 = (
    BOUNDED_SURFACE()
    B_SPLINE_SURFACE(2, 1, ((#3205, #3206), (#3207, #3208), (#3209, #3210), (#3211, #3212), (#3213, #3214), (#3215, #3216), (#3217, #3218), (#3219, #3220), (#3221, #3222)), .UNSPECIFIED., .U., .U., .U.)
    B_SPLINE_SURFACE_WITH_KNOTS((3, 2, 2, 2, 3), (2, 2), (0.0, 1.1780972450961729, 2.356194490192345, 3.534291735288517, 4.71238898038469), (0.0, 3.5), .UNSPECIFIED.)
    GEOMETRIC_REPRESENTATION_ITEM()
    RATIONAL_B_SPLINE_SURFACE(((1.0, 1.0), (0.7071067811865476, 0.7071067811865476), (1.0, 1.0), (0.7071067811865476, 0.7071067811865476), (1.0, 1.0), (0.7071067811865476, 0.7071067811865476), (1.0, 1.0), (0.7071067811865476, 0.7071067811865476), (1.0, 1.0)))
    REPRESENTATION_ITEM('')
    SURFACE()
);
#3205 = CARTESIAN_POINT('', (8.25, 1.5, -1.0));
#3206 = CARTESIAN_POINT('', (8.25, 1.5, 2.5));
#3207 = CARTESIAN_POINT('', (8.25, 2.25, -1.0));
#3208 = CARTESIAN_POINT('', (8.25, 2.25, 2.5));
#3209 = CARTESIAN_POINT('', (7.5, 2.25, -1.0));
#3210 = CARTESIAN_POINT('', (7.5, 2.25, 2.5));
#3211 = CARTESIAN_POINT('', (6.75, 2.25, -1.0));
#3212 = CARTESIAN_POINT('', (6.75, 2.25, 2.5));
#3213 = CARTESIAN_POINT('', (6.75, 1.5, -1.0));
#3214 = CARTESIAN_POINT('', (6.75, 1.5, 2.5));
#3215 = CARTESIAN_POINT('', (6.75, 0.75, -1.0));
#3216 = CARTESIAN_POINT('', (6.75, 0.75, 2.5));
#3217 = CARTESIAN_POINT('', (7.5, 0.75, -1.0));
#3218 = CARTESIAN_POINT('', (7.5, 0.75, 2.5));
#3219 = CARTESIAN_POINT('', (8.25, 0.7499999999999998, -1.0));
#3220 = CARTESIAN_POINT('', (8.25, 0.7499999999999998, 2.5));
#3221 = CARTESIAN_POINT('', (8.25, 1.5, -1.0));
#3222 = CARTESIAN_POINT('', (8.25, 1.5, 2.5));
#3223 = DEFINITIONAL_REPRESENTATION('', (#3225), #3224);
#3224 = (
    GEOMETRIC_REPRESENTATION_CONTEXT(2)
    PARAMETRIC_REPRESENTATION_CONTEXT()
    REPRESENTATION_CONTEXT('2D SPACE', '')
);
#3225 = (
    BOUNDED_CURVE()
    B_SPLINE_CURVE(1, (#3226, #3227), .UNSPECIFIED., .U., .U.)
    B_SPLINE_CURVE_WITH_KNOTS((2, 2), (1.0, 2.5), .UNSPECIFIED.)
    CURVE()
    GEOMETRIC_REPRESENTATION_ITEM()
    RATIONAL_B_SPLINE_CURVE((1.0, 1.0))
    REPRESENTATION_ITEM('')
);
#3226 = CARTESIAN_POINT('', (4.71238898038469, 1.0));
#3227 = CARTESIAN_POINT('', (4.71238898038469, 2.5));
#3228 = SEAM_CURVE('', #3229, (#3232, #3257), .CURVE_3D.);
#3229 = (
    BOUNDED_CURVE()
    B_SPLINE_CURVE(1, (#3230, #3231), .UNSPECIFIED., .U., .U.)
    B_SPLINE_CURVE_WITH_KNOTS((2, 2), (1.0, 2.5), .UNSPECIFIED.)
    CURVE()
    GEOMETRIC_REPRESENTATION_ITEM()
    RATIONAL_B_SPLINE_CURVE((1.0, 1.0))
    REPRESENTATION_ITEM('')
);
#3230 = CARTESIAN_POINT('', (8.25, 4.5, 0.0));
#3231 = CARTESIAN_POINT('', (8.25, 4.5, 1.5));
#3232 = PCURVE('', #3233, #3252);
#3233 = (
    BOUNDED_SURFACE()
    B_SPLINE_SURFACE(2, 1, ((#3234, #3235), (#3236, #3237), (#3238, #3239), (#3240, #3241), (#3242, #3243), (#3244, #3245), (#3246, #3247), (#3248, #3249), (#3250, #3251)), .UNSPECIFIED., .U., .U., .U.)
    B_SPLINE_SURFACE_WITH_KNOTS((3, 2, 2, 2, 3), (2, 2), (0.0, 1.1780972450961729, 2.356194490192345, 3.534291735288517, 4.712388980384689), (0.0, 3.5), .UNSPECIFIED.)
    GEOMETRIC_REPRESENTATION_ITEM()
    RATIONAL_B_SPLINE_SURFACE(((1.0, 1.0), (0.7071067811865476, 0.7071067811865476), (1.0, 1.0), (0.7071067811865476, 0.7071067811865476), (1.0, 1.0), (0.7071067811865476, 0.7071067811865476), (1.0, 1.0), (0.7071067811865476, 0.7071067811865476), (1.0, 1.0)))
    REPRESENTATION_ITEM('')
    SURFACE()
);
#3234 = CARTESIAN_POINT('', (8.25, 4.5, -1.0));
#3235 = CARTESIAN_POINT('', (8.25, 4.5, 2.5));
#3236 = CARTESIAN_POINT('', (8.25, 5.25, -1.0));
#3237 = CARTESIAN_POINT('', (8.25, 5.25, 2.5));
#3238 = CARTESIAN_POINT('', (7.5, 5.25, -1.0));
#3239 = CARTESIAN_POINT('', (7.5, 5.25, 2.5));
#3240 = CARTESIAN_POINT('', (6.75, 5.25, -1.0));
#3241 = CARTESIAN_POINT('', (6.75, 5.25, 2.5));
#3242 = CARTESIAN_POINT('', (6.75, 4.5, -1.0));
#3243 = CARTESIAN_POINT('', (6.75, 4.5, 2.5));
#3244 = CARTESIAN_POINT('', (6.75, 3.75, -1.0));
#3245 = CARTESIAN_POINT('', (6.75, 3.75, 2.5));
#3246 = CARTESIAN_POINT('', (7.5, 3.75, -1.0));
#3247 = CARTESIAN_POINT('', (7.5, 3.75, 2.5));
#3248 = CARTESIAN_POINT('', (8.25, 3.75, -1.0));
#3249 = CARTESIAN_POINT('', (8.25, 3.75, 2.5));
#3250 = CARTESIAN_POINT('', (8.25, 4.5, -1.0));
#3251 = CARTESIAN_POINT('', (8.25, 4.5, 2.5));
#3252 = DEFINITIONAL_REPRESENTATION('', (#3254), #3253);
#3253 = (
    GEOMETRIC_REPRESENTATION_CONTEXT(2)
    PARAMETRIC_REPRESENTATION_CONTEXT()
    REPRESENTATION_CONTEXT('2D SPACE', '')
);
#3254 = (
    BOUNDED_CURVE()
    B_SPLINE_CURVE(1, (#3255, #3256), .UNSPECIFIED., .U., .U.)
    B_SPLINE_CURVE_WITH_KNOTS((2, 2), (1.0, 2.5), .UNSPECIFIED.)
    CURVE()
    GEOMETRIC_REPRESENTATION_ITEM()
    RATIONAL_B_SPLINE_CURVE((1.0, 1.0))
    REPRESENTATION_ITEM('')
);
#3255 = CARTESIAN_POINT('', (0.0, 1.0));
#3256 = CARTESIAN_POINT('', (0.0, 2.5));
#3257 = PCURVE('', #3258, #3277);
#3258 = (
    BOUNDED_SURFACE()
    B_SPLINE_SURFACE(2, 1, ((#3259, #3260), (#3261, #3262), (#3263, #3264), (#3265, #3266), (#3267, #3268), (#3269, #3270), (#3271, #3272), (#3273, #3274), (#3275, #3276)), .UNSPECIFIED., .U., .U., .U.)
    B_SPLINE_SURFACE_WITH_KNOTS((3, 2, 2, 2, 3), (2, 2), (0.0, 1.1780972450961729, 2.356194490192345, 3.534291735288517, 4.712388980384689), (0.0, 3.5), .UNSPECIFIED.)
    GEOMETRIC_REPRESENTATION_ITEM()
    RATIONAL_B_SPLINE_SURFACE(((1.0, 1.0), (0.7071067811865476, 0.7071067811865476), (1.0, 1.0), (0.7071067811865476, 0.7071067811865476), (1.0, 1.0), (0.7071067811865476, 0.7071067811865476), (1.0, 1.0), (0.7071067811865476, 0.7071067811865476), (1.0, 1.0)))
    REPRESENTATION_ITEM('')
    SURFACE()
);
#3259 = CARTESIAN_POINT('', (8.25, 4.5, -1.0));
#3260 = CARTESIAN_POINT('', (8.25, 4.5, 2.5));
#3261 = CARTESIAN_POINT('', (8.25, 5.25, -1.0));
#3262 = CARTESIAN_POINT('', (8.25, 5.25, 2.5));
#3263 = CARTESIAN_POINT('', (7.5, 5.25, -1.0));
#3264 = CARTESIAN_POINT('', (7.5, 5.25, 2.5));
#3265 = CARTESIAN_POINT('', (6.75, 5.25, -1.0));
#3266 = CARTESIAN_POINT('', (6.75, 5.25, 2.5));
#3267 = CARTESIAN_POINT('', (6.75, 4.5, -1.0));
#3268 = CARTESIAN_POINT('', (6.75, 4.5, 2.5));
#3269 = CARTESIAN_POINT('', (6.75, 3.75, -1.0));
#3270 = CARTESIAN_POINT('', (6.75, 3.75, 2.5));
#3271 = CARTESIAN_POINT('', (7.5, 3.75, -1.0));
#3272 = CARTESIAN_POINT('', (7.5, 3.75, 2.5));
#3273 = CARTESIAN_POINT('', (8.25, 3.75, -1.0));
#3274 = CARTESIAN_POINT('', (8.25, 3.75, 2.5));
#3275 = CARTESIAN_POINT('', (8.25, 4.5, -1.0));
#3276 = CARTESIAN_POINT('', (8.25, 4.5, 2.5));
#3277 = DEFINITIONAL_REPRESENTATION('', (#3279), #3278);
#3278 = (
    GEOMETRIC_REPRESENTATION_CONTEXT(2)
    PARAMETRIC_REPRESENTATION_CONTEXT()
    REPRESENTATION_CONTEXT('2D SPACE', '')
);
#3279 = (
    BOUNDED_CURVE()
    B_SPLINE_CURVE(1, (#3280, #3281), .UNSPECIFIED., .U., .U.)
    B_SPLINE_CURVE_WITH_KNOTS((2, 2), (1.0, 2.5), .UNSPECIFIED.)
    CURVE()
    GEOMETRIC_REPRESENTATION_ITEM()
    RATIONAL_B_SPLINE_CURVE((1.0, 1.0))
    REPRESENTATION_ITEM('')
);
#3280 = CARTESIAN_POINT('', (4.712388980384689, 1.0));
#3281 = CARTESIAN_POINT('', (4.712388980384689, 2.5));
#3282 = SEAM_CURVE('', #3283, (#3286, #3311), .CURVE_3D.);
#3283 = (
    BOUNDED_CURVE()
    B_SPLINE_CURVE(1, (#3284, #3285), .UNSPECIFIED., .U., .U.)
    B_SPLINE_CURVE_WITH_KNOTS((2, 2), (1.0, 2.5), .UNSPECIFIED.)
    CURVE()
    GEOMETRIC_REPRESENTATION_ITEM()
    RATIONAL_B_SPLINE_CURVE((1.0, 1.0))
    REPRESENTATION_ITEM('')
);
#3284 = CARTESIAN_POINT('', (8.25, 7.5, 0.0));
#3285 = CARTESIAN_POINT('', (8.25, 7.5, 1.5));
#3286 = PCURVE('', #3287, #3306);
#3287 = (
    BOUNDED_SURFACE()
    B_SPLINE_SURFACE(2, 1, ((#3288, #3289), (#3290, #3291), (#3292, #3293), (#3294, #3295), (#3296, #3297), (#3298, #3299), (#3300, #3301), (#3302, #3303), (#3304, #3305)), .UNSPECIFIED., .U., .U., .U.)
    B_SPLINE_SURFACE_WITH_KNOTS((3, 2, 2, 2, 3), (2, 2), (0.0, 1.1780972450961733, 2.3561944901923457, 3.5342917352885177, 4.712388980384689), (0.0, 3.5), .UNSPECIFIED.)
    GEOMETRIC_REPRESENTATION_ITEM()
    RATIONAL_B_SPLINE_SURFACE(((1.0, 1.0), (0.7071067811865476, 0.7071067811865476), (1.0, 1.0), (0.7071067811865476, 0.7071067811865476), (1.0, 1.0), (0.7071067811865476, 0.7071067811865476), (1.0, 1.0), (0.7071067811865476, 0.7071067811865476), (1.0, 1.0)))
    REPRESENTATION_ITEM('')
    SURFACE()
);
#3288 = CARTESIAN_POINT('', (8.25, 7.5, -1.0));
#3289 = CARTESIAN_POINT('', (8.25, 7.5, 2.5));
#3290 = CARTESIAN_POINT('', (8.25, 8.25, -1.0));
#3291 = CARTESIAN_POINT('', (8.25, 8.25, 2.5));
#3292 = CARTESIAN_POINT('', (7.5, 8.25, -1.0));
#3293 = CARTESIAN_POINT('', (7.5, 8.25, 2.5));
#3294 = CARTESIAN_POINT('', (6.75, 8.25, -1.0));
#3295 = CARTESIAN_POINT('', (6.75, 8.25, 2.5));
#3296 = CARTESIAN_POINT('', (6.75, 7.5, -1.0));
#3297 = CARTESIAN_POINT('', (6.75, 7.5, 2.5));
#3298 = CARTESIAN_POINT('', (6.75, 6.75, -1.0));
#3299 = CARTESIAN_POINT('', (6.75, 6.75, 2.5));
#3300 = CARTESIAN_POINT('', (7.5, 6.75, -1.0));
#3301 = CARTESIAN_POINT('', (7.5, 6.75, 2.5));
#3302 = CARTESIAN_POINT('', (8.25, 6.75, -1.0));
#3303 = CARTESIAN_POINT('', (8.25, 6.75, 2.5));
#3304 = CARTESIAN_POINT('', (8.25, 7.5, -1.0));
#3305 = CARTESIAN_POINT('', (8.25, 7.5, 2.5));
#3306 = DEFINITIONAL_REPRESENTATION('', (#3308), #3307);
#3307 = (
    GEOMETRIC_REPRESENTATION_CONTEXT(2)
    PARAMETRIC_REPRESENTATION_CONTEXT()
    REPRESENTATION_CONTEXT('2D SPACE', '')
);
#3308 = (
    BOUNDED_CURVE()
    B_SPLINE_CURVE(1, (#3309, #3310), .UNSPECIFIED., .U., .U.)
    B_SPLINE_CURVE_WITH_KNOTS((2, 2), (1.0, 2.5), .UNSPECIFIED.)
    CURVE()
    GEOMETRIC_REPRESENTATION_ITEM()
    RATIONAL_B_SPLINE_CURVE((1.0, 1.0))
    REPRESENTATION_ITEM('')
);
#3309 = CARTESIAN_POINT('', (0.0, 1.0));
#3310 = CARTESIAN_POINT('', (0.0, 2.5));
#3311 = PCURVE('', #3312, #3331);
#3312 = (
    BOUNDED_SURFACE()
    B_SPLINE_SURFACE(2, 1, ((#3313, #3314), (#3315, #3316), (#3317, #3318), (#3319, #3320), (#3321, #3322), (#3323, #3324), (#3325, #3326), (#3327, #3328), (#3329, #3330)), .UNSPECIFIED., .U., .U., .U.)
    B_SPLINE_SURFACE_WITH_KNOTS((3, 2, 2, 2, 3), (2, 2), (0.0, 1.1780972450961733, 2.3561944901923457, 3.5342917352885177, 4.712388980384689), (0.0, 3.5), .UNSPECIFIED.)
    GEOMETRIC_REPRESENTATION_ITEM()
    RATIONAL_B_SPLINE_SURFACE(((1.0, 1.0), (0.7071067811865476, 0.7071067811865476), (1.0, 1.0), (0.7071067811865476, 0.7071067811865476), (1.0, 1.0), (0.7071067811865476, 0.7071067811865476), (1.0, 1.0), (0.7071067811865476, 0.7071067811865476), (1.0, 1.0)))
    REPRESENTATION_ITEM('')
    SURFACE()
);
#3313 = CARTESIAN_POINT('', (8.25, 7.5, -1.0));
#3314 = CARTESIAN_POINT('', (8.25, 7.5, 2.5));
#3315 = CARTESIAN_POINT('', (8.25, 8.25, -1.0));
#3316 = CARTESIAN_POINT('', (8.25, 8.25, 2.5));
#3317 = CARTESIAN_POINT('', (7.5, 8.25, -1.0));
#3318 = CARTESIAN_POINT('', (7.5, 8.25, 2.5));
#3319 = CARTESIAN_POINT('', (6.75, 8.25, -1.0));
#3320 = CARTESIAN_POINT('', (6.75, 8.25, 2.5));
#3321 = CARTESIAN_POINT('', (6.75, 7.5, -1.0));
#3322 = CARTESIAN_POINT('', (6.75, 7.5, 2.5));
#3323 = CARTESIAN_POINT('', (6.75, 6.75, -1.0));
#3324 = CARTESIAN_POINT('', (6.75, 6.75, 2.5));
#3325 = CARTESIAN_POINT('', (7.5, 6.75, -1.0));
#3326 = CARTESIAN_POINT('', (7.5, 6.75, 2.5));
#3327 = CARTESIAN_POINT('', (8.25, 6.75, -1.0));
#3328 = CARTESIAN_POINT('', (8.25, 6.75, 2.5));
#3329 = CARTESIAN_POINT('', (8.25, 7.5, -1.0));
#3330 = CARTESIAN_POINT('', (8.25, 7.5, 2.5));
#3331 = DEFINITIONAL_REPRESENTATION('', (#3333), #3332);
#3332 = (
    GEOMETRIC_REPRESENTATION_CONTEXT(2)
    PARAMETRIC_REPRESENTATION_CONTEXT()
    REPRESENTATION_CONTEXT('2D SPACE', '')
);
#3333 = (
    BOUNDED_CURVE()
    B_SPLINE_CURVE(1, (#3334, #3335), .UNSPECIFIED., .U., .U.)
    B_SPLINE_CURVE_WITH_KNOTS((2, 2), (1.0, 2.5), .UNSPECIFIED.)
    CURVE()
    GEOMETRIC_REPRESENTATION_ITEM()
    RATIONAL_B_SPLINE_CURVE((1.0, 1.0))
    REPRESENTATION_ITEM('')
);
#3334 = CARTESIAN_POINT('', (4.712388980384689, 1.0));
#3335 = CARTESIAN_POINT('', (4.712388980384689, 2.5));
#3336 = SEAM_CURVE('', #3337, (#3340, #3365), .CURVE_3D.);
#3337 = (
    BOUNDED_CURVE()
    B_SPLINE_CURVE(1, (#3338, #3339), .UNSPECIFIED., .U., .U.)
    B_SPLINE_CURVE_WITH_KNOTS((2, 2), (1.0, 2.5), .UNSPECIFIED.)
    CURVE()
    GEOMETRIC_REPRESENTATION_ITEM()
    RATIONAL_B_SPLINE_CURVE((1.0, 1.0))
    REPRESENTATION_ITEM('')
);
#3338 = CARTESIAN_POINT('', (8.25, 10.5, 0.0));
#3339 = CARTESIAN_POINT('', (8.25, 10.5, 1.5));
#3340 = PCURVE('', #3341, #3360);
#3341 = (
    BOUNDED_SURFACE()
    B_SPLINE_SURFACE(2, 1, ((#3342, #3343), (#3344, #3345), (#3346, #3347), (#3348, #3349), (#3350, #3351), (#3352, #3353), (#3354, #3355), (#3356, #3357), (#3358, #3359)), .UNSPECIFIED., .U., .U., .U.)
    B_SPLINE_SURFACE_WITH_KNOTS((3, 2, 2, 2, 3), (2, 2), (0.0, 1.178097245096173, 2.3561944901923457, 3.5342917352885177, 4.71238898038469), (0.0, 3.5), .UNSPECIFIED.)
    GEOMETRIC_REPRESENTATION_ITEM()
    RATIONAL_B_SPLINE_SURFACE(((1.0, 1.0), (0.7071067811865476, 0.7071067811865476), (1.0, 1.0), (0.7071067811865476, 0.7071067811865476), (1.0, 1.0), (0.7071067811865476, 0.7071067811865476), (1.0, 1.0), (0.7071067811865476, 0.7071067811865476), (1.0, 1.0)))
    REPRESENTATION_ITEM('')
    SURFACE()
);
#3342 = CARTESIAN_POINT('', (8.25, 10.5, -1.0));
#3343 = CARTESIAN_POINT('', (8.25, 10.5, 2.5));
#3344 = CARTESIAN_POINT('', (8.25, 11.25, -1.0));
#3345 = CARTESIAN_POINT('', (8.25, 11.25, 2.5));
#3346 = CARTESIAN_POINT('', (7.5, 11.25, -1.0));
#3347 = CARTESIAN_POINT('', (7.5, 11.25, 2.5));
#3348 = CARTESIAN_POINT('', (6.75, 11.25, -1.0));
#3349 = CARTESIAN_POINT('', (6.75, 11.25, 2.5));
#3350 = CARTESIAN_POINT('', (6.75, 10.5, -1.0));
#3351 = CARTESIAN_POINT('', (6.75, 10.5, 2.5));
#3352 = CARTESIAN_POINT('', (6.75, 9.75, -1.0));
#3353 = CARTESIAN_POINT('', (6.75, 9.75, 2.5));
#3354 = CARTESIAN_POINT('', (7.5, 9.75, -1.0));
#3355 = CARTESIAN_POINT('', (7.5, 9.75, 2.5));
#3356 = CARTESIAN_POINT('', (8.25, 9.75, -1.0));
#3357 = CARTESIAN_POINT('', (8.25, 9.75, 2.5));
#3358 = CARTESIAN_POINT('', (8.25, 10.5, -1.0));
#3359 = CARTESIAN_POINT('', (8.25, 10.5, 2.5));
#3360 = DEFINITIONAL_REPRESENTATION('', (#3362), #3361);
#3361 = (
    GEOMETRIC_REPRESENTATION_CONTEXT(2)
    PARAMETRIC_REPRESENTATION_CONTEXT()
    REPRESENTATION_CONTEXT('2D SPACE', '')
);
#3362 = (
    BOUNDED_CURVE()
    B_SPLINE_CURVE(1, (#3363, #3364), .UNSPECIFIED., .U., .U.)
    B_SPLINE_CURVE_WITH_KNOTS((2, 2), (1.0, 2.5), .UNSPECIFIED.)
    CURVE()
    GEOMETRIC_REPRESENTATION_ITEM()
    RATIONAL_B_SPLINE_CURVE((1.0, 1.0))
    REPRESENTATION_ITEM('')
);
#3363 = CARTESIAN_POINT('', (0.0, 1.0));
#3364 = CARTESIAN_POINT('', (0.0, 2.5));
#3365 = PCURVE('', #3366, #3385);
#3366 = (
    BOUNDED_SURFACE()
    B_SPLINE_SURFACE(2, 1, ((#3367, #3368), (#3369, #3370), (#3371, #3372), (#3373, #3374), (#3375, #3376), (#3377, #3378), (#3379, #3380), (#3381, #3382), (#3383, #3384)), .UNSPECIFIED., .U., .U., .U.)
    B_SPLINE_SURFACE_WITH_KNOTS((3, 2, 2, 2, 3), (2, 2), (0.0, 1.178097245096173, 2.3561944901923457, 3.5342917352885177, 4.71238898038469), (0.0, 3.5), .UNSPECIFIED.)
    GEOMETRIC_REPRESENTATION_ITEM()
    RATIONAL_B_SPLINE_SURFACE(((1.0, 1.0), (0.7071067811865476, 0.7071067811865476), (1.0, 1.0), (0.7071067811865476, 0.7071067811865476), (1.0, 1.0), (0.7071067811865476, 0.7071067811865476), (1.0, 1.0), (0.7071067811865476, 0.7071067811865476), (1.0, 1.0)))
    REPRESENTATION_ITEM('')
    SURFACE()
);
#3367 = CARTESIAN_POINT('', (8.25, 10.5, -1.0));
#3368 = CARTESIAN_POINT('', (8.25, 10.5, 2.5));
#3369 = CARTESIAN_POINT('', (8.25, 11.25, -1.0));
#3370 = CARTESIAN_POINT('', (8.25, 11.25, 2.5));
#3371 = CARTESIAN_POINT('', (7.5, 11.25, -1.0));
#3372 = CARTESIAN_POINT('', (7.5, 11.25, 2.5));
#3373 = CARTESIAN_POINT('', (6.75, 11.25, -1.0));
#3374 = CARTESIAN_POINT('', (6.75, 11.25, 2.5));
#3375 = CARTESIAN_POINT('', (6.75, 10.5, -1.0));
#3376 = CARTESIAN_POINT('', (6.75, 10.5, 2.5));
#3377 = CARTESIAN_POINT('', (6.75, 9.75, -1.0));
#3378 = CARTESIAN_POINT('', (6.75, 9.75, 2.5));
#3379 = CARTESIAN_POINT('', (7.5, 9.75, -1.0));
#3380 = CARTESIAN_POINT('', (7.5, 9.75, 2.5));
#3381 = CARTESIAN_POINT('', (8.25, 9.75, -1.0));
#3382 = CARTESIAN_POINT('', (8.25, 9.75, 2.5));
#3383 = CARTESIAN_POINT('', (8.25, 10.5, -1.0));
#3384 = CARTESIAN_POINT('', (8.25, 10.5, 2.5));
#3385 = DEFINITIONAL_REPRESENTATION('', (#3387), #3386);
#3386 = (
    GEOMETRIC_REPRESENTATION_CONTEXT(2)
    PARAMETRIC_REPRESENTATION_CONTEXT()
    REPRESENTATION_CONTEXT('2D SPACE', '')
);
#3387 = (
    BOUNDED_CURVE()
    B_SPLINE_CURVE(1, (#3388, #3389), .UNSPECIFIED., .U., .U.)
    B_SPLINE_CURVE_WITH_KNOTS((2, 2), (1.0, 2.5), .UNSPECIFIED.)
    CURVE()
    GEOMETRIC_REPRESENTATION_ITEM()
    RATIONAL_B_SPLINE_CURVE((1.0, 1.0))
    REPRESENTATION_ITEM('')
);
#3388 = CARTESIAN_POINT('', (4.71238898038469, 1.0));
#3389 = CARTESIAN_POINT('', (4.71238898038469, 2.5));
#3390 = SEAM_CURVE('', #3391, (#3394, #3419), .CURVE_3D.);
#3391 = (
    BOUNDED_CURVE()
    B_SPLINE_CURVE(1, (#3392, #3393), .UNSPECIFIED., .U., .U.)
    B_SPLINE_CURVE_WITH_KNOTS((2, 2), (1.0, 2.5), .UNSPECIFIED.)
    CURVE()
    GEOMETRIC_REPRESENTATION_ITEM()
    RATIONAL_B_SPLINE_CURVE((1.0, 1.0))
    REPRESENTATION_ITEM('')
);
#3392 = CARTESIAN_POINT('', (11.25, 1.5, 0.0));
#3393 = CARTESIAN_POINT('', (11.25, 1.5, 1.5));
#3394 = PCURVE('', #3395, #3414);
#3395 = (
    BOUNDED_SURFACE()
    B_SPLINE_SURFACE(2, 1, ((#3396, #3397), (#3398, #3399), (#3400, #3401), (#3402, #3403), (#3404, #3405), (#3406, #3407), (#3408, #3409), (#3410, #3411), (#3412, #3413)), .UNSPECIFIED., .U., .U., .U.)
    B_SPLINE_SURFACE_WITH_KNOTS((3, 2, 2, 2, 3), (2, 2), (0.0, 1.1780972450961729, 2.3561944901923457, 3.5342917352885177, 4.71238898038469), (0.0, 3.5), .UNSPECIFIED.)
    GEOMETRIC_REPRESENTATION_ITEM()
    RATIONAL_B_SPLINE_SURFACE(((1.0, 1.0), (0.7071067811865476, 0.7071067811865476), (1.0, 1.0), (0.7071067811865476, 0.7071067811865476), (1.0, 1.0), (0.7071067811865476, 0.7071067811865476), (1.0, 1.0), (0.7071067811865476, 0.7071067811865476), (1.0, 1.0)))
    REPRESENTATION_ITEM('')
    SURFACE()
);
#3396 = CARTESIAN_POINT('', (11.25, 1.5, -1.0));
#3397 = CARTESIAN_POINT('', (11.25, 1.5, 2.5));
#3398 = CARTESIAN_POINT('', (11.25, 2.25, -1.0));
#3399 = CARTESIAN_POINT('', (11.25, 2.25, 2.5));
#3400 = CARTESIAN_POINT('', (10.5, 2.25, -1.0));
#3401 = CARTESIAN_POINT('', (10.5, 2.25, 2.5));
#3402 = CARTESIAN_POINT('', (9.75, 2.25, -1.0));
#3403 = CARTESIAN_POINT('', (9.75, 2.25, 2.5));
#3404 = CARTESIAN_POINT('', (9.75, 1.5, -1.0));
#3405 = CARTESIAN_POINT('', (9.75, 1.5, 2.5));
#3406 = CARTESIAN_POINT('', (9.75, 0.75, -1.0));
#3407 = CARTESIAN_POINT('', (9.75, 0.75, 2.5));
#3408 = CARTESIAN_POINT('', (10.5, 0.75, -1.0));
#3409 = CARTESIAN_POINT('', (10.5, 0.75, 2.5));
#3410 = CARTESIAN_POINT('', (11.25, 0.7499999999999998, -1.0));
#3411 = CARTESIAN_POINT('', (11.25, 0.7499999999999998, 2.5));
#3412 = CARTESIAN_POINT('', (11.25, 1.5, -1.0));
#3413 = CARTESIAN_POINT('', (11.25, 1.5, 2.5));
#3414 = DEFINITIONAL_REPRESENTATION('', (#3416), #3415);
#3415 = (
    GEOMETRIC_REPRESENTATION_CONTEXT(2)
    PARAMETRIC_REPRESENTATION_CONTEXT()
    REPRESENTATION_CONTEXT('2D SPACE', '')
);
#3416 = (
    BOUNDED_CURVE()
    B_SPLINE_CURVE(1, (#3417, #3418), .UNSPECIFIED., .U., .U.)
    B_SPLINE_CURVE_WITH_KNOTS((2, 2), (1.0, 2.5), .UNSPECIFIED.)
    CURVE()
    GEOMETRIC_REPRESENTATION_ITEM()
    RATIONAL_B_SPLINE_CURVE((1.0, 1.0))
    REPRESENTATION_ITEM('')
);
#3417 = CARTESIAN_POINT('', (0.0, 1.0));
#3418 = CARTESIAN_POINT('', (0.0, 2.5));
#3419 = PCURVE('', #3420, #3439);
#3420 = (
    BOUNDED_SURFACE()
    B_SPLINE_SURFACE(2, 1, ((#3421, #3422), (#3423, #3424), (#3425, #3426), (#3427, #3428), (#3429, #3430), (#3431, #3432), (#3433, #3434), (#3435, #3436), (#3437, #3438)), .UNSPECIFIED., .U., .U., .U.)
    B_SPLINE_SURFACE_WITH_KNOTS((3, 2, 2, 2, 3), (2, 2), (0.0, 1.1780972450961729, 2.3561944901923457, 3.5342917352885177, 4.71238898038469), (0.0, 3.5), .UNSPECIFIED.)
    GEOMETRIC_REPRESENTATION_ITEM()
    RATIONAL_B_SPLINE_SURFACE(((1.0, 1.0), (0.7071067811865476, 0.7071067811865476), (1.0, 1.0), (0.7071067811865476, 0.7071067811865476), (1.0, 1.0), (0.7071067811865476, 0.7071067811865476), (1.0, 1.0), (0.7071067811865476, 0.7071067811865476), (1.0, 1.0)))
    REPRESENTATION_ITEM('')
    SURFACE()
);
#3421 = CARTESIAN_POINT('', (11.25, 1.5, -1.0));
#3422 = CARTESIAN_POINT('', (11.25, 1.5, 2.5));
#3423 = CARTESIAN_POINT('', (11.25, 2.25, -1.0));
#3424 = CARTESIAN_POINT('', (11.25, 2.25, 2.5));
#3425 = CARTESIAN_POINT('', (10.5, 2.25, -1.0));
#3426 = CARTESIAN_POINT('', (10.5, 2.25, 2.5));
#3427 = CARTESIAN_POINT('', (9.75, 2.25, -1.0));
#3428 = CARTESIAN_POINT('', (9.75, 2.25, 2.5));
#3429 = CARTESIAN_POINT('', (9.75, 1.5, -1.0));
#3430 = CARTESIAN_POINT('', (9.75, 1.5, 2.5));
#3431 = CARTESIAN_POINT('', (9.75, 0.75, -1.0));
#3432 = CARTESIAN_POINT('', (9.75, 0.75, 2.5));
#3433 = CARTESIAN_POINT('', (10.5, 0.75, -1.0));
#3434 = CARTESIAN_POINT('', (10.5, 0.75, 2.5));
#3435 = CARTESIAN_POINT('', (11.25, 0.7499999999999998, -1.0));
#3436 = CARTESIAN_POINT('', (11.25, 0.7499999999999998, 2.5));
#3437 = CARTESIAN_POINT('', (11.25, 1.5, -1.0));
#3438 = CARTESIAN_POINT('', (11.25, 1.5, 2.5));
#3439 = DEFINITIONAL_REPRESENTATION('', (#3441), #3440);
#3440 = (
    GEOMETRIC_REPRESENTATION_CONTEXT(2)
    PARAMETRIC_REPRESENTATION_CONTEXT()
    REPRESENTATION_CONTEXT('2D SPACE', '')
);
#3441 = (
    BOUNDED_CURVE()
    B_SPLINE_CURVE(1, (#3442, #3443), .UNSPECIFIED., .U., .U.)
    B_SPLINE_CURVE_WITH_KNOTS((2, 2), (1.0, 2.5), .UNSPECIFIED.)
    CURVE()
    GEOMETRIC_REPRESENTATION_ITEM()
    RATIONAL_B_SPLINE_CURVE((1.0, 1.0))
    REPRESENTATION_ITEM('')
);
#3442 = CARTESIAN_POINT('', (4.71238898038469, 1.0));
#3443 = CARTESIAN_POINT('', (4.71238898038469, 2.5));
#3444 = SEAM_CURVE('', #3445, (#3448, #3473), .CURVE_3D.);
#3445 = (
    BOUNDED_CURVE()
    B_SPLINE_CURVE(1, (#3446, #3447), .UNSPECIFIED., .U., .U.)
    B_SPLINE_CURVE_WITH_KNOTS((2, 2), (1.0, 2.5), .UNSPECIFIED.)
    CURVE()
    GEOMETRIC_REPRESENTATION_ITEM()
    RATIONAL_B_SPLINE_CURVE((1.0, 1.0))
    REPRESENTATION_ITEM('')
);
#3446 = CARTESIAN_POINT('', (11.25, 4.5, 0.0));
#3447 = CARTESIAN_POINT('', (11.25, 4.5, 1.5));
#3448 = PCURVE('', #3449, #3468);
#3449 = (
    BOUNDED_SURFACE()
    B_SPLINE_SURFACE(2, 1, ((#3450, #3451), (#3452, #3453), (#3454, #3455), (#3456, #3457), (#3458, #3459), (#3460, #3461), (#3462, #3463), (#3464, #3465), (#3466, #3467)), .UNSPECIFIED., .U., .U., .U.)
    B_SPLINE_SURFACE_WITH_KNOTS((3, 2, 2, 2, 3), (2, 2), (0.0, 1.1780972450961729, 2.3561944901923453, 3.5342917352885173, 4.71238898038469), (0.0, 3.5), .UNSPECIFIED.)
    GEOMETRIC_REPRESENTATION_ITEM()
    RATIONAL_B_SPLINE_SURFACE(((1.0, 1.0), (0.7071067811865476, 0.7071067811865476), (1.0, 1.0), (0.7071067811865476, 0.7071067811865476), (1.0, 1.0), (0.7071067811865476, 0.7071067811865476), (1.0, 1.0), (0.7071067811865476, 0.7071067811865476), (1.0, 1.0)))
    REPRESENTATION_ITEM('')
    SURFACE()
);
#3450 = CARTESIAN_POINT('', (11.25, 4.5, -1.0));
#3451 = CARTESIAN_POINT('', (11.25, 4.5, 2.5));
#3452 = CARTESIAN_POINT('', (11.25, 5.25, -1.0));
#3453 = CARTESIAN_POINT('', (11.25, 5.25, 2.5));
#3454 = CARTESIAN_POINT('', (10.5, 5.25, -1.0));
#3455 = CARTESIAN_POINT('', (10.5, 5.25, 2.5));
#3456 = CARTESIAN_POINT('', (9.75, 5.25, -1.0));
#3457 = CARTESIAN_POINT('', (9.75, 5.25, 2.5));
#3458 = CARTESIAN_POINT('', (9.75, 4.5, -1.0));
#3459 = CARTESIAN_POINT('', (9.75, 4.5, 2.5));
#3460 = CARTESIAN_POINT('', (9.75, 3.75, -1.0));
#3461 = CARTESIAN_POINT('', (9.75, 3.75, 2.5));
#3462 = CARTESIAN_POINT('', (10.5, 3.75, -1.0));
#3463 = CARTESIAN_POINT('', (10.5, 3.75, 2.5));
#3464 = CARTESIAN_POINT('', (11.25, 3.75, -1.0));
#3465 = CARTESIAN_POINT('', (11.25, 3.75, 2.5));
#3466 = CARTESIAN_POINT('', (11.25, 4.5, -1.0));
#3467 = CARTESIAN_POINT('', (11.25, 4.5, 2.5));
#3468 = DEFINITIONAL_REPRESENTATION('', (#3470), #3469);
#3469 = (
    GEOMETRIC_REPRESENTATION_CONTEXT(2)
    PARAMETRIC_REPRESENTATION_CONTEXT()
    REPRESENTATION_CONTEXT('2D SPACE', '')
);
#3470 = (
    BOUNDED_CURVE()
    B_SPLINE_CURVE(1, (#3471, #3472), .UNSPECIFIED., .U., .U.)
    B_SPLINE_CURVE_WITH_KNOTS((2, 2), (1.0, 2.5), .UNSPECIFIED.)
    CURVE()
    GEOMETRIC_REPRESENTATION_ITEM()
    RATIONAL_B_SPLINE_CURVE((1.0, 1.0))
    REPRESENTATION_ITEM('')
);
#3471 = CARTESIAN_POINT('', (0.0, 1.0));
#3472 = CARTESIAN_POINT('', (0.0, 2.5));
#3473 = PCURVE('', #3474, #3493);
#3474 = (
    BOUNDED_SURFACE()
    B_SPLINE_SURFACE(2, 1, ((#3475, #3476), (#3477, #3478), (#3479, #3480), (#3481, #3482), (#3483, #3484), (#3485, #3486), (#3487, #3488), (#3489, #3490), (#3491, #3492)), .UNSPECIFIED., .U., .U., .U.)
    B_SPLINE_SURFACE_WITH_KNOTS((3, 2, 2, 2, 3), (2, 2), (0.0, 1.1780972450961729, 2.3561944901923453, 3.5342917352885173, 4.71238898038469), (0.0, 3.5), .UNSPECIFIED.)
    GEOMETRIC_REPRESENTATION_ITEM()
    RATIONAL_B_SPLINE_SURFACE(((1.0, 1.0), (0.7071067811865476, 0.7071067811865476), (1.0, 1.0), (0.7071067811865476, 0.7071067811865476), (1.0, 1.0), (0.7071067811865476, 0.7071067811865476), (1.0, 1.0), (0.7071067811865476, 0.7071067811865476), (1.0, 1.0)))
    REPRESENTATION_ITEM('')
    SURFACE()
);
#3475 = CARTESIAN_POINT('', (11.25, 4.5, -1.0));
#3476 = CARTESIAN_POINT('', (11.25, 4.5, 2.5));
#3477 = CARTESIAN_POINT('', (11.25, 5.25, -1.0));
#3478 = CARTESIAN_POINT('', (11.25, 5.25, 2.5));
#3479 = CARTESIAN_POINT('', (10.5, 5.25, -1.0));
#3480 = CARTESIAN_POINT('', (10.5, 5.25, 2.5));
#3481 = CARTESIAN_POINT('', (9.75, 5.25, -1.0));
#3482 = CARTESIAN_POINT('', (9.75, 5.25, 2.5));
#3483 = CARTESIAN_POINT('', (9.75, 4.5, -1.0));
#3484 = CARTESIAN_POINT('', (9.75, 4.5, 2.5));
#3485 = CARTESIAN_POINT('', (9.75, 3.75, -1.0));
#3486 = CARTESIAN_POINT('', (9.75, 3.75, 2.5));
#3487 = CARTESIAN_POINT('', (10.5, 3.75, -1.0));
#3488 = CARTESIAN_POINT('', (10.5, 3.75, 2.5));
#3489 = CARTESIAN_POINT('', (11.25, 3.75, -1.0));
#3490 = CARTESIAN_POINT('', (11.25, 3.75, 2.5));
#3491 = CARTESIAN_POINT('', (11.25, 4.5, -1.0));
#3492 = CARTESIAN_POINT('', (11.25, 4.5, 2.5));
#3493 = DEFINITIONAL_REPRESENTATION('', (#3495), #3494);
#3494 = (
    GEOMETRIC_REPRESENTATION_CONTEXT(2)
    PARAMETRIC_REPRESENTATION_CONTEXT()
    REPRESENTATION_CONTEXT('2D SPACE', '')
);
#3495 = (
    BOUNDED_CURVE()
    B_SPLINE_CURVE(1, (#3496, #3497), .UNSPECIFIED., .U., .U.)
    B_SPLINE_CURVE_WITH_KNOTS((2, 2), (1.0, 2.5), .UNSPECIFIED.)
    CURVE()
    GEOMETRIC_REPRESENTATION_ITEM()
    RATIONAL_B_SPLINE_CURVE((1.0, 1.0))
    REPRESENTATION_ITEM('')
);
#3496 = CARTESIAN_POINT('', (4.71238898038469, 1.0));
#3497 = CARTESIAN_POINT('', (4.71238898038469, 2.5));
#3498 = SEAM_CURVE('', #3499, (#3502, #3527), .CURVE_3D.);
#3499 = (
    BOUNDED_CURVE()
    B_SPLINE_CURVE(1, (#3500, #3501), .UNSPECIFIED., .U., .U.)
    B_SPLINE_CURVE_WITH_KNOTS((2, 2), (1.0, 2.5), .UNSPECIFIED.)
    CURVE()
    GEOMETRIC_REPRESENTATION_ITEM()
    RATIONAL_B_SPLINE_CURVE((1.0, 1.0))
    REPRESENTATION_ITEM('')
);
#3500 = CARTESIAN_POINT('', (11.25, 7.5, 0.0));
#3501 = CARTESIAN_POINT('', (11.25, 7.5, 1.5));
#3502 = PCURVE('', #3503, #3522);
#3503 = (
    BOUNDED_SURFACE()
    B_SPLINE_SURFACE(2, 1, ((#3504, #3505), (#3506, #3507), (#3508, #3509), (#3510, #3511), (#3512, #3513), (#3514, #3515), (#3516, #3517), (#3518, #3519), (#3520, #3521)), .UNSPECIFIED., .U., .U., .U.)
    B_SPLINE_SURFACE_WITH_KNOTS((3, 2, 2, 2, 3), (2, 2), (0.0, 1.1780972450961733, 2.3561944901923457, 3.5342917352885177, 4.712388980384689), (0.0, 3.5), .UNSPECIFIED.)
    GEOMETRIC_REPRESENTATION_ITEM()
    RATIONAL_B_SPLINE_SURFACE(((1.0, 1.0), (0.7071067811865476, 0.7071067811865476), (1.0, 1.0), (0.7071067811865476, 0.7071067811865476), (1.0, 1.0), (0.7071067811865476, 0.7071067811865476), (1.0, 1.0), (0.7071067811865476, 0.7071067811865476), (1.0, 1.0)))
    REPRESENTATION_ITEM('')
    SURFACE()
);
#3504 = CARTESIAN_POINT('', (11.25, 7.5, -1.0));
#3505 = CARTESIAN_POINT('', (11.25, 7.5, 2.5));
#3506 = CARTESIAN_POINT('', (11.25, 8.25, -1.0));
#3507 = CARTESIAN_POINT('', (11.25, 8.25, 2.5));
#3508 = CARTESIAN_POINT('', (10.5, 8.25, -1.0));
#3509 = CARTESIAN_POINT('', (10.5, 8.25, 2.5));
#3510 = CARTESIAN_POINT('', (9.75, 8.25, -1.0));
#3511 = CARTESIAN_POINT('', (9.75, 8.25, 2.5));
#3512 = CARTESIAN_POINT('', (9.75, 7.5, -1.0));
#3513 = CARTESIAN_POINT('', (9.75, 7.5, 2.5));
#3514 = CARTESIAN_POINT('', (9.75, 6.75, -1.0));
#3515 = CARTESIAN_POINT('', (9.75, 6.75, 2.5));
#3516 = CARTESIAN_POINT('', (10.5, 6.75, -1.0));
#3517 = CARTESIAN_POINT('', (10.5, 6.75, 2.5));
#3518 = CARTESIAN_POINT('', (11.25, 6.75, -1.0));
#3519 = CARTESIAN_POINT('', (11.25, 6.75, 2.5));
#3520 = CARTESIAN_POINT('', (11.25, 7.5, -1.0));
#3521 = CARTESIAN_POINT('', (11.25, 7.5, 2.5));
#3522 = DEFINITIONAL_REPRESENTATION('', (#3524), #3523);
#3523 = (
    GEOMETRIC_REPRESENTATION_CONTEXT(2)
    PARAMETRIC_REPRESENTATION_CONTEXT()
    REPRESENTATION_CONTEXT('2D SPACE', '')
);
#3524 = (
    BOUNDED_CURVE()
    B_SPLINE_CURVE(1, (#3525, #3526), .UNSPECIFIED., .U., .U.)
    B_SPLINE_CURVE_WITH_KNOTS((2, 2), (1.0, 2.5), .UNSPECIFIED.)
    CURVE()
    GEOMETRIC_REPRESENTATION_ITEM()
    RATIONAL_B_SPLINE_CURVE((1.0, 1.0))
    REPRESENTATION_ITEM('')
);
#3525 = CARTESIAN_POINT('', (0.0, 1.0));
#3526 = CARTESIAN_POINT('', (0.0, 2.5));
#3527 = PCURVE('', #3528, #3547);
#3528 = (
    BOUNDED_SURFACE()
    B_SPLINE_SURFACE(2, 1, ((#3529, #3530), (#3531, #3532), (#3533, #3534), (#3535, #3536), (#3537, #3538), (#3539, #3540), (#3541, #3542), (#3543, #3544), (#3545, #3546)), .UNSPECIFIED., .U., .U., .U.)
    B_SPLINE_SURFACE_WITH_KNOTS((3, 2, 2, 2, 3), (2, 2), (0.0, 1.1780972450961733, 2.3561944901923457, 3.5342917352885177, 4.712388980384689), (0.0, 3.5), .UNSPECIFIED.)
    GEOMETRIC_REPRESENTATION_ITEM()
    RATIONAL_B_SPLINE_SURFACE(((1.0, 1.0), (0.7071067811865476, 0.7071067811865476), (1.0, 1.0), (0.7071067811865476, 0.7071067811865476), (1.0, 1.0), (0.7071067811865476, 0.7071067811865476), (1.0, 1.0), (0.7071067811865476, 0.7071067811865476), (1.0, 1.0)))
    REPRESENTATION_ITEM('')
    SURFACE()
);
#3529 = CARTESIAN_POINT('', (11.25, 7.5, -1.0));
#3530 = CARTESIAN_POINT('', (11.25, 7.5, 2.5));
#3531 = CARTESIAN_POINT('', (11.25, 8.25, -1.0));
#3532 = CARTESIAN_POINT('', (11.25, 8.25, 2.5));
#3533 = CARTESIAN_POINT('', (10.5, 8.25, -1.0));
#3534 = CARTESIAN_POINT('', (10.5, 8.25, 2.5));
#3535 = CARTESIAN_POINT('', (9.75, 8.25, -1.0));
#3536 = CARTESIAN_POINT('', (9.75, 8.25, 2.5));
#3537 = CARTESIAN_POINT('', (9.75, 7.5, -1.0));
#3538 = CARTESIAN_POINT('', (9.75, 7.5, 2.5));
#3539 = CARTESIAN_POINT('', (9.75, 6.75, -1.0));
#3540 = CARTESIAN_POINT('', (9.75, 6.75, 2.5));
#3541 = CARTESIAN_POINT('', (10.5, 6.75, -1.0));
#3542 = CARTESIAN_POINT('', (10.5, 6.75, 2.5));
#3543 = CARTESIAN_POINT('', (11.25, 6.75, -1.0));
#3544 = CARTESIAN_POINT('', (11.25, 6.75, 2.5));
#3545 = CARTESIAN_POINT('', (11.25, 7.5, -1.0));
#3546 = CARTESIAN_POINT('', (11.25, 7.5, 2.5));
#3547 = DEFINITIONAL_REPRESENTATION('', (#3549), #3548);
#3548 = (
    GEOMETRIC_REPRESENTATION_CONTEXT(2)
    PARAMETRIC_REPRESENTATION_CONTEXT()
    REPRESENTATION_CONTEXT('2D SPACE', '')
);
#3549 = (
    BOUNDED_CURVE()
    B_SPLINE_CURVE(1, (#3550, #3551), .UNSPECIFIED., .U., .U.)
    B_SPLINE_CURVE_WITH_KNOTS((2, 2), (1.0, 2.5), .UNSPECIFIED.)
    CURVE()
    GEOMETRIC_REPRESENTATION_ITEM()
    RATIONAL_B_SPLINE_CURVE((1.0, 1.0))
    REPRESENTATION_ITEM('')
);
#3550 = CARTESIAN_POINT('', (4.712388980384689, 1.0));
#3551 = CARTESIAN_POINT('', (4.712388980384689, 2.5));
#3552 = SEAM_CURVE('', #3553, (#3556, #3581), .CURVE_3D.);
#3553 = (
    BOUNDED_CURVE()
    B_SPLINE_CURVE(1, (#3554, #3555), .UNSPECIFIED., .U., .U.)
    B_SPLINE_CURVE_WITH_KNOTS((2, 2), (1.0, 2.5), .UNSPECIFIED.)
    CURVE()
    GEOMETRIC_REPRESENTATION_ITEM()
    RATIONAL_B_SPLINE_CURVE((1.0, 1.0))
    REPRESENTATION_ITEM('')
);
#3554 = CARTESIAN_POINT('', (11.25, 10.5, 0.0));
#3555 = CARTESIAN_POINT('', (11.25, 10.5, 1.5));
#3556 = PCURVE('', #3557, #3576);
#3557 = (
    BOUNDED_SURFACE()
    B_SPLINE_SURFACE(2, 1, ((#3558, #3559), (#3560, #3561), (#3562, #3563), (#3564, #3565), (#3566, #3567), (#3568, #3569), (#3570, #3571), (#3572, #3573), (#3574, #3575)), .UNSPECIFIED., .U., .U., .U.)
    B_SPLINE_SURFACE_WITH_KNOTS((3, 2, 2, 2, 3), (2, 2), (0.0, 1.178097245096173, 2.3561944901923457, 3.5342917352885177, 4.71238898038469), (0.0, 3.5), .UNSPECIFIED.)
    GEOMETRIC_REPRESENTATION_ITEM()
    RATIONAL_B_SPLINE_SURFACE(((1.0, 1.0), (0.7071067811865476, 0.7071067811865476), (1.0, 1.0), (0.7071067811865476, 0.7071067811865476), (1.0, 1.0), (0.7071067811865476, 0.7071067811865476), (1.0, 1.0), (0.7071067811865476, 0.7071067811865476), (1.0, 1.0)))
    REPRESENTATION_ITEM('')
    SURFACE()
);
#3558 = CARTESIAN_POINT('', (11.25, 10.5, -1.0));
#3559 = CARTESIAN_POINT('', (11.25, 10.5, 2.5));
#3560 = CARTESIAN_POINT('', (11.25, 11.25, -1.0));
#3561 = CARTESIAN_POINT('', (11.25, 11.25, 2.5));
#3562 = CARTESIAN_POINT('', (10.5, 11.25, -1.0));
#3563 = CARTESIAN_POINT('', (10.5, 11.25, 2.5));
#3564 = CARTESIAN_POINT('', (9.75, 11.25, -1.0));
#3565 = CARTESIAN_POINT('', (9.75, 11.25, 2.5));
#3566 = CARTESIAN_POINT('', (9.75, 10.5, -1.0));
#3567 = CARTESIAN_POINT('', (9.75, 10.5, 2.5));
#3568 = CARTESIAN_POINT('', (9.75, 9.75, -1.0));
#3569 = CARTESIAN_POINT('', (9.75, 9.75, 2.5));
#3570 = CARTESIAN_POINT('', (10.5, 9.75, -1.0));
#3571 = CARTESIAN_POINT('', (10.5, 9.75, 2.5));
#3572 = CARTESIAN_POINT('', (11.25, 9.75, -1.0));
#3573 = CARTESIAN_POINT('', (11.25, 9.75, 2.5));
#3574 = CARTESIAN_POINT('', (11.25, 10.5, -1.0));
#3575 = CARTESIAN_POINT('', (11.25, 10.5, 2.5));
#3576 = DEFINITIONAL_REPRESENTATION('', (#3578), #3577);
#3577 = (
    GEOMETRIC_REPRESENTATION_CONTEXT(2)
    PARAMETRIC_REPRESENTATION_CONTEXT()
    REPRESENTATION_CONTEXT('2D SPACE', '')
);
#3578 = (
    BOUNDED_CURVE()
    B_SPLINE_CURVE(1, (#3579, #3580), .UNSPECIFIED., .U., .U.)
    B_SPLINE_CURVE_WITH_KNOTS((2, 2), (1.0, 2.5), .UNSPECIFIED.)
    CURVE()
    GEOMETRIC_REPRESENTATION_ITEM()
    RATIONAL_B_SPLINE_CURVE((1.0, 1.0))
    REPRESENTATION_ITEM('')
);
#3579 = CARTESIAN_POINT('', (0.0, 1.0));
#3580 = CARTESIAN_POINT('', (0.0, 2.5));
#3581 = PCURVE('', #3582, #3601);
#3582 = (
    BOUNDED_SURFACE()
    B_SPLINE_SURFACE(2, 1, ((#3583, #3584), (#3585, #3586), (#3587, #3588), (#3589, #3590), (#3591, #3592), (#3593, #3594), (#3595, #3596), (#3597, #3598), (#3599, #3600)), .UNSPECIFIED., .U., .U., .U.)
    B_SPLINE_SURFACE_WITH_KNOTS((3, 2, 2, 2, 3), (2, 2), (0.0, 1.178097245096173, 2.3561944901923457, 3.5342917352885177, 4.71238898038469), (0.0, 3.5), .UNSPECIFIED.)
    GEOMETRIC_REPRESENTATION_ITEM()
    RATIONAL_B_SPLINE_SURFACE(((1.0, 1.0), (0.7071067811865476, 0.7071067811865476), (1.0, 1.0), (0.7071067811865476, 0.7071067811865476), (1.0, 1.0), (0.7071067811865476, 0.7071067811865476), (1.0, 1.0), (0.7071067811865476, 0.7071067811865476), (1.0, 1.0)))
    REPRESENTATION_ITEM('')
    SURFACE()
);
#3583 = CARTESIAN_POINT('', (11.25, 10.5, -1.0));
#3584 = CARTESIAN_POINT('', (11.25, 10.5, 2.5));
#3585 = CARTESIAN_POINT('', (11.25, 11.25, -1.0));
#3586 = CARTESIAN_POINT('', (11.25, 11.25, 2.5));
#3587 = CARTESIAN_POINT('', (10.5, 11.25, -1.0));
#3588 = CARTESIAN_POINT('', (10.5, 11.25, 2.5));
#3589 = CARTESIAN_POINT('', (9.75, 11.25, -1.0));
#3590 = CARTESIAN_POINT('', (9.75, 11.25, 2.5));
#3591 = CARTESIAN_POINT('', (9.75, 10.5, -1.0));
#3592 = CARTESIAN_POINT('', (9.75, 10.5, 2.5));
#3593 = CARTESIAN_POINT('', (9.75, 9.75, -1.0));
#3594 = CARTESIAN_POINT('', (9.75, 9.75, 2.5));
#3595 = CARTESIAN_POINT('', (10.5, 9.75, -1.0));
#3596 = CARTESIAN_POINT('', (10.5, 9.75, 2.5));
#3597 = CARTESIAN_POINT('', (11.25, 9.75, -1.0));
#3598 = CARTESIAN_POINT('', (11.25, 9.75, 2.5));
#3599 = CARTESIAN_POINT('', (11.25, 10.5, -1.0));
#3600 = CARTESIAN_POINT('', (11.25, 10.5, 2.5));
#3601 = DEFINITIONAL_REPRESENTATION('', (#3603), #3602);
#3602 = (
    GEOMETRIC_REPRESENTATION_CONTEXT(2)
    PARAMETRIC_REPRESENTATION_CONTEXT()
    REPRESENTATION_CONTEXT('2D SPACE', '')
);
#3603 = (
    BOUNDED_CURVE()
    B_SPLINE_CURVE(1, (#3604, #3605), .UNSPECIFIED., .U., .U.)
    B_SPLINE_CURVE_WITH_KNOTS((2, 2), (1.0, 2.5), .UNSPECIFIED.)
    CURVE()
    GEOMETRIC_REPRESENTATION_ITEM()
    RATIONAL_B_SPLINE_CURVE((1.0, 1.0))
    REPRESENTATION_ITEM('')
);
#3604 = CARTESIAN_POINT('', (4.71238898038469, 1.0));
#3605 = CARTESIAN_POINT('', (4.71238898038469, 2.5));
#3606 = CARTESIAN_POINT('', (0.0E0, 0.0E0, 0.0E0));
#3607 = CARTESIAN_POINT('', (0.0E0, 1.2E1, 0.0E0));
#3608 = CARTESIAN_POINT('', (1.2E1, 1.2E1, 0.0E0));
#3609 = CARTESIAN_POINT('', (1.2E1, 0.0E0, 0.0E0));
#3610 = CARTESIAN_POINT('', (2.25E0, 1.5E0, 0.0E0));
#3611 = CARTESIAN_POINT('', (2.25E0, 4.5E0, 0.0E0));
#3612 = CARTESIAN_POINT('', (2.25E0, 7.5E0, 0.0E0));
#3613 = CARTESIAN_POINT('', (2.25E0, 1.05E1, 0.0E0));
#3614 = CARTESIAN_POINT('', (5.25E0, 1.5E0, 0.0E0));
#3615 = CARTESIAN_POINT('', (5.25E0, 4.5E0, 0.0E0));
#3616 = CARTESIAN_POINT('', (5.25E0, 7.5E0, 0.0E0));
#3617 = CARTESIAN_POINT('', (5.25E0, 1.05E1, 0.0E0));
#3618 = CARTESIAN_POINT('', (8.25E0, 1.5E0, 0.0E0));
#3619 = CARTESIAN_POINT('', (8.25E0, 4.5E0, 0.0E0));
#3620 = CARTESIAN_POINT('', (8.25E0, 7.5E0, 0.0E0));
#3621 = CARTESIAN_POINT('', (8.25E0, 1.05E1, 0.0E0));
#3622 = CARTESIAN_POINT('', (1.125E1, 1.5E0, 0.0E0));
#3623 = CARTESIAN_POINT('', (1.125E1, 4.5E0, 0.0E0));
#3624 = CARTESIAN_POINT('', (1.125E1, 7.5E0, 0.0E0));
#3625 = CARTESIAN_POINT('', (1.125E1, 1.05E1, 0.0E0));
#3626 = CARTESIAN_POINT('', (0.0E0, 0.0E0, 1.5E0));
#3627 = CARTESIAN_POINT('', (0.0E0, 1.2E1, 1.5E0));
#3628 = CARTESIAN_POINT('', (1.2E1, 0.0E0, 1.5E0));
#3629 = CARTESIAN_POINT('', (1.2E1, 1.2E1, 1.5E0));
#3630 = CARTESIAN_POINT('', (2.25E0, 1.5E0, 1.5E0));
#3631 = CARTESIAN_POINT('', (2.25E0, 4.5E0, 1.5E0));
#3632 = CARTESIAN_POINT('', (2.25E0, 7.5E0, 1.5E0));
#3633 = CARTESIAN_POINT('', (2.25E0, 1.05E1, 1.5E0));
#3634 = CARTESIAN_POINT('', (5.25E0, 1.5E0, 1.5E0));
#3635 = CARTESIAN_POINT('', (5.25E0, 4.5E0, 1.5E0));
#3636 = CARTESIAN_POINT('', (5.25E0, 7.5E0, 1.5E0));
#3637 = CARTESIAN_POINT('', (5.25E0, 1.05E1, 1.5E0));
#3638 = CARTESIAN_POINT('', (8.25E0, 1.5E0, 1.5E0));
#3639 = CARTESIAN_POINT('', (8.25E0, 4.5E0, 1.5E0));
#3640 = CARTESIAN_POINT('', (8.25E0, 7.5E0, 1.5E0));
#3641 = CARTESIAN_POINT('', (8.25E0, 1.05E1, 1.5E0));
#3642 = CARTESIAN_POINT('', (1.125E1, 1.5E0, 1.5E0));
#3643 = CARTESIAN_POINT('', (1.125E1, 4.5E0, 1.5E0));
#3644 = CARTESIAN_POINT('', (1.125E1, 7.5E0, 1.5E0));
#3645 = CARTESIAN_POINT('', (1.125E1, 1.05E1, 1.5E0));
ENDSEC;
END-ISO-10303-21;
